Date,Time,Virtual Memory Committed [MB],Virtual Memory Available [MB],Virtual Memory Load [%],Physical Memory Used [MB],Physical Memory Available [MB],Physical Memory Load [%],Page File Usage [%],Core VIDs (avg) [V],P-core 0 VID [V],P-core 1 VID [V],P-core 2 VID [V],P-core 3 VID [V],P-core 4 VID [V],P-core 5 VID [V],P-core 6 VID [V],P-core 7 VID [V],E-core 8 VID [V],E-core 9 VID [V],E-core 10 VID [V],E-core 11 VID [V],SA VID [V],Core Clocks (avg) [MHz],P-core 0 Clock [MHz],P-core 1 Clock [MHz],P-core 2 Clock [MHz],P-core 3 Clock [MHz],P-core 4 Clock [MHz],P-core 5 Clock [MHz],P-core 6 Clock [MHz],P-core 7 Clock [MHz],E-core 8 Clock [MHz],E-core 9 Clock [MHz],E-core 10 Clock [MHz],E-core 11 Clock [MHz],Bus Clock [MHz],Ring/LLC Clock [MHz],Core Effective Clocks (avg) [MHz],P-core 0 T0 Effective Clock [MHz],P-core 0 T1 Effective Clock [MHz],P-core 1 T0 Effective Clock [MHz],P-core 1 T1 Effective Clock [MHz],P-core 2 T0 Effective Clock [MHz],P-core 2 T1 Effective Clock [MHz],P-core 3 T0 Effective Clock [MHz],P-core 3 T1 Effective Clock [MHz],P-core 4 T0 Effective Clock [MHz],P-core 4 T1 Effective Clock [MHz],P-core 5 T0 Effective Clock [MHz],P-core 5 T1 Effective Clock [MHz],P-core 6 T0 Effective Clock [MHz],P-core 6 T1 Effective Clock [MHz],P-core 7 T0 Effective Clock [MHz],P-core 7 T1 Effective Clock [MHz],E-core 8 T0 Effective Clock [MHz],E-core 9 T0 Effective Clock [MHz],E-core 10 T0 Effective Clock [MHz],E-core 11 T0 Effective Clock [MHz],Average Effective Clock [MHz],Core Usage (avg) [%],P-core 0 T0 Usage [%],P-core 0 T1 Usage [%],P-core 1 T0 Usage [%],P-core 1 T1 Usage [%],P-core 2 T0 Usage [%],P-core 2 T1 Usage [%],P-core 3 T0 Usage [%],P-core 3 T1 Usage [%],P-core 4 T0 Usage [%],P-core 4 T1 Usage [%],P-core 5 T0 Usage [%],P-core 5 T1 Usage [%],P-core 6 T0 Usage [%],P-core 6 T1 Usage [%],P-core 7 T0 Usage [%],P-core 7 T1 Usage [%],E-core 8 T0 Usage [%],E-core 9 T0 Usage [%],E-core 10 T0 Usage [%],E-core 11 T0 Usage [%],Max CPU/Thread Usage [%],Total CPU Usage [%],On-Demand Clock Modulation [%],Core Utility (avg) [%],P-core 0 T0 Utility [%],P-core 0 T1 Utility [%],P-core 1 T0 Utility [%],P-core 1 T1 Utility [%],P-core 2 T0 Utility [%],P-core 2 T1 Utility [%],P-core 3 T0 Utility [%],P-core 3 T1 Utility [%],P-core 4 T0 Utility [%],P-core 4 T1 Utility [%],P-core 5 T0 Utility [%],P-core 5 T1 Utility [%],P-core 6 T0 Utility [%],P-core 6 T1 Utility [%],P-core 7 T0 Utility [%],P-core 7 T1 Utility [%],E-core 8 T0 Utility [%],E-core 9 T0 Utility [%],E-core 10 T0 Utility [%],E-core 11 T0 Utility [%],Total CPU Utility [%],Core Ratios (avg) [x],P-core 0 Ratio [x],P-core 1 Ratio [x],P-core 2 Ratio [x],P-core 3 Ratio [x],P-core 4 Ratio [x],P-core 5 Ratio [x],P-core 6 Ratio [x],P-core 7 Ratio [x],E-core 8 Ratio [x],E-core 9 Ratio [x],E-core 10 Ratio [x],E-core 11 Ratio [x],Uncore Ratio [x],Core Temperatures (avg) [°C],P-core 0 [°C],P-core 1 [°C],P-core 2 [°C],P-core 3 [°C],P-core 4 [°C],P-core 5 [°C],P-core 6 [°C],P-core 7 [°C],E-core 8 [°C],E-core 9 [°C],E-core 10 [°C],E-core 11 [°C],Core Distance to TjMAX (avg) [°C],P-core 0 Distance to TjMAX [°C],P-core 1 Distance to TjMAX [°C],P-core 2 Distance to TjMAX [°C],P-core 3 Distance to TjMAX [°C],P-core 4 Distance to TjMAX [°C],P-core 5 Distance to TjMAX [°C],P-core 6 Distance to TjMAX [°C],P-core 7 Distance to TjMAX [°C],E-core 8 Distance to TjMAX [°C],E-core 9 Distance to TjMAX [°C],E-core 10 Distance to TjMAX [°C],E-core 11 Distance to TjMAX [°C],CPU Package [°C],Core Max [°C],Core Thermal Throttling (avg) [Yes/No],P-core 0 Thermal Throttling [Yes/No],P-core 1 Thermal Throttling [Yes/No],P-core 2 Thermal Throttling [Yes/No],P-core 3 Thermal Throttling [Yes/No],P-core 4 Thermal Throttling [Yes/No],P-core 5 Thermal Throttling [Yes/No],P-core 6 Thermal Throttling [Yes/No],P-core 7 Thermal Throttling [Yes/No],E-core 8 Thermal Throttling [Yes/No],E-core 9 Thermal Throttling [Yes/No],E-core 10 Thermal Throttling [Yes/No],E-core 11 Thermal Throttling [Yes/No],Core Critical Temperature (avg) [Yes/No],P-core 0 Critical Temperature [Yes/No],P-core 1 Critical Temperature [Yes/No],P-core 2 Critical Temperature [Yes/No],P-core 3 Critical Temperature [Yes/No],P-core 4 Critical Temperature [Yes/No],P-core 5 Critical Temperature [Yes/No],P-core 6 Critical Temperature [Yes/No],P-core 7 Critical Temperature [Yes/No],E-core 8 Critical Temperature [Yes/No],E-core 9 Critical Temperature [Yes/No],E-core 10 Critical Temperature [Yes/No],E-core 11 Critical Temperature [Yes/No],Core Power Limit Exceeded (avg) [Yes/No],P-core 0 Power Limit Exceeded [Yes/No],P-core 1 Power Limit Exceeded [Yes/No],P-core 2 Power Limit Exceeded [Yes/No],P-core 3 Power Limit Exceeded [Yes/No],P-core 4 Power Limit Exceeded [Yes/No],P-core 5 Power Limit Exceeded [Yes/No],P-core 6 Power Limit Exceeded [Yes/No],P-core 7 Power Limit Exceeded [Yes/No],E-core 8 Power Limit Exceeded [Yes/No],E-core 9 Power Limit Exceeded [Yes/No],E-core 10 Power Limit Exceeded [Yes/No],E-core 11 Power Limit Exceeded [Yes/No],Package/Ring Thermal Throttling [Yes/No],Package/Ring Critical Temperature [Yes/No],Package/Ring Power Limit Exceeded [Yes/No],CPU Package [°C],CPU IA Cores [°C],VR VCC Temperature (SVID) [°C],Voltage Offsets (avg) [V],IA Voltage Offset [V],GT Voltage Offset [V],CLR (CBo/LLC/Ring) Voltage Offset [V],GT Media Voltage Offset [V],SA Voltage Offset [V],L2 E-core Voltage Offset [V],VDDQ TX Voltage [V],VR VCC Current (SVID IOUT) [A],CPU Package Power [W],IA Cores Power [W],System Agent Power [W],Rest-of-Chip Power [W],PL1 Power Limit (Static) [W],PL2 Power Limit (Static) [W],VR VCC Power (SVID POUT) [W],Package C2 Residency [%],Package C3 Residency [%],Core C0 Residency (avg) [%],P-core 0 T0 C0 Residency [%],P-core 0 T1 C0 Residency [%],P-core 1 T0 C0 Residency [%],P-core 1 T1 C0 Residency [%],P-core 2 T0 C0 Residency [%],P-core 2 T1 C0 Residency [%],P-core 3 T0 C0 Residency [%],P-core 3 T1 C0 Residency [%],P-core 4 T0 C0 Residency [%],P-core 4 T1 C0 Residency [%],P-core 5 T0 C0 Residency [%],P-core 5 T1 C0 Residency [%],P-core 6 T0 C0 Residency [%],P-core 6 T1 C0 Residency [%],P-core 7 T0 C0 Residency [%],P-core 7 T1 C0 Residency [%],E-core 8 T0 C0 Residency [%],E-core 9 T0 C0 Residency [%],E-core 10 T0 C0 Residency [%],E-core 11 T0 C0 Residency [%],Core C1 Residency (avg) [%],P-core 0 C1 Residency [%],P-core 1 C1 Residency [%],P-core 2 C1 Residency [%],P-core 3 C1 Residency [%],P-core 4 C1 Residency [%],P-core 5 C1 Residency [%],P-core 6 C1 Residency [%],P-core 7 C1 Residency [%],E-core 8 C1 Residency [%],E-core 9 C1 Residency [%],E-core 10 C1 Residency [%],E-core 11 C1 Residency [%],Core C6 Residency (avg) [%],P-core 0 C6 Residency [%],P-core 1 C6 Residency [%],P-core 2 C6 Residency [%],P-core 3 C6 Residency [%],P-core 4 C6 Residency [%],P-core 5 C6 Residency [%],P-core 6 C6 Residency [%],P-core 7 C6 Residency [%],E-core 8 C6 Residency [%],E-core 9 C6 Residency [%],E-core 10 C6 Residency [%],E-core 11 C6 Residency [%],Core C7 Residency (avg) [%],P-core 0 C7 Residency [%],P-core 1 C7 Residency [%],P-core 2 C7 Residency [%],P-core 3 C7 Residency [%],P-core 4 C7 Residency [%],P-core 5 C7 Residency [%],P-core 6 C7 Residency [%],P-core 7 C7 Residency [%],Memory Clock [MHz],Memory Clock Ratio [x],Tcas [T],Trcd [T],Trp [T],Tras [T],Trc [T],Trfc [T],Command Rate [T],Gear Mode [],IA Limit Reasons (avg) [Yes/No],IA: PROCHOT [Yes/No],IA: Thermal Event [Yes/No],IA: Residency State Regulation [Yes/No],IA: Running Average Thermal Limit [Yes/No],IA: VR Thermal Alert [Yes/No],IA: VR TDC [Yes/No],"IA: Electrical Design Point/Other (ICCmax,PL4,SVID,DDR RAPL) [Yes/No]",IA: Package-Level RAPL/PBM PL1 [Yes/No],"IA: Package-Level RAPL/PBM PL2,PL3 [Yes/No]",IA: Max Turbo Limit [Yes/No],IA: Turbo Attenuation (MCT) [Yes/No],IA: Thermal Velocity Boost [Yes/No],GT Limit Reasons (avg) [Yes/No],GT: PROCHOT [Yes/No],GT: Thermal Event [Yes/No],GT: DDR RAPL [Yes/No],GT: Residency State Regulation [Yes/No],GT: Running Average Thermal Limit [Yes/No],GT: VR Thermal Alert [Yes/No],GT: VR TDC [Yes/No],"GT: Max VR Voltage, ICCmax, PL4 [Yes/No]",GT: Domain-Level PBM PLGT [Yes/No],GT: Package-Level RAPL/PBM PL1 [Yes/No],"GT: Package-Level RAPL/PBM PL2,PL3 [Yes/No]",GT: Inefficient Operation [Yes/No],GT: Fuses limit [Yes/No],Ring Limit Reasons (avg) [Yes/No],RING: PROCHOT [Yes/No],RING: Thermal Event [Yes/No],RING: DDR RAPL [Yes/No],RING: Residency State Regulation [Yes/No],RING: Running Average Thermal Limit [Yes/No],RING: VR Thermal Alert [Yes/No],RING: VR TDC [Yes/No],"RING: Max VR Voltage, ICCmax, PL4 [Yes/No]",RING: Package-Level RAPL/PBM PL1 [Yes/No],"RING: Package-Level RAPL/PBM PL2,PL3 [Yes/No]",Motherboard [°C],VRM Thermistor [°C],CPU (Weighted Value) [°C],CPU Package [°C],CPU [°C],PCH [°C],Vcore [V],+5V [V],AVSB [V],3VCC [V],+12V [V],VIN8 [V],VIN4 [V],3VSB [V],BAT_3V [V],VTT [V],IMC VDD [V],VIN6 [V],VIN2 [V],VIN3 [V],VIN7 [V],VIN9 [V],VHIF [V],Chassis1 [RPM],CPU [RPM],AIO Pump [RPM],PCH Temperature [°C],Vcore VR Temperature [°C],IGPU VR Temperature [°C],VR VOUT (Vcore) [V],VR IOUT (Vcore Current) [A],SPD Hub Temperature [°C],VDD (SWA) Voltage [V],VDDQ (SWB) Voltage [V],VPP (SWC) Voltage [V],1.8V VOUT Voltage [V],1.0V VOUT Voltage [V],VIN Voltage [V],Total Power [W],PMIC High Temperature [Yes/No],PMIC Over Voltage [Yes/No],PMIC Under Voltage [Yes/No],SPD Hub Temperature [°C],VDD (SWA) Voltage [V],VDDQ (SWB) Voltage [V],VPP (SWC) Voltage [V],1.8V VOUT Voltage [V],1.0V VOUT Voltage [V],VIN Voltage [V],Total Power [W],PMIC High Temperature [Yes/No],PMIC Over Voltage [Yes/No],PMIC Under Voltage [Yes/No],Drive Temperature [°C],Drive Temperature 2 [°C],Drive Temperature 3 [°C],Drive Remaining Life [%],Drive Available Spare [%],Drive Failure [Yes/No],Drive Warning [Yes/No],Total Host Writes [GB],Total Host Reads [GB],Drive Temperature [°C],Drive Airflow Temperature [°C],Drive Failure [Yes/No],Drive Warning [Yes/No],Total Host Writes [GB],Total Host Reads [GB],Read Activity [%],Write Activity [%],Total Activity [%],Read Rate [MB/s],Write Rate [MB/s],Read Total [MB],Write Total [MB],Read Activity [%],Write Activity [%],Total Activity [%],Read Rate [MB/s],Write Rate [MB/s],Read Total [MB],GPU Temperature [°C],GPU Memory Junction Temperature [°C],GPU Hot Spot Temperature [°C],GPU Thermal Limit [°C],GPU Core Voltage [V],GPU Rail Voltages (avg) [V],GPU PCIe +12V Input Voltage [V],GPU 8-pin #1 Input Voltage [V],GPU Misc0 Input Voltage [V],GPU Fan1 [RPM],GPU Fan2 [RPM],GPU Power [W],GPU Rail Powers (avg) [W],GPU Core (NVVDD) Input Power (sum) [W],GPU 8-pin #1 Input Power [W],GPU Misc0 Input Power [W],GPU Input PP Source Power (sum) [W],GPU Core (NVVDD) Output Power [W],GPU Core (NVVDD) Output Power [W],GPU Clock [MHz],GPU Memory Clock [MHz],GPU Video Clock [MHz],GPU Effective Clock [MHz],GPU Crossbar Clock [MHz],GPU Core Load [%],GPU Memory Controller Load [%],GPU Video Engine Load [%],GPU Bus Load [%],GPU Memory Usage [%],GPU D3D Usages (avg) [%],GPU D3D Usage [%],GPU Video Decode 0 Usage [%],GPU Video Encode 0 Usage [%],GPU Video Encode 1 Usage [%],GPU VR Usage [%],GPU Fan1 [%],GPU Fan2 [%],GPU Performance Limiters (avg) [Yes/No],Performance Limit - Power [Yes/No],Performance Limit - Thermal [Yes/No],Performance Limit - Reliability Voltage [Yes/No],Performance Limit - Max Operating Voltage [Yes/No],Performance Limit - Utilization [Yes/No],Performance Limit - SLI GPUBoost Sync [Yes/No],Total GPU Power [% of TDP] [%],Total GPU Power (normalized) [% of TDP] [%],PCI Express Error Counters (avg) [],Receiver Errors [],Replay Count [],Replay Rollover Count [],Bad DLLP Count [],Bad TLP Count [],LCRC Error Count [],NAKs Sent Count [],NAKs Received Count [],Recovery Count [],Correctable Error Count [],Non-Fatal Error Count [],Fatal Error Count [],Unsupported Request Count [],PCIe Lane 0 Errors [],PCIe Lane 1 Errors [],PCIe Lane 2 Errors [],PCIe Lane 3 Errors [],PCIe Lane 4 Errors [],PCIe Lane 5 Errors [],PCIe Lane 6 Errors [],PCIe Lane 7 Errors [],PCIe Lane 8 Errors [],PCIe Lane 9 Errors [],PCIe Lane 10 Errors [],PCIe Lane 11 Errors [],PCIe Lane 12 Errors [],PCIe Lane 13 Errors [],PCIe Lane 14 Errors [],PCIe Lane 15 Errors [],GPU Memory Available [MB],GPU Memory Allocated [MB],GPU D3D Memory Dedicated [MB],GPU D3D Memory Dynamic [MB],PCIe Link Speed [GT/s],Framerate [FPS],Framerate 1% Low [FPS],Framerate 0.1% Low [FPS],Frame Time [ms],Framerate Presented (avg) [FPS],Framerate Presented (99%) [FPS],Framerate Presented (1%) [FPS],Framerate Displayed (avg) [FPS],Frame Time Presented (avg) [ms],Frame Time Presented (99%) [ms],Frame Time Presented (1%) [ms],GPU Busy (avg) [ms],GPU Wait (avg) [ms],CPU Busy (avg) [ms],CPU Wait (avg) [ms],Total DL [MB],Total UP [MB],Current DL rate [KB/s],Current UP rate [KB/s],Total DL [MB],Total UP [MB],Current DL rate [KB/s],Current UP rate [KB/s],Total Errors [],GPU PCIe +12V Input Power [W]
14.10.2025,06:22.0,21765,47652,31.3,16476,48844,25.2,0,1.28,1.314,1.287,1.287,1.277,1.267,1.282,1.282,1.307,1.287,1.287,1.2,1.285,1.251,4464.1,4788.3,4788.3,4788.3,4788.3,4788.3,4788.3,4788.3,4888,3790.7,3790.7,3790.7,3790.7,99.8,3591.2,183.5,133.6,45.4,56.9,25.1,28.4,25,40.5,24.9,28.8,1046.8,468.1,41,768.3,27.4,288.5,33.1,269.1,152.2,101.6,65.3,194.6,4.5,3,3.2,2,0,0.6,0.5,0.9,0.5,2.1,22.7,10,0,16.5,0,6.2,0,10,5.8,3.2,2.1,22.7,4.5,100,5.3,3.9,1.3,1.6,0.7,0.8,0.7,1.2,0.7,0.9,30.2,13.5,1.2,22.5,0.8,8.3,1,7.5,4.3,2.7,2,5.3,44.8,48,48,48,48,48,48,48,49,38,38,38,38,36,43,42,39,42,42,45,43,43,48,43,43,43,42,57,58,61,58,58,55,57,57,52,57,57,57,58,49,48,No,No,No,No,No,No,No,No,No,No,No,No,No,No,No,No,No,No,No,No,No,No,No,No,No,No,No,No,No,No,No,No,No,No,No,No,No,No,No,No,No,No,42,42,37,0,0,0,0,0,0,0,1.25,30.133,22.103,13.502,7.172,0.459,150,175,56,13.6,5.6,4.2,3,1,1.2,0.5,0.6,0.5,0.9,0.5,0.6,22.5,9.9,0.9,16.6,0.6,6.2,0.7,8.6,4.3,3.3,2.1,9.3,4.4,0,0,1.1,36.3,14.3,46.1,9.2,0,0,0,0,31.7,0,0,0,0,0,0,0,0,91.1,95.5,96.5,97.1,76.5,90.8,98,98.8,97.3,37.4,72.9,34,82.5,2793.2,28,36,36,36,76,112,447,2,2,Yes,No,No,No,No,No,No,No,No,No,Yes,No,No,No,No,No,No,No,No,No,No,No,No,No,No,No,No,Yes,No,No,No,No,No,No,No,Yes,No,No,31,37,31,45,40,43,0.879,5.08,3.424,3.328,12.192,2.024,0.792,3.424,3.2,1.072,1.264,1.664,1.064,1,1,0.912,1.824,936,1254,3400,45,37,35,1.285,24,34.8,1.245,1.26,1.8,1.815,1.125,5.04,0.875,No,No,No,34.5,1.245,1.26,1.8,1.815,1.125,5.04,0.75,No,No,No,53,53,62,100,100,No,No,14726,23928,33,33,No,No,1299,631,0,0.1,0.1,0,0.605,39696,64474,0,0,0,0,0,0,29.6,32,32.7,84,0.905,12.164,12.159,12.165,12.169,0,0,11.079,6.025,10.614,11.325,4.247,0.713,7.589,7.687,210,50.6,1185,41.1,1290,1,22,0,0,9.6,0,0,0,0,0,0,0,0,Yes,No,No,No,No,Yes,No,5.7,7.2,2,0,0,0,0,0,0,0,0,62,0,0,0,0,0,0,0,0,0,0,0,0,0,0,0,0,0,0,0,0,11102,1180,917,71,2.5,0,0,0,16.5,5.9,50.2,1.9,5.9,169.44,515.08,19.91,1.09,179.21,180.31,0,1885,31,1.2,1.4,0,0,0,0,0,0
14.10.2025,06:24.0,21845,47572,31.4,16505,48815,25.2,0,1.266,1.31,1.268,1.268,1.249,1.249,1.259,1.259,1.274,1.264,1.264,1.264,1.264,1.251,4464.1,4788.3,4788.3,4788.3,4788.3,4788.3,4788.3,4788.3,4888,3790.7,3790.7,3790.7,3790.7,99.8,3591.2,289.8,309.9,26.1,208.8,96.8,222.2,26.6,103.2,25.2,29.1,1316.4,65.4,769.7,1126.2,28.5,485.7,27.3,112.4,368.6,276.7,171.4,297.1,8.4,6.9,17.8,3.9,8.5,4.8,0,2.3,0.5,4.3,28.6,0,27.4,24.2,2.1,10.5,0,1.8,9.9,8.4,5.1,28.6,8.4,100,8.4,9.4,0.8,6.2,3.2,6.5,0.8,3,0.7,0.9,38.4,2,22,32.6,0.9,14,0.8,3.3,10.6,8,5,8.4,44.8,48,48,48,48,48,48,48,49,38,38,38,38,36,42,42,40,42,40,43,41,43,46,42,42,42,42,58,58,60,58,60,57,59,57,54,58,58,58,58,44,46,No,No,No,No,No,No,No,No,No,No,No,No,No,No,No,No,No,No,No,No,No,No,No,No,No,No,No,No,No,No,No,No,No,No,No,No,No,No,No,No,No,No,55,55,37,0,0,0,0,0,0,0,1.25,38.063,22.682,14.065,7.186,0.464,150,175,64,5,1.7,6.6,6.9,0.5,4.7,2.1,4.9,0.6,2.3,0.5,0.6,28.5,1.4,16.6,24.2,0.6,10.5,0.6,3.3,10.4,8.1,5.1,17.3,17.6,14.7,11.2,6.1,56.3,28.4,53,13.6,0,1,1.6,4.4,30.4,0,0,0,0,0,0,1.3,0,96.6,88.1,89.9,89.4,59.8,73.2,77.1,82.6,90.5,11.8,51.3,18.6,73.5,2793.2,28,36,36,36,76,112,447,2,2,Yes,No,No,No,No,No,No,No,No,No,Yes,No,No,No,No,No,No,No,No,No,No,No,No,No,No,No,No,Yes,No,No,No,No,No,No,No,Yes,No,No,31,37,31,46,40,44,1.074,5.08,3.424,3.328,12.192,2.024,0.792,3.424,3.2,1.072,1.264,1.664,1.064,1,1.008,0.912,1.824,938,1282,3391,44,37,35,1.27,23,34.8,1.26,1.26,1.8,1.815,1.125,5.04,0.875,No,No,No,34.5,1.245,1.26,1.8,1.815,1.125,5.04,0.75,No,No,No,53,53,61,100,100,No,No,14726,23928,33,33,No,No,1299,631,0.3,0.4,0.8,0.398,0.446,39697,64475,0.4,0,0.4,0.009,0,0,29.6,32,32.7,84,0.905,12.167,12.162,12.168,12.172,0,0,11.554,5.819,10.511,10.817,3.81,0.317,7.589,7.691,210,50.6,1185,71.7,1290,0,6,0,0,9.6,0.2,0.8,0,0,0,0,0,0,Yes,No,No,No,No,Yes,No,5.4,8.6,2,0,0,0,0,0,0,0,0,62,0,0,0,0,0,0,0,0,0,0,0,0,0,0,0,0,0,0,0,0,11104,1178,915,72,2.5,0,0,0,16.5,9.3,84.5,2.2,9.5,107.19,456.55,11.84,1.61,57.64,59.24,0,1885,31,0.7,0.4,0,0,0,0,0,0
14.10.2025,06:26.0,21835,47581,31.4,16492,48828,25.2,0,1.274,1.318,1.283,1.298,1.298,1.298,1.262,1.262,1.242,1.257,1.257,1.257,1.257,1.251,4173.1,4888,798,4888,4888,4788.3,4888,4888,4888,3790.7,3790.7,3790.7,3790.7,99.8,3591.2,178.9,147.9,38.7,39.1,25,44.3,25.2,27.4,51.1,582.2,435.5,29.4,649.9,741.1,27,187.8,25.9,30.9,253,122.6,93.7,186.7,6.4,3.2,0.2,2.4,12.8,1,0.5,0.6,1.1,21.6,9.5,2.1,13.7,15.8,2.1,4.2,22.8,1,7.5,3.2,3.3,22.8,6.4,100,5.2,4.2,1.1,1.1,0.7,1.3,0.7,0.8,1.4,16.5,12.9,1,18.4,21.5,0.8,5.5,0.7,0.9,7.2,3.5,2.8,5.2,41.8,49,8,49,49,48,49,49,49,38,38,38,38,36,41,41,38,44,40,43,39,41,41,42,42,42,42,59,59,62,56,60,57,61,59,59,58,58,58,58,44,44,No,No,No,No,No,No,No,No,No,No,No,No,No,No,No,No,No,No,No,No,No,No,No,No,No,No,No,No,No,No,No,No,No,No,No,No,No,No,No,No,No,No,55,55,37,0,0,0,0,0,0,0,1.25,44.407,29.506,20.61,7.399,0.502,150,175,56,19.6,7.2,4.1,3.2,0.9,0.9,0.5,0.9,0.5,0.6,1.1,12.4,9.6,0.6,13.7,15.7,0.6,4.2,0.5,1,8.1,3.9,3.2,6.5,4.5,0,1.4,0,21.8,7.8,40.1,2.9,0,0,0,0,31.9,0,0,0,0,0,0,0,0,98.9,91.5,95.9,96,80.8,90.4,98.3,96.9,98.1,53.9,76.1,41.4,91.2,2793.2,28,36,36,36,76,112,447,2,2,Yes,No,No,No,No,No,No,No,No,No,Yes,No,No,No,No,No,No,No,No,No,No,No,No,No,No,No,No,Yes,No,No,No,No,No,No,No,Yes,No,No,31,37,31,44,37,45,0.852,5.08,3.424,3.328,12.192,2.024,0.792,3.424,3.2,1.072,1.264,1.664,1.064,1,1,0.912,1.824,997,1347,3443,44,37,35,1.285,30,34.8,1.245,1.26,1.8,1.815,1.125,5.04,0.75,No,No,No,34.5,1.245,1.26,1.8,1.815,1.125,5.04,0.875,No,No,No,53,53,61,100,100,No,No,14726,23928,33,33,No,No,1299,631,0.1,0.4,0.6,0.046,0.882,39697,64477,0.4,0,0.4,0.009,0,0,29.6,32,32.7,84,0.905,12.162,12.155,12.163,12.169,0,0,10.559,5.728,10.254,10.557,3.724,0.309,7.582,7.673,210,50.6,1185,32.9,1290,0,7,0,0,9.6,0,0.1,0,0,0,0,0,0,Yes,No,No,No,No,Yes,No,5.3,9.1,2,0,0,0,0,0,0,0,0,62,0,0,0,0,0,0,0,0,0,0,0,0,0,0,0,0,0,0,0,0,11104,1178,915,72,2.5,0,0,0,16.5,7.5,73.3,0.5,7.6,132.72,1895.24,13.65,1.2,498.67,499.86,0,1885,31,0.3,0.3,0,0,0,0,0,0
14.10.2025,06:28.0,21861,47556,31.4,16528,48792,25.3,0,1.273,1.298,1.283,1.283,1.283,1.268,1.273,1.253,1.268,1.263,1.268,1.268,1.268,1.251,4522.3,4888,4888,4888,4888,4888,4888,4888,4888,3790.7,3790.7,3790.7,3790.7,99.8,3591.2,345.1,521.7,31.2,447.4,25.7,277.7,26.4,185.2,112.9,449.8,1019.7,18.9,706.5,1256.6,114.5,407.9,27.2,167.6,407.6,377.1,319.8,344.7,9.5,11.3,0,7.3,0,5.2,19.4,4,2.4,17.3,22.1,0,15.3,26.8,13.2,9,0,4.9,11.9,11.3,9.3,26.8,9.5,100,10.2,17.5,0.9,15.4,0.8,8.3,0.8,5.3,3.2,13.1,30.8,0.6,20.1,36,3.4,11.6,0.8,4.8,11.5,10.6,9.1,10.2,45.3,49,49,49,49,49,49,49,49,38,38,38,38,36,42,42,40,45,42,40,44,45,42,42,42,42,42,58,58,60,55,58,60,56,55,58,58,58,58,58,45,45,No,No,No,No,No,No,No,No,No,No,No,No,No,No,No,No,No,No,No,No,No,No,No,No,No,No,No,No,No,No,No,No,No,No,No,No,No,No,No,No,No,No,46,46,37,0,0,0,0,0,0,0,1.25,23.789,22.025,13.462,7.145,0.454,150,175,32,8.3,2.8,7.9,11.3,0.7,9.6,0.5,6,0.6,3.9,2.4,9.6,22,0.4,15.2,26.8,2.4,8.9,0.6,4.9,11.8,11.2,9.2,14.2,19,10.2,6.8,4.9,39.2,23.8,47.4,14.9,0.8,1.7,0.6,1.1,29.9,0,0,0,0,0.9,0,0.7,0,94.1,86,87.8,88.8,61.7,64.8,75.8,85.7,88.9,24.3,58.6,21.4,74.2,2793.2,28,36,36,36,76,112,447,2,2,Yes,No,No,No,No,No,No,No,No,No,Yes,No,No,No,No,No,No,No,No,No,No,No,No,No,No,No,No,Yes,No,No,No,No,No,No,No,Yes,No,No,31,37,31,51,42,44,1.27,5.08,3.424,3.328,12.192,2.024,0.792,3.424,3.2,1.072,1.264,1.664,1.064,1,1,0.912,1.824,1036,1366,3497,44,37,35,1.25,20,34.8,1.245,1.26,1.8,1.815,1.125,5.04,0.75,No,No,No,34.5,1.245,1.26,1.8,1.815,1.125,5.04,0.875,No,No,No,53,53,61,100,100,No,No,14726,23928,33,33,No,No,1299,631,0.1,0.4,0.5,0.121,1.547,39697,64480,0,0,0,0,0,0,29.6,32,32.8,84,0.905,12.167,12.163,12.168,12.172,0,0,11.199,5.884,10.753,11.036,3.858,0.282,7.589,7.668,210,50.6,1185,52,1290,4,1,0,0,9.6,0,0.2,0,0,0,0,0,0,Yes,No,No,No,No,Yes,No,5.5,8.2,2,0,0,0,0,0,0,0,0,62,0,0,0,0,0,0,0,0,0,0,0,0,0,0,0,0,0,0,0,0,11104,1178,915,72,2.5,0,0,0,16.5,8.1,62.1,1.4,8.2,123.27,702.91,16.11,1.25,104.03,105.29,0,1886,31,338.6,13.6,0,0,0,0,0,0
14.10.2025,06:30.0,21790,47626,31.3,16501,48820,25.2,0,1.28,1.299,1.319,1.28,1.265,1.25,1.265,1.265,1.28,1.288,1.283,1.283,1.288,1.251,4430.8,4788.3,4788.3,4788.3,4788.3,4788.3,4788.3,4788.3,4888,3591.2,3790.7,3790.7,3591.2,99.8,3591.2,187.4,167.3,26.7,43.4,25,38.9,25.2,43.3,25.1,54.7,922.3,30.3,764.8,206.8,558.6,196.2,25.5,43.9,296.6,151.3,101.3,194.2,4.8,3.8,0,1.7,2,1.6,0,0.9,0,0,20.3,0,16.4,0,25.4,4.2,0,1.5,10.7,4.6,3.2,25.4,4.8,100,5.4,4.8,0.8,1.3,0.7,1.1,0.7,1.2,0.7,1.6,26.7,1,21.6,6,16.3,5.6,0.7,1.3,8.3,4.2,3,5.4,44.4,48,48,48,48,48,48,48,49,36,38,38,36,36,43,44,39,44,42,45,49,45,45,42,42,42,42,57,56,61,56,58,55,51,55,55,58,58,58,58,46,49,No,No,No,No,No,No,No,No,No,No,No,No,No,No,No,No,No,No,No,No,No,No,No,No,No,No,No,No,No,No,No,No,No,No,No,No,No,No,No,No,No,No,51,51,37,0,0,0,0,0,0,0,1.25,23.789,33.089,24.167,7.438,0.505,150,175,32,5.9,2.6,4.3,3.8,0.6,1,0.5,0.9,0.5,0.9,0.5,1.1,20.2,0.6,16.4,4.4,12,4.3,0.5,1.5,9.4,4.6,3.2,11.9,2.2,1.3,1.4,0,54,24.2,56.4,2.2,0,0,0,0.7,31.6,0,0,0,0,0,0,0,0,98.3,90.3,95.2,95.3,72.5,92.4,96.9,96.9,98.3,22.2,56.6,25.3,91.6,2793.2,28,36,36,36,76,112,447,2,2,Yes,No,No,No,No,No,No,No,No,No,Yes,No,No,No,No,No,No,No,No,No,No,No,No,No,No,No,No,Yes,No,No,No,No,No,No,No,Yes,No,No,31,37,31,46,38,44,1.243,5.08,3.424,3.328,12.192,2.024,0.792,3.424,3.2,1.072,1.264,1.664,1.064,1,1,0.912,1.824,1097,1461,3497,45,37,35,1.255,12,34.8,1.245,1.26,1.8,1.8,1.125,5.04,1.25,No,No,No,34.5,1.245,1.26,1.8,1.815,1.125,5.04,0.875,No,No,No,53,53,61,100,100,No,No,14726,23928,33,33,No,No,1299,631,0,0.1,0.1,0.002,0.884,39697,64482,0,0,0,0,0,0,29.6,32,32.8,84,0.905,12.17,12.166,12.17,12.174,0,0,10.806,5.805,10.673,10.831,3.713,0.161,7.592,7.667,210,50.6,1185,36.6,1290,0,1,0,0,9.6,0,0.1,0,0,0,0,0,0,Yes,No,No,No,No,Yes,No,5.4,8.4,2,0,0,0,0,0,0,0,0,62,0,0,0,0,0,0,0,0,0,0,0,0,0,0,0,0,0,0,0,0,11104,1178,915,72,2.5,0,0,0,16.5,7.3,56.9,1.4,7.4,137.37,731.99,17.58,1.2,221.01,222.21,0,1886,31,0.9,2.4,0,0,0,0,0,0
14.10.2025,06:32.0,21794,47622,31.3,16507,48813,25.2,0,1.276,1.323,1.278,1.268,1.268,1.268,1.258,1.258,1.258,1.288,1.283,1.283,1.283,1.251,4455.8,4788.3,4788.3,4788.3,4788.3,4788.3,4788.3,4788.3,4788.3,3790.7,3790.7,3790.7,3790.7,99.8,3591.2,567.9,470,26.5,258.8,184.4,202.7,26.1,123.2,56.7,28.3,1232.7,42.1,692.2,28.9,1359.5,169.2,326.6,985.4,2026.8,1731.4,1387.1,457.8,17.1,10.7,3.6,0,16.4,4.5,4.3,2.8,0.5,2.8,27,11.9,15,2.1,29.2,0,28.2,29.7,59.9,51.8,42.3,59.9,17.1,100,16.2,14.1,0.8,7.9,5.3,5.8,0.8,3.6,1.6,0.9,35.8,1.3,19.9,0.9,38.9,4.9,9.5,27.8,57.1,48.7,39.1,16.2,44.7,48,48,48,48,48,48,48,48,38,38,38,38,36,46,43,43,45,50,45,58,46,55,43,43,43,43,54,57,57,55,50,55,42,54,45,57,57,57,57,58,58,No,No,No,No,No,No,No,No,No,No,No,No,No,No,No,No,No,No,No,No,No,No,No,No,No,No,No,No,No,No,No,No,No,No,No,No,No,No,No,No,No,No,56,56,37,0,0,0,0,0,0,0,1.25,60.267,23.425,14.682,7.27,0.48,150,175,56,0,0,14.9,10.7,0.6,5.8,4,4.5,0.6,2.8,1.3,0.6,26.9,0.9,15,0.6,29.2,3.6,7.5,29.5,59.7,51.5,42,23.9,50,25.9,13.7,12.9,70.1,29.8,50.7,31.9,0,0.9,0,0.7,17.8,0,0,0,0,0,0,1,0,69.9,38.3,47.8,56.3,48.2,36.4,62.4,80.3,81.8,0.6,52.2,16.6,55.1,2793.2,28,36,36,36,76,112,447,2,2,Yes,No,No,No,No,No,No,No,No,No,Yes,No,No,No,No,No,No,No,No,No,No,No,No,No,No,No,No,Yes,No,No,No,No,No,No,No,Yes,No,No,31,37,31,50,42,44,1.279,5.08,3.424,3.328,12.192,2.024,0.792,3.424,3.2,1.072,1.264,1.664,1.064,1,1,0.912,1.824,1116,1477,3461,43,37,35,1.275,28,35,1.245,1.26,1.8,1.815,1.215,5.04,1,No,No,No,34.5,1.245,1.26,1.8,1.815,1.125,5.04,1,No,No,No,53,53,64,100,100,No,No,14726,23928,33,33,No,No,1299,631,10.6,3.2,13.8,7.641,18.296,39712,64516,0,0,0,0,0,0,29.6,32,32.8,84,0.905,12.167,12.164,12.167,12.169,0,0,11.806,6.574,11.603,12.812,5.074,1.215,7.596,7.719,210,50.6,1185,85.1,1290,11,2,0,2,9.6,0.3,1.5,0,0,0,0,0,0,Yes,No,No,No,No,Yes,No,6.4,9.6,2,0,0,0,0,0,0,0,0,62,0,0,0,0,0,0,0,0,0,0,0,0,0,0,0,0,0,0,0,0,11104,1178,915,72,2.5,0,0,0,16.5,11.3,63,1.7,11.4,88.6,605.99,15.87,1.99,46.01,47.99,0,1886,31,0.7,3,0,0,0,0,0,0
14.10.2025,06:34.0,21783,47633,31.3,16501,48820,25.2,0,1.284,1.323,1.298,1.278,1.268,1.268,1.283,1.277,1.297,1.287,1.287,1.272,1.272,1.251,4505.6,4688.5,4888,4888,4888,4888,4888,4888,4888,3790.7,3790.7,3790.7,3790.7,99.8,3591.2,358.6,348.9,21.8,127.2,16.4,33.1,17,16.7,16.3,544.3,533.1,34.8,2158.7,712.7,17.8,496.1,33.6,148.2,847.9,627.9,418.8,340.2,14.5,7.4,11.7,4.4,12.4,2.4,20.9,2,8.4,25.5,11.5,22.4,44.9,15.5,0,10.4,23.6,5.3,26.5,21.2,13,44.9,14.5,100,10.2,10,0.7,3.7,0.5,1,0.5,0.5,0.5,15.5,15.9,1.1,60.8,20.6,0.6,14.2,1,4.2,23.8,17.6,11.8,10.2,45.2,47,49,49,49,49,49,49,49,38,38,38,38,36,45,42,43,45,42,46,44,46,44,47,47,47,47,55,58,57,55,58,54,56,54,56,53,53,53,53,46,47,No,No,No,No,No,No,No,No,No,No,No,No,No,No,No,No,No,No,No,No,No,No,No,No,No,No,No,No,No,No,No,No,No,No,No,No,No,No,No,No,No,No,55,55,37,0,0,0,0,0,0,0,1.25,50.751,39.919,30.597,7.781,0.54,150,175,64,0,0,8.7,7.7,0.5,2.8,0.3,0.7,0.4,0.4,0.3,11.5,11.6,0.7,45,15.6,0.4,10.7,0.7,4.6,25.9,20.6,13.3,17.4,22.2,2.7,0,0,63,33.1,68,17.9,0,0,0,1.4,28.4,0,0,0,0,0,8.4,0,0,95.2,73.6,79,84.5,58.3,67.9,93.4,98.6,99.2,12.3,11.5,14.5,68.8,2793.2,28,36,36,36,76,112,447,2,2,Yes,No,No,No,No,No,No,No,No,No,Yes,No,No,No,No,No,No,No,No,No,No,No,No,No,No,No,No,Yes,No,No,No,No,No,No,No,Yes,No,No,31,37,31,54,44,45,1.243,5.08,3.424,3.328,12.192,2.024,0.792,3.424,3.2,1.072,1.264,1.664,1.064,1,1,0.912,1.824,1080,1433,3443,45,37,35,1.275,29,35,1.245,1.26,1.8,1.815,1.125,5.04,0.75,No,No,No,34.5,1.245,1.26,1.8,1.815,1.125,5.04,0.75,No,No,No,53,53,64,100,100,No,No,14726,23928,33,33,No,No,1299,631,12.7,2.4,15.1,13.993,20.828,39762,64593,0,0,0,0,0,0,29.6,32,32.8,84,0.905,12.166,12.163,12.167,12.169,0,0,10.631,6.375,11.052,12.228,4.856,1.187,7.587,7.716,210,50.6,1185,41.4,1290,12,7,0,1,9.6,0.1,0.7,0,0,0,0,0,0,Yes,No,No,No,No,Yes,No,6.1,9,2,0,0,0,0,0,0,0,0,62,0,0,0,0,0,0,0,0,0,0,0,0,0,0,0,0,0,0,0,0,11104,1178,916,72,2.5,0,0,0,16.5,16.8,62.5,3.5,17,59.45,284.06,16,1.29,36.79,38.11,0,1886,31,0.1,0,0,0,0,0,0,0
14.10.2025,06:36.0,21787,47629,31.3,16504,48816,25.2,0,1.275,1.321,1.291,1.291,1.281,1.291,1.276,1.265,1.285,1.201,1.204,1.299,1.299,1.251,4464.1,4788.3,4788.3,4788.3,4788.3,4788.3,4788.3,4788.3,4888,3790.7,3790.7,3790.7,3790.7,99.8,3591.2,350.4,273.8,32.2,129.6,25.5,98.6,25.3,33.8,25.9,936.5,74,27.2,1101.7,626.1,28.6,349.3,26.6,367.5,1020,1137.1,668.2,289,10.1,6.1,4.5,2.2,0.6,0.7,0.6,0,0.6,20,1.7,4.3,23.2,13.6,7.8,7.6,1.9,11.8,32.9,38.2,23.3,38.2,10.1,100,10,8,0.9,3.8,0.7,2.8,0.7,1,0.7,27,2.5,0.8,31.2,18.2,0.9,10.1,0.5,10,28.5,31.9,18.9,10,44.8,48,48,48,48,48,48,48,49,38,38,38,38,36,45,43,40,44,43,45,41,45,45,49,48,48,49,55,57,60,56,57,55,59,55,55,51,52,52,51,46,49,No,No,No,No,No,No,No,No,No,No,No,No,No,No,No,No,No,No,No,No,No,No,No,No,No,No,No,No,No,No,No,No,No,No,No,No,No,No,No,No,No,No,54,54,37,0,0,0,0,0,0,0,1.25,34.891,36.046,27.045,7.503,0.505,150,175,48,0,0,9.4,6,0.7,2.9,0.5,2.1,0.5,0.7,0.5,19.9,1.6,0.6,23.1,13.6,0.6,7.6,0.6,11.9,32.8,38,23.1,13.8,13.3,5.2,1.7,0,57.9,14.7,64.5,5.5,0,0,0,2.3,24.3,0,0,0,0,0,1.7,0,0,87.8,66.7,61.6,73.8,67.9,78.2,90.4,95.2,98.6,18.9,57.9,19.3,84.5,2793.2,28,36,36,36,76,112,447,2,2,Yes,No,No,No,No,No,No,No,No,No,Yes,No,No,No,No,No,No,No,No,No,No,No,No,No,No,No,No,Yes,No,No,No,No,No,No,No,Yes,No,No,31,38,31,50,44,43,1.27,5.08,3.424,3.328,12.192,2.024,0.784,3.424,3.2,1.072,1.264,1.664,1.064,1,1,0.912,1.824,1048,1421,3524,45,37,35,1.235,23,35,1.26,1.26,1.8,1.815,1.125,5.04,0.875,No,No,No,34.5,1.245,1.26,1.8,1.815,1.125,5.04,1.375,No,No,No,53,53,65,100,100,No,No,14726,23928,33,33,No,No,1299,631,6.1,1,7.1,6.977,7.355,39775,64607,0,0,0,0,0,0,29.6,32,32.8,84,0.905,12.167,12.162,12.167,12.172,0,0,10.964,5.992,10.685,11.267,4.151,0.588,7.588,7.668,210,50.6,1185,47,1290,2,2,0,0,9.6,0.1,0.4,0,0,0,0,0,0,Yes,No,No,No,No,Yes,No,5.6,8.4,0,0,0,0,0,0,0,0,0,0,0,0,0,0,0,0,0,0,0,0,0,0,0,0,0,0,0,0,0,0,11104,1178,916,72,2.5,0,0,0,16.5,18.4,61.4,2.7,18.6,54.3,375.75,16.28,1.37,48.63,49.99,0,1886,31,0.4,0.2,0,0,0,0,0,0
14.10.2025,06:38.0,21786,47630,31.3,16508,48812,25.2,0,1.285,1.301,1.321,1.286,1.276,1.286,1.301,1.296,1.301,1.281,1.281,1.203,1.288,1.251,4522.3,4888,4888,4888,4888,4888,4888,4888,4888,3790.7,3790.7,3790.7,3790.7,99.8,3591.2,330.5,155.3,28,90,25.4,50.6,25.2,36.6,24.8,990.8,69,26.2,721.8,531.5,26.2,378.8,13.8,381.7,1065.1,1212.7,756,257.8,10.3,3.5,0,2,1.3,1.9,1.3,1.6,1.3,21,1.6,9.7,15.2,11.6,9.1,8.1,0,12,37.1,41.7,25.9,41.7,10.3,100,9.4,4.6,0.8,2.7,0.7,1.5,0.7,1.1,0.7,28.5,2.3,0.8,20.5,15.6,0.8,10.8,0.7,11.1,29.9,33.8,21.3,9.4,45.3,49,49,49,49,49,49,49,49,38,38,38,38,36,44,43,40,45,42,42,44,40,48,47,47,47,47,56,57,60,55,58,58,56,60,52,53,53,53,53,45,48,No,No,No,No,No,No,No,No,No,No,No,No,No,No,No,No,No,No,No,No,No,No,No,No,No,No,No,No,No,No,No,No,No,No,No,No,No,No,No,No,No,No,48,48,37,0,0,0,0,0,0,0,1.25,45.993,32.1,23.088,7.5,0.5,150,175,56,0,0,9.3,3.5,0.6,2,0.5,1.1,0.5,0.8,0.5,21,1.5,0.5,15.2,11.6,0.6,8.1,0.3,12.3,36.9,41.8,25.8,10.3,4.3,2.1,2.7,0,48.1,4,56.4,6.2,0,0,0,0,23.7,0,0,0,0,0.1,2.5,0,0,87.5,62.5,57.8,73.5,74.2,90,94.5,95.4,98.5,27.4,75.6,29.2,83.3,2793.2,28,36,36,36,76,112,447,2,2,Yes,No,No,No,No,No,No,No,No,No,Yes,No,No,No,No,No,No,No,No,No,No,No,No,No,No,No,No,Yes,No,No,No,No,No,No,No,Yes,No,No,31,38,31,49,39,45,1.181,5.08,3.424,3.328,12.192,2.024,0.784,3.424,3.2,1.072,1.264,1.664,1.064,1,1,0.912,1.824,1178,1569,3461,44,37,35,1.255,27,35,1.245,1.26,1.8,1.815,1.125,5.04,1,No,No,No,34.5,1.245,1.26,1.8,1.815,1.125,5.04,0.75,No,No,No,53,53,65,100,100,No,No,14726,23928,33,33,No,No,1299,631,3.8,1,4.8,2.914,5.535,39781,64618,0,0,0,0,0,0,29.5,32,32.8,84,0.905,12.165,12.159,12.166,12.171,0,0,10.846,5.814,10.61,10.828,3.761,0.227,7.588,7.681,210,50.6,1185,31.7,1290,0,13,0,0,9.6,0,0.2,0,0,0,0,0,0,Yes,No,No,No,No,Yes,No,5.4,8.5,0,0,0,0,0,0,0,0,0,0,0,0,0,0,0,0,0,0,0,0,0,0,0,0,0,0,0,0,0,0,11104,1178,916,72,2.5,0,0,0,16.5,13.1,36.4,1.1,13.2,76.56,944.7,27.45,1.22,505.17,506.47,0,1886,31,0.3,0.3,0,0,0,0,0,0
14.10.2025,06:40.0,21783,47633,31.3,16495,48825,25.2,0,1.271,1.296,1.283,1.283,1.243,1.248,1.268,1.248,1.301,1.291,1.291,1.205,1.29,1.251,4181.4,4888,4888,4888,4888,4888,4888,798,4888,3790.7,3790.7,3790.7,3790.7,99.8,3591.2,359,317.2,29.3,138.2,25.2,45.1,24.9,27,24.5,948.2,73.7,27.2,1821,775.5,27.3,338.1,26.2,212.6,766.6,935.7,595.7,313.8,8.8,6.9,0,2.2,0,0.2,0,0,0,20.1,1.7,0,37.8,16.5,0,7.3,0,7.3,24,31.5,20.2,37.8,8.8,100,10.3,9.7,0.9,4.5,0.7,1.3,0.7,0.8,0.7,27.4,2.6,0.8,51.5,22.5,0.9,9.8,0.8,6,21.6,26.2,16.9,10.3,41.9,49,49,49,49,49,49,8,49,38,38,38,38,36,45,42,41,45,47,42,45,46,44,47,46,46,47,55,58,59,55,53,58,55,54,56,53,54,54,53,56,47,No,No,No,No,No,No,No,No,No,No,No,No,No,No,No,No,No,No,No,No,No,No,No,No,No,No,No,No,No,No,No,No,No,No,No,No,No,No,No,No,No,No,48,48,37,0,0,0,0,0,0,0,1.25,44.407,30.045,21.078,7.469,0.494,150,175,56,0,0,9,6.8,0.6,3,0.5,1,0.5,0.6,0.5,20.1,1.6,0.6,37.7,16.5,0.6,7.3,0.5,6.6,23.9,31.3,20.1,11.9,9.2,5,1.2,0.7,59.1,13.9,48.1,5.8,0,0,0,0,27.8,0,0,0,0,0.8,16.2,0,0,93.2,75.6,68.3,79.1,66.3,81.1,90.4,97.2,98.1,16.7,29.7,32.4,84.4,2793.2,28,36,36,36,76,112,447,2,2,Yes,No,No,No,No,No,No,No,No,No,Yes,No,No,No,No,No,No,No,No,No,No,No,No,No,No,No,No,Yes,No,No,No,No,No,No,No,Yes,No,No,31,38,31,50,41,43,1.252,5.08,3.424,3.328,12.192,2.024,0.784,3.424,3.2,1.072,1.264,1.664,1.064,1,1,0.912,1.824,1238,1573,3543,44,37,35,1.295,28,35,1.245,1.26,1.8,1.815,1.125,5.04,0.875,No,No,No,34.5,1.245,1.26,1.8,1.815,1.125,5.04,1,No,No,No,53,53,65,100,100,No,No,14726,23928,33,33,No,No,1299,631,5.9,1.5,7.3,5.295,13.017,39791,64643,0,0,0,0,0,0,29.5,32,32.6,84,0.905,12.165,12.158,12.166,12.169,0,0,10.851,5.117,8.891,9.745,3.821,0.857,7.655,4.849,210,50.6,1185,26,1290,0,29,0,0,9.6,0,0.1,0,0,0,0,0,0,Yes,No,No,No,No,Yes,No,4.9,8.9,0,0,0,0,0,0,0,0,0,0,0,0,0,0,0,0,0,0,0,0,0,0,0,0,0,0,0,0,0,0,11104,1178,916,72,2.5,0,0,0,16.5,9.4,63.9,0.5,9.6,105.85,1930.9,15.66,1.26,666.03,667.18,0,1886,31,0.3,0.1,0,0,0,0,0,0
14.10.2025,06:42.0,21787,47629,31.3,16500,48820,25.2,0,1.29,1.326,1.323,1.308,1.308,1.283,1.298,1.288,1.28,1.28,1.265,1.265,1.26,1.251,4472.4,4788.3,4888,4788.3,4888,4888,4888,4888,4888,3790.7,3591.2,3591.2,3790.7,99.8,3591.2,337,160.4,26.4,82.8,25.1,70.2,25.4,32.5,25.3,841.1,74.8,27.4,1160.9,608.4,27.8,408.5,26.3,453.9,1093.3,805.8,762.8,287.3,10.2,3.6,3.6,1.9,0.5,1.5,0.5,0.7,0.5,17.9,1.7,4.3,24.2,13.1,7.1,8.7,7.7,16,37.5,27.8,25.6,37.5,10.2,100,9.6,4.7,0.8,2.4,0.7,2.1,0.7,0.9,0.7,24.2,2.6,0.8,32.8,17.5,0.8,11.7,0.8,12.7,30.7,22.7,21.4,9.6,44.8,48,49,48,49,49,49,49,49,38,36,36,38,36,45,42,40,45,45,46,44,46,44,48,46,46,46,55,58,60,55,55,54,56,54,56,52,54,54,54,46,48,No,No,No,No,No,No,No,No,No,No,No,No,No,No,No,No,No,No,No,No,No,No,No,No,No,No,No,No,No,No,No,No,No,No,No,No,No,No,No,No,No,No,58,58,37,0,0,0,0,0,0,0,1.25,38.063,34.044,25.072,7.474,0.496,150,175,40,0,0,9.2,3.6,0.6,1.9,0.5,1.5,0.5,0.7,0.5,17.9,1.6,0.6,24.2,13.1,0.6,8.7,0.6,16.7,37.3,27.6,25.6,12,9.4,1.7,1.4,0.9,54.6,10.4,57.2,7,0,0.1,0.8,0,24.5,0,0,0,0,0,4,0,0,83.1,62.1,71.2,73.7,70.8,85,95.2,96.3,97.7,24.1,59,27.2,81.8,2793.2,28,36,36,36,76,112,447,2,2,Yes,No,No,No,No,No,No,No,No,No,Yes,No,No,No,No,No,No,No,No,No,No,No,No,No,No,No,No,Yes,No,No,No,No,No,No,No,Yes,No,No,31,38,31,53,42,44,1.261,5.08,3.424,3.328,12.192,2.024,0.784,3.424,3.2,1.072,1.264,1.664,1.064,1,1,0.912,1.824,1139,1461,3443,43,37,35,1.28,23,35,1.245,1.26,1.8,1.8,1.125,5.04,1,No,No,No,34.8,1.245,1.26,1.8,1.815,1.125,5.04,0.75,No,No,No,53,53,65,100,100,No,No,14726,23928,33,33,No,No,1299,631,3.4,1.5,5,2.406,11.084,39795,64664,0,0,0,0,0,0,29.4,32,32.6,84,0.905,12.167,12.161,12.169,12.172,0,0,10.295,4.924,8.576,9.431,3.712,0.862,7.651,4.239,210,50.6,1185,23.5,1290,0,33,0,0,9.6,0,0.1,0,0,0,0,0,0,Yes,No,No,No,No,Yes,No,4.7,8.5,0,0,0,0,0,0,0,0,0,0,0,0,0,0,0,0,0,0,0,0,0,0,0,0,0,0,0,0,0,0,11104,1178,916,72,2.5,0,0,0,16.5,9.7,73.3,61.4,7.5,102.88,16.29,13.65,1.31,13.49,14.97,0,1886,31,0.5,0.3,0,0,0,0,0,0
14.10.2025,06:44.0,21785,47631,31.3,16502,48818,25.2,0,1.298,1.299,1.31,1.295,1.28,1.285,1.295,1.295,1.31,1.31,1.31,1.295,1.296,1.251,4397.6,4788.3,4788.3,4788.3,4788.3,4788.3,4788.3,4788.3,4888,3591.2,3591.2,3591.2,3591.2,99.8,3591.2,343.8,305.3,29.8,93.4,25,37,25,45,25.1,968.2,72.5,28.4,1460.8,626.5,26.7,269.6,25.7,265.2,844.8,1092.5,610.3,287.5,9,6.6,0,2.9,0,0.8,0.5,1,0.5,20.5,1.7,0,30.4,13.5,0,5.8,0,9,28.1,36.9,20.7,36.9,9,100,9.8,8.9,0.9,2.8,0.7,1.1,0.7,1.3,0.7,28,2.5,0.9,41.2,18.2,0.8,7.7,0.7,7.5,23.7,30.6,17.3,9.8,44.1,48,48,48,48,48,48,48,49,36,36,36,36,36,46,46,41,46,46,50,45,48,51,44,44,44,44,54,54,59,54,54,50,55,52,49,56,56,56,56,56,51,No,No,No,No,No,No,No,No,No,No,No,No,No,No,No,No,No,No,No,No,No,No,No,No,No,No,No,No,No,No,No,No,No,No,No,No,No,No,No,No,No,No,47,47,37,0,0,0,0,0,0,0,1.25,41.235,31.224,22.247,7.476,0.496,150,175,40,0,0,9.1,6.6,0.6,2.1,0.5,0.8,0.5,1,0.5,20.5,1.6,0.6,30.3,13.6,0.6,5.9,0.5,8.9,28.1,37.3,20.6,13,15.5,6.1,2.5,0.7,53,15.9,56.5,5.1,0,0,0,0,25.9,0,0,0,0,1.6,5.4,0,0,90.8,71.5,62.3,78.6,67.6,75.5,90.3,95.9,97.7,21.4,46.2,27.3,86.6,2793.2,28,36,36,36,76,112,447,2,2,Yes,No,No,No,No,No,No,No,No,No,Yes,No,No,No,No,No,No,No,No,No,No,No,No,No,No,No,No,Yes,No,No,No,No,No,No,No,Yes,No,No,31,38,31,52,38,45,1.217,5.08,3.424,3.328,12.192,2.024,0.784,3.424,3.2,1.072,1.264,1.648,1.064,1,1,0.912,1.824,1043,1436,3543,45,37,35,1.25,24,35,1.245,1.26,1.8,1.815,1.2,5.04,0.875,No,No,No,34.8,1.245,1.26,1.8,1.815,1.11,5.04,1.125,No,No,No,53,53,66,100,100,No,No,14726,23928,33,33,No,No,1299,631,5.7,0.8,6.6,4.353,7.676,39804,64678,0,0,0,0,0,0,29.5,32,32.5,84,0.905,12.166,12.16,12.167,12.17,0,0,10.048,4.994,8.772,9.576,3.724,0.808,7.675,4.404,210,50.6,1185,25.7,1290,0,39,0,0,9.6,0,0.1,0,0,0,0,0,0,Yes,No,No,No,No,Yes,No,4.8,8.3,0,0,0,0,0,0,0,0,0,0,0,0,0,0,0,0,0,0,0,0,0,0,0,0,0,0,0,0,0,0,11104,1178,916,72,2.5,0,0,0,16.5,6.2,18,0.5,6.3,162.3,1983.74,55.45,1.35,1322.13,1323.36,0,1886,31,0.2,0.2,0,0,0,0,0,0
14.10.2025,06:46.0,21790,47626,31.3,16504,48816,25.2,0,1.286,1.341,1.326,1.291,1.326,1.3,1.285,1.265,1.285,1.275,1.275,1.26,1.203,1.251,4514,4888,4888,4788.3,4888,4888,4888,4888,4888,3790.7,3790.7,3790.7,3790.7,99.8,3591.2,503.3,413.2,31.9,526.6,29.2,258.8,27.5,81.9,44.9,1486.2,127.4,31.6,1530.3,1214.2,173.6,936.4,32.3,363.5,1113.5,1013.7,629.5,467.9,13.7,9.2,1.4,11.4,11.6,5.7,0.6,1.8,1,31.6,2.8,8.5,32.2,26.1,0,20,12.9,11.1,34.7,32,19.6,34.7,13.7,100,14.4,11.9,1,15.1,0.9,7.4,0.8,2.4,1.3,42.5,4.3,1,43.3,35.1,5.2,26.7,1.1,10.3,31.3,28.5,17.6,14.4,45.2,49,49,48,49,49,49,49,49,38,38,38,38,36,46,44,43,45,44,45,45,46,48,48,48,48,48,54,56,57,55,56,55,55,54,52,52,52,52,52,47,48,No,No,No,No,No,No,No,No,No,No,No,No,No,No,No,No,No,No,No,No,No,No,No,No,No,No,No,No,No,No,No,No,No,No,No,No,No,No,No,No,No,No,52,52,37,0,0,0,0,0,0,0,1.25,38.063,32.5,23.537,7.463,0.495,150,175,48,0,0,12.2,9.1,0.7,11.3,0.6,5.6,0.6,1.8,1,31.4,2.7,0.7,32.1,25.9,3.6,19.8,0.7,11.1,34.5,31.3,19.7,14.9,22.2,11.1,9,1.6,44.9,16.8,51.8,15.2,2.2,0.5,2.8,1.2,26.6,0,0.6,0,0,2.6,11.6,2.9,6.5,86.4,64.4,65.3,78.4,55.7,66.4,75.2,83.9,95,17.6,37,14.5,56.3,2793.2,28,36,36,36,76,112,447,2,2,Yes,No,No,No,No,No,No,No,No,No,Yes,No,No,No,No,No,No,No,No,No,No,No,No,No,No,No,No,Yes,No,No,No,No,No,No,No,Yes,No,No,31,38,31,52,42,44,1.261,5.08,3.424,3.328,12.192,2.024,0.784,3.424,3.2,1.072,1.264,1.664,1.064,1,1,0.912,1.824,1083,1490,3506,44,37,35,1.23,26,35,1.245,1.26,1.8,1.815,1.11,5.04,0.75,No,No,No,34.8,1.245,1.26,1.8,1.815,1.11,5.04,0.875,No,No,No,53,53,66,100,100,No,No,14726,23928,33,33,No,No,1299,631,9.6,2,11.6,8.311,17.404,39819,64712,0,0,0,0,0,0,29.4,32,32.6,84,0.905,12.166,12.159,12.168,12.172,0,0,10.817,5.017,8.54,9.625,3.931,1.093,7.647,4.281,210,50.6,1185,30.3,1290,0,54,0,0,9.6,0,0.1,0,0,0,0,0,0,Yes,No,No,No,No,Yes,No,4.8,8.3,0,0,0,0,0,0,0,0,0,0,0,0,0,0,0,0,0,0,0,0,0,0,0,0,0,0,0,0,0,0,11104,1178,916,71,2.5,0,0,0,16.5,5.3,73.3,0.5,5.4,187.36,1929.51,13.64,1.51,664.78,666.25,0,1886,31,0.3,0.1,0,0,0,0,0,0
14.10.2025,06:48.0,21789,47628,31.3,16494,48826,25.2,0,1.289,1.298,1.288,1.303,1.313,1.313,1.298,1.313,1.272,1.277,1.262,1.262,1.262,1.251,4497.3,4788.3,4788.3,4888,4888,4888,4888,4888,4788.3,3790.7,3790.7,3790.7,3790.7,99.8,3591.2,386.6,389.2,30.4,217.1,25.5,109.1,25.6,74.7,62.9,1037.3,39.6,27,1724.6,608.3,38.2,585.4,27.2,391.8,771.6,941.6,604.9,343.6,9.8,8.4,2.2,5.4,0,2.3,0,1.6,1.3,22,0,0,35.8,13.3,1.6,12.4,5,11.7,23.2,29.9,19.2,35.8,9.8,100,11.1,12.3,0.9,6.6,0.7,3.1,0.7,2.1,1.8,30.2,1.3,0.8,48.6,17.6,1.1,16.6,0.8,11,21.7,26.4,17.3,11.1,45.1,48,48,49,49,49,49,49,48,38,38,38,38,36,47,44,43,46,50,49,53,47,44,46,46,46,46,53,56,57,54,50,51,47,53,56,54,54,54,54,50,53,No,No,No,No,No,No,No,No,No,No,No,No,No,No,No,No,No,No,No,No,No,No,No,No,No,No,No,No,No,No,No,No,No,No,No,No,No,No,No,No,No,No,47,47,37,0,0,0,0,0,0,0,1.25,31.719,42.328,33.203,7.606,0.513,150,175,56,0,0,9.6,8.3,0.6,4.7,0.5,2.3,0.5,1.6,1.3,22,0.9,0.6,35.8,13.3,0.8,12.4,0.6,12.3,24.2,30.8,18.9,13.6,12.3,4.2,2.2,0.7,53.6,18.6,67.3,4,0,0,0,0,27,0,0,0,0,1.6,10.1,0,0,87.4,75.3,68.8,80.3,63.3,75.8,89.4,94.5,96.3,19.4,33.3,16.9,81.1,2793.2,28,36,36,36,76,112,447,2,2,Yes,No,No,No,No,No,No,No,No,No,Yes,No,No,No,No,No,No,No,No,No,No,No,No,No,No,No,No,Yes,No,No,No,No,No,No,No,Yes,No,No,31,38,31,50,39,44,1.225,5.08,3.424,3.328,12.192,2.024,0.776,3.424,3.2,1.072,1.264,1.664,1.064,1,1,0.912,1.824,1108,1510,3515,45,37,35,1.245,19,35,1.26,1.26,1.8,1.815,1.11,5.04,0.875,No,No,No,34.8,1.26,1.26,1.8,1.815,1.11,5.04,0.75,No,No,No,53,53,66,100,100,No,No,14726,23928,33,33,No,No,1299,631,6.1,3.5,9.7,3.815,21.695,39827,64753,0,0,0,0,0,0,29.4,32,32.6,84,0.905,12.166,12.159,12.168,12.171,0,0,10.625,5.03,8.783,9.661,3.81,0.884,7.616,4.46,210,50.6,1185,22.6,1290,0,16,0,0,9.6,0,0.1,0,0,0,0,0,0,Yes,No,No,No,No,Yes,No,4.8,8.1,0,0,0,0,0,0,0,0,0,0,0,0,0,0,0,0,0,0,0,0,0,0,0,0,0,0,0,0,0,0,11104,1178,916,71,2.5,0,0,0,16.5,4.7,64.7,0.5,4.8,211.24,1930.41,15.46,1.38,665.46,667.01,0,1886,31,0.3,0.2,0,0,0,0,0,0
14.10.2025,06:50.0,21813,47604,31.4,16513,48807,25.2,0,1.288,1.327,1.294,1.279,1.294,1.294,1.294,1.278,1.298,1.288,1.263,1.273,1.278,1.251,4497.3,4788.3,4888,4888,4888,4888,4888,4888,4888,3591.2,3790.7,3790.7,3790.7,99.8,3591.2,379.5,376.2,31,80.1,27.9,41.5,25.1,36.5,27.8,952.5,26.6,26.6,969.7,630.6,29.8,293.1,25.8,618,1276.2,1041.8,1053,305.3,11.8,8.1,0,1.8,12.2,0.9,3.5,0.8,1.3,20.3,0,3.5,20.4,13.5,12.3,6.3,0,20,42,35.3,34.2,42,11.8,100,10.9,11.8,0.9,2.4,0.8,1.2,0.7,1,0.8,28.9,0.8,0.8,27.5,18.4,0.9,8.4,0.8,17.3,35.7,29.1,29.5,10.9,45.1,48,49,49,49,49,49,49,49,36,38,38,38,36,46,44,43,45,44,45,45,46,49,49,49,49,49,54,56,57,55,56,55,55,54,51,51,51,51,51,47,49,No,No,No,No,No,No,No,No,No,No,No,No,No,No,No,No,No,No,No,No,No,No,No,No,No,No,No,No,No,No,No,No,No,No,No,No,No,No,No,No,No,No,52,59,37,0,0,0,0,0,0,0,1.25,30.133,36.292,27.244,7.54,0.505,150,175,40,0,0,10.2,8.1,0.7,1.8,0.6,0.9,0.5,0.8,0.6,20.2,0.6,0.6,20.3,13.5,0.6,6.4,0.5,18.7,41,34.3,34.1,12.1,13.8,5.8,1.6,2,60.6,16.6,40.4,4.2,0,0,0,0,22.8,0,0,0,0,0,3.3,0,0,81,58.5,65.3,65.2,70.2,74.8,91.2,96.6,96.4,15.1,57.5,43,87.1,2793.2,28,36,36,36,76,112,447,2,2,Yes,No,No,No,No,No,No,No,No,No,Yes,No,No,No,No,No,No,No,No,No,No,No,No,No,No,No,No,Yes,No,No,No,No,No,No,No,Yes,No,No,31,38,31,55,44,45,1.252,5.08,3.424,3.328,12.192,2.024,0.776,3.424,3.2,1.072,1.264,1.664,1.064,1,1,0.912,1.824,1188,1580,3443,44,37,35,1.23,33,35,1.26,1.275,1.8,1.815,1.11,5.04,0.875,No,No,No,34.8,1.26,1.26,1.8,1.815,1.11,5.04,0.75,No,No,No,53,53,66,100,100,No,No,14726,23928,33,33,No,No,1299,631,2.9,0.9,3.8,1.827,7.577,39830,64768,0,0,0,0,0,0,29.4,32,32.5,84,0.905,12.165,12.156,12.167,12.171,0,0,10.192,4.987,8.462,9.503,3.858,1.045,7.594,4.449,210,50.6,1185,23.1,1290,0,28,0,0,9.6,0,0.1,0,0,0,0,0,0,Yes,No,No,No,No,Yes,No,4.8,8.2,0,0,0,0,0,0,0,0,0,0,0,0,0,0,0,0,0,0,0,0,0,0,0,0,0,0,0,0,0,0,11104,1178,916,71,2.5,0,0,0,16.5,4.3,71.4,0.5,4.3,233.93,1929.33,14,1.4,665.03,666.33,0,1886,31,0.1,0,0,0,0,0,0,0
14.10.2025,06:52.0,21787,47629,31.3,16494,48827,25.2,0,1.254,1.3,1.277,1.282,1.267,1.265,1.275,1.28,1.27,1.17,1.17,1.25,1.24,1.251,4472.4,4788.3,4788.3,4788.3,4788.3,4788.3,4788.3,4888,4888,3790.7,3790.7,3790.7,3790.7,99.8,3591.2,353.8,307.3,27.8,184.2,83.2,121.7,85.9,71.6,25.5,781.5,353.2,26,482.4,880.1,26.7,325.3,26.7,493,711.6,1187.9,875,278.5,10.1,6.8,0,4.1,1,2.6,1.1,1.6,0,16.7,22,6.4,4.1,18.7,0,7,0,15.5,22.9,41.1,30,41.1,10.1,100,10.1,8.8,0.8,5.3,2.4,3.5,2.5,2,0.7,22.8,10,0.8,13.7,25.4,0.8,9.3,0.8,13.8,20.1,33.4,24.6,10.1,44.8,48,48,48,48,48,48,49,49,38,38,38,38,36,47,46,43,45,44,49,43,46,49,49,49,49,49,53,54,57,55,56,51,57,54,51,51,51,51,51,49,49,No,No,No,No,No,No,No,No,No,No,No,No,No,No,No,No,No,No,No,No,No,No,No,No,No,No,No,No,No,No,No,No,No,No,No,No,No,No,No,No,No,No,49,49,37,0,0,0,0,0,0,0,1.25,28.547,32.919,23.91,7.511,0.495,150,175,40,0,0,9.5,6.8,0.6,4,1.8,2.6,1.8,1.6,0.5,16.6,7.5,0.6,10.1,18.7,0.6,7,0.6,15.5,22.7,40.8,29.9,12.3,20.7,8.5,6.6,0.9,62.5,2.5,40.2,3.7,0,1.6,0,0,24,0,0,0,0,0,0.6,0,0,84.2,75.1,58.7,69.5,70.1,70.2,84.2,88.1,96.5,11.7,85.4,38.1,86.9,2793.2,28,36,36,36,76,112,447,2,2,Yes,No,No,No,No,No,No,No,No,No,Yes,No,No,No,No,No,No,No,No,No,No,No,No,No,No,No,No,Yes,No,No,No,No,No,No,No,Yes,No,No,31,38,31,52,39,44,1.234,5.08,3.424,3.328,12.192,2.024,0.776,3.424,3.2,1.072,1.264,1.664,1.064,1,1,0.912,1.824,1236,1586,3461,45,38,35,1.265,23,35.2,1.26,1.26,1.8,1.815,1.11,5.04,0.75,No,No,No,34.8,1.26,1.26,1.8,1.815,1.11,5.04,1.25,No,No,No,53,53,67,100,100,No,No,14726,23928,33,33,No,No,1299,631,2.9,2.3,5.2,1.512,17.875,39833,64802,0,0,0,0,0,0,29.4,32,32.5,84,0.905,12.166,12.159,12.168,12.172,0,0,10.292,4.924,8.463,9.406,3.761,0.943,7.592,4.304,210,50.6,1185,23.9,1290,0,15,0,0,9.6,0,0.1,0,0,0,0,0,0,Yes,No,No,No,No,Yes,No,4.7,8.1,0,0,0,0,0,0,0,0,0,0,0,0,0,0,0,0,0,0,0,0,0,0,0,0,0,0,0,0,0,0,11104,1178,916,71,2.5,0,0,0,16.5,3.9,64.9,0.5,4,255.55,1930.7,15.41,1.27,665.75,667.08,0,1886,31,0.8,0.7,0,0,0,0,0,0
14.10.2025,06:54.0,21785,47631,31.3,16492,48828,25.2,0,1.278,1.304,1.283,1.283,1.258,1.258,1.278,1.258,1.303,1.288,1.288,1.273,1.258,1.251,4397.6,4788.3,4788.3,4788.3,4788.3,4788.3,4788.3,4788.3,4888,3591.2,3591.2,3591.2,3591.2,99.8,3591.2,352.6,422.4,105.9,225.4,25.6,275.4,26.2,45.8,24.9,271.6,985.6,41.6,25,1011.8,27.1,541.5,26.6,627.9,373.4,1200.4,768.8,282.4,8.8,9.2,12.5,5,0,5.9,0,1,1.3,5.9,0.7,0.9,0,21.5,4.3,11.5,0,21.2,11.6,38.4,25.5,38.4,8.8,100,10,12.1,3.1,6.6,0.7,7.8,0.8,1.3,0.7,8.1,28.3,1.2,0.7,28.9,0.8,15.4,0.8,17.7,10.5,33.6,21.7,10,44.1,48,48,48,48,48,48,48,49,36,36,36,36,36,47,45,43,45,44,45,45,46,50,49,49,49,49,53,55,57,55,56,55,55,54,50,51,51,51,51,48,50,No,No,No,No,No,No,No,No,No,No,No,No,No,No,No,No,No,No,No,No,No,No,No,No,No,No,No,No,No,No,No,No,No,No,No,No,No,No,No,No,No,No,50,50,37,0,0,0,0,0,0,0,1.25,45.993,32.102,23.061,7.537,0.501,150,175,48,0,0,9.2,9.1,2.3,5,0.5,5.9,0.5,1,0.5,5.9,20.8,0.9,0.5,21.5,0.6,11.5,0.6,21.1,12.3,38.3,25.3,12.8,26.1,7.4,1.7,0,53.8,2.1,57.4,4.9,0,0,0,0,25.3,2.2,0,0,0,0.4,0,0,0,78.5,87.5,61.1,74,68.3,58.3,85.2,91,98.2,17.4,96.3,18.6,81.2,2793.2,28,36,36,36,76,112,447,2,2,Yes,No,No,No,No,No,No,No,No,No,Yes,No,No,No,No,No,No,No,No,No,No,No,No,No,No,No,No,Yes,No,No,No,No,No,No,No,Yes,No,No,31,38,31,51,40,44,1.261,5.08,3.424,3.328,12.192,2.024,0.776,3.424,3.2,1.072,1.264,1.664,1.064,1,1,0.912,1.824,1200,1555,3506,44,37,35,1.29,29,35.2,1.26,1.26,1.8,1.8,1.11,5.04,0.75,No,No,No,34.8,1.26,1.26,1.8,1.815,1.11,5.04,0.75,No,No,No,53,53,67,100,100,No,No,14726,23928,33,33,No,No,1299,631,4,2.6,6.5,2.019,17.952,39837,64836,0,0,0,0,0,0,29.4,32,32.6,84,0.905,12.167,12.16,12.169,12.172,0,0,10.854,5.028,8.706,9.65,3.846,0.953,7.76,4.283,210,50.6,1185,31,1290,0,40,0,0,9.6,0,0.1,0,0,0,0,0,0,Yes,No,No,No,No,Yes,No,4.8,8.6,0,0,0,0,0,0,0,0,0,0,0,0,0,0,0,0,0,0,0,0,0,0,0,0,0,0,0,0,0,0,11104,1178,916,71,2.5,0,0,0,16.5,4,72.1,60.4,3.6,247.68,16.55,13.86,1.33,13.84,15.2,0,1886,31,0.3,0.4,0,0,0,0,0,0
14.10.2025,06:56.0,21786,47630,31.3,16496,48824,25.2,0,1.278,1.318,1.318,1.298,1.293,1.293,1.278,1.273,1.273,1.263,1.263,1.263,1.202,1.251,4505.6,4788.3,4888,4788.3,4888,4888,4888,4888,4888,3790.7,3790.7,3790.7,3790.7,99.8,3591.2,380.5,386.9,101.8,322.5,27.3,207.2,25.5,89.4,25.4,835.6,57.4,133.2,55.3,1005.4,88.6,787.5,152.1,592.5,487,1239.2,990.7,298.9,11.1,8.4,0,7,7.1,4.5,0,1.9,0.5,18.1,1.2,2,10.3,21.4,0,16.6,15.7,19.1,16.5,39.4,32,39.4,11.1,100,10.9,11.6,3,9.8,0.8,5.9,0.7,2.5,0.7,24.5,1.7,3.8,1.6,28.8,2.5,22.3,4.3,16.7,13.7,34.8,27.8,10.9,45.2,48,49,48,49,49,49,49,49,38,38,38,38,36,46,44,40,46,44,47,45,47,44,47,47,47,49,54,56,60,54,56,53,55,53,56,53,53,53,51,47,49,No,No,No,No,No,No,No,No,No,No,No,No,No,No,No,No,No,No,No,No,No,No,No,No,No,No,No,No,No,No,No,No,No,No,No,No,No,No,No,No,No,No,48,48,38,0,0,0,0,0,0,0,1.25,39.649,32.66,23.632,7.526,0.498,150,175,56,0,0,9.9,8.4,2.2,7,0.6,4.5,0.5,1.9,0.5,18,1.2,2.8,1.2,21.4,1.9,16.5,3.2,18.9,15.8,39.3,31.9,13.9,23.2,7.5,2.2,0,67.4,0.3,59.1,7.7,0,0,0,0,24.3,0,0,0,0,0,0,0,0,80.7,83.9,60.2,67.4,66.2,64,82.5,91.9,97.2,11.3,95.7,16.6,70.5,2793.2,28,36,36,36,76,112,447,2,2,Yes,No,No,No,No,No,No,No,No,No,Yes,No,No,No,No,No,No,No,No,No,No,No,No,No,No,No,No,Yes,No,No,No,No,No,No,No,Yes,No,No,31,38,31,51,39,44,1.208,5.08,3.424,3.328,12.192,2.024,0.776,3.424,3.2,1.072,1.264,1.664,1.064,1,1,0.904,1.824,1166,1558,3524,44,38,35,1.295,30,35.2,1.26,1.26,1.8,1.815,1.215,5.04,0.75,No,No,No,34.8,1.26,1.26,1.8,1.815,1.125,5.04,0.75,No,No,No,53,53,67,100,100,No,No,14726,23928,33,33,No,No,1299,631,4,2.2,6.2,2.243,17.708,39841,64870,0,0,0,0,0,0,29.4,32,32.5,84,0.905,12.163,12.157,12.164,12.169,0,0,9.629,5.044,8.766,9.598,3.748,0.833,7.61,4.754,210,50.6,1185,26.8,1290,0,30,0,0,9.6,0,0.1,0,0,0,0,0,0,Yes,No,No,No,No,Yes,No,4.8,8.2,0,0,0,0,0,0,0,0,0,0,0,0,0,0,0,0,0,0,0,0,0,0,0,0,0,0,0,0,0,0,11104,1178,916,71,2.5,0,0,0,16.5,3.3,18.2,0.5,3.4,300.05,1983.75,54.97,1.49,1321.81,1323.19,0,1886,31,0.4,0.2,0,0,0,0,0,0
14.10.2025,06:58.0,21786,47630,31.3,16488,48832,25.2,0,1.272,1.312,1.297,1.278,1.298,1.283,1.293,1.268,1.263,1.263,1.253,1.253,1.201,1.251,4480.7,4888,4788.3,4788.3,4788.3,4788.3,4888,4888,4788.3,3790.7,3790.7,3790.7,3790.7,99.8,3591.2,372.2,432.8,28.6,256.1,25.5,288.3,26.1,77.1,24.9,402.5,609,69.1,25.1,876.2,26.3,999.8,26.6,647.8,310.2,1095.6,1195.7,286.2,10.3,9.5,0,5.7,0,6.9,1.3,1.7,0,8.7,27.8,1.5,0.5,18.9,2.1,21,0,19.7,9.4,33.8,37.6,37.6,10.3,100,10.6,12.4,0.9,7.5,0.7,8.3,0.8,2.2,0.7,12.1,17.3,2,0.7,25.2,0.8,28.2,0.8,18.2,8.7,30.7,33.5,10.6,44.9,49,48,48,48,48,49,49,48,38,38,38,38,36,46,44,43,46,44,46,47,47,54,46,46,46,48,54,56,57,54,56,54,53,53,46,54,54,54,52,51,54,No,No,No,No,No,No,No,No,No,No,No,No,No,No,No,No,No,No,No,No,No,No,No,No,No,No,No,No,No,No,No,No,No,No,No,No,No,No,No,No,No,No,52,52,38,0,0,0,0,0,0,0,1.25,50.751,33.813,24.774,7.532,0.501,150,175,56,0,0,9.6,9.5,0.6,5.7,0.5,6.2,0.5,1.7,0.5,8.6,13.1,1.5,0.5,18.9,0.6,21,0.6,20.2,10.1,34.1,37.5,15.5,27.2,16.9,3.5,3.5,61.8,0,67.8,4.9,0,0,0,0,24.7,0,0,0,0,0,0,0,0,79.4,89.7,65.2,61.7,64.2,60.6,74.7,88.7,93.7,14.9,97.7,11.2,71.7,2793.2,28,36,36,36,76,112,447,2,2,Yes,No,No,No,No,No,No,No,No,No,Yes,No,No,No,No,No,No,No,No,No,No,No,No,No,No,No,No,Yes,No,No,No,No,No,No,No,Yes,No,No,31,38,31,50,41,44,1.19,5.08,3.424,3.328,12.192,2.024,0.776,3.424,3.2,1.072,1.264,1.664,1.064,1,1,0.912,1.824,1130,1506,3524,45,38,35,1.275,32,35.2,1.26,1.26,1.8,1.815,1.125,4.97,1,No,No,No,34.8,1.26,1.26,1.8,1.815,1.125,5.04,0.75,No,No,No,53,53,67,100,100,No,No,14726,23928,33,33,No,No,1299,631,5.6,2.7,8.3,3.762,21.437,39848,64910,0,0,0,0,0,0,29.4,32,32.5,84,0.905,12.164,12.157,12.165,12.169,0,0,9.647,5.519,8.88,9.951,4.028,1.07,7.655,7.049,210,50.6,1185,22.3,1290,2,32,0,0,9.6,0,0.1,0,0,0,0,0,0,Yes,No,No,No,No,Yes,No,5,9.2,0,0,0,0,0,0,0,0,0,0,0,0,0,0,0,0,0,0,0,0,0,0,0,0,0,0,0,0,0,0,11104,1178,916,71,2.5,0,0,0,16.5,3.7,70.7,0.6,3.8,268.46,1702.69,14.14,1.5,156.53,158.06,0,1886,31,0.3,0.2,0,0,0,0,0,0
14.10.2025,07:00.0,21785,47631,31.3,16487,48833,25.2,0,1.277,1.322,1.315,1.279,1.264,1.279,1.261,1.286,1.301,1.152,1.279,1.289,1.289,1.251,4106.6,4788.3,4788.3,4788.3,4688.5,4788.3,4788.3,798,4888,3591.2,3790.7,3790.7,3790.7,99.8,3591.2,475.7,444,27.6,423.8,26.1,242.1,25.9,78.8,25.4,75,968.4,35.4,24.8,832.8,26.5,680.8,26,1341.5,885.1,1868.7,1454.7,343.9,14.1,9.8,0.6,9.2,0,5.3,9.1,1.7,0.5,1.7,20.9,2.1,1.3,18.1,0,14.5,8.4,43.7,29.5,59.2,46.8,59.2,14.1,100,13.5,12.7,0.8,12.2,0.8,6.9,0.8,2.2,0.7,2.6,27.5,0.7,0.7,23.8,0.8,19.4,0.8,37.5,24.7,52.6,40.9,13.5,41.2,48,48,48,47,48,48,8,49,36,38,38,38,36,47,44,41,45,44,46,52,47,46,49,51,51,51,53,56,59,55,56,54,48,53,54,51,49,49,49,49,52,No,No,No,No,No,No,No,No,No,No,No,No,No,No,No,No,No,No,No,No,No,No,No,No,No,No,No,No,No,No,No,No,No,No,No,No,No,No,No,No,No,No,59,59,38,0,0,0,0,0,0,0,1.25,45.993,33.727,24.662,7.561,0.503,150,175,64,0,0,13.2,9.8,0.6,9.2,0.5,5.3,0.5,1.7,0.5,1.7,20.9,0.8,0.5,18.1,0.6,14.5,0.5,43.2,29.1,58.5,46.6,15.8,35.8,13.4,5.8,0,61.5,1,64.8,7.7,0,0,0,0,18.3,0,0,0,0,0.6,0,0,0,56,70.4,40.5,52.4,64.1,51.7,74.7,87,97.4,14.1,97.6,14.8,75.4,2793.2,28,36,36,36,76,112,447,2,2,Yes,No,No,No,No,No,No,No,No,No,Yes,No,No,No,No,No,No,No,No,No,No,No,No,No,No,No,No,Yes,No,No,No,No,No,No,No,Yes,No,No,31,38,31,50,39,44,1.199,5.08,3.424,3.328,12.192,2.024,0.768,3.424,3.2,1.072,1.264,1.664,1.064,1,1,0.912,1.824,1102,1503,3461,45,38,35,1.25,19,35.2,1.26,1.26,1.8,1.815,1.125,5.04,0.75,No,No,No,34.8,1.26,1.26,1.8,1.815,1.125,5.04,0.875,No,No,No,53,53,67,100,100,No,No,14726,23928,33,33,No,No,1299,631,9.2,3,12.2,3.992,22.65,39856,64954,0,0,0,0,0,0,29.4,32,32.3,84,0.905,12.164,12.155,12.166,12.17,0,0,10.853,4.905,8.796,9.478,3.615,0.683,7.574,4.193,210,50.6,1185,24.7,1290,0,21,0,0,9.6,0,0.1,0,0,0,0,0,0,Yes,No,No,No,No,Yes,No,4.7,8.4,0,0,0,0,0,0,0,0,0,0,0,0,0,0,0,0,0,0,0,0,0,0,0,0,0,0,0,0,0,0,11104,1178,916,71,2.5,0,0,0,16.5,3.5,30,0.6,3.6,284.85,1686.98,33.34,1.21,594.61,595.85,0,1886,31,0.2,0.1,0,0,0,0,0,0
14.10.2025,07:02.0,21779,47638,31.3,16485,48835,25.2,0,1.285,1.316,1.276,1.306,1.306,1.276,1.276,1.301,1.296,1.266,1.266,1.266,1.266,1.251,4439.1,4788.3,4888,4888,4888,4888,4788.3,4888,4888,3591.2,3591.2,3591.2,3591.2,99.8,3591.2,444.3,892.3,27.5,531,27.2,146,25.4,55.2,25.2,34.4,983.9,49.8,25.1,687.5,35.9,449.6,25.6,1149.9,806.6,1546.6,1362.2,332.1,13.3,19.1,9.1,11.4,1.3,4,7.7,1.2,4.3,0.7,21.3,0,0.5,15,9.9,9.9,2.1,35.5,24.6,46.7,42.5,46.7,13.3,100,12.7,26.1,0.9,15.9,0.8,4.2,0.7,1.6,0.7,1.1,28,1.7,0.7,19.7,1.1,13.1,0.7,32.5,22.9,43.4,38.5,12.7,44.5,48,49,49,49,49,48,49,49,36,36,36,36,36,47,46,43,46,45,46,45,47,46,49,49,51,51,53,54,57,54,55,54,55,53,54,51,51,49,49,48,51,No,No,No,No,No,No,No,No,No,No,No,No,No,No,No,No,No,No,No,No,No,No,No,No,No,No,No,No,No,No,No,No,No,No,No,No,No,No,No,No,No,No,51,51,38,0,0,0,0,0,0,0,1.25,31.719,35.258,26.019,7.715,0.517,150,175,48,0,0,11.8,19.1,0.6,11.4,0.6,3.3,0.5,1.2,0.5,0.7,21.3,1.1,0.5,15,0.8,9.9,0.5,35.5,24.8,46.5,42.1,19.2,41.9,24.7,2.3,0.8,64.5,0.8,64.1,31,0,0,0,0,20.7,0,0,0,0,0,0,0,0,63.9,74.8,52.7,57,58.7,35.6,60.7,92.5,96.9,12.2,97.4,18.4,56,2793.2,28,36,36,36,76,112,447,2,2,Yes,No,No,No,No,No,No,No,No,No,Yes,No,No,No,No,No,No,No,No,No,No,No,No,No,No,No,No,Yes,No,No,No,No,No,No,No,Yes,No,No,31,38,31,51,40,44,1.19,5.08,3.424,3.328,12.192,2.024,0.768,3.424,3.2,1.072,1.264,1.664,1.064,1,1,0.912,1.824,1148,1532,3461,44,38,35,1.215,18,35.2,1.26,1.26,1.8,1.815,1.125,5.04,0.875,No,No,No,34.8,1.26,1.275,1.8,1.815,1.125,5.04,1.125,No,No,No,53,53,67,100,100,No,No,14726,23928,33,33,No,No,1299,631,11.2,4.5,15.7,4.38,26.904,39864,65005,0,0,0,0,0,0,29.4,32,32.4,84,0.905,12.167,12.161,12.169,12.172,0,0,9.729,5.044,8.76,9.674,3.834,0.916,7.572,4.552,210,50.6,1185,27.1,1290,0,32,0,0,9.6,0,0.1,0,0,0,0,0,0,Yes,No,No,No,No,Yes,No,4.8,8.2,0,0,0,0,0,0,0,0,0,0,0,0,0,0,0,0,0,0,0,0,0,0,0,0,0,0,0,0,0,0,11104,1178,916,71,2.5,0,0,0,16.5,3.3,75.7,0.5,3.4,299.18,1911.68,13.21,1.44,502.09,503.41,0,1886,31,0.5,0.3,0,0,0,0,0,0
14.10.2025,07:04.0,21796,47620,31.3,16504,48816,25.2,0,1.278,1.316,1.296,1.296,1.291,1.291,1.266,1.271,1.271,1.261,1.261,1.261,1.261,1.251,4514,4788.3,4888,4888,4888,4888,4888,4888,4888,3790.7,3790.7,3790.7,3790.7,99.8,3591.2,456.5,935.2,41.4,408.6,25.9,270,25.6,191.2,25.3,236.9,1207.1,211.3,42.7,1075.5,40.2,536.5,27.5,861.6,724.7,1165.9,1076.2,382.6,10.6,20.2,0,9,0,6,0,5,0,5.1,8.9,4.6,0.1,23.3,0,12,2.8,26.9,21.5,33.9,32,33.9,10.6,100,13,26.5,1.2,11.7,0.8,7.8,0.8,5.5,0.7,6.8,34.4,6,1.2,30.8,1.2,15.6,0.8,24.3,20.3,32.8,30.4,13,45.2,48,49,49,49,49,49,49,49,38,38,38,38,36,48,46,47,46,45,46,44,49,47,51,51,51,51,52,54,53,54,55,54,56,51,53,49,49,49,49,48,51,No,No,No,No,No,No,No,No,No,No,No,No,No,No,No,No,No,No,No,No,No,No,No,No,No,No,No,No,No,No,No,No,No,No,No,No,No,No,No,No,No,No,52,52,38,0,0,0,0,0,0,0,1.25,50.751,35.734,26.537,7.681,0.514,150,175,72,0,0,11.4,20.2,0.9,9,0.5,6,0.6,4.3,0.5,5.2,25.9,4.6,0.9,23.2,0.9,11.9,0.6,26.2,21.4,33.6,31.8,22.5,45.6,16.8,12.8,9.3,61.4,2.2,63.7,54.9,0.7,0,0,2.3,23.6,0,0,0,0,1.4,0,0.3,0,72.5,78.1,65.6,64.8,50.8,31.6,71.8,79.2,85.2,4.9,92.1,10.8,30.6,2793.2,28,36,36,36,76,112,447,2,2,Yes,No,No,No,No,No,No,No,No,No,Yes,No,No,No,No,No,No,No,No,No,No,No,No,No,No,No,No,Yes,No,No,No,No,No,No,No,Yes,No,No,31,39,31,50,40,44,1.199,5.08,3.424,3.328,12.192,2.024,0.768,3.424,3.2,1.072,1.264,1.664,1.064,1,1,0.904,1.824,1179,1557,3497,45,38,35,1.24,28,35.2,1.26,1.275,1.8,1.815,1.125,5.04,0.875,No,No,No,35,1.26,1.275,1.8,1.815,1.125,5.04,0.875,No,No,No,53,53,67,100,100,No,No,14726,23928,33,33,No,No,1299,631,25.8,3.8,29.6,10.053,24.789,39884,65052,0,0,0,0,0,0,29.4,32,32.6,84,0.905,12.167,12.161,12.169,12.172,0,0,10.88,5.056,9.022,9.796,3.786,0.779,7.574,4.431,210,50.6,1185,32.7,1290,1,38,0,0,9.6,0,0.1,0,0,0,0,0,0,Yes,No,No,No,No,Yes,No,4.9,8.2,0,0,0,0,0,0,0,0,0,0,0,0,0,0,0,0,0,0,0,0,0,0,0,0,0,0,0,0,0,0,11104,1178,916,71,2.5,0,0,0,16.5,3.2,60.5,0.8,3.3,311.92,1281.18,16.54,1.48,494.2,495.73,0,1886,31,0.2,0.1,0,0,0,0,0,0
14.10.2025,07:06.0,21789,47628,31.3,16493,48827,25.2,0,1.282,1.338,1.306,1.321,1.277,1.262,1.262,1.257,1.262,1.267,1.262,1.293,1.278,1.251,4148.2,4788.3,4788.3,4788.3,4788.3,4888,4888,4888,798,3790.7,3790.7,3790.7,3790.7,99.8,3591.2,404.2,901.7,28,564,25.6,158.9,25.3,115.5,25.3,934.3,27.5,135,25,683.2,27.4,414.7,259.6,767.1,553,1294.7,1118.2,315.1,12.3,19.4,11,12.2,0,3.5,0,1.8,4.3,20.3,7.8,1.3,0.5,14.9,16.3,9.2,12.3,22.1,16.7,39.3,33.5,39.3,12.3,100,11.6,26.3,0.9,16.9,0.7,4.6,0.7,3.3,0.7,26.7,0.8,3.8,0.7,19.6,0.8,12.3,7.4,21.5,15.6,36.3,31.6,11.6,41.6,48,48,48,48,49,49,49,8,38,38,38,38,36,48,46,48,51,45,44,50,51,53,47,47,47,47,52,54,52,49,55,56,50,49,47,53,53,53,53,59,53,No,No,No,No,No,No,No,No,No,No,No,No,No,No,No,No,No,No,No,No,No,No,No,No,No,No,No,No,No,No,No,No,No,No,No,No,No,No,No,No,No,No,55,55,38,0,0,0,0,0,0,0,1.25,36.477,38.241,29.049,7.671,0.518,150,175,56,0,0,10.3,19.4,0.6,12.2,0.5,3.5,0.5,2.5,0.5,20.3,0.6,2.9,0.5,14.9,0.6,9.1,5.5,23.2,16.5,39.1,33.3,19.3,47.7,23.1,0.9,0,58.1,2.1,62.6,36.5,0,0,0,0.6,23.7,0,0,0,0,0,0,0,0,76.3,83.1,60.2,65.2,57.6,29.5,61.2,93.8,96.4,19.2,94.2,20.1,46.6,2793.2,28,36,36,36,76,112,447,2,2,Yes,No,No,No,No,No,No,No,No,No,Yes,No,No,No,No,No,No,No,No,No,No,No,No,No,No,No,No,Yes,No,No,No,No,No,No,No,Yes,No,No,31,39,31,51,41,45,1.181,5.08,3.424,3.328,12.192,2.024,0.768,3.424,3.2,1.072,1.264,1.664,1.064,1,1,0.912,1.824,1162,1525,3543,44,38,35,1.24,18,35.2,1.26,1.275,1.8,1.8,1.125,5.04,1,No,No,No,35,1.26,1.275,1.8,1.815,1.125,5.04,0.875,No,No,No,53,53,67,100,100,No,No,14726,23929,33,33,No,No,1299,631,7.3,3.4,10.7,4.13,24.682,39891,65099,0,0,0,0,0,0,29.4,32,32.5,84,0.905,12.167,12.161,12.168,12.172,0,0,9.801,5.059,8.787,9.637,3.773,0.856,7.567,4.793,210,50.6,1185,26.9,1290,0,55,0,0,9.5,0,0.2,0,0,0,0,0,0,Yes,No,No,No,No,Yes,No,4.8,8.5,0,0,0,0,0,0,0,0,0,0,0,0,0,0,0,0,0,0,0,0,0,0,0,0,0,0,0,0,0,0,11110,1172,909,71,2.5,0,0,0,16.5,3.1,75.7,0.5,3.1,324.56,1911.63,13.2,1.62,502.87,504.3,0,1886,31,7.4,3.9,0,0,0,0,0,0
14.10.2025,07:08.0,21791,47625,31.3,16500,48821,25.2,0,1.302,1.341,1.341,1.311,1.341,1.277,1.307,1.282,1.287,1.287,1.282,1.271,1.296,1.251,4497.3,4888,4888,4788.3,4888,4888,4888,4788.3,4788.3,3790.7,3790.7,3790.7,3790.7,99.8,3591.2,387.8,626.2,31.9,553.4,26,362.4,46.5,93.7,25.1,1041.4,27.7,69.2,25,924.4,27,296.4,151.7,749.7,500.5,1202.9,974.9,309.9,10.8,13.5,0.7,11.9,9.7,7.1,5.4,2.1,0,22.4,2.1,3,0.5,19.8,0,6.8,3.2,24.7,17.2,37.4,29,37.4,10.8,100,11.1,17.9,1,15.8,0.8,10.3,1.4,2.7,0.7,30.1,0.9,2,0.7,26.7,0.8,8.9,4.3,21.1,14,33.7,27.4,11.1,45.1,49,49,48,49,49,49,48,48,38,38,38,38,36,47,47,44,46,45,45,45,51,46,49,49,49,49,53,53,56,54,55,55,55,49,54,51,51,51,51,48,51,No,No,No,No,No,No,No,No,No,No,No,No,No,No,No,No,No,No,No,No,No,No,No,No,No,No,No,No,No,No,No,No,No,No,No,No,No,No,No,No,No,No,51,51,38,0,0,0,0,0,0,0,1.25,22.203,35.341,26.209,7.62,0.506,150,175,32,0,0,10,13.5,0.7,11.9,0.5,7.8,1,2.1,0.5,22.3,0.6,1.5,0.5,19.8,0.6,6.8,3.2,23.4,16.5,37.2,28.9,18.1,39.5,16.9,2.4,4.1,58.7,0,52.2,42.8,0,0,0,0,24.3,0,0,0,0,0,0,0,0,76.2,83.2,62.1,70.4,59.7,44.3,68.8,87.7,92.7,16.2,97.7,25.1,45.1,2793.2,28,36,36,36,76,112,447,2,2,Yes,No,No,No,No,No,No,No,No,No,Yes,No,No,No,No,No,No,No,No,No,No,No,No,No,No,No,No,Yes,No,No,No,No,No,No,No,Yes,No,No,31,39,31,51,41,45,1.225,5.08,3.424,3.328,12.192,2.024,0.768,3.424,3.2,1.072,1.264,1.664,1.064,1,1,0.904,1.824,1134,1532,3470,45,38,35,1.2,11,35.2,1.26,1.275,1.8,1.815,1.215,5.04,0.75,No,No,No,35,1.26,1.275,1.8,1.815,1.125,5.04,1,No,No,No,53,53,67,100,100,No,No,14726,23929,33,33,No,No,1299,631,6.4,3.4,9.8,3.894,24.631,39899,65146,0,0,0,0,0,0,29.3,30,32.3,84,0.905,12.167,12.161,12.169,12.172,0,0,9.513,4.875,8.712,9.346,3.542,0.64,7.57,4.319,210,50.6,1185,23,1290,0,0,0,0,9.5,0,0.1,0,0,0,0,0,0,Yes,No,No,No,No,Yes,No,4.7,8.2,0,0,0,0,0,0,0,0,0,0,0,0,0,0,0,0,0,0,0,0,0,0,0,0,0,0,0,0,0,0,11110,1172,909,71,2.5,0,0,0,16.5,3.1,64.1,0.5,3.1,327.69,1865.75,15.6,1.65,350.24,351.94,0,1886,31,1.2,0.4,0,0,0,0,0,0
14.10.2025,07:10.0,21792,47624,31.3,16507,48813,25.2,0,1.299,1.336,1.324,1.324,1.304,1.309,1.309,1.294,1.294,1.284,1.278,1.268,1.268,1.251,4139.9,4788.3,4888,4888,4888,4888,4888,4888,798,3790.7,3790.7,3591.2,3591.2,99.8,3591.2,343,278.5,28.2,453.2,26.4,163.8,25.5,41.4,25.1,908.4,26.9,25.2,24.9,624.8,26.5,162.7,107.5,830.4,756.9,1339,984.9,252,9.7,6.2,0,9.7,0,4.3,7,1.7,0,19.4,0,1.3,0.5,13.4,0,3.8,0,26.3,24.9,43,31.9,43,9.7,100,9.7,8.1,0.8,13,0.8,4.7,0.7,1.2,0.7,26,0.8,0.7,0.7,18.1,0.8,5,3.1,23.3,21.2,37.5,27.7,9.7,41.5,48,49,49,49,49,49,49,8,38,38,36,36,36,46,44,41,46,44,45,45,51,43,48,48,48,48,54,56,59,54,56,55,55,49,57,52,52,52,52,48,51,No,No,No,No,No,No,No,No,No,No,No,No,No,No,No,No,No,No,No,No,No,No,No,No,No,No,No,No,No,No,No,No,No,No,No,No,No,No,No,No,No,No,53,53,38,0,0,0,0,0,0,0,1.25,28.547,34.66,25.56,7.593,0.503,150,175,40,0,0,9.5,6.2,0.6,9.7,0.6,3.6,0.5,0.9,0.5,19.3,0.6,0.5,0.5,13.4,0.6,3.8,2.3,26.7,25.4,42.8,31.7,13.4,29.7,13.5,3.8,0,44.2,0,54.1,15.9,0,0,0,0,22.7,0,0,0,0,1,0,0,0,72.9,74.3,56.7,67.6,70.3,61.5,74.2,91.3,98.3,32.7,98.9,29.7,75.7,2793.2,28,36,36,36,76,112,447,2,2,Yes,No,No,No,No,No,No,No,No,No,Yes,No,No,No,No,No,No,No,No,No,No,No,No,No,No,No,No,Yes,No,No,No,No,No,No,No,Yes,No,No,31,39,31,50,43,45,1.172,5.08,3.424,3.328,12.192,2.024,0.768,3.424,3.2,1.072,1.264,1.664,1.064,1,1,0.912,1.824,1156,1553,3452,45,38,35,1.23,16,35.2,1.26,1.275,1.8,1.815,1.125,5.04,0.875,No,No,No,35,1.26,1.275,1.8,1.815,1.125,5.04,0.75,No,No,No,53,53,68,100,100,No,No,14726,23929,33,33,No,No,1299,631,1.9,1.4,3.4,1.109,10.706,39901,65167,0,0,0,0,0,0,29.3,30,32.4,84,0.905,12.166,12.16,12.167,12.17,0,0,10.732,4.864,8.523,9.296,3.614,0.777,7.57,4.271,210,50.6,1185,30.9,1290,0,39,0,0,9.5,0,0.2,0,0,0,0,0,0,Yes,No,No,No,No,Yes,No,4.7,8.3,0,0,0,0,0,0,0,0,0,0,0,0,0,0,0,0,0,0,0,0,0,0,0,0,0,0,0,0,0,0,11117,1165,903,71,2.5,0,0,0,16.5,3,59.8,0.9,3.1,331.04,1114.69,16.72,1.31,388.76,390.2,0,1886,31,2.2,0,0,0,0,0,0,0
14.10.2025,07:12.0,21774,47643,31.3,16489,48832,25.2,0,1.245,1.327,1.298,1.303,1.268,1.283,1.271,0.646,1.316,1.316,1.316,1.301,1.291,1.251,4139.9,4788.3,4788.3,4888,4788.3,4788.3,4788.3,798,4888,3790.7,3790.7,3790.7,3790.7,99.8,3591.2,384.7,629.7,92.6,718.5,26.3,201.9,25.9,63.9,25.5,982.6,97.6,114.8,35.6,573.1,56.5,370.2,44.3,499,725.4,1274.9,1136.1,293.5,12.3,13.5,11.6,14.5,0,3.7,0,2.2,5,20.9,5.8,1.7,2.1,12.6,16.3,8.2,12.6,16.5,23.3,39.3,36.4,39.3,12.3,100,11.2,20.7,2.6,23,0.8,5.8,0.8,1.8,0.7,28,2.8,3.2,0.7,16.6,1.6,10.9,1.3,14.2,20.5,35.9,32,11.2,41.5,48,48,49,48,48,48,8,49,38,38,38,38,36,45,44,43,46,44,47,47,46,44,46,46,46,46,55,56,57,54,56,53,53,54,56,54,54,54,54,51,47,No,No,No,No,No,No,No,No,No,No,No,No,No,No,No,No,No,No,No,No,No,No,No,No,No,No,No,No,No,No,No,No,No,No,No,No,No,No,No,No,No,No,49,49,38,0,0,0,0,0,0,0,1.25,38.063,30.307,21.268,7.538,0.495,150,175,56,1,0.4,10.1,13.4,1.9,15.1,0.6,4.4,0.5,1.4,0.5,20.9,2.1,2.4,0.8,12.5,1.2,8.1,0.9,16.3,23.1,39.4,36.1,13.7,35.3,10.5,3.7,1.5,39.9,0,60.5,13.4,0,0,0,0,23.9,2.3,0.2,0,0,0.8,0,0,0,83.3,76.5,60.1,63.3,66.1,42.2,68.8,90.2,96.3,34.7,97,24.5,75.4,2793.2,28,36,36,36,76,112,447,2,2,Yes,No,No,No,No,No,No,No,No,No,Yes,No,No,No,No,No,No,No,No,No,No,No,No,No,No,No,No,Yes,No,No,No,No,No,No,No,Yes,No,No,31,39,31,51,38,44,1.208,5.08,3.424,3.328,12.192,2.024,0.768,3.424,3.2,1.072,1.264,1.648,1.064,1,1,0.904,1.824,1175,1549,3479,44,38,36,1.28,16,35.5,1.26,1.275,1.8,1.815,1.125,5.04,0.875,No,No,No,35,1.26,1.275,1.8,1.815,1.125,5.04,0.875,No,No,No,53,53,68,100,100,No,No,14726,23929,33,33,No,No,1299,631,3.1,1.9,5,1.208,12.735,39903,65191,0,0,0,0,0,0,29.3,32,32.5,84,0.905,12.165,12.158,12.167,12.17,0,0,9.529,4.965,8.441,9.466,3.833,1.024,7.567,4.423,210,50.6,1185,26.2,1290,0,50,0,0,9.5,0,0.1,0,0,0,0,0,0,Yes,No,No,No,No,Yes,No,4.7,6.3,0,0,0,0,0,0,0,0,0,0,0,0,0,0,0,0,0,0,0,0,0,0,0,0,0,0,0,0,0,0,11117,1165,903,71,2.5,0,0,0,16.5,3.1,72.8,60.8,2.9,320.7,16.44,13.74,1.56,13.76,15.09,0,1886,31,1.4,0.5,0,0,0,0,0,0
14.10.2025,07:14.0,21768,47648,31.3,16489,48831,25.2,0,1.286,1.333,1.303,1.288,1.303,1.288,1.308,1.288,1.288,1.26,1.26,1.245,1.26,1.251,4505.6,4888,4888,4788.3,4888,4788.3,4888,4888,4888,3790.7,3790.7,3790.7,3790.7,99.8,3591.2,179.7,217,54.6,185.6,30.2,42.8,25.1,29.9,25.2,1008.7,27.6,66.2,13,666.6,27.6,365.9,125.3,105.5,62.3,269.4,246.6,171,4.1,4.7,0,4,3.6,0.1,7,0,0,21.4,0,1.4,0,14.3,0,7.9,0,2.2,1.3,7.3,7.6,21.4,4.1,100,5.2,6.2,1.6,5.3,0.9,1.2,0.7,0.8,0.7,29,0.9,1.9,0.7,19.3,0.9,10.4,3.6,3,1.8,7.6,7,5.2,45.2,49,49,48,49,48,49,49,49,38,38,38,38,36,43,44,41,45,42,41,43,45,48,43,43,43,43,57,56,59,55,58,59,57,55,52,57,57,57,57,45,48,No,No,No,No,No,No,No,No,No,No,No,No,No,No,No,No,No,No,No,No,No,No,No,No,No,No,No,No,No,No,No,No,No,No,No,No,No,No,No,No,No,No,50,50,38,0,0,0,0,0,0,0,1.25,26.961,33.623,24.544,7.573,0.502,150,175,32,14.3,6.3,4.1,4.7,1.2,4,0.6,0.9,0.5,0.6,0.5,21.3,0.6,1.4,0.3,14.3,0.6,8,2.6,3,2,8,7.7,6.7,1,2.1,0,0,20.6,0,45,12.2,0,0,0,0,31.6,0,0,0,0,1.7,0,0,0,96.9,97.8,91.7,91.6,80.6,91.6,92.4,98.2,98.7,53,97.9,37.7,75,2793.2,28,36,36,36,76,112,447,2,2,Yes,No,No,No,No,No,No,No,No,No,Yes,No,No,No,No,No,No,No,No,No,No,No,No,No,No,No,No,Yes,No,No,No,No,No,No,No,Yes,No,No,31,39,31,49,42,45,1.101,5.08,3.424,3.328,12.192,2.024,0.768,3.424,3.2,1.072,1.264,1.664,1.064,1,1,0.904,1.824,1134,1480,3497,45,38,35,1.255,13,35.2,1.26,1.26,1.8,1.815,1.125,5.04,0.875,No,No,No,35,1.26,1.26,1.8,1.815,1.125,5.04,0.75,No,No,No,53,53,68,100,100,No,No,14726,23929,33,33,No,No,1299,631,0,0.4,0.4,0.026,0.524,39903,65192,0,0,0,0,0,0,29.3,32,32.4,84,0.905,12.166,12.16,12.167,12.172,0,0,10.742,5.827,10.512,10.853,3.846,0.35,7.57,7.661,210,50.6,1185,32.6,1290,0,31,0,0,9.5,0,0.1,0,0,0,0,0,0,Yes,No,No,No,No,Yes,No,5.4,8.2,0,0,0,0,0,0,0,0,0,0,0,0,0,0,0,0,0,0,0,0,0,0,0,0,0,0,0,0,0,0,11117,1165,903,58,2.5,0,0,0,16.5,2.7,18.2,0.5,2.7,369.52,1984.08,55.07,1.67,1321.66,1323.41,0,1886,31,0.7,0,0,0,0,0,0,0
14.10.2025,07:16.0,21772,47644,31.3,16485,48836,25.2,0,1.296,1.333,1.298,1.273,1.273,1.308,1.303,1.303,1.308,1.288,1.288,1.288,1.288,1.251,4430.8,4888,4788.3,4788.3,4788.3,4888,4888,4888,4888,3591.2,3591.2,3591.2,3591.2,99.8,3591.2,328.7,518.3,33,482.2,29.5,290.4,37.1,102.8,25.6,1505.7,34.8,153.3,25.7,1385.4,32.6,1228.2,34.3,89.6,51.4,313.2,200.4,336.7,8.7,11.2,3,10.4,4.3,0,0.8,16.6,1.3,32,2.2,3.3,0.6,29.5,2.2,26.1,9.2,2.6,1.4,10.5,5.8,32,8.7,100,9.4,14.8,1,13.7,1,8.3,1.1,2.9,0.8,43,1.3,4.4,0.8,39.8,1.2,34.8,1.3,2.5,1.4,8.8,5.7,9.4,44.4,49,48,48,48,49,49,49,49,36,36,36,36,36,46,44,43,46,44,50,46,47,44,46,46,46,46,54,56,57,54,56,50,54,53,56,54,54,54,54,51,50,No,No,No,No,No,No,No,No,No,No,No,No,No,No,No,No,No,No,No,No,No,No,No,No,No,No,No,No,No,No,No,No,No,No,No,No,No,No,No,No,No,No,46,46,38,0,0,0,0,0,0,0,1.25,34.891,22.376,13.692,7.254,0.459,150,175,32,8.6,3.6,7.2,11.1,0.7,10.3,0.6,6.2,0.8,2.2,0.6,31.6,0.7,3.3,0.6,29.2,0.7,25.8,0.7,2.6,1.5,9.1,5.9,9.9,18.8,4.4,8.6,0,28,0,44,13.7,0,0,0,0.8,32.5,0,0.5,0,0,3.8,2.1,3.4,1.8,97.1,98.3,90.4,92.5,66.9,67.8,83.1,83.6,96.8,33.4,94,20.5,56.2,2793.2,28,36,36,36,76,112,447,2,2,Yes,No,No,No,No,No,No,No,No,No,Yes,No,No,No,No,No,No,No,No,No,No,No,No,No,No,No,No,Yes,No,No,No,No,No,No,No,Yes,No,No,31,39,31,47,39,45,0.852,5.08,3.424,3.328,12.192,2.024,0.768,3.424,3.2,1.072,1.264,1.664,1.064,1,1,0.904,1.824,1067,1462,3488,45,38,36,1.265,9,35.5,1.26,1.26,1.8,1.815,1.125,5.04,0.75,No,No,No,35,1.26,1.26,1.8,1.815,1.125,5.04,0.75,No,No,No,54,54,65,100,100,No,No,14726,23929,33,33,No,No,1299,631,0,0.2,0.2,0.032,0.382,39903,65193,0,0,0,0,0,0,29.3,32,32.3,84,0.905,12.164,12.157,12.165,12.169,0,0,9.564,4.86,8.768,9.355,3.505,0.589,7.567,4.236,210,50.6,1185,23.5,1290,0,39,0,0,9.5,0,0.1,0,0,0,0,0,0,Yes,No,No,No,No,Yes,No,6.2,9.2,0,0,0,0,0,0,0,0,0,0,0,0,0,0,0,0,0,0,0,0,0,0,0,0,0,0,0,0,0,0,11117,1165,903,58,2.5,0,0,0,16.5,2.6,74.6,0.5,2.6,384.49,1929.56,13.4,1.34,664.82,666.25,0,1886,31,0.1,0.1,0,0,0,0,0,0
14.10.2025,07:18.0,21768,47648,31.3,16484,48836,25.2,0,1.265,1.338,1.328,1.307,1.276,1.276,1.256,1.261,1.256,1.194,1.194,1.196,1.296,1.251,4530.6,4888,4888,4888,4888,4888,4888,4987.8,4888,3790.7,3790.7,3790.7,3790.7,99.8,3591.2,172.7,443.9,28.7,120.6,25.4,105,25.5,26.1,12.7,841.3,27.2,25.1,25,252.6,351.4,536.2,28,77.9,52.6,281.8,166.4,167,4.8,9.5,0,2.6,0,8.6,0.5,0.5,0,18.1,2.8,0.5,0.5,0,20.7,11.4,0,3.3,1.8,9.1,5.1,20.7,4.8,100,5,12.8,0.9,3.7,0.7,3,0.7,0.7,0.4,24.4,0.8,0.7,0.7,7.2,10.1,15.3,0.9,2.2,1.5,7.9,4.9,5,45.4,49,49,49,49,49,49,50,49,38,38,38,38,36,44,42,41,45,42,49,43,44,45,43,43,43,43,56,58,59,55,58,51,57,56,55,57,57,57,57,47,49,No,No,No,No,No,No,No,No,No,No,No,No,No,No,No,No,No,No,No,No,No,No,No,No,No,No,No,No,No,No,No,No,No,No,No,No,No,No,No,No,No,No,47,46,38,0,0,0,0,0,0,0,1.25,20.618,33.239,24.361,7.414,0.485,150,175,24,9.3,4,4,9.5,0.6,2.6,0.5,2.2,0.5,0.6,0.3,18.1,0.6,0.5,0.5,5.4,7.8,11.3,0.6,2.5,1.8,9.2,5,8.1,3.5,3.2,0.7,0,45.6,0,41.9,1.1,0,0,0,0.7,31.6,0,0,0,0,0,0,0,0,97.4,98.1,90.5,93.5,79.1,84.7,92.8,96.2,99.1,33,98.9,42.9,85.1,2793.2,28,36,36,36,76,112,447,2,2,Yes,No,No,No,No,No,No,No,No,No,Yes,No,No,No,No,No,No,No,No,No,No,No,No,No,No,No,No,Yes,No,No,No,No,No,No,No,Yes,No,No,31,39,31,49,40,44,0.852,5.08,3.424,3.328,12.192,2.024,0.768,3.424,3.2,1.072,1.264,1.664,1.064,1,1,0.904,1.824,1029,1380,3400,46,38,36,1.26,9,35.5,1.26,1.26,1.8,1.8,1.125,5.04,1.375,No,No,No,35,1.26,1.26,1.8,1.815,1.125,5.04,0.875,No,No,No,54,54,65,100,100,No,No,14726,23929,33,33,No,No,1299,631,0,0.1,0.1,0,0.59,39903,65194,0,0,0,0,0,0,29.3,32,32.4,84,0.905,12.164,12.157,12.166,12.17,0,0,9.609,4.857,8.64,9.319,3.554,0.682,7.567,4.236,210,50.6,1185,23.7,1290,0,47,0,0,9.5,0,0.1,0,0,0,0,0,0,Yes,No,No,No,No,Yes,No,4.7,8.9,0,0,0,0,0,0,0,0,0,0,0,0,0,0,0,0,0,0,0,0,0,0,0,0,0,0,0,0,0,0,11117,1165,903,58,2.5,0,0,0,16.5,2.5,74,0.5,2.6,392.42,1895.34,13.51,1.39,502.39,503.69,0,1886,31,1.3,0.2,0,0,0,0,0,0
14.10.2025,07:20.0,21796,47620,31.3,16508,48813,25.2,0,1.27,1.313,1.302,1.297,1.262,1.282,1.246,1.241,1.261,1.246,1.246,1.271,1.271,1.251,4522.3,4888,4888,4888,4888,4888,4888,4888,4888,3790.7,3790.7,3790.7,3790.7,99.8,3591.2,209,530,27.2,200.7,25.7,110.5,25.6,71.7,25.4,969.2,31.6,76.6,28.6,30.9,662.8,595.6,28.3,107.5,76,331.5,225.5,201.3,5.2,11.3,2.8,4.2,0.5,2.3,0.5,1.5,0.5,20.6,2.2,1.6,0.6,2.2,14.6,12.6,2.8,3.3,2.7,8.5,7.5,20.6,5.2,100,6.1,15.8,0.8,6.4,0.7,3.1,0.7,2,0.7,27.8,1,2.2,0.8,0.9,20,16.9,0.9,3.1,2.2,9.5,6.4,6.1,45.3,49,49,49,49,49,49,49,49,38,38,38,38,36,42,43,41,45,42,41,43,42,42,42,42,42,42,58,57,59,55,58,59,57,58,58,58,58,58,58,46,45,No,No,No,No,No,No,No,No,No,No,No,No,No,No,No,No,No,No,No,No,No,No,No,No,No,No,No,No,No,No,No,No,No,No,No,No,No,No,No,No,No,No,51,51,38,0,0,0,0,0,0,0,1.25,36.477,22.179,13.441,7.286,0.469,150,175,40,9.9,4.2,4.8,11.3,0.6,4.3,0.5,2.3,0.5,1.5,0.5,20.5,0.7,1.6,0.6,0.6,14.6,12.5,0.6,3.3,2.7,9.7,7.4,8.1,5.1,4.3,0,0,29.6,0,55.1,2.5,0,0,0,0,31.5,2.7,0,0,0,0,0,0,0,96.5,97.2,89.9,91.8,77,77.9,89.5,96.9,97.7,46.8,97.6,26.6,82.6,2793.2,28,36,36,36,76,112,447,2,2,Yes,No,No,No,No,No,No,No,No,No,Yes,No,No,No,No,No,No,No,No,No,No,No,No,No,No,No,No,Yes,No,No,No,No,No,No,No,Yes,No,No,31,39,31,48,39,44,0.852,5.08,3.424,3.328,12.192,2.024,0.768,3.424,3.2,1.072,1.264,1.664,1.064,1,1,0.904,1.824,1012,1377,3452,44,38,35,1.275,22,35.5,1.26,1.26,1.8,1.815,1.215,5.04,0.75,No,No,No,35,1.26,1.26,1.8,1.815,1.125,5.04,0.75,No,No,No,54,54,64,100,100,No,No,14726,23929,33,33,No,No,1299,631,0,0,0,0,0.278,39903,65194,0,0,0,0,0,0,29.2,32,32.3,84,0.905,12.164,12.158,12.166,12.17,0,0,9.656,4.979,8.756,9.599,3.76,0.851,7.567,4.322,210,50.6,1185,26.8,1290,0,50,0,0,9.5,0,0.1,0,0,0,0,0,0,Yes,No,No,No,No,Yes,No,4.8,8.1,0,0,0,0,0,0,0,0,0,0,0,0,0,0,0,0,0,0,0,0,0,0,0,0,0,0,0,0,0,0,11117,1165,903,58,2.5,0,0,0,16.5,2.5,62.3,0.5,2.5,406.31,1928.23,16.04,1.24,665.64,666.92,0,1886,31,0.8,1.9,0,0,0,0,0,0
14.10.2025,07:22.0,21793,47623,31.3,16501,48819,25.2,0,1.287,1.31,1.255,1.279,1.281,1.281,1.281,1.281,1.281,1.301,1.299,1.299,1.299,1.251,4514,4788.3,4888,4888,4888,4888,4888,4888,4888,3790.7,3790.7,3790.7,3790.7,99.8,3591.2,176.6,269.7,26.1,70.7,80.8,85.7,25.6,29.7,25.1,910.8,27.7,31.1,25.2,27.4,678.1,225,399.5,145.5,68.3,99.8,279.3,175.1,5.4,5.9,2.1,2.3,3,1.8,0.6,1.4,0.5,19.7,3.6,1.5,0.5,11,14.9,0,19.1,5.4,2.7,3.1,9.3,19.7,5.4,100,5,7.7,0.8,2,2,2.4,0.7,0.8,0.7,26.1,0.9,0.9,0.7,0.8,19.5,6.5,11.4,4.1,1.9,2.9,8,5,45.2,48,49,49,49,49,49,49,49,38,38,38,38,36,42,43,40,44,42,43,43,40,43,41,41,41,41,58,57,60,56,58,57,57,60,57,59,59,59,59,46,44,No,No,No,No,No,No,No,No,No,No,No,No,No,No,No,No,No,No,No,No,No,No,No,No,No,No,No,No,No,No,No,No,No,No,No,No,No,No,No,No,No,No,57,57,38,0,0,0,0,0,0,0,1.25,23.789,24.509,15.75,7.305,0.474,150,175,32,11,5,4.2,5.8,0.5,1.6,1.7,1.8,0.5,0.6,0.5,19.6,0.6,0.7,0.5,0.6,14.8,4.8,8.4,5.3,2.6,3,9.2,7.8,4.7,3.8,0,0,39,0,40.6,4.5,0,0,0,0.7,31.6,0,0,0,0,0,0,1.9,0,94.4,97.2,96.8,89.2,79.2,87.7,92.4,97.4,98.7,38.4,98.7,39.8,80.4,2793.2,28,36,36,36,76,112,447,2,2,Yes,No,No,No,No,No,No,No,No,No,Yes,No,No,No,No,No,No,No,No,No,No,No,No,No,No,No,No,Yes,No,No,No,No,No,No,No,Yes,No,No,31,39,31,47,41,44,0.755,5.08,3.424,3.328,12.192,2.024,0.768,3.424,3.2,1.072,1.264,1.664,1.064,1,1,0.904,1.824,1016,1370,3400,44,38,36,1.255,22,35.5,1.26,1.26,1.8,1.815,1.125,5.04,1.375,No,No,No,35,1.26,1.26,1.8,1.815,1.125,5.04,0.875,No,No,No,54,54,66,100,100,No,No,14726,23929,34,34,No,No,1299,631,0,0.3,0.3,0.016,0.709,39903,65196,0,0,0,0,0,0,29.3,32,32.3,84,0.905,12.165,12.159,12.167,12.171,0,0,9.561,4.907,8.592,9.393,3.663,0.801,7.567,4.332,210,50.6,1185,22.4,1290,0,32,0,0,9.5,0,0.1,0,0,0,0,0,0,Yes,No,No,No,No,Yes,No,6,8.9,0,0,0,0,0,0,0,0,0,0,0,0,0,0,0,0,0,0,0,0,0,0,0,0,0,0,0,0,0,0,11117,1165,903,58,2.5,0,0,0,16.5,2.4,65.4,0.5,2.4,419.3,1915.28,15.29,1.26,660.85,662.21,0,1886,31,0.9,0.4,0,0,0,0,0,0
14.10.2025,07:24.0,21768,47648,31.3,16476,48844,25.2,0,1.29,1.323,1.299,1.314,1.314,1.314,1.284,1.259,1.259,1.28,1.28,1.28,1.28,1.251,4522.3,4888,4888,4888,4888,4888,4888,4888,4888,3790.7,3790.7,3790.7,3790.7,99.8,3591.2,174.9,273.9,33.2,77.8,15.6,84.7,25.6,28.8,25,990.7,28.9,25.1,25,27.6,758.8,28.7,565.4,118.3,55.8,49.9,258.5,177.2,3.9,5.9,2.1,0.9,0,1,0.5,0,0.5,21.2,0.6,0,0.5,0,16.2,1.3,11.8,3.9,2.5,1.6,8.4,21.2,3.9,100,5,7.8,0.9,2.3,0.8,2.4,0.7,0.8,0.7,28.2,0.9,0.7,0.7,0.8,21.4,0.9,15.9,3.3,1.6,1.4,7.3,5,45.3,49,49,49,49,49,49,49,49,38,38,38,38,36,44,43,39,45,41,46,43,43,49,44,44,43,43,56,57,61,55,59,54,57,57,51,56,56,57,57,51,49,No,No,No,No,No,No,No,No,No,No,No,No,No,No,No,No,No,No,No,No,No,No,No,No,No,No,No,No,No,No,No,No,No,No,No,No,No,No,No,No,No,No,45,44,38,0,0,0,0,0,0,0,1.25,22.203,22.186,13.483,7.26,0.466,150,175,32,20.2,7.9,4,5.9,0.7,1.7,0.3,1.8,0.5,0.6,0.5,21.1,0.6,0.5,0.5,0.6,16.3,0.6,11.9,3.9,1.8,1.6,8.5,5.1,3.1,0.7,0,0,30.1,0,23,3.4,0,0,0,0.6,32.1,0,0,0,0,2.3,0,0,0,95.9,98.1,98.3,90.1,83.1,89,96.5,97.4,98.7,43.4,98.9,58.1,82.4,2793.2,28,36,36,36,76,112,447,2,2,Yes,No,No,No,No,No,No,No,No,No,Yes,No,No,No,No,No,No,No,No,No,No,No,No,No,No,No,No,Yes,No,No,No,No,No,No,No,Yes,No,No,31,38,31,46,39,45,1.03,5.08,3.424,3.328,12.192,2.024,0.768,3.424,3.2,1.072,1.264,1.664,1.064,1,1,0.904,1.824,1021,1371,3383,45,38,35,1.23,9,35.5,1.26,1.26,1.8,1.815,1.125,5.04,0.75,No,No,No,35,1.26,1.26,1.8,1.815,1.125,5.04,0.75,No,No,No,54,54,67,100,100,No,No,14726,23929,34,34,No,No,1299,631,0,0,0,0,0.335,39903,65196,0,0,0,0,0,0,29.3,30,32.4,84,0.905,12.165,12.157,12.166,12.17,0,0,9.506,4.895,8.607,9.368,3.639,0.77,7.57,4.314,210,50.6,1185,22.4,1290,0,21,0,0,9.5,0,0.1,0,0,0,0,0,0,Yes,No,No,No,No,Yes,No,6.1,9.3,0,0,0,0,0,0,0,0,0,0,0,0,0,0,0,0,0,0,0,0,0,0,0,0,0,0,0,0,0,0,11117,1165,903,58,2.5,0,0,0,16.5,2.4,79.3,0.5,2.4,424.96,1909.72,12.61,1.3,501.98,503.25,0,1886,31,0.4,0.4,0,0,0,0,0,0
14.10.2025,07:26.0,21767,47649,31.3,16472,48848,25.2,0,1.275,1.307,1.307,1.302,1.237,1.292,1.252,1.257,1.272,1.278,1.263,1.263,1.263,1.251,4505.6,4788.3,4888,4888,4888,4788.3,4888,4888,4888,3790.7,3790.7,3790.7,3790.7,99.8,3591.2,171.1,331.8,26.6,72.6,25.2,72.2,25.2,36.6,41.9,1004.7,27.7,26,25,171.7,447.6,26.8,501.8,119.3,83.5,44.9,310.8,170.4,5.1,7.1,0,2.4,14.5,1.5,0.5,0.7,0.9,21.4,2.1,0.5,1.3,3.8,9.9,5.7,10.6,3.6,2.6,1.8,10.3,21.4,5.1,100,4.9,9.5,0.9,2.1,0.7,2,0.7,1,1.2,28.5,0.9,0.7,0.7,5.1,12.9,0.8,14.3,3.4,2.4,1.3,8.9,4.9,45.2,48,49,49,49,48,49,49,49,38,38,38,38,36,42,42,40,44,41,43,43,41,40,42,42,42,42,58,58,60,56,59,57,57,59,60,58,58,58,58,45,44,No,No,No,No,No,No,No,No,No,No,No,No,No,No,No,No,No,No,No,No,No,No,No,No,No,No,No,No,No,No,No,No,No,No,No,No,No,No,No,No,No,No,45,44,38,0,0,0,0,0,0,0,1.25,28.547,21.872,13.297,7.169,0.45,150,175,48,17.1,6.2,4,7.1,0.6,1.6,0.5,1.5,0.5,0.8,0.9,21.3,0.6,0.5,0.5,3.9,9.8,0.6,10.6,3.6,3.4,1.8,10.1,6.3,4.2,0,0,0,29.3,0,38.9,2.8,0,0,0,0.6,31.7,0,0,0,0,1.2,0,0,0,96.2,96.5,98.1,88.4,81.7,86.7,97.3,97.7,98.2,45.1,98.9,45.3,84.3,2793.2,28,36,36,36,76,112,447,2,2,Yes,No,No,No,No,No,No,No,No,No,Yes,No,No,No,No,No,No,No,No,No,No,No,No,No,No,No,No,Yes,No,No,No,No,No,No,No,Yes,No,No,31,38,31,46,41,45,1.172,5.08,3.424,3.328,12.192,2.024,0.776,3.424,3.2,1.072,1.264,1.664,1.064,1,1,0.904,1.824,1001,1341,3383,46,38,36,1.245,8,35.5,1.26,1.26,1.8,1.815,1.125,5.04,0.75,No,No,No,35,1.26,1.26,1.8,1.815,1.125,5.04,0.875,No,No,No,54,54,67,100,100,No,No,14726,23929,34,34,No,No,1299,631,0,0.1,0.1,0,0.632,39903,65198,0,0,0,0,0,0,29.3,34,32.3,84,0.905,12.168,12.162,12.17,12.172,0,0,9.58,4.968,8.603,9.492,3.761,0.891,7.567,4.463,210,50.6,1185,25.9,1290,0,38,0,0,9.5,0,0.1,0,0,0,0,0,0,Yes,No,No,No,No,Yes,No,6.2,8.6,0,0,0,0,0,0,0,0,0,0,0,0,0,0,0,0,0,0,0,0,0,0,0,0,0,0,0,0,0,0,11117,1165,903,58,2.5,0,0,0,16.5,2.3,73.4,0.5,2.4,430.04,1895.26,13.63,1.34,498.6,499.95,0,1886,31,1.1,0.3,0,0,0,0,0,0
14.10.2025,07:28.0,21749,47667,31.3,16460,48860,25.1,0,1.268,1.293,1.278,1.293,1.273,1.253,1.248,1.248,1.248,1.263,1.263,1.278,1.278,1.251,4514,4888,4788.3,4888,4888,4888,4888,4888,4888,3790.7,3790.7,3790.7,3790.7,99.8,3591.2,198.4,354.8,29.3,197.2,25.9,106.8,25.3,81.9,25.3,972.2,15.4,112.3,25.3,43.1,933.1,26.1,373.5,132.6,99.5,67.4,320.8,198.9,4.5,7.8,1.4,3.5,0,2.3,0.5,1.8,0.5,20.7,0,2.4,0,0,20.1,0,8,4.3,3.7,2.4,10.6,20.7,4.5,100,5.7,10.1,0.9,5.6,0.8,3,0.7,2.4,0.7,27.6,0.5,3.1,0.7,1.3,26.5,0.8,10.7,3.8,2.8,1.9,9.1,5.7,45.2,49,48,49,49,49,49,49,49,38,38,38,38,36,42,42,40,43,41,41,41,43,40,42,42,42,42,58,58,60,57,59,59,59,57,60,58,58,58,58,44,43,No,No,No,No,No,No,No,No,No,No,No,No,No,No,No,No,No,No,No,No,No,No,No,No,No,No,No,No,No,No,No,No,No,No,No,No,No,No,No,No,No,No,50,50,38,0,0,0,0,0,0,0,1.25,45.993,21.652,13.03,7.193,0.457,150,175,64,13.1,4.9,4.6,7.8,0.6,4.2,0.5,2.3,0.5,1.8,0.5,20.6,0.3,2.4,0.5,0.9,20,0.5,8,4.3,3.7,2.4,10.5,5.6,1.5,0.2,0,0,23.1,0,40.2,2.7,0,0,0,0,31.7,0,0,0,0,2.3,0,0,0,95.5,96.1,97.5,88.6,81.1,88.5,94.4,96.9,97.5,51.3,97,36.5,87,2793.2,28,36,36,36,76,112,447,2,2,Yes,No,No,No,No,No,No,No,No,No,Yes,No,No,No,No,No,No,No,No,No,No,No,No,No,No,No,No,Yes,No,No,No,No,No,No,No,Yes,No,No,31,38,31,46,41,45,0.852,5.08,3.424,3.328,12.192,2.024,0.776,3.424,3.2,1.072,1.264,1.664,1.064,1,1,0.904,1.824,989,1350,3409,44,38,35,1.285,22,35.5,1.26,1.26,1.8,1.815,1.125,5.04,0.75,No,No,No,35,1.26,1.26,1.8,1.815,1.125,5.04,0.75,No,No,No,54,54,67,100,100,No,No,14726,23929,34,34,No,No,1299,631,0.1,0.1,0.2,0.152,0.528,39904,65199,0,0,0,0,0,0,29.3,32,32.4,84,0.905,12.165,12.156,12.168,12.171,0,0,10.693,4.958,8.529,9.515,3.834,0.99,7.57,4.271,210,50.6,1185,31,1290,0,40,0,0,9.5,0,0.1,0,0,0,0,0,0,Yes,No,No,No,No,Yes,No,6.1,8.5,0,0,0,0,0,0,0,0,0,0,0,0,0,0,0,0,0,0,0,0,0,0,0,0,0,0,0,0,0,0,11117,1165,903,58,2.5,0,0,0,16.5,2.3,69,0.5,2.3,434.8,1894.46,14.49,1.26,498.76,500.05,0,1886,31,0.5,0.2,0,0,0,0,0,0
14.10.2025,07:30.0,21753,47663,31.3,16455,48866,25.1,0,1.295,1.321,1.346,1.297,1.292,1.277,1.297,1.267,1.292,1.287,1.287,1.289,1.291,1.251,4522.3,4888,4888,4888,4888,4888,4888,4888,4888,3790.7,3790.7,3790.7,3790.7,99.8,3591.2,349.2,560.7,128.5,647,26.9,124.9,25.5,128.6,25.1,577.2,566.6,28.4,32.1,28.9,1832.3,28,677.2,421,227,155.8,742.4,338.1,9.5,12.4,2.1,14.4,5,4.2,0.5,3.5,0.5,12.6,26.6,0.6,0.7,0.6,38.6,0.6,14.8,13.9,8.6,5.6,23.3,38.6,9.5,100,9.9,16,3.8,18.4,0.8,3.5,0.7,3.6,0.7,16.7,16.1,0.8,0.9,0.9,51.8,0.9,19.2,11.8,6.4,4.3,20.8,9.9,45.3,49,49,49,49,49,49,49,49,38,38,38,38,36,44,44,40,46,42,45,44,44,43,46,46,46,47,56,56,60,54,58,55,56,56,57,54,54,54,53,46,47,No,No,No,No,No,No,No,No,No,No,No,No,No,No,No,No,No,No,No,No,No,No,No,No,No,No,No,No,No,No,No,No,No,No,No,No,No,No,No,No,No,No,51,51,38,0,0,0,0,0,0,0,1.25,52.337,23.456,14.77,7.243,0.47,150,175,72,1,0.3,8.3,12.3,2.9,13.8,0.6,2.7,0.5,2.7,0.5,12.5,12.2,0.6,0.7,0.6,38.5,0.6,14.8,13.2,7.2,4.9,23.3,16.3,47.8,15.9,1.8,0,54.4,0,41.5,34.1,0,0,0,0,29.4,0,0,0,0,0,0,2.7,0,86.5,92.6,94.9,76,59.5,35.3,68.3,94.3,96.5,19.3,98.6,15.2,48.7,2793.2,28,36,36,36,76,112,447,2,2,Yes,No,No,No,No,No,No,No,No,No,Yes,No,No,No,No,No,No,No,No,No,No,No,No,No,No,No,No,Yes,No,No,No,No,No,No,No,Yes,No,No,31,38,31,46,41,45,0.719,5.08,3.424,3.328,12.192,2.024,0.776,3.424,3.2,1.072,1.264,1.664,1.064,1,1,0.904,1.824,989,1344,3349,45,38,35,1.29,19,35.5,1.26,1.26,1.8,1.8,1.125,5.04,0.875,No,No,No,35,1.26,1.26,1.8,1.815,1.125,5.04,0.75,No,No,No,54,54,65,100,100,No,No,14726,23929,34,34,No,No,1299,631,2.3,1,3.3,0.868,3.544,39905,65205,0,0,0,0,0,0,29.3,32,32.3,84,0.905,12.166,12.161,12.167,12.17,0,0,9.67,6.359,10.58,12.045,4.99,1.476,7.63,7.794,210,50.6,1185,26.3,1290,0,49,0,0,9.5,0,0.1,0,0,0,0,0,0,Yes,No,No,No,No,Yes,No,6,7.9,0,0,0,0,0,0,0,0,0,0,0,0,0,0,0,0,0,0,0,0,0,0,0,0,0,0,0,0,0,0,11117,1165,903,58,2.5,0,0,0,16.5,2.3,79.8,0.5,2.3,439.25,1896,12.53,1.39,498.52,499.9,0,1886,31,0.8,0.1,0,0,0,0,0,0
14.10.2025,07:32.0,21803,47613,31.4,16477,48844,25.2,0,1.285,1.262,1.292,1.282,1.276,1.281,1.286,1.286,1.249,1.289,1.304,1.304,1.302,1.251,4505.6,4888,4888,4888,4888,4888,4788.3,4788.3,4888,3790.7,3790.7,3790.7,3790.7,99.8,3591.2,274.7,215.7,110.2,314.6,26.2,163.8,13.7,46.6,76.1,178.2,911.7,65.6,25.3,27.7,733.7,26.4,364.2,597.8,475.3,273.8,846.6,242.9,8.8,4.7,15.5,6,9,2.8,1.7,0.9,2.4,3.8,15.5,2.1,1.2,13.9,15.7,1.8,7.9,19.4,15.8,8.8,27.5,27.5,8.8,100,7.8,6.2,3.2,9,0.8,4.7,0.4,1.3,2.2,5.4,25.9,1.9,0.7,0.9,20.9,0.6,10.5,16.7,13.4,7.8,23.9,7.8,45.2,49,49,49,49,49,48,48,49,38,38,38,38,36,45,47,40,44,41,42,45,46,51,45,45,45,45,55,53,60,56,59,58,55,54,49,55,55,55,55,51,51,No,No,No,No,No,No,No,No,No,No,No,No,No,No,No,No,No,No,No,No,No,No,No,No,No,No,No,No,No,No,No,No,No,No,No,No,No,No,No,No,No,No,59,59,38,0,0,0,0,0,0,0,1.25,30.133,34.249,25.174,7.562,0.512,150,175,40,8.7,3.9,7.2,4.8,2.4,6.8,0.6,3.6,0.3,1,1.7,3.9,19.5,1.4,0.5,0.6,15.7,0.6,8,19.5,16.4,8.8,27.3,9.6,16.1,7,4.9,1.4,24.7,2.2,43.4,15.3,0,0,0,0,27.3,0,0,0,0,1.1,0,0,0,80.1,83.3,91,71.9,75.2,74.9,84.5,90.4,95.5,48.6,95.5,38.4,74.1,2793.2,28,36,36,36,76,112,447,2,2,Yes,No,No,No,No,No,No,No,No,No,Yes,No,No,No,No,No,No,No,No,No,No,No,No,No,No,No,No,Yes,No,No,No,No,No,No,No,Yes,No,No,31,38,31,48,45,45,1.181,5.08,3.424,3.328,12.192,2.024,0.776,3.424,3.2,1.072,1.264,1.664,1.064,1,1,0.904,1.824,993,1336,3341,44,38,35,1.2,18,35.5,1.26,1.26,1.8,1.815,1.215,5.04,1.125,No,No,No,35,1.26,1.26,1.8,1.815,1.125,5.04,1.125,No,No,No,54,54,66,100,100,No,No,14726,23929,34,34,No,No,1299,631,0.2,0.1,0.3,0.178,0.659,39906,65207,0,0,0,0,0,0,29.3,32,32.3,84,0.905,12.165,12.159,12.166,12.169,0,0,9.81,6.415,10.582,12.215,5.16,1.641,7.631,7.678,210,50.6,1185,26.7,1290,0,40,0,0,9.5,0,0.1,0,0,0,0,0,0,Yes,No,No,No,No,Yes,No,6.1,8.3,0,0,0,0,0,0,0,0,0,0,0,0,0,0,0,0,0,0,0,0,0,0,0,0,0,0,0,0,0,0,11117,1165,903,58,2.5,0,0,0,16.5,2.2,61.8,0.5,2.3,450.62,1913.5,16.17,1.39,660.65,661.95,0,1886,31,0.5,0.2,0,0,0,0,0,0
14.10.2025,07:34.0,21801,47615,31.4,16472,48848,25.2,0,1.282,1.264,1.274,1.274,1.279,1.279,1.274,1.279,1.28,1.295,1.295,1.295,1.295,1.251,4522.3,4888,4888,4888,4888,4888,4888,4888,4888,3790.7,3790.7,3790.7,3790.7,99.8,4489,171.9,357.4,30.6,98.6,25.2,65,25.2,33.7,43.9,896.8,27.9,37.5,24.9,101,670.5,14.3,472.6,147.5,60.2,42.4,262.1,174,3.5,7.4,0,2.7,0,0.4,0,0,0,19.1,0,0,0,0,14.2,0,9.8,4.4,1.8,1.4,8.2,19.1,3.5,100,4.9,10.2,0.9,2.8,0.7,1.8,0.7,1,1.2,25.5,0.9,1.1,0.7,3,19.2,0.7,13.4,4.3,1.7,1.2,7.5,4.9,45.3,49,49,49,49,49,49,49,49,38,38,38,38,45,43,48,40,44,40,42,43,43,43,42,42,42,42,57,52,60,56,60,58,57,57,57,58,58,58,58,48,48,No,No,No,No,No,No,No,No,No,No,No,No,No,No,No,No,No,No,No,No,No,No,No,No,No,No,No,No,No,No,No,No,No,No,No,No,No,No,No,No,No,No,46,46,38,0,0,0,0,0,0,0,1.25,23.789,26.487,17.642,7.387,0.482,150,175,40,14.5,5.5,4,7.6,0.7,2.1,0.5,1.4,0.5,0.7,0.9,19.2,0.6,0.8,0.5,2.1,14.4,0.3,10,5.2,2,1.6,8.3,6.6,4.5,0.6,1.8,0,41.8,0,30.8,0,0,0,0,0,32,0,0,0,0,0,0,0,2.3,94.6,97.9,98.3,90.9,80.9,85.8,96.1,96.1,98.2,36.2,98.6,50.4,85.7,2793.2,28,36,36,36,76,112,447,2,2,Yes,No,No,No,No,No,No,No,No,No,Yes,No,No,No,No,No,No,No,No,No,No,No,No,No,No,No,No,Yes,No,No,No,No,No,No,No,Yes,No,No,31,38,31,46,39,44,1.172,5.08,3.424,3.328,12.192,2.024,0.776,3.424,3.2,1.072,1.264,1.664,1.064,1,1,0.904,1.824,1060,1427,3435,45,38,36,1.25,9,35.5,1.26,1.26,1.8,1.815,1.125,5.04,0.75,No,No,No,35.2,1.26,1.26,1.8,1.815,1.125,5.04,0.75,No,No,No,54,54,64,100,100,No,No,14726,23929,34,34,No,No,1299,631,0,0.4,0.4,0.081,0.989,39906,65209,0,0,0,0,0,0,29.3,32,32.4,84,0.905,12.166,12.16,12.167,12.17,0,0,9.685,6.291,10.113,11.839,5.099,1.733,7.573,7.681,210,50.6,1185,23.3,1290,0,26,0,0,9.5,0,0.1,0,0,0,0,0,0,Yes,No,No,No,No,Yes,No,5.9,8.8,0,0,0,0,0,0,0,0,0,0,0,0,0,0,0,0,0,0,0,0,0,0,0,0,0,0,0,0,0,0,11117,1165,903,58,2.5,0,0,0,16.5,2.2,67.1,0.5,2.2,461.67,1930.24,14.9,1.39,665.32,666.79,0,1886,31,0.5,0.3,0,0,0,0,0,0
14.10.2025,07:36.0,21746,47671,31.3,16469,48851,25.2,0,1.279,1.25,1.268,1.268,1.258,1.278,1.278,1.266,1.279,1.299,1.299,1.299,1.301,1.251,4522.3,4888,4888,4888,4888,4888,4888,4888,4888,3790.7,3790.7,3790.7,3790.7,99.8,3591.2,227.7,356,26.5,151.7,25.7,155.8,25.8,82.4,86.2,793.3,28,76.5,25.5,98.6,887.4,26.9,392.3,425.4,269.8,174.2,445.5,218.6,7.8,8.1,0,3.5,11.2,4.3,0.8,2,2,17.4,8,1.9,1.6,11.3,19,13,8.6,14.7,9.2,5.3,14.8,19,7.8,100,6.5,10.3,0.8,4.4,0.7,4.4,0.7,2.3,2.4,22.7,0.9,2.1,0.7,2.9,24.9,0.8,11.2,12,7.6,4.9,12.6,6.5,45.3,49,49,49,49,49,49,49,49,38,38,38,38,36,42,46,40,45,41,40,41,46,42,42,42,42,42,58,54,60,55,59,60,59,54,58,58,58,58,58,46,46,No,No,No,No,No,No,No,No,No,No,No,No,No,No,No,No,No,No,No,No,No,No,No,No,No,No,No,No,No,No,No,No,No,No,No,No,No,No,No,No,No,No,51,51,38,0,0,0,0,0,0,0,1.25,57.095,21.893,13.249,7.211,0.461,150,175,72,11.4,4.8,5.6,7.8,0.6,3.3,0.5,3.3,0.5,1.8,1.8,17.1,0.6,1.6,0.5,2.1,18.9,0.6,8.4,14.4,8.9,5.8,14.6,7.4,9,2.7,1.5,0,44.5,0,27.1,3.7,0,0,0,0.7,29.7,0,0,0,0,0,0,1.9,0,85.3,90.9,94,84,78.9,80.7,92.6,94.2,96.3,35.4,97.7,48.8,85.5,2793.2,28,36,36,36,76,112,447,2,2,Yes,No,No,No,No,No,No,No,No,No,Yes,No,No,No,No,No,No,No,No,No,No,No,No,No,No,No,No,Yes,No,No,No,No,No,No,No,Yes,No,No,31,38,31,46,41,45,0.852,5.08,3.424,3.328,12.192,2.024,0.776,3.424,3.2,1.072,1.264,1.664,1.064,1,1,0.904,1.824,1093,1457,3497,45,38,35,1.285,25,35.5,1.26,1.26,1.8,1.815,1.125,5.04,0.875,No,No,No,35.2,1.26,1.26,1.8,1.815,1.125,5.04,0.75,No,No,No,54,54,64,100,100,No,No,14726,23929,34,34,No,No,1299,631,0.1,0.1,0.2,0.134,0.658,39906,65210,0,0,0,0,0,0,29.3,32,32.4,84,0.905,12.168,12.162,12.17,12.172,0,0,9.746,6.3,10.547,11.927,4.905,1.391,7.582,7.751,210,50.6,1185,22.9,1290,0,33,0,0,9.5,0,0.1,0,0,0,0,0,0,Yes,No,No,No,No,Yes,No,6,8.7,0,0,0,0,0,0,0,0,0,0,0,0,0,0,0,0,0,0,0,0,0,0,0,0,0,0,0,0,0,0,11117,1165,903,58,2.5,0,0,0,16.5,2.2,71.4,0.5,2.2,464.62,1910.09,14,1.1,502.41,503.57,0,1886,31,3.7,2.4,0,0,0,0,0,0
14.10.2025,07:38.0,21752,47665,31.3,16471,48850,25.2,0,1.278,1.308,1.269,1.289,1.269,1.274,1.274,1.259,1.294,1.283,1.283,1.273,1.268,1.251,4489,4788.3,4788.3,4788.3,4788.3,4888,4888,4888,4888,3790.7,3790.7,3790.7,3790.7,99.8,3591.2,181.9,379.1,26.9,167.3,26.1,89.7,25.6,27.4,25,398.7,500.3,29.5,25,28.8,829.5,26,393.7,143.5,104.5,64.3,327.7,180.4,5.3,8.2,7.1,3.6,0.6,1.2,0.6,0.6,0.6,6.6,18.5,0.7,0,7.2,17.9,3.6,8.6,4.8,3.2,2.3,10.7,18.5,5.3,100,5.2,10.8,0.8,4.8,0.8,2.5,0.7,0.8,0.7,11.6,14.2,0.8,0.7,0.9,23.8,0.8,11.2,4.1,3,1.8,9.3,5.2,45,48,48,48,48,49,49,49,49,38,38,38,38,36,42,42,40,42,42,42,41,42,48,42,42,42,42,58,58,60,58,58,58,59,58,52,58,58,58,58,44,48,No,No,No,No,No,No,No,No,No,No,No,No,No,No,No,No,No,No,No,No,No,No,No,No,No,No,No,No,No,No,No,No,No,No,No,No,No,No,No,No,No,No,51,51,38,0,0,0,0,0,0,0,1.25,55.509,24.156,15.424,7.283,0.472,150,175,72,11.1,3.8,4.3,8.2,0.6,3.6,0.5,1.9,0.5,0.6,0.5,8.6,10.8,0.6,0.5,0.6,17.6,0.5,8.5,4.7,3.9,2.2,10.5,8.4,6.7,1.3,0,0,47.5,0,28.9,16.7,0,0,0,0,31.7,0,0,0,0,0,0,3.6,0,95.1,95.9,97.6,88.7,77.7,83.1,93.8,97.2,98.7,31.3,98.7,47,72.2,2793.2,28,36,36,36,76,112,447,2,2,Yes,No,No,No,No,No,No,No,No,No,Yes,No,No,No,No,No,No,No,No,No,No,No,No,No,No,No,No,Yes,No,No,No,No,No,No,No,Yes,No,No,31,38,31,46,40,45,1.261,5.08,3.424,3.328,12.192,2.024,0.776,3.424,3.2,1.072,1.264,1.664,1.064,1,1,0.904,1.824,1037,1333,3375,46,38,35,1.28,23,35.5,1.26,1.26,1.8,1.815,1.125,5.04,1,No,No,No,35.2,1.26,1.26,1.8,1.815,1.125,5.04,0.75,No,No,No,54,54,64,100,100,No,No,14726,23929,34,34,No,No,1299,631,0.1,0.3,0.3,0.141,0.857,39906,65211,0,0,0,0,0,0,29.3,30,32.4,84,0.905,12.168,12.164,12.169,12.171,0,0,9.611,6.383,10.271,12.023,5.173,1.758,7.659,7.798,210,50.6,1185,26.4,1290,0,29,0,0,9.5,0,0.1,0,0,0,0,0,0,Yes,No,No,No,No,Yes,No,6,8.4,0,0,0,0,0,0,0,0,0,0,0,0,0,0,0,0,0,0,0,0,0,0,0,0,0,0,0,0,0,0,11117,1165,903,58,2.5,0,0,0,16.5,2.1,74.9,0.5,2.2,467.15,1895.22,13.35,1.43,498.66,499.93,0,1886,31,0.5,0.3,0,0,0,0,0,0
14.10.2025,07:40.0,21753,47663,31.3,16479,48841,25.2,0,1.273,1.311,1.294,1.269,1.244,1.259,1.284,1.264,1.3,1.29,1.29,1.275,1.19,1.251,4514,4888,4788.3,4888,4888,4888,4888,4888,4888,3790.7,3790.7,3790.7,3790.7,99.8,3591.2,189.4,289.6,26.5,197,26.4,79.5,24.9,55.8,25.1,153.1,847.5,46.8,25.2,28.4,674.4,27.1,559.9,193.6,101.5,60.8,345.6,187.9,4.1,6.3,0,3.4,0,1.7,0.5,1.1,0.5,5.4,8.1,1.7,0.5,0,14.5,0,12,7.2,5.3,3.2,10.8,14.5,4.1,100,5.5,8.8,0.8,5.8,0.8,2.5,0.7,1.6,0.7,4.4,24.3,1.3,0.7,0.9,19.6,0.8,15.9,5.4,2.9,1.7,9.7,5.5,45.2,49,48,49,49,49,49,49,49,38,38,38,38,36,42,42,38,42,40,42,41,46,43,43,43,44,44,58,58,62,58,60,58,59,54,57,57,57,56,56,49,46,No,No,No,No,No,No,No,No,No,No,No,No,No,No,No,No,No,No,No,No,No,No,No,No,No,No,No,No,No,No,No,No,No,No,No,No,No,No,No,No,No,No,44,43,38,0,0,0,0,0,0,0,1.25,11.102,22.581,13.868,7.264,0.472,150,175,16,13.9,5.7,4.5,6.4,0.6,4.2,0.5,1.7,0.5,1.2,0.5,3.3,18.2,1,0.5,0.6,14.6,0.6,12,6.5,3.9,1.8,10.9,7.9,13.2,2.5,1.5,1.2,15.2,0,46,15.2,0,0,0,0,31.3,0,0,0,0,0,0,0,0,93.3,96,98.1,88.3,78.4,77.7,91.7,95.6,96.9,60.5,98.4,36,70.3,2793.2,28,36,36,36,76,112,447,2,2,Yes,No,No,No,No,No,No,No,No,No,Yes,No,No,No,No,No,No,No,No,No,No,No,No,No,No,No,No,Yes,No,No,No,No,No,No,No,Yes,No,No,31,38,31,46,40,45,0.915,5.08,3.424,3.328,12.192,2.024,0.776,3.424,3.2,1.072,1.264,1.664,1.064,1,1,0.904,1.824,979,1308,3417,45,38,35,1.24,10,35.5,1.26,1.26,1.8,1.815,1.125,5.04,2,No,No,No,35.2,1.26,1.26,1.8,1.815,1.125,5.04,1.125,No,No,No,54,54,64,100,100,No,No,14726,23929,34,34,No,No,1299,631,0,0.2,0.2,0.04,0.425,39906,65212,0,0,0,0,0,0,29.2,32,32.4,84,0.905,12.169,12.163,12.171,12.172,0,0,9.751,6.199,10.182,11.636,4.845,1.458,7.585,7.687,210,50.6,1185,27.2,1290,0,50,0,0,9.5,0,0.1,0,0,0,0,0,0,Yes,No,No,No,No,Yes,No,5.8,8.8,0,0,0,0,0,0,0,0,0,0,0,0,0,0,0,0,0,0,0,0,0,0,0,0,0,0,0,0,0,0,11117,1165,903,58,2.5,0,0,0,16.5,2.2,60.6,58.8,2.1,452.41,17,16.5,1.23,15.4,16.75,0,1886,31,0.1,0,0,0,0,0,0,0
14.10.2025,07:42.0,21753,47663,31.3,16470,48851,25.2,0,1.276,1.333,1.302,1.272,1.273,1.248,1.268,1.248,1.253,1.268,1.268,1.29,1.29,1.251,4522.3,4888,4888,4888,4888,4888,4888,4888,4888,3790.7,3790.7,3790.7,3790.7,99.8,3591.2,181.8,238,27.4,240.8,26.2,42,24.9,60.5,25.4,994.4,27.6,42,25.1,27.7,703.6,26.5,415,160.9,90.3,97.1,341.1,177.7,6.4,5.3,2.1,5.1,2.1,1.7,1.3,2.1,1.3,21.1,7.8,0.9,1.3,14.6,15.4,15.2,8.8,4.6,2.2,2.4,11.5,21.1,6.4,100,5.3,7.3,0.8,7.3,0.8,1.2,0.7,1.7,0.7,28.2,0.9,1.2,0.7,0.9,20.9,0.8,11.7,4.6,2.6,2.7,9.8,5.3,45.3,49,49,49,49,49,49,49,49,38,38,38,38,36,41,42,39,41,40,40,41,43,40,42,42,42,42,59,58,61,59,60,60,59,57,60,58,58,58,58,45,43,No,No,No,No,No,No,No,No,No,No,No,No,No,No,No,No,No,No,No,No,No,No,No,No,No,No,No,No,No,No,No,No,No,No,No,No,No,No,No,No,No,No,45,45,38,0,0,0,0,0,0,0,1.25,15.86,22.872,14.236,7.211,0.462,150,175,24,13.7,5.4,4.3,5.3,0.6,5.1,0.5,0.9,0.5,1.3,0.5,21,0.6,0.9,0.5,0.6,15.4,0.5,8.8,5.3,2.9,3.1,11.3,7.2,11.8,2.7,0.7,0,23.9,0,46.1,0.7,0,0,0,0.6,31.5,0,0,0,0,2.7,0,0,0,94.5,97,96.8,87.3,79.7,80.2,90.3,97.5,98.2,49.6,98.4,34.9,88.2,2793.2,28,36,36,36,76,112,447,2,2,Yes,No,No,No,No,No,No,No,No,No,Yes,No,No,No,No,No,No,No,No,No,No,No,No,No,No,No,No,Yes,No,No,No,No,No,No,No,Yes,No,No,31,38,31,46,39,45,0.852,5.08,3.424,3.328,12.192,2.024,0.776,3.424,3.2,1.072,1.264,1.664,1.064,1,1,0.904,1.824,979,1318,3417,45,38,35,1.245,17,35.5,1.26,1.26,1.8,1.8,1.125,5.04,1,No,No,No,35.2,1.26,1.26,1.8,1.815,1.125,5.04,0.75,No,No,No,54,54,63,100,100,No,No,14726,23929,34,34,No,No,1299,631,0,0.8,0.8,0.048,0.816,39907,65214,0,0,0,0,0,0,29.3,32,32.3,84,0.905,12.167,12.162,12.169,12.171,0,0,9.78,6.326,10.418,11.938,5.002,1.532,7.597,7.793,210,50.6,1185,26.9,1290,0,37,0,0,9.5,0,0.1,0,0,0,0,0,0,Yes,No,No,No,No,Yes,No,6,8.9,0,0,0,0,0,0,0,0,0,0,0,0,0,0,0,0,0,0,0,0,0,0,0,0,0,0,0,0,0,0,11117,1165,903,58,2.5,0,0,0,16.5,2.1,73.9,0.5,2.1,486.61,1969.75,13.53,1.48,990.25,991.7,0,1886,31,1.1,0.2,0,0,0,0,0,0
14.10.2025,07:44.0,21756,47660,31.3,16476,48844,25.2,0,1.279,1.333,1.277,1.277,1.282,1.257,1.262,1.267,1.263,1.283,1.283,1.283,1.283,1.251,4505.6,4888,4788.3,4888,4888,4788.3,4888,4888,4888,3790.7,3790.7,3790.7,3790.7,99.8,3591.2,198.8,222.9,26,181.6,54.8,87.3,33.7,34.7,25,846.9,50.8,95,57.2,99.3,822.8,92.4,598.9,141.8,92.2,107.8,304.1,198,4,5,0,3.1,0,1.1,0,0,0,18.3,0,1.2,0,0,17.6,0,12.6,4.3,3.2,3.1,10,18.3,4,100,5.7,6.4,0.7,5.1,1.6,2.5,1,1,0.7,24.1,1.5,2.7,1.6,2.9,23.3,2.7,17,4,2.6,3,8.6,5.7,45.2,49,48,49,49,48,49,49,49,38,38,38,38,36,41,42,38,43,40,43,41,44,39,42,42,41,41,59,58,62,57,60,57,59,56,61,58,58,59,59,45,44,No,No,No,No,No,No,No,No,No,No,No,No,No,No,No,No,No,No,No,No,No,No,No,No,No,No,No,No,No,No,No,No,No,No,No,No,No,No,No,No,No,No,46,46,38,0,0,0,0,0,0,0,1.25,34.891,22.518,13.88,7.207,0.463,150,175,48,18.4,7.6,4.6,4.9,0.5,3.9,1.1,1.9,0.7,0.8,0.5,18.2,1.1,2,1.2,2.1,17.6,1.9,12.5,4.3,3.2,3.8,10,5.1,3.4,0,0,0,38.3,0,19.1,0.2,0,0,0,0.6,31.6,0,0,0,0,0,0,0,2,95.5,96.6,96.1,88.7,82.5,89.8,95,97,98.5,40.6,96.8,59.6,82.7,2793.2,28,36,36,36,76,112,447,2,2,Yes,No,No,No,No,No,No,No,No,No,Yes,No,No,No,No,No,No,No,No,No,No,No,No,No,No,No,No,Yes,No,No,No,No,No,No,No,Yes,No,No,31,38,31,46,39,46,1.083,5.08,3.424,3.328,12.192,2.024,0.776,3.424,3.2,1.072,1.264,1.664,1.064,1,1,0.904,1.824,995,1339,3316,45,38,35,1.265,24,35.5,1.26,1.26,1.8,1.815,1.215,5.04,0.75,No,No,No,35.2,1.26,1.26,1.8,1.815,1.11,5.04,0.75,No,No,No,54,54,64,100,100,No,No,14726,23929,34,34,No,No,1299,631,0,0,0,0,0.313,39907,65214,0,0,0,0,0,0,29.3,30,32.4,84,0.905,12.165,12.159,12.167,12.169,0,0,9.831,6.152,9.918,11.4,4.795,1.49,7.676,7.788,210,50.6,1185,27.5,1290,0,35,0,0,9.5,0,0.1,0,0,0,0,0,0,Yes,No,No,No,No,Yes,No,5.7,8.6,0,0,0,0,0,0,0,0,0,0,0,0,0,0,0,0,0,0,0,0,0,0,0,0,0,0,0,0,0,0,11117,1165,903,58,2.5,0,0,0,16.5,2,61.9,0.5,2,495.92,1928.48,16.15,1.41,665.48,666.91,0,1886,31,0.3,0.1,0,0,0,0,0,0
14.10.2025,07:46.0,21759,47657,31.3,16471,48849,25.2,0,1.282,1.305,1.31,1.28,1.28,1.28,1.285,1.288,1.288,1.268,1.268,1.268,1.268,1.251,4472.4,4888,4888,4888,4888,4888,4888,4888,4888,3591.2,3591.2,3591.2,3790.7,99.8,3591.2,326.6,656.7,35,535.3,28.2,304.9,27.9,122,26.3,1454.4,33.7,210,26.5,261.3,1284.4,38.5,838.9,159.6,106.5,54.3,327,341.7,9.1,14.1,17.5,12.2,10.4,6.6,0,2.7,0.5,31.1,0.6,4.5,6.4,21.4,10.6,7.3,18,4.9,2.3,1.6,10,31.1,9.1,100,9.4,18.9,1.1,15.4,0.9,8.7,0.9,3.5,0.8,41.5,1.2,6,0.8,7.7,36.6,1.3,24,4.5,3,1.5,9.2,9.4,44.8,49,49,49,49,49,49,49,49,36,36,36,38,36,42,42,40,44,41,40,43,45,43,43,43,43,43,58,58,60,56,59,60,57,55,57,57,57,57,57,44,45,No,No,No,No,No,No,No,No,No,No,No,No,No,No,No,No,No,No,No,No,No,No,No,No,No,No,No,No,No,No,No,No,No,No,No,No,No,No,No,No,No,No,54,54,37,0,0,0,0,0,0,0,1.25,45.993,22.583,14.001,7.167,0.456,150,175,64,7.9,4,7.2,14.1,0.8,11.4,0.6,6.6,0.6,2.7,0.6,30.7,0.7,4.4,0.6,5.5,27,0.8,17.8,4.9,3.1,1.7,10,9.9,16.8,10.8,4.5,3.4,44.8,0,25,12,1.8,0,0,0,32.3,0,0,0,0,0.5,0,3.6,7.2,93,96.6,98.1,89.1,67,66.4,75.9,87.3,92.7,21.6,94.8,36.8,60.4,2793.2,28,36,36,36,76,112,447,2,2,Yes,No,No,No,No,No,No,No,No,No,Yes,No,No,No,No,No,No,No,No,No,No,No,No,No,No,No,No,Yes,No,No,No,No,No,No,No,Yes,No,No,31,38,31,45,40,44,1.172,5.08,3.424,3.328,12.192,2.024,0.776,3.424,3.2,1.072,1.264,1.664,1.064,1,1,0.904,1.824,974,1300,3383,45,37,35,1.28,23,35.5,1.26,1.26,1.8,1.815,1.11,5.04,1,No,No,No,35.2,1.26,1.26,1.8,1.815,1.11,5.04,0.875,No,No,No,54,54,65,100,100,No,No,14726,23929,34,34,No,No,1299,631,0,0,0.1,0.032,0.294,39907,65215,0,0,0,0,0,0,29.3,30,32.4,84,0.905,12.166,12.16,12.168,12.171,0,0,9.648,6.226,10.206,11.657,4.856,1.456,7.68,7.725,210,50.6,1185,24.1,1290,0,35,0,0,9.5,0,0.1,0,0,0,0,0,0,Yes,No,No,No,No,Yes,No,5.8,8.7,0,0,0,0,0,0,0,0,0,0,0,0,0,0,0,0,0,0,0,0,0,0,0,0,0,0,0,0,0,0,11117,1165,903,58,2.5,0,0,0,16.5,2,74.2,0.5,2,496.42,1895,13.49,1.29,498.45,499.78,0,1886,31,0.4,0.2,0,0,0,0,0,0
14.10.2025,07:48.0,21761,47655,31.3,16468,48853,25.2,0,1.278,1.266,1.308,1.303,1.278,1.278,1.288,1.273,1.293,1.288,1.288,1.273,1.201,1.251,4522.3,4888,4888,4888,4888,4888,4888,4888,4888,3790.7,3790.7,3790.7,3790.7,99.8,3591.2,176.7,325.8,45.4,62.1,29,99.1,25.5,31.3,25.1,887.8,28.1,44.9,25.1,72.4,864.3,26.5,360.7,137.3,84.5,54.3,305.9,176.4,4.9,6.9,0,2.1,0,2.1,2,0.6,0.5,19.1,0.5,0.9,0,0,31.2,1.3,7.6,5.3,4.4,3.5,9.8,31.2,4.9,100,5,9.3,1.3,1.8,0.8,2.8,0.7,0.9,0.7,25.3,0.9,1.3,0.7,2.2,24.5,0.8,10.3,4,2.4,1.5,8.7,5,45.3,49,49,49,49,49,49,49,49,38,38,38,38,36,42,47,39,45,40,42,40,43,41,43,43,43,44,58,53,61,55,60,58,60,57,59,57,57,57,56,47,47,No,No,No,No,No,No,No,No,No,No,No,No,No,No,No,No,No,No,No,No,No,No,No,No,No,No,No,No,No,No,No,No,No,No,No,No,No,No,No,No,No,No,46,46,38,0,0,0,0,0,0,0,1.25,15.86,32.604,23.801,7.346,0.484,150,175,24,13.7,5.5,4.1,7,1,1.4,0.6,2.1,0.5,0.7,0.5,19.1,0.6,0.9,0.5,1.5,18.4,0.6,7.7,4.5,2.9,2,9.8,6.8,3.9,0.7,1.1,0,47,0,25.5,3.2,0,0,0,0,31.6,0,0,0,0,0,0,0,0,95.4,96.9,97.9,89.3,80.9,86.8,96.9,95.9,98.5,31.5,98.4,52.4,86.6,2793.2,28,36,36,36,76,112,447,2,2,Yes,No,No,No,No,No,No,No,No,No,Yes,No,No,No,No,No,No,No,No,No,No,No,No,No,No,No,No,Yes,No,No,No,No,No,No,No,Yes,No,No,31,38,31,47,51,45,0.941,5.08,3.424,3.328,12.192,2.024,0.776,3.424,3.2,1.072,1.264,1.664,1.064,1,1,0.904,1.824,954,1294,3391,44,38,35,1.23,14,35.8,1.245,1.26,1.8,1.815,1.11,5.04,0.875,No,No,No,35.2,1.26,1.26,1.8,1.815,1.11,5.04,1,No,No,No,54,54,64,100,100,No,No,14726,23929,34,34,No,No,1299,631,0,0.2,0.2,0.049,1.026,39907,65217,0,0,0,0,0,0,29.2,32,32.4,84,0.905,12.168,12.162,12.169,12.172,0,0,9.719,6.199,10.176,11.622,4.832,1.45,7.589,7.724,210,50.6,1185,23.5,1290,0,18,0,0,9.5,0,0.1,0,0,0,0,0,0,Yes,No,No,No,No,Yes,No,5.8,8.7,0,0,0,0,0,0,0,0,0,0,0,0,0,0,0,0,0,0,0,0,0,0,0,0,0,0,0,0,0,0,11117,1165,903,58,2.5,0,0,0,16.5,2,70.8,0.5,2,496.91,1894.83,14.13,1.23,498.94,500.12,0,1886,31,0.5,0.3,0,0,0,0,0,0
14.10.2025,07:50.0,21758,47658,31.3,16465,48855,25.2,0,1.278,1.301,1.316,1.316,1.261,1.271,1.271,1.271,1.256,1.266,1.266,1.266,1.266,1.251,4514,4888,4888,4888,4788.3,4888,4888,4888,4888,3790.7,3790.7,3790.7,3790.7,99.8,3591.2,177.4,217.4,25.5,144.2,42.4,80.3,25.3,30.4,28.4,877.6,27.3,29.5,24.8,28.4,782,27.2,500.5,129.6,68.4,81.5,376.4,171.6,4.2,4.8,0,1.6,1.7,1.8,0.6,1.5,0.6,19.1,2.1,0.7,1.3,0.6,16.9,0,10.6,3.2,1.6,2.7,12.1,19.1,4.2,100,5.1,6.3,0.7,4.1,1.2,2.3,0.7,0.9,0.8,25,0.8,0.8,0.7,0.9,22.3,0.8,14.2,3.7,2,2.3,10.9,5.1,45.2,49,49,49,48,49,49,49,49,38,38,38,38,36,41,41,36,42,41,39,39,41,45,42,42,42,42,59,59,64,58,59,61,61,59,55,58,58,58,58,44,45,No,No,No,No,No,No,No,No,No,No,No,No,No,No,No,No,No,No,No,No,No,No,No,No,No,No,No,No,No,No,No,No,No,No,No,No,No,No,No,No,No,No,45,44,38,0,0,0,0,0,0,0,1.25,23.789,22.003,13.373,7.199,0.463,150,175,32,8.8,3.4,4.1,4.8,0.5,3.1,0.9,1.7,0.5,0.6,0.6,19,0.6,0.6,0.5,0.6,16.9,0.6,10.6,3.9,2.3,2.6,11.9,9.2,7,0,0.6,0,51,0,48.6,3.4,0,0,0,0.2,31.8,0,0,0,0,3.6,0,0,0,96,97.6,97.3,86.9,76.9,86.3,95.3,96.9,98.6,23.9,98.8,32.2,83.6,2793.2,28,36,36,36,76,112,447,2,2,Yes,No,No,No,No,No,No,No,No,No,Yes,No,No,No,No,No,No,No,No,No,No,No,No,No,No,No,No,Yes,No,No,No,No,No,No,No,Yes,No,No,31,38,31,45,38,45,1.101,5.08,3.424,3.328,12.192,2.024,0.776,3.424,3.2,1.072,1.264,1.664,1.064,1,1,0.904,1.824,1033,1400,3452,44,37,35,1.255,16,35.8,1.26,1.26,1.8,1.815,1.11,5.04,0.75,No,No,No,35.2,1.26,1.26,1.8,1.815,1.11,5.04,1,No,No,No,53,53,63,100,100,No,No,14726,23929,34,34,No,No,1299,631,0,0,0.1,0.016,0.413,39907,65218,0,0,0,0,0,0,29.2,32,32.2,84,0.905,12.165,12.158,12.167,12.17,0,0,9.651,6.421,10.17,11.607,4.819,1.443,9.186,7.725,210,50.6,1185,22.2,1290,0,36,0,0,9.5,0,0.1,0,0,0,0,0,0,Yes,No,No,No,No,Yes,No,5.8,8.7,0,0,0,0,0,0,0,0,0,0,0,0,0,0,0,0,0,0,0,0,0,0,0,0,0,0,0,0,0,0,11117,1165,903,58,2.5,0,0,0,16.5,2.1,71.9,0.5,2.1,476.77,1839.76,13.9,1.26,336.17,337.41,0,1886,31,0.3,0.1,0,0,0,0,0,0
14.10.2025,07:52.0,21754,47662,31.3,16467,48853,25.2,0,1.273,1.298,1.288,1.268,1.273,1.273,1.273,1.273,1.288,1.248,1.259,1.279,1.259,1.251,4489,4688.5,4888,4888,4888,4888,4788.3,4788.3,4888,3790.7,3790.7,3790.7,3790.7,99.8,3591.2,209.6,447.7,55,318.8,68.1,195.3,67.3,73.9,25.8,1031.2,61.1,78.8,25.7,383.8,352.6,88.9,189.5,267.9,179,111.8,169.6,217.2,7.8,9.8,13.4,8.4,5.1,5.7,2.2,2.4,0.6,22.2,15.8,3.2,0.5,23.7,6.3,14,3.3,7.4,4.6,2.2,5.1,23.7,7.8,100,6,12.8,1.6,9.1,2,5.5,1.9,2.1,0.7,29.3,1.8,2.2,0.7,10.9,10.1,2.5,5.4,7.6,5.1,3.2,5,6,45,47,49,49,49,49,48,48,49,38,38,38,38,36,41,42,38,42,41,43,41,42,41,41,41,41,41,59,58,62,58,59,57,59,58,59,59,59,59,59,44,43,No,No,No,No,No,No,No,No,No,No,No,No,No,No,No,No,No,No,No,No,No,No,No,No,No,No,No,No,No,No,No,No,No,No,No,No,No,No,No,No,No,No,51,51,38,0,0,0,0,0,0,0,1.25,52.337,22.093,13.401,7.239,0.473,150,175,72,4.7,1.9,4.8,9.7,1.2,6.9,1.4,4.2,1.4,1.6,0.5,22.1,1.3,1.7,0.5,8.2,7.7,1.9,4,8.1,5.4,3.7,5.1,10.5,11,1.8,0,1.6,60.8,0,48.3,1.3,0,0,0,1.5,31.3,0,0,0,0,1,0,0,0,91.6,94.4,96.1,92.3,74.1,76.3,88.7,94,96,13.5,97.5,34.6,92,2793.2,28,36,36,36,76,112,447,2,2,Yes,No,No,No,No,No,No,No,No,No,Yes,No,No,No,No,No,No,No,No,No,No,No,No,No,No,No,No,Yes,No,No,No,No,No,No,No,Yes,No,No,31,38,31,45,39,45,0.932,5.08,3.424,3.328,12.192,2.024,0.776,3.424,3.2,1.072,1.264,1.664,1.064,1,1,0.904,1.824,1158,1439,3506,45,38,35,1.27,25,35.8,1.26,1.26,1.8,1.815,1.11,5.04,1,No,No,No,35.2,1.26,1.26,1.8,1.815,1.11,5.04,0.875,No,No,No,53,53,62,100,100,No,No,14726,23929,34,34,No,No,1299,631,0.1,0.2,0.3,0.17,0.569,39907,65219,0,0,0,0,0,0,29.3,32,32.4,84,0.905,12.164,12.156,12.165,12.169,0,0,10.795,6.364,10.676,12.092,4.977,1.427,7.567,7.81,210,50.6,1185,30.6,1290,0,1,0,0,9.4,0,0.2,0,0,0,0,0,0,Yes,No,No,No,No,Yes,No,6.1,8.7,0,0,0,0,0,0,0,0,0,0,0,0,0,0,0,0,0,0,0,0,0,0,0,0,0,0,0,0,0,0,11129,1153,890,58,2.5,0,0,0,16.5,2.1,73,1.3,2.2,467.05,791.14,13.69,1.33,323.9,325.21,0,1886,31,7.9,7.4,0,0,0,0,0,0
14.10.2025,07:54.0,21746,47670,31.3,16463,48857,25.2,0,1.266,1.299,1.279,1.279,1.259,1.264,1.284,1.264,1.264,1.254,1.25,1.25,1.25,1.251,4514,4788.3,4888,4888,4888,4888,4888,4888,4888,3790.7,3790.7,3790.7,3790.7,99.8,3591.2,183.8,422.8,28.4,321.9,45.3,171.1,25.8,48.6,25.1,947.4,27.9,26.3,25.1,100.5,725.6,25.1,25,264.3,144,114.2,162.7,188.9,4.1,9.3,0,6.9,0.9,3.7,0,1,0.5,20.7,0,0,0,0,17,0,0,8.9,4.8,4.5,4.8,20.7,4.1,100,5.3,12.1,0.8,9.2,1.3,4.9,0.7,1.4,0.7,27.1,0.9,0.7,0.7,3,20.6,0.7,0.7,7.5,4.1,3.2,4.9,5.3,45.2,48,49,49,49,49,49,49,49,38,38,38,38,36,42,42,39,42,42,43,41,45,40,41,41,41,41,58,58,61,58,58,57,59,55,60,59,59,59,59,44,45,No,No,No,No,No,No,No,No,No,No,No,No,No,No,No,No,No,No,No,No,No,No,No,No,No,No,No,No,No,No,No,No,No,No,No,No,No,No,No,No,No,No,51,51,37,0,0,0,0,0,0,0,1.25,14.274,23.889,15.104,7.303,0.488,150,175,24,3.3,1.2,4.3,9.3,0.6,6.9,1,3.6,0.5,1.1,0.5,20.6,0.6,0.5,0.5,2.2,15.7,0.5,0.5,8.1,4.8,3.7,4.8,12.5,16,3.5,0,0,64.9,0,63.7,0,0,0,0,2,31.2,0,0,0,0,0,0,0,0,91.5,95.1,96.1,91.7,72.5,72.1,87.3,95,98.1,12.5,98.8,17.2,98.9,2793.2,28,36,36,36,76,112,447,2,2,Yes,No,No,No,No,No,No,No,No,No,Yes,No,No,No,No,No,No,No,No,No,No,No,No,No,No,No,No,Yes,No,No,No,No,No,No,No,Yes,No,No,31,38,31,46,41,44,1.003,5.08,3.424,3.328,12.192,2.024,0.776,3.424,3.2,1.072,1.264,1.664,1.064,1,1,0.904,1.824,1030,1336,3383,44,37,35,1.285,22,35.8,1.26,1.26,1.8,1.8,1.11,5.04,1.5,No,No,No,35.2,1.26,1.26,1.8,1.815,1.11,5.04,1,No,No,No,53,53,62,100,100,No,No,14726,23929,34,34,No,No,1299,631,0,0,0,0.016,0.332,39907,65219,0,0,0,0,0,0,29.2,30,32.4,84,0.905,12.168,12.163,12.169,12.172,0,0,9.898,6.341,10.716,12.096,4.942,1.383,7.564,7.684,210,50.6,1185,28.4,1290,0,0,0,0,9.4,0,0.2,0,0,0,0,0,0,Yes,No,No,No,No,Yes,No,6,8.8,0,0,0,0,0,0,0,0,0,0,0,0,0,0,0,0,0,0,0,0,0,0,0,0,0,0,0,0,0,0,11129,1153,890,58,2.5,0,0,0,16.5,2.2,71.3,0.6,2.2,461.22,1626.29,14.02,1.47,414.81,416.28,0,1886,31,1.9,3.4,0,0,0,0,0,0
14.10.2025,07:56.0,21749,47667,31.3,16466,48854,25.2,0,1.281,1.31,1.304,1.299,1.297,1.267,1.277,1.262,1.286,1.261,1.261,1.261,1.281,1.251,4522.3,4888,4888,4888,4888,4888,4888,4888,4888,3790.7,3790.7,3790.7,3790.7,99.8,3591.2,195.4,454.9,31.1,227,25.9,211.6,25.8,78.5,25.2,250.9,840.8,104.7,33.9,648.4,113.8,44.4,25.1,266.8,206,84.7,207.6,200.8,5.6,10.2,3.7,5,0,4.5,2,1,0,0,31.1,2.2,1.5,22.6,0,0.9,1.3,8.6,7.8,3.4,6,31.1,5.6,100,5.6,13.1,0.9,6.6,0.8,6,0.8,2.3,0.7,7.3,23.8,3,1,18.7,3.3,1.3,0.7,7.5,5.8,2.4,6.3,5.6,45.3,49,49,49,49,49,49,49,49,38,38,38,38,36,42,42,39,46,40,47,40,44,40,41,41,41,41,58,58,61,54,60,53,60,56,60,59,59,59,59,46,47,No,No,No,No,No,No,No,No,No,No,No,No,No,No,No,No,No,No,No,No,No,No,No,No,No,No,No,No,No,No,No,No,No,No,No,No,No,No,No,No,No,No,44,44,37,0,0,0,0,0,0,0,1.25,33.305,22.964,14.176,7.307,0.487,150,175,48,1,0.3,4.6,10.2,0.7,5,0.5,4.5,0.5,1.7,0.5,5.5,18.2,2.2,0.7,14.1,2.4,1,0.5,7.8,6.3,2.7,6,15.9,53.1,2.8,0.8,0,56.9,0.6,75.2,0,0,0,0,1.7,31.1,0,0,0,0,0,0,0,0,91.8,93.4,97.2,90.7,66.8,34.3,90.1,93.2,97.4,18,96.1,7.1,98.3,2793.2,28,36,36,36,76,112,447,2,2,Yes,No,No,No,No,No,No,No,No,No,Yes,No,No,No,No,No,No,No,No,No,No,No,No,No,No,No,No,Yes,No,No,No,No,No,No,No,Yes,No,No,31,38,31,45,40,44,1.012,5.08,3.424,3.328,12.192,2.024,0.776,3.424,3.2,1.072,1.264,1.664,1.064,1,1,0.904,1.824,928,1303,3349,45,37,35,1.235,9,35.8,1.26,1.26,1.8,1.815,1.215,5.04,0.75,No,No,No,35.2,1.26,1.26,1.8,1.815,1.125,5.04,1.125,No,No,No,53,53,62,100,100,No,No,14726,23929,34,34,No,No,1299,631,0,0.3,0.3,0,0.778,39907,65221,0,0,0,0,0,0,29.2,30,32.3,84,0.905,12.164,12.157,12.166,12.17,0,0,10.593,6.123,10.715,11.595,4.454,0.884,7.564,7.648,210,50.6,1185,38.3,1290,0,5,0,0,9.3,0,0.2,0,0,0,0,0,0,Yes,No,No,No,No,Yes,No,5.8,8.8,0,0,0,0,0,0,0,0,0,0,0,0,0,0,0,0,0,0,0,0,0,0,0,0,0,0,0,0,0,0,11136,1146,883,58,2.5,0,0,0,16.5,2.7,85,0.8,2.8,366.08,1176.98,11.76,1.76,116.75,118.53,0,1886,31,0.2,0.2,0,0,0,0,0,0
14.10.2025,07:58.0,21746,47671,31.3,16461,48859,25.2,0,1.273,1.25,1.282,1.272,1.272,1.272,1.282,1.282,1.287,1.277,1.268,1.268,1.268,1.251,4522.3,4888,4888,4888,4888,4888,4888,4888,4888,3790.7,3790.7,3790.7,3790.7,99.8,4489,184.9,546.8,52.7,207.2,25.9,167.4,25.9,55.2,25.1,701.5,286.5,54.8,25,772,27.3,27.7,36.6,286.9,156.6,88.8,128.2,193.4,6,11.7,13.9,4.6,12.2,2.8,7,0.4,4.9,26.7,0,0.3,0,16.5,0,0.5,0,7.9,4.3,2.1,3.9,26.7,6,100,5.3,15.7,1.6,6,0.8,4.8,0.8,1.6,0.7,20,8.5,1.5,0.7,22.2,0.8,0.8,1,8.1,4.4,2.5,3.9,5.3,45.3,49,49,49,49,49,49,49,49,38,38,38,38,45,41,44,43,42,39,42,40,41,40,41,41,41,41,59,56,57,58,61,58,60,59,60,59,59,59,59,44,44,No,No,No,No,No,No,No,No,No,No,No,No,No,No,No,No,No,No,No,No,No,No,No,No,No,No,No,No,No,No,No,No,No,No,No,No,No,No,No,No,No,No,45,43,37,0,0,0,0,0,0,0,1.25,28.547,23.763,14.938,7.327,0.493,150,175,40,3.5,1,4.3,11.7,1.2,4.7,0.5,3.6,0.5,1.2,0.5,15.2,6.1,1.2,0.5,16.5,0.6,0.6,0.8,8.5,5,2.9,4,11,11.7,2.3,0.6,0,54.6,0,58.9,0.6,0,0,0,2.8,31.4,2.3,0,0,0,0,0,0,0,91.1,94.8,97,91.9,74.4,71.2,91,94.8,97.9,22.1,98.1,22.3,97.8,2793.2,28,36,36,36,76,112,447,2,2,Yes,No,No,No,No,No,No,No,No,No,Yes,No,No,No,No,No,No,No,No,No,No,No,No,No,No,No,No,Yes,No,No,No,No,No,No,No,Yes,No,No,31,38,31,45,40,45,1.261,5.08,3.424,3.328,12.192,2.024,0.776,3.424,3.2,1.072,1.264,1.664,1.064,1,1,0.904,1.824,952,1293,3325,45,37,35,1.23,9,35.8,1.26,1.26,1.8,1.815,1.125,5.04,0.75,No,No,No,35.2,1.26,1.26,1.8,1.815,1.125,5.04,0.75,No,No,No,53,53,62,100,100,No,No,14726,23929,34,34,No,No,1299,631,0,0.1,0.1,0.008,0.323,39907,65222,0,0,0,0,0,0,29.3,32,32.4,84,0.905,12.164,12.158,12.166,12.169,0,0,10.922,6.365,11.015,12.19,4.843,1.185,7.57,7.75,210,50.6,1185,57.8,1290,0,1,0,0,9.3,0.1,0.4,0,0,0,0,0,0,Yes,No,No,No,No,Yes,No,6.1,8.7,0,0,0,0,0,0,0,0,0,0,0,0,0,0,0,0,0,0,0,0,0,0,0,0,0,0,0,0,0,0,11136,1146,883,59,2.5,0,0,0,16.5,3.2,69.5,3.8,3.2,316.79,262.43,14.4,1.3,42.03,43.36,0,1886,31,0.5,0.3,0,0,0,0,0,0
14.10.2025,08:00.0,21816,47600,31.4,16485,48835,25.2,0,1.269,1.285,1.258,1.258,1.288,1.288,1.288,1.288,1.303,1.243,1.243,1.243,1.243,1.251,4322.8,4688.5,4688.5,4688.5,4688.5,4688.5,4688.5,4688.5,4688.5,3591.2,3591.2,3591.2,3591.2,99.8,3591.2,437.8,793.2,30.7,1393.7,27.8,537.1,26.9,279.9,26.1,442.5,1030.3,103.9,24.9,2189.3,47.8,74.2,24.9,700.8,424.9,297.8,280.3,454.4,10.8,17.7,0,29.8,0,13.1,0,7.7,0,9.5,35.6,3.8,0,46.4,1,2.4,0.6,20.5,12.6,8.4,7.7,46.4,10.8,100,12.6,23.8,0.9,40.5,0.9,15.4,0.8,7.9,0.8,14.4,29.3,2.9,0.7,62,1.5,2.1,0.7,19.6,11.9,8.3,8.2,12.6,43.3,47,47,47,47,47,47,47,47,36,36,36,36,36,47,45,43,46,50,50,44,51,44,46,47,47,47,53,55,57,54,50,50,56,49,56,54,53,53,53,52,51,No,No,No,No,No,No,No,No,No,No,No,No,No,No,No,No,No,No,No,No,No,No,No,No,No,No,No,No,No,No,No,No,No,No,No,No,No,No,No,No,No,No,47,47,37,0,0,0,0,0,0,0,1.25,53.923,22.847,14.07,7.294,0.487,150,175,72,1.1,0.5,10,17.6,0.7,29.8,0.6,12.3,0.6,6.2,0.5,9.6,22.4,2.3,0.5,46.3,1,1.6,0.5,19.8,11.9,8.4,7.7,22.4,60.9,42,46.5,11.8,60.6,0.9,44.8,0,0,0,0,0.9,29.2,0,0,0,0,1.8,0,0.4,0,79.7,87.8,91.4,89.8,45.7,18.1,24.8,38.9,80.4,3.2,96,6.5,97.8,2793.2,28,36,36,36,76,112,447,2,2,Yes,No,No,No,No,No,No,No,No,No,Yes,No,No,No,No,No,No,No,No,No,No,No,No,No,No,No,No,Yes,No,No,No,No,No,No,No,Yes,No,No,31,38,31,46,39,45,1.27,5.08,3.424,3.328,12.192,2.024,0.776,3.424,3.2,1.072,1.264,1.664,1.064,1,1,0.904,1.824,1001,1291,3391,44,37,35,1.275,33,35.8,1.26,1.26,1.8,1.815,1.125,5.04,0.875,No,No,No,35.2,1.26,1.26,1.8,1.815,1.125,5.04,0.75,No,No,No,53,53,63,100,100,No,No,14726,23929,34,34,No,No,1299,631,3.3,0.9,4.2,1.154,3.37,39909,65228,0,0,0,0,0,0,29.3,32,32.5,84,0.905,12.164,12.157,12.166,12.168,0,0,10.828,6.314,10.035,11.85,5.159,1.825,7.573,7.758,210,50.6,1185,32.4,1290,0,76,0,0,9.3,0,0.2,0,0,0,0,0,0,Yes,No,No,No,No,Yes,No,5.9,8.9,0,0,0,0,0,0,0,0,0,0,0,0,0,0,0,0,0,0,0,0,0,0,0,0,0,0,0,0,0,0,11136,1146,883,59,2.5,0,0,0,16.5,3,64.3,0.7,3.1,328.44,1391.65,15.54,1.58,494.65,496.09,0,1886,31,0.1,0,0,0,0,0,0,0
14.10.2025,08:02.0,21753,47663,31.3,16473,48847,25.2,0,1.298,1.323,1.31,1.315,1.305,1.28,1.3,1.304,1.304,1.284,1.294,1.279,1.274,1.251,4514,4788.3,4888,4888,4888,4888,4888,4888,4888,3790.7,3790.7,3790.7,3790.7,99.8,3591.2,401.2,655.6,29.2,916.8,33,611.5,29,339,26.6,36.2,1406.9,221.1,25.7,1786.8,31.4,84.2,25,653.4,430.2,258.7,424.6,407.9,13.6,14.7,16.8,20,16.9,13.5,16.8,7.1,14,0,30.5,4.3,9.7,38.1,16.9,1.9,1.3,18.6,12,7.5,11.8,38.1,13.6,100,11.5,18.7,0.9,26,1,17.4,1,9.8,0.8,1.2,40.2,6.4,0.8,50.8,1.1,2.4,0.7,18.4,12.2,7.4,12.4,11.5,45.2,48,49,49,49,49,49,49,49,38,38,38,38,36,44,44,47,46,41,46,43,45,42,44,44,44,44,56,56,53,54,59,54,57,55,58,56,56,56,56,46,47,No,No,No,No,No,No,No,No,No,No,No,No,No,No,No,No,No,No,No,No,No,No,No,No,No,No,No,No,No,No,No,No,No,No,No,No,No,No,No,No,No,No,56,56,37,0,0,0,0,0,0,0,1.25,26.961,39.861,30.695,7.636,0.527,150,175,32,3.3,1.7,9.3,14.7,0.6,20,0.7,13.5,0.6,7.7,0.6,0.8,30.3,5,0.6,38,0.7,1.9,0.5,18.5,11.9,7.3,11.7,22.2,57.3,38,26.1,27.4,54.8,9.9,44.2,2.4,0,0,0,5.9,28.6,0,0,0,0,0,0,0.5,0,81,87.8,92.4,81,49,25.6,39.7,58.2,62.8,12.1,83.4,15.3,94.7,2793.2,28,36,36,36,76,112,447,2,2,Yes,No,No,No,No,No,No,No,No,No,Yes,No,No,No,No,No,No,No,No,No,No,No,No,No,No,No,No,Yes,No,No,No,No,No,No,No,Yes,No,No,31,38,31,51,45,44,1.243,5.08,3.424,3.328,12.192,2.024,0.776,3.424,3.2,1.072,1.264,1.648,1.064,1,1,0.904,1.824,973,1296,3383,44,37,35,1.28,25,35.8,1.26,1.26,1.8,1.815,1.125,5.04,1.5,No,No,No,35.2,1.26,1.26,1.8,1.815,1.125,5.04,1,No,No,No,53,53,65,100,100,No,No,14726,23929,34,34,No,No,1299,631,4.3,1.3,5.6,4.807,2.817,39918,65233,0,0,0,0,0,0,29.2,32,32.4,84,0.905,12.167,12.16,12.168,12.171,0,0,9.858,6.112,10.427,11.511,4.552,1.089,7.564,7.642,210,50.6,1185,27,1290,0,5,0,0,9.3,0,0.1,0,0,0,0,0,0,Yes,No,No,No,No,Yes,No,5.8,8.4,0,0,0,0,0,0,0,0,0,0,0,0,0,0,0,0,0,0,0,0,0,0,0,0,0,0,0,0,0,0,11136,1146,883,59,2.5,0,0,0,16.5,4.9,71.2,0.7,5,204.7,1366.02,14.04,1.5,77.84,79.35,0,1886,31,12.4,4.9,0,0,0,0,0,0
14.10.2025,08:04.0,21749,47667,31.3,16466,48854,25.2,0,1.282,1.283,1.273,1.267,1.267,1.277,1.307,1.287,1.302,1.292,1.276,1.276,1.276,1.251,4522.3,4888,4888,4888,4888,4888,4888,4888,4888,3790.7,3790.7,3790.7,3790.7,99.8,3591.2,199.3,552.7,40.9,319.6,26,194.7,31.4,99.3,25.6,708.4,315.7,77.3,41.4,587.8,27.1,33.6,34.2,317.5,222.3,139.9,190.1,203.1,4,11.9,1.6,6.4,0,2.6,0,2.1,0,15.8,0,0,0.8,12.7,0,0.6,0,9.7,6.9,3.9,5.3,15.8,4,100,5.7,15.8,1.2,9.3,0.8,5.6,0.9,2.8,0.7,20.2,9.2,2.2,1.2,16.9,0.8,1,1,9.1,6.3,4,5.7,5.7,45.3,49,49,49,49,49,49,49,49,38,38,38,38,36,43,42,40,45,41,42,41,51,41,42,42,42,42,57,58,60,55,59,58,59,49,59,58,58,58,58,50,51,No,No,No,No,No,No,No,No,No,No,No,No,No,No,No,No,No,No,No,No,No,No,No,No,No,No,No,No,No,No,No,No,No,No,No,No,No,No,No,No,No,No,46,46,38,0,0,0,0,0,0,0,1.25,38.063,36.844,27.691,7.637,0.522,150,175,48,9.8,3.3,4.7,12,0.9,7.1,0.5,4.2,0.7,2.1,0.5,15.2,6.9,1.7,0.9,12.8,0.6,0.7,0.7,9.6,6.9,4.7,5.3,12.1,24.9,5.9,2.2,1.7,39.6,0,58.5,0.5,0,0,0,12,30,0,0,0,0,0,0,0,0,90.1,92.9,95.2,81.4,73.6,60.1,84.6,92,95.2,36,97.1,26.4,97.7,2793.2,28,36,36,36,76,112,447,2,2,Yes,No,No,No,No,No,No,No,No,No,Yes,No,No,No,No,No,No,No,No,No,No,No,No,No,No,No,No,Yes,No,No,No,No,No,No,No,Yes,No,No,31,38,31,48,41,46,0.941,5.08,3.424,3.328,12.192,2.024,0.776,3.424,3.2,1.072,1.264,1.664,1.064,1,1,0.904,1.824,953,1290,3426,45,38,35,1.235,11,35.8,1.26,1.26,1.8,1.815,1.125,5.04,0.75,No,No,No,35.5,1.26,1.26,1.8,1.815,1.125,5.04,1,No,No,No,53,53,65,100,100,No,No,14726,23929,34,34,No,No,1299,631,0.2,0.4,0.6,0.343,1.457,39919,65236,0,0,0,0,0,0,29.3,32,32.4,84,0.905,12.167,12.16,12.17,12.172,0,0,11.963,6.26,10.397,11.829,4.905,1.442,7.58,7.665,210,50.6,1185,71.6,1290,8,7,0,0,9.3,0.1,0.6,0,0,0,0,0,0,Yes,No,No,No,No,Yes,No,5.9,8.4,0,0,0,0,0,0,0,0,0,0,0,0,0,0,0,0,0,0,0,0,0,0,0,0,0,0,0,0,0,0,11135,1147,884,59,2.5,0,0,0,16.5,7.7,63.4,1.2,7.8,129.45,855.21,15.77,1.42,57.31,58.74,0,1886,31,3.5,4.5,0,0,0,0,0,0
14.10.2025,08:06.0,21752,47664,31.3,16470,48851,25.2,0,1.279,1.291,1.291,1.276,1.276,1.275,1.29,1.275,1.297,1.282,1.267,1.267,1.267,1.251,4522.3,4888,4888,4888,4888,4888,4888,4888,4888,3790.7,3790.7,3790.7,3790.7,99.8,4489,184.8,490.5,40.2,299.2,25.8,142,25.9,33.1,25.3,1035.7,28.8,66.4,25.6,747.8,27.2,25.8,30.5,246.7,162.6,96.8,119.2,193.3,4.5,10.6,0.9,7.4,0,3.8,0,0.7,1.3,22.2,2.1,2.9,0.5,16,0.6,0,1.4,7.4,4.7,3.9,3.9,22.2,4.5,100,5.3,14,1.2,8.6,0.8,4,0.8,0.9,0.7,29.4,0.9,1.9,0.7,21.4,0.8,0.7,0.9,7,4.6,2.7,3.5,5.3,45.3,49,49,49,49,49,49,49,49,38,38,38,38,45,42,42,39,44,41,43,41,46,41,42,42,42,42,58,58,61,56,59,57,59,54,59,58,58,58,58,46,46,No,No,No,No,No,No,No,No,No,No,No,No,No,No,No,No,No,No,No,No,No,No,No,No,No,No,No,No,No,No,No,No,No,No,No,No,No,No,No,No,No,No,45,45,38,0,0,0,0,0,0,0,1.25,33.305,23.424,14.64,7.318,0.48,150,175,72,11,2.7,4.3,10.5,0.9,6.7,0.5,3,0.5,0.7,0.5,22.1,0.6,1.4,0.5,15.9,0.6,0.5,0.6,8.1,5.4,3.1,3.9,9.9,17.2,5.9,0,0,51.5,0.9,42.3,0,0,0,0,1.3,31.6,0,0,0,0,0.5,0,2.1,0,91.5,94.4,96.7,93.8,75.7,69.4,85.2,95.7,98.6,23.4,96.9,37.3,98.7,2793.2,28,36,36,36,76,112,447,2,2,Yes,No,No,No,No,No,No,No,No,No,Yes,No,No,No,No,No,No,No,No,No,No,No,No,No,No,No,No,Yes,No,No,No,No,No,No,No,Yes,No,No,31,38,31,46,38,44,1.181,5.08,3.424,3.328,12.192,2.024,0.776,3.424,3.2,1.072,1.264,1.664,1.064,1,1,0.896,1.824,1021,1400,3479,44,38,35,1.255,9,35.8,1.26,1.26,1.8,1.8,1.125,5.04,1.25,No,No,No,35.5,1.26,1.26,1.8,1.815,1.125,5.04,0.75,No,No,No,53,53,64,100,100,No,No,14726,23929,34,34,No,No,1299,631,0.1,0.1,0.2,0.104,0.628,39919,65237,0,0,0,0,0,0,29.3,32,32.5,84,0.905,12.166,12.16,12.168,12.17,0,0,11.662,6.39,10.85,12.193,4.965,1.36,7.57,7.789,210,50.6,1185,70.7,1290,0,6,0,0,9.3,0.1,0.3,0,0,0,0,0,0,Yes,No,No,No,No,Yes,No,6.1,8.6,0,0,0,0,0,0,0,0,0,0,0,0,0,0,0,0,0,0,0,0,0,0,0,0,0,0,0,0,0,0,11135,1147,884,59,2.5,0,0,0,16.5,7.2,73.9,1.3,7.3,139.49,753.45,13.53,1.49,194.7,196.19,0,1886,31,0.1,0.2,0,0,0,0,0,0
14.10.2025,08:08.0,21747,47670,31.3,16466,48854,25.2,0,1.275,1.265,1.288,1.293,1.278,1.278,1.287,1.267,1.282,1.277,1.262,1.262,1.262,1.251,4173.1,4788.3,798,4888,4888,4888,4888,4888,4888,3790.7,3790.7,3790.7,3790.7,99.8,3591.2,246.3,592.9,87.4,481.5,26.7,257.7,25.7,143.4,40.4,1142.9,38.9,132.7,25.3,941.1,27.7,79,25.3,340.9,256.1,114.4,146.3,259.2,8.6,13,1.2,10.6,13.4,6.3,12.2,3.1,1.6,24.9,15.9,3.6,0.5,20.2,16.8,2.5,0.5,10,7.5,3.6,4.6,24.9,8.6,100,7,17,2.6,13.7,0.8,7.4,0.8,4.1,1.2,32.6,1.2,3.8,0.7,26.8,0.9,2.2,0.7,9.6,7.2,3.2,4.3,7,41.8,48,8,49,49,49,49,49,49,38,38,38,38,36,43,46,43,43,41,45,43,44,41,43,43,43,43,57,54,57,57,59,55,57,56,59,57,57,57,57,46,46,No,No,No,No,No,No,No,No,No,No,No,No,No,No,No,No,No,No,No,No,No,No,No,No,No,No,No,No,No,No,No,No,No,No,No,No,No,No,No,No,No,No,51,51,38,0,0,0,0,0,0,0,1.25,50.751,22.976,14.227,7.283,0.478,150,175,56,1.8,0.5,5.7,13,2,10.6,0.6,5.6,0.5,3.1,0.8,24.7,0.8,2.9,0.5,20.2,0.6,1.7,0.5,9.9,7.5,3.6,4.6,14.9,35.6,8.9,1.5,0,66.8,0,62,0.4,0.8,0,0,2.8,30.8,0,0,0,0,0.5,0,0,0,88.9,92.2,96.2,91.4,65.8,47.5,78.1,91,95.2,5.7,96.1,16,97,2793.2,28,36,36,36,76,112,447,2,2,Yes,No,No,No,No,No,No,No,No,No,Yes,No,No,No,No,No,No,No,No,No,No,No,No,No,No,No,No,Yes,No,No,No,No,No,No,No,Yes,No,No,31,38,31,46,38,45,0.781,5.08,3.424,3.328,12.192,2.024,0.776,3.424,3.2,1.072,1.264,1.664,1.064,1,1,0.896,1.824,1092,1442,3435,45,38,36,1.27,12,35.8,1.26,1.26,1.8,1.815,1.23,5.04,0.875,No,No,No,35.5,1.26,1.26,1.8,1.815,1.11,5.04,0.75,No,No,No,53,53,62,100,100,No,No,14726,23929,34,34,No,No,1299,631,0.1,0.3,0.5,0.27,1.347,39920,65240,0,0,0,0,0,0,29.3,32,32.5,84,0.905,12.166,12.159,12.168,12.17,0,0,11.126,6.238,10.7,11.791,4.661,1.101,7.573,7.842,210,50.6,1185,40.8,1290,2,10,0,0,9.3,0,0.2,0,0,0,0,0,0,Yes,No,No,No,No,Yes,No,5.9,8.4,0,0,0,0,0,0,0,0,0,0,0,0,0,0,0,0,0,0,0,0,0,0,0,0,0,0,0,0,0,0,11135,1147,884,59,2.5,0,0,0,16.5,12.3,63.2,3,12.4,81.52,333.35,15.83,1.45,43.34,44.79,0,1886,31,1,0.5,0,0,0,0,0,0
14.10.2025,08:10.0,21742,47674,31.3,16461,48859,25.2,0,1.27,1.265,1.305,1.3,1.265,1.268,1.233,1.248,1.228,1.296,1.266,1.281,1.276,1.251,4530.6,4888,4888,4888,4888,4987.8,4888,4888,4888,3790.7,3790.7,3790.7,3790.7,99.8,4489,190.7,539.8,36.2,282.3,26.1,240.9,102.8,50.2,25.1,783.9,127.5,32.1,24.9,316.5,343.7,29,25.2,316.7,194.3,151.6,165.7,194.3,4.1,11.7,0,6.3,0,4.4,0,0.4,0.6,17.3,3.5,0,0,2.3,8.4,0.7,0,9.6,6.7,5,4.9,17.3,4.1,100,5.5,15.4,1.1,8.1,0.8,6.8,2.9,1.4,0.7,22.5,3.6,0.9,0.7,9.1,9.8,0.8,0.7,8.9,5.5,4.3,5,5.5,45.4,49,49,49,49,50,49,49,49,38,38,38,38,45,42,43,39,44,41,45,41,41,40,42,42,42,42,58,57,61,56,59,55,59,59,60,58,58,58,58,44,45,No,No,No,No,No,No,No,No,No,No,No,No,No,No,No,No,No,No,No,No,No,No,No,No,No,No,No,No,No,No,No,No,No,No,No,No,No,No,No,No,No,No,46,46,38,0,0,0,0,0,0,0,1.25,22.203,26.827,17.9,7.422,0.504,150,175,32,4,2,4.6,11.7,0.8,6.2,0.5,5.1,2.2,1.1,0.5,17.1,2.8,0.7,0.5,6.8,7.6,0.6,0.5,10.2,6.6,4.9,4.8,13.2,17.2,3,0.8,0,67,0,68.3,0.8,0,0,0,1,30.9,0,0,0,0,0,0,0,0,89.4,93.2,95,92.9,71.3,68.4,88.6,91,98,11.6,98.7,16.1,97.8,2793.2,28,36,36,36,76,112,447,2,2,Yes,No,No,No,No,No,No,No,No,No,Yes,No,No,No,No,No,No,No,No,No,No,No,No,No,No,No,No,Yes,No,No,No,No,No,No,No,Yes,No,No,31,38,31,46,41,45,0.995,5.08,3.424,3.328,12.192,2.024,0.776,3.424,3.2,1.072,1.264,1.664,1.064,1,1,0.896,1.824,1067,1377,3391,45,38,35,1.245,8,35.8,1.26,1.26,1.8,1.815,1.11,5.04,0.75,No,No,No,35.5,1.26,1.26,1.8,1.815,1.11,5.04,0.875,No,No,No,53,53,63,100,100,No,No,14726,23929,34,34,No,No,1299,631,0.1,0.1,0.1,0.073,0.468,39920,65241,0,0,0,0,0,0,29.3,32,32.5,84,0.905,12.167,12.16,12.169,12.171,0,0,12.045,6.167,10.787,11.67,4.479,0.891,7.565,7.78,210,50.6,1185,87,1290,4,12,0,0,9.3,0.1,0.6,0,0,0,0,0,0,Yes,No,No,No,No,Yes,No,5.8,8.2,0,0,0,0,0,0,0,0,0,0,0,0,0,0,0,0,0,0,0,0,0,0,0,0,0,0,0,0,0,0,11135,1147,884,59,2.5,0,0,0,16.5,12.6,88.2,1.7,12.7,79.54,571.63,11.33,1.35,70.29,71.65,0,1886,31,4.8,4.1,0,0,0,0,0,0
14.10.2025,08:12.0,21771,47645,31.3,16488,48832,25.2,0,1.282,1.308,1.269,1.294,1.274,1.274,1.264,1.274,1.274,1.299,1.284,1.284,1.284,1.251,4472.4,4788.3,4888,4888,4788.3,4788.3,4788.3,4788.3,4788.3,3790.7,3790.7,3790.7,3790.7,99.8,3591.2,184.1,544.6,28.6,277.4,29.7,191.8,26.2,37.2,25.4,162.7,847.7,32,25,297.3,489.3,24.9,30.5,233.9,194.8,76.5,105.8,194.4,6,11.8,11,5.9,7.2,4.8,3.6,1.6,0.5,3.4,18.3,1.5,1.3,10.5,9.7,0.5,6.5,9,7,2.5,3.6,18.3,6,100,5.3,15.5,0.9,7.9,0.9,5.4,0.8,1.1,0.7,4.7,24.5,0.9,0.7,8.5,14.2,0.7,0.9,6.6,5.5,2.2,3.1,5.3,44.8,48,49,49,48,48,48,48,48,38,38,38,38,36,43,43,44,45,41,51,41,46,39,41,41,41,41,57,57,56,55,59,49,59,54,61,59,59,59,59,49,51,No,No,No,No,No,No,No,No,No,No,No,No,No,No,No,No,No,No,No,No,No,No,No,No,No,No,No,No,No,No,No,No,No,No,No,No,No,No,No,No,No,No,45,44,38,0,0,0,0,0,0,0,1.25,23.789,23.264,14.483,7.306,0.484,150,175,40,16.1,5.4,4.3,11.8,0.6,6,0.6,4.1,0.5,0.8,0.5,3.5,18.2,0.7,0.5,6.3,10.4,0.5,0.6,7.5,7,2.5,3.6,7.1,18.1,3.7,1.2,0,23.9,0,38.3,0,0,0,0,0.5,31.4,0,0,0,0,0,0,0,0,92.1,92.8,97.4,95,79.9,67.2,88.4,93.5,98.4,51.7,98.7,42.9,98.7,2793.2,28,36,36,36,76,112,447,2,2,Yes,No,No,No,No,No,No,No,No,No,Yes,No,No,No,No,No,No,No,No,No,No,No,No,No,No,No,No,Yes,No,No,No,No,No,No,No,Yes,No,No,31,38,31,46,39,46,0.702,5.08,3.424,3.328,12.192,2.024,0.776,3.424,3.2,1.072,1.264,1.664,1.064,1,1,0.896,1.824,975,1344,3435,46,38,35,1.27,14,35.8,1.26,1.26,1.8,1.815,1.11,5.04,0.75,No,No,No,35.5,1.26,1.26,1.8,1.815,1.11,5.04,0.75,No,No,No,53,53,62,100,100,No,No,14726,23929,34,34,No,No,1299,631,0.1,0.1,0.2,0.206,1.009,39920,65243,0,0,0,0,0,0,29.3,32,32.5,84,0.905,12.166,12.158,12.169,12.171,0,0,11.273,6.256,10.676,11.828,4.71,1.163,7.57,7.849,210,50.6,1185,45.6,1290,0,6,0,0,9.3,0,0.2,0,0,0,0,0,0,Yes,No,No,No,No,Yes,No,5.9,8.4,0,0,0,0,0,0,0,0,0,0,0,0,0,0,0,0,0,0,0,0,0,0,0,0,0,0,0,0,0,0,11135,1147,884,59,2.5,0,0,0,16.5,12,77.2,2.2,12.2,83.06,458.49,12.95,1.45,131.97,133.29,0,1886,31,1,0.3,0,0,0,0,0,0
14.10.2025,08:14.0,21773,47643,31.3,16493,48828,25.2,0,1.275,1.308,1.254,1.274,1.268,1.278,1.293,1.278,1.278,1.267,1.267,1.267,1.267,1.251,4497.3,4788.3,4788.3,4788.3,4888,4888,4888,4888,4888,3790.7,3790.7,3790.7,3790.7,99.8,3591.2,188.3,568.2,80.8,319.6,26.5,189.8,26.3,39.4,25,920.5,56.2,34.3,12.7,712.3,27.2,27.4,24.9,254.4,172.2,87.8,161,195.4,4.1,12.4,1,7.1,0,3.3,0,1.4,0.5,20.2,0,0,0,15.5,0,0,0,7.6,5.3,3.4,4.8,20.2,4.1,100,5.5,16.7,2.4,9.7,0.8,5.4,0.8,0.8,0.7,26.5,2.5,1,0.4,20.4,0.8,0.8,0.7,7.2,4.8,2.5,4.9,5.5,45.1,48,48,48,49,49,49,49,49,38,38,38,38,36,42,42,43,44,48,41,41,42,40,42,42,42,42,58,58,57,56,52,59,59,58,60,58,58,58,58,45,48,No,No,No,No,No,No,No,No,No,No,No,No,No,No,No,No,No,No,No,No,No,No,No,No,No,No,No,No,No,No,No,No,No,No,No,No,No,No,No,No,No,No,44,44,38,0,0,0,0,0,0,0,1.25,25.375,22.51,13.859,7.218,0.465,150,175,32,5,2.3,4.4,12.5,1.8,7.1,0.6,4,0.5,0.8,0.5,20,1.2,0.7,0.3,15.4,0.6,0.6,0.5,7.6,5.4,2.7,4.8,13.1,33.1,3.2,0.8,0,61.5,0,58.9,0,0,0,0,0,31.5,0,0,0,0,0,0,0,0,92.1,94.5,97.1,93.8,70.7,50.3,86.8,93.9,98.4,14.8,98.9,23.6,98.8,2793.2,28,36,36,36,76,112,447,2,2,Yes,No,No,No,No,No,No,No,No,No,Yes,No,No,No,No,No,No,No,No,No,No,No,No,No,No,No,No,Yes,No,No,No,No,No,No,No,Yes,No,No,31,38,31,46,40,45,1.012,5.08,3.424,3.328,12.192,2.024,0.776,3.424,3.2,1.072,1.264,1.664,1.064,1,1,0.904,1.824,981,1348,3426,46,38,35,1.26,10,35.8,1.26,1.26,1.8,1.815,1.11,5.04,0.75,No,No,No,35.5,1.26,1.26,1.8,1.815,1.11,5.04,0.75,No,No,No,53,53,62,100,100,No,No,14726,23929,34,34,No,No,1299,631,0,0,0.1,0.057,0.46,39920,65244,0,0,0,0,0,0,29.3,30,32.4,84,0.905,12.161,12.153,12.163,12.167,0,0,11.013,5.989,9.633,11.008,4.587,1.387,7.567,7.739,210,50.6,1185,27.8,1290,0,6,0,0,9.3,0,0.2,0,0,0,0,0,0,Yes,No,No,No,No,Yes,No,5.5,8.2,0,0,0,0,0,0,0,0,0,0,0,0,0,0,0,0,0,0,0,0,0,0,0,0,0,0,0,0,0,0,11135,1147,884,59,2.5,0,0,0,16.5,10.1,66.5,0.6,10.2,99.03,1565.81,15.04,1.42,144.87,146.31,0,1886,31,2.7,0.4,0,0,0,0,0,0
14.10.2025,08:16.0,23177,46239,33.3,17662,47658,27,0,1.284,1.328,1.259,1.274,1.269,1.259,1.269,1.284,1.304,1.294,1.289,1.289,1.291,1.251,4164.8,4788.3,798,4888,4888,4788.3,4888,4888,4888,3790.7,3790.7,3790.7,3790.7,99.8,3591.2,1321.3,1470.4,1204.7,1623.7,1032.7,1342.8,1030.8,1264.5,1040.4,2029.2,1338.8,1449.7,1130.9,1976.3,1686.2,1571.2,1229.6,1058.3,1033.2,922.8,990.8,1361.9,30.4,31.5,27.1,34.9,19,29.5,25,27.4,21.7,43.5,33.3,31.7,24.8,41.9,45.9,33.7,26.8,28.9,28.8,25.4,27.7,45.9,30.4,100,37.3,41.6,34,45.9,29.1,37.9,29,35.8,29.2,57.6,37.7,40.8,31.9,55.6,47.6,44.2,34.6,29.9,29.2,26,28,37.3,41.8,48,8,49,49,48,49,49,49,38,38,38,38,36,49,48,48,49,49,50,49,58,49,48,48,48,48,51,52,52,51,51,50,51,42,51,52,52,52,52,57,58,No,No,No,No,No,No,No,No,No,No,No,No,No,No,No,No,No,No,No,No,No,No,No,No,No,No,Yes,Yes,Yes,Yes,Yes,Yes,Yes,Yes,Yes,Yes,Yes,Yes,Yes,No,No,Yes,49,49,38,0,0,0,0,0,0,0,1.25,41.235,23.691,14.919,7.298,0.482,150,175,48,4.4,1.9,29.6,31.4,25.9,34.7,22.1,28.8,22.1,27.1,22.3,43.2,28.6,31,24.2,41.9,35.8,33.5,26.2,29.8,29.2,25.8,27.6,11.8,15.2,10.1,12.4,7.4,31.3,6.3,18.3,4.2,11.4,7.3,10.2,7,22.3,0.8,2,3.8,1.4,3.2,1.6,4.3,2.5,57.8,62.7,63.3,64.2,41.6,42,47.2,49,58,11.2,54.5,19.4,51.8,2793.2,28,36,36,36,76,112,447,2,2,Yes,No,No,No,No,No,No,No,No,Yes,Yes,No,No,No,No,No,No,No,No,No,No,No,No,No,No,No,No,Yes,No,No,No,No,No,No,No,Yes,No,No,31,38,31,45,39,45,0.79,5.04,3.424,3.328,12.192,2.024,0.776,3.424,3.2,1.072,1.264,1.664,1.064,1,1,0.896,1.824,995,1340,3417,45,37,35,1.26,28,36,1.26,1.26,1.8,1.815,1.11,5.04,1,No,No,No,35.5,1.26,1.26,1.8,1.815,1.11,5.04,0.875,No,No,No,53,53,61,100,100,No,No,14726,23929,34,34,No,No,1299,631,0.1,0.1,0.1,0.055,0.528,39921,65245,0,0,0,0,0,0,29.3,32,32.5,84,0.905,12.165,12.159,12.167,12.17,0,0,11.151,6.323,10.388,11.924,5.002,1.551,7.57,7.831,210,50.6,1185,49.1,1290,0,3,0,0,9.3,0.1,0.4,0,0,0,0,0,0,Yes,No,No,No,No,Yes,No,6,8.8,0,0,0,0,0,0,0,0,0,0,0,0,0,0,0,0,0,0,0,0,0,0,0,0,0,0,0,0,0,0,11135,1147,884,58,2.5,0,0,0,16.5,8.9,78.7,1.4,9.1,111.95,711.5,12.7,1.71,178.94,180.68,0,1886,31,1.3,0.1,0,0,0,0,0,0
14.10.2025,08:18.0,24163,45253,34.8,18502,46818,28.3,0,1.291,1.294,1.28,1.293,1.296,1.291,1.294,1.295,1.29,1.298,1.298,1.297,1.271,1.251,4322.8,4688.5,4688.5,4688.5,4688.5,4688.5,4688.5,4688.5,4688.5,3591.2,3591.2,3591.2,3591.2,99.8,3591.2,3169.7,2140.2,3312,3596.1,3226.7,3500.2,3237.8,3435.9,3216.8,3802.7,3266,3352,3247.3,3893.2,3452.8,3327.5,3229.9,2558.7,2541.1,2524.1,2532.9,3240.9,71.1,45.7,70.8,76.7,70.5,74.5,70.5,73.1,68.9,80.9,71,71.4,69.2,82.5,73.2,71,68.7,71.7,71.2,70.4,70.3,82.5,71.1,100,88.3,60.3,92.6,100.5,89.8,97.5,90,95.6,89.4,106.3,90.7,93.1,90.1,108.6,95.9,92.2,89.5,71.4,70.8,70.3,70.4,88.2,43.3,47,47,47,47,47,47,47,47,36,36,36,36,36,65,67,63,69,68,69,67,65,66,62,62,61,66,35,33,37,31,32,31,33,35,34,38,38,39,34,69,69,No,No,No,No,No,No,No,No,No,No,No,No,No,No,No,No,No,No,No,No,No,No,No,No,No,No,No,No,No,No,No,No,No,No,No,No,No,No,No,No,No,No,61,61,38,0,0,0,0,0,0,0,1.25,34.891,72.242,62.323,8.237,0.684,150,175,48,0,0,70.9,45.5,70.6,76.6,68.8,74.6,69.1,73.3,68.6,80.8,69.7,71.5,69.3,82.6,73.5,71,68.9,71.3,70.8,70.3,70.6,2.8,4.6,5.5,4.2,1.9,6.3,0.3,10.1,0,0.2,0.2,0.2,0.3,10.1,1.3,1.2,0.6,0.5,3.7,0.2,1,0.2,27.6,28.2,28.8,28.4,16.9,16,14.7,19.2,23.5,6.9,27.1,0,28,2793.2,28,36,36,36,76,112,447,2,2,Yes,No,No,No,No,No,No,No,No,No,Yes,No,No,No,No,No,No,No,No,No,No,No,No,No,No,No,No,Yes,No,No,No,No,No,No,No,Yes,No,No,31,39,31,65,64,46,1.27,5.08,3.424,3.328,12.192,2.024,0.76,3.424,3.2,1.072,1.264,1.664,1.064,1,1,0.896,1.824,981,1308,3308,44,38,35,1.25,17,36,1.26,1.26,1.8,1.8,1.11,5.04,1.25,No,No,No,35.5,1.26,1.26,1.8,1.815,1.11,5.04,0.75,No,No,No,53,53,61,100,100,No,No,14726,23929,34,34,No,No,1299,631,0.1,0.2,0.3,0.056,0.995,39921,65247,0,0,0,0,0,0,29.4,32,32.5,84,0.905,12.168,12.161,12.17,12.172,0,0,10.779,6.403,10.316,12.109,5.234,1.8,7.573,7.791,210,50.6,1185,35.3,1290,0,4,0,0,9.4,0.1,0.3,0,0,0,0,0,0,Yes,No,No,No,No,Yes,No,6.1,9.1,0,0,0,0,0,0,0,0,0,0,0,0,0,0,0,0,0,0,0,0,0,0,0,0,0,0,0,0,0,0,11131,1151,888,63,2.5,0,0,0,16.5,8.3,136.7,2.1,8.4,120.44,481.78,7.32,1.46,242.55,243.83,0,1886,31,0.5,0.3,0,0,0,0,0,0
14.10.2025,08:20.0,24908,44509,35.8,19196,46124,29.3,0,1.167,1.201,1.16,1.163,1.127,1.158,1.161,1.163,1.205,1.166,1.166,1.166,1.166,1.251,4131.6,4489,4389.3,4389.3,4289.5,4389.3,4389.3,4389.3,4489,3591.2,3591.2,3591.2,3591.2,99.8,3591.2,3643.4,2956,3765.1,3921.6,3778.5,3863.8,3776.9,3818.1,3783.8,4208.4,3792.9,3787.1,3755.8,4055.8,3882.3,3973.5,3763.8,3007.7,2990.9,2999,2986.1,3715.7,82.9,64.9,82.3,85.4,82.4,84.2,82.2,83,82.2,91.5,82.6,82.5,81.7,88,84.3,86.2,81.5,83.8,83.2,83.3,82.9,91.5,82.9,100,101.5,83.2,105.3,109.5,105.5,107.9,105.3,106.4,105.4,117.8,105.7,105.5,104.5,113.1,107.9,110.5,104.3,83.7,83.1,83.2,82.8,101.5,41.4,45,44,44,43,44,44,44,45,36,36,36,36,36,82,82,82,90,84,87,88,80,89,76,75,75,75,18,18,18,10,16,13,12,20,11,24,25,25,25,89,90,Yes,No,No,Yes,No,Yes,Yes,No,Yes,No,No,No,No,No,No,No,No,No,No,No,No,No,No,No,No,No,Yes,Yes,Yes,Yes,Yes,Yes,Yes,Yes,Yes,Yes,Yes,Yes,Yes,Yes,No,Yes,77,77,38,0,0,0,0,0,0,0,1.25,68.196,100.459,90.783,8.095,0.572,150,175,128,0,0,83.1,64.7,82,85.3,82.3,84,82.2,83.2,82.4,91.3,82.7,82.6,82,88.2,84.7,86.7,82.3,84,83.5,83.7,83.4,3,8.9,5.2,2.2,2.1,3.8,2.1,0.8,2.5,2,1.8,2.1,2,5.2,0.7,0.1,0.1,0.1,3.6,0.1,1.9,0.1,13.3,14.1,13.7,14.1,8.8,3.9,8.5,12.8,13.9,0.4,14.5,6.4,10.2,2793.2,28,36,36,36,76,112,447,2,2,Yes,No,Yes,No,No,No,No,Yes,No,Yes,Yes,No,No,No,No,No,No,No,No,No,No,No,No,No,No,No,No,Yes,No,No,No,No,No,No,No,Yes,No,No,31,39,31,74,67,46,1.305,5.04,3.424,3.328,12.192,2.024,0.752,3.424,3.2,1.072,1.264,1.664,1.064,1,1,0.896,1.824,955,1304,3308,44,38,36,1.325,64,36,1.26,1.26,1.8,1.815,1.215,5.04,1.625,No,No,No,35.5,1.26,1.26,1.8,1.815,1.11,5.04,1,No,No,No,53,53,61,100,100,No,No,14726,23929,34,34,No,No,1299,631,10,0,10,13.697,0.297,39948,65247,0,0,0,0,0,0,29.3,30,32.4,84,0.905,12.162,12.153,12.165,12.168,0,0,9.849,6.225,9.89,11.617,5.037,1.741,7.573,7.715,210,50.6,1185,21.6,1290,0,2,0,0,9.4,0,0.1,0,0,0,0,0,0,Yes,No,No,No,No,Yes,No,5.8,7.9,0,0,0,0,0,0,0,0,0,0,0,0,0,0,0,0,0,0,0,0,0,0,0,0,0,0,0,0,0,0,11131,1151,888,63,2.5,0,0,0,16.5,7.1,78.5,0.5,6.5,140.92,1858.16,12.74,1.47,337.29,338.81,0,1886,31,1.8,1.5,0,0,0,0,0,0
14.10.2025,08:22.0,24909,44507,35.8,19206,46115,29.4,0,1.107,1.088,1.075,1.095,1.091,1.09,1.099,1.097,1.13,1.132,1.132,1.132,1.127,1.251,3948.7,4189.8,4090,4189.8,4189.8,4189.8,4090,4189.8,4289.5,3491.5,3491.5,3491.5,3491.5,99.8,3591.2,4088.8,4236.7,4236.9,4234,4251.5,4262.3,4258.8,4256.6,4233.4,4235.4,4261.4,4258.1,4259.6,4259.7,4261.4,4260.8,4260.4,3431.3,3438.5,3438.2,3440.7,4160.9,99.7,99.5,99.5,99.3,99.7,99.9,99.8,99.8,99.3,99.7,100,99.9,99.9,99.9,100,100,100,99.8,99.7,99.7,99.7,100,99.7,100,114.3,118.5,118.5,118.2,118.7,119,118.9,118.9,118.2,118.7,119,118.9,119,119,119.1,119.1,119.1,96.5,96.5,96.4,96.4,114.3,39.6,42,41,42,42,42,41,42,43,35,35,35,35,36,83,85,82,88,87,87,85,80,89,78,78,78,78,17,15,18,12,13,13,15,20,11,22,22,22,22,90,89,Yes,Yes,No,Yes,Yes,Yes,Yes,No,Yes,No,No,No,No,No,No,No,No,No,No,No,No,No,No,No,No,No,No,No,No,No,No,No,No,No,No,No,No,No,No,Yes,No,No,91,91,39,0,0,0,0,0,0,0,1.25,122.119,127.367,116.68,8.937,0.736,150,175,160,0,0,99.5,99.1,99.1,99,99.5,99.7,99.7,99.6,99.1,99.1,99.8,99.7,99.7,99.7,99.8,99.8,99.8,99.1,99.3,99.3,99.3,0.1,0.1,0.1,0,0,0,0,0,0,0.2,0.2,0.3,0.3,0,0,0,0,0,0,0,0,0,0,0,0,0,0,0,0,0,0,0,0,0,0,2793.2,28,36,36,36,76,112,447,2,2,Yes,No,Yes,No,No,No,No,No,No,No,Yes,No,No,No,No,No,No,No,No,No,No,No,No,No,No,No,No,Yes,No,No,No,No,No,No,No,Yes,No,No,31,41,31,89,79,46,1.225,5.04,3.424,3.328,12.192,2.024,0.736,3.424,3.2,1.072,1.264,1.648,1.064,1,1,0.896,1.824,1254,1769,3452,45,39,36,1.25,73,36,1.26,1.26,1.8,1.815,1.11,5.04,1.5,No,No,No,35.8,1.26,1.26,1.8,1.815,1.11,5.04,1.5,No,No,No,53,53,61,100,100,No,No,14726,23929,34,34,No,No,1299,631,10.6,1.4,12,20.004,0.849,39985,65249,0,0,0,0,0,0,29.3,32,32.5,84,0.905,12.161,12.148,12.166,12.17,0,0,10.962,6.057,10.541,11.327,4.308,0.8,7.57,7.857,210,50.6,1185,35.7,1290,1,3,0,0,9.4,0,0.2,0,0,0,0,0,0,Yes,No,No,No,No,Yes,No,5.7,7.9,0,0,0,0,0,0,0,0,0,0,0,0,0,0,0,0,0,0,0,0,0,0,0,0,0,0,0,0,0,0,11131,1151,888,63,2.5,0,0,0,16.5,6.2,58.6,1.1,6.3,160.88,930.61,17.06,1.47,395.18,396.61,0,1886,31,0.7,0.3,0,0,0,0,0,0
14.10.2025,08:24.0,24904,44512,35.8,19206,46114,29.4,0,1.07,1.041,1.078,1.052,1.053,1.072,1.074,1.084,1.093,1.093,1.06,1.06,1.083,1.251,3715.9,3890.5,3990.2,3890.5,3890.5,3990.2,3990.2,3990.2,3990.2,3291.9,3192.2,3192.2,3291.9,99.8,3491.5,3975,4119.3,4117.8,4130.1,4132.7,4129.9,4134.1,4133.9,4135,4116.4,4131.3,4129.5,4128.4,4134.7,4129.3,4136.4,4136.9,3351.2,3352.8,3359.6,3360.3,4043.3,99.8,99.7,99.6,99.8,99.9,99.8,99.9,99.9,99.9,99.8,99.9,99.9,99.8,99.9,99.8,100,100,99.8,99.7,99.9,99.9,100,99.8,100,111.1,115.2,115.1,115.3,115.4,115.3,115.4,115.4,115.4,115.3,115.4,115.4,115.3,115.4,115.3,115.5,115.5,94,93.9,94,94,111.1,37.2,39,40,39,39,40,40,40,40,33,32,32,33,35,82,86,83,90,85,84,88,80,87,75,76,76,77,18,14,17,10,15,16,12,20,13,25,24,24,23,90,90,Yes,No,No,Yes,Yes,Yes,Yes,No,Yes,No,No,No,No,No,No,No,No,No,No,No,No,No,No,No,No,No,No,No,No,No,No,No,No,No,No,No,No,No,No,Yes,No,No,91,91,40,0,0,0,0,0,0,0,1.25,104.673,144.716,133.085,9.747,0.868,150,175,112,0,0,99.5,99.3,99.3,99.6,99.6,99.6,99.7,99.7,99.7,99.3,99.6,99.6,99.6,99.7,99.6,99.8,99.8,99.2,99.3,99.5,99.5,0.1,0,0,0,0,0,0,0,0,0.2,0.2,0.1,0.1,0,0,0,0,0,0,0,0,0,0,0,0,0,0,0,0,0,0,0,0,0,0,2793.2,28,36,36,36,76,112,447,2,2,Yes,No,Yes,No,No,No,No,No,No,No,Yes,No,No,No,No,No,No,No,No,No,No,No,No,No,No,No,No,Yes,No,Yes,No,No,No,No,No,Yes,No,No,31,41,31,89,79,45,1.163,5.08,3.424,3.328,12.192,2.024,0.728,3.424,3.2,1.072,1.264,1.648,1.064,1,1,0.904,1.824,1566,1982,3515,45,40,36,1.145,62,36.2,1.26,1.26,1.8,1.815,1.11,5.04,1.25,No,No,No,35.8,1.26,1.26,1.8,1.815,1.11,5.04,1.375,No,No,No,53,53,61,100,100,No,No,14726,23929,34,34,No,No,1299,631,9.3,0,9.3,21.958,0.412,40027,65249,0,0,0,0,0,0,29.3,30,32.5,84,0.905,12.161,12.149,12.165,12.169,0,0,10.606,6.289,10.396,11.873,4.941,1.487,7.562,7.761,210,50.6,1185,32.5,1290,1,2,0,0,9.4,0,0.2,0,0,0,0,0,0,Yes,No,No,No,No,Yes,No,5.9,9.3,0,0,0,0,0,0,0,0,0,0,0,0,0,0,0,0,0,0,0,0,0,0,0,0,0,0,0,0,0,0,11131,1151,888,63,2.5,0,0,0,16.5,5.7,102.8,1,5.7,176.85,987.71,9.73,1.56,331.71,333.34,0,1886,31,3.3,3.5,0,0,0,0,0,0
14.10.2025,08:26.0,24903,44513,35.8,19203,46117,29.3,0,1.046,1.057,1.039,1.039,1.051,1.038,1.053,1.028,1.036,1.054,1.054,1.05,1.05,1.251,3607.8,3790.7,3790.7,3790.7,3890.5,3790.7,3890.5,3790.7,3790.7,3192.2,3192.2,3192.2,3192.2,99.8,3391.7,3814.6,3950,3946.9,3958.7,3960.1,3963.3,3959.5,3960.2,3956.3,3946.7,3958.1,3960,3958.7,3961.7,3959.8,3962.4,3962.1,3231,3242.1,3247.5,3247.3,3877.6,99.9,100,99.8,99.9,99.9,100,99.9,99.9,99.8,100,99.9,100,99.9,100,99.9,100,100,99.8,99.9,99.9,99.9,100,99.9,100,106.5,110.5,110.4,110.5,110.5,110.5,110.5,110.5,110.4,110.5,110.5,110.5,110.5,110.5,110.5,110.6,110.6,90.7,90.8,90.8,90.8,106.5,36.2,38,38,38,39,38,39,38,38,32,32,32,32,34,82,85,82,88,85,87,88,80,87,77,77,77,77,18,15,18,12,15,13,12,20,13,23,23,23,23,90,88,Yes,Yes,No,Yes,Yes,Yes,Yes,No,Yes,No,No,No,No,No,No,No,No,No,No,No,No,No,No,No,No,No,No,No,No,No,No,No,No,No,No,No,No,No,No,Yes,No,No,90,90,40,0,0,0,0,0,0,0,1.25,98.33,131.769,119.639,10.126,0.976,150,175,96,0,0,99.6,99.5,99.4,99.7,99.7,99.8,99.7,99.7,99.6,99.4,99.7,99.8,99.7,99.8,99.7,99.8,99.8,99.1,99.4,99.6,99.6,0,0,0,0,0,0,0,0,0,0.1,0.1,0,0.1,0,0,0,0,0,0,0,0,0,0,0,0,0,0,0,0,0,0,0,0,0,0,2793.2,28,36,36,36,76,112,447,2,2,Yes,No,Yes,No,No,No,No,No,No,No,No,No,No,No,No,No,No,No,No,No,No,No,No,No,No,No,No,Yes,No,Yes,No,No,No,No,No,Yes,No,No,31,41,31,90,78,45,1.11,5.08,3.424,3.328,12.192,2.024,0.72,3.424,3.2,1.072,1.264,1.648,1.064,1,1,0.904,1.824,1741,2045,3515,46,40,36,1.11,58,36.2,1.26,1.26,1.8,1.815,1.11,5.04,1.25,No,No,No,36,1.26,1.26,1.8,1.815,1.11,5.04,1.75,No,No,No,53,53,62,100,100,No,No,14726,23929,34,34,No,No,1299,631,3,0.2,3.2,6.794,0.518,40040,65250,0,0,0,0,0,0,29.2,30,32.4,84,0.905,12.16,12.145,12.165,12.17,0,0,10.829,6.113,10.416,11.448,4.503,1.035,7.567,7.823,210,50.6,1185,33.7,1290,1,5,0,0,9.4,0,0.2,0,0,0,0,0,0,Yes,No,No,No,No,Yes,No,5.7,8,0,0,0,0,0,0,0,0,0,0,0,0,0,0,0,0,0,0,0,0,0,0,0,0,0,0,0,0,0,0,11131,1151,888,63,2.5,0,0,0,16.5,5.1,61.3,1,5.2,194.5,987.5,16.31,1.6,398.44,399.99,0,1886,31,0.3,0.2,0,0,0,0,0,0
14.10.2025,08:28.0,24900,44516,35.8,19209,46112,29.4,0,1.065,1.087,1.101,1.095,1.057,1.058,1.059,1.057,1.05,1.057,1.054,1.054,1.054,1.251,3699.3,3990.2,4090,4090,3890.5,3890.5,3890.5,3890.5,3890.5,3192.2,3192.2,3192.2,3192.2,99.8,3591.2,3744.3,3871.3,3866.9,3878.5,3878.6,3882.1,3882.4,3885,3882.8,3869.8,3883.1,3882.8,3885.4,3885.6,3883,3887,3887.8,3194.4,3199.6,3200.5,3199.6,3804.8,99.9,100,99.8,99.9,99.9,99.9,99.9,100,99.9,99.9,99.9,99.9,100,100,99.9,100,100,99.9,100,100,100,100,99.9,100,104.5,108.2,108.1,108.2,108.2,108.2,108.2,108.3,108.2,108.2,108.2,108.2,108.3,108.3,108.2,108.3,108.3,89.4,89.4,89.4,89.4,104.5,37.1,40,41,41,39,39,39,39,39,32,32,32,32,36,84,84,82,91,87,89,88,81,89,78,78,78,78,16,16,18,9,13,11,12,19,11,22,22,22,22,88,91,Yes,Yes,No,Yes,Yes,Yes,Yes,No,Yes,No,No,No,No,No,No,No,No,No,No,No,No,No,No,No,No,No,No,No,No,No,No,No,No,No,No,No,No,No,No,Yes,No,No,87,87,40,0,0,0,0,0,0,0,1.25,101.502,122.132,110.262,9.959,0.884,150,175,120,0,0,99.7,99.6,99.4,99.7,99.7,99.8,99.7,99.8,99.7,99.4,99.7,99.7,99.8,99.8,99.7,99.8,99.8,99.4,99.5,99.5,99.5,0,0,0,0,0,0,0,0,0,0.1,0,0.1,0.1,0,0,0,0,0,0,0,0,0,0,0,0,0,0,0,0,0,0,0,0,0,0,2793.2,28,36,36,36,76,112,447,2,2,Yes,No,Yes,No,No,No,No,No,No,No,No,No,No,No,No,No,No,No,No,No,No,No,No,No,No,No,No,Yes,No,Yes,No,No,No,No,No,Yes,No,No,31,42,31,89,78,46,1.128,5.08,3.424,3.328,12.192,2.024,0.72,3.424,3.2,1.072,1.264,1.664,1.064,1,1,0.904,1.824,1773,2064,3470,45,40,37,1.145,67,36.5,1.26,1.26,1.8,1.815,1.11,5.04,1.75,No,No,No,36,1.26,1.26,1.8,1.815,1.11,5.04,2,No,No,No,53,53,62,100,100,No,No,14726,23929,34,34,No,No,1299,631,3,0,3,6.764,0.376,40053,65251,0,0,0,0,0,0,29.2,32,32.3,84,0.905,12.164,12.152,12.168,12.171,0,0,10.87,6.282,10.445,11.888,4.929,1.456,7.561,7.695,210,50.6,1185,32.9,1290,1,6,0,0,9.4,0,0.2,0,0,0,0,0,0,Yes,No,No,No,No,Yes,No,6,8.7,0,0,0,0,0,0,0,0,0,0,0,0,0,0,0,0,0,0,0,0,0,0,0,0,0,0,0,0,0,0,11131,1151,888,63,2.5,0,0,0,16.5,4.9,104.7,1,4.8,205.62,981.77,9.55,1.85,287.09,288.98,0,1886,31,1.3,0.2,0,0,0,0,0,0
14.10.2025,08:30.0,24900,44517,35.8,19212,46109,29.4,0,1.07,1.067,1.066,1.068,1.087,1.074,1.098,1.076,1.054,1.063,1.063,1.063,1.063,1.251,3674.3,3890.5,3890.5,3890.5,3890.5,3890.5,3990.2,3990.2,3890.5,3192.2,3192.2,3192.2,3192.2,99.8,3491.5,3714.2,3840.8,3843.2,3845.4,3845.6,3850.8,3846.8,3848.3,3849.3,3836.4,3849.3,3849.1,3849.5,3850,3851.3,3852.9,3853.1,3174.3,3181.4,3183.8,3183,3773.2,99.9,99.9,99.9,99.9,99.9,100,99.9,99.9,99.9,99.9,100,99.9,99.9,99.9,100,100,100,100,100,100,99.9,100,99.9,100,103.8,107.4,107.4,107.4,107.4,107.5,107.4,107.4,107.5,107.5,107.5,107.5,107.5,107.5,107.5,107.5,107.5,89.1,89.1,89.1,89.1,103.8,36.8,39,39,39,39,39,40,40,39,32,32,32,32,35,83,86,81,91,84,83,84,84,89,79,79,79,79,17,14,19,9,16,17,16,16,11,21,21,21,21,88,91,Yes,Yes,No,Yes,No,Yes,Yes,No,Yes,No,No,No,No,No,No,No,No,No,No,No,No,No,No,No,No,No,No,No,No,No,No,No,No,No,No,No,No,No,No,Yes,No,No,88,88,40,0,0,0,0,0,0,0,1.25,87.228,116.748,104.726,10.085,0.908,150,175,96,0,0,99.6,99.5,99.5,99.6,99.6,99.8,99.7,99.7,99.7,99.4,99.7,99.7,99.7,99.7,99.8,99.8,99.8,99.2,99.4,99.5,99.5,0,0,0,0,0,0,0,0,0,0,0,0,0,0,0,0,0,0,0,0,0,0,0,0,0,0,0,0,0,0,0,0,0,0,0,2793.2,28,36,36,36,76,112,447,2,2,Yes,No,Yes,No,No,No,No,No,No,No,No,No,No,No,No,No,No,No,No,No,No,No,No,No,No,No,No,Yes,No,Yes,No,No,No,No,No,Yes,No,No,31,42,31,90,79,45,1.092,5.04,3.424,3.328,12.192,2.024,0.72,3.424,3.2,1.072,1.264,1.648,1.064,1,1,0.904,1.824,1790,2064,3470,45,40,37,1.115,59,36.5,1.26,1.26,1.8,1.8,1.11,5.04,2.75,No,No,No,36,1.26,1.26,1.8,1.815,1.11,5.04,2.375,No,No,No,53,53,61,100,100,No,No,14726,23929,34,34,No,No,1299,631,2.4,0.1,2.6,3.558,1.03,40060,65253,0,0,0,0,0,0,29.1,32,32.2,84,0.905,12.167,12.157,12.17,12.173,0,0,11.108,6.085,10.824,11.513,4.297,0.695,7.558,7.707,210,50.6,1185,34.9,1290,1,2,0,0,9.4,0,0.2,0,0,0,0,0,0,Yes,No,No,No,No,Yes,No,5.8,7.9,0,0,0,0,0,0,0,0,0,0,0,0,0,0,0,0,0,0,0,0,0,0,0,0,0,0,0,0,0,0,11131,1151,888,61,2.5,0,0,0,16.5,4.7,54.8,1.2,4.5,212.93,862.07,18.24,1.41,285.74,287.07,0,1886,31,0.3,0.1,0,0,0,0,0,0
14.10.2025,08:32.0,24894,44523,35.8,19203,46117,29.3,0,1.038,1.058,1.069,1.077,1.023,1.04,1,1.01,1.048,1.031,1.031,1.032,1.032,1.251,3591.2,3890.5,3790.7,3890.5,3790.7,3790.7,3691,3691,3790.7,3192.2,3192.2,3192.2,3192.2,99.8,3491.5,3672.6,3796.3,3798.2,3801.6,3804.1,3805.6,3802,3805.8,3806.4,3791.8,3805.4,3803.8,3803.9,3802.6,3801.7,3801.4,3801.6,3151.2,3154.7,3157.6,3156.8,3729.9,100,100,100,99.9,100,100,99.9,99.9,100,99.9,100,99.9,100,99.9,99.9,100,100,100,100,100,100,100,100,100,102.6,106.1,106.1,106.1,106.2,106.2,106.1,106.2,106.2,106.2,106.2,106.2,106.2,106.2,106.2,106.2,106.2,88.4,88.4,88.4,88.4,102.6,36,39,38,39,38,38,37,37,38,32,32,32,32,35,83,85,84,90,88,87,87,81,85,78,78,78,78,17,15,16,10,12,13,13,19,15,22,22,22,22,91,90,Yes,Yes,No,Yes,Yes,Yes,Yes,No,Yes,No,No,No,No,No,No,No,No,No,No,No,No,No,No,No,No,No,No,No,No,No,No,No,No,No,No,No,No,No,No,Yes,No,No,90,90,40,0,0,0,0,0,0,0,1.25,80.884,113.515,101.205,10.302,0.981,150,175,88,0,0,99.7,99.5,99.6,99.7,99.7,99.8,99.7,99.8,99.8,99.4,99.8,99.7,99.8,99.8,99.8,99.8,99.8,99.4,99.5,99.6,99.5,0,0,0,0,0,0,0,0,0,0,0,0,0,0,0,0,0,0,0,0,0,0,0,0,0,0,0,0,0,0,0,0,0,0,0,2793.2,28,36,36,36,76,112,447,2,2,Yes,No,Yes,No,No,No,No,No,No,No,No,No,No,No,No,No,No,No,No,No,No,No,No,No,No,No,No,Yes,No,Yes,No,No,No,No,No,Yes,No,No,31,42,31,90,78,45,1.039,5.08,3.424,3.328,12.192,2.024,0.712,3.424,3.2,1.072,1.264,1.648,1.064,1,1,0.904,1.824,1800,2054,3479,45,40,37,1.1,61,36.5,1.26,1.26,1.8,1.815,1.2,5.04,1.625,No,No,No,36.2,1.26,1.26,1.8,1.815,1.11,5.04,1.25,No,No,No,52,52,63,100,100,No,No,14726,23929,34,34,No,No,1299,631,2.2,0.8,3,3.491,1.728,40066,65256,0,0,0,0,0,0,29.1,30,32.3,84,0.905,12.169,12.161,12.172,12.174,0,0,11.163,6.296,10.835,12.002,4.784,1.183,7.558,7.713,210,50.6,1185,35.4,1290,1,3,0,0,9.4,0,0.2,0,0,0,0,0,0,Yes,No,No,No,No,Yes,No,6,8,0,0,0,0,0,0,0,0,0,0,0,0,0,0,0,0,0,0,0,0,0,0,0,0,0,0,0,0,0,0,11131,1151,888,59,2.5,0,0,0,16.5,4.6,106.1,1.2,4.4,216.29,830.59,9.43,1.33,248.63,249.99,0,1886,31,1.7,2.2,0,0,0,0,0,0
14.10.2025,08:34.0,24904,44512,35.8,19209,46111,29.4,0,1.041,1.079,1.063,1.05,1.008,1.04,1.044,1.04,1.034,1.028,1.036,1.036,1.036,1.251,3599.5,3890.5,3890.5,3790.7,3691,3790.7,3790.7,3790.7,3790.7,3192.2,3192.2,3192.2,3192.2,99.8,3491.5,3649.6,3768.2,3769.8,3772.4,3773.6,3776.2,3778.3,3776,3779.8,3760.3,3773.8,3777.7,3778.3,3776.1,3781.1,3782.7,3783.3,3140.6,3149.3,3147.6,3147.8,3705.4,99.9,100,100,99.9,99.9,99.9,99.9,99.9,100,99.9,99.9,100,99.9,99.9,100,100,100,99.9,100,99.9,100,100,99.9,100,101.9,105.4,105.4,105.3,105.3,105.3,105.4,105.3,105.4,105.3,105.3,105.4,105.4,105.3,105.4,105.4,105.4,88,88.1,88,88.1,101.9,36.1,39,39,38,37,38,38,38,38,32,32,32,32,35,84,83,84,90,87,86,89,82,89,79,80,80,79,16,17,16,10,13,14,11,18,11,21,20,20,21,90,90,Yes,Yes,No,Yes,Yes,Yes,Yes,No,Yes,No,No,No,No,No,No,No,No,No,No,No,No,No,No,No,No,No,No,No,No,No,No,No,No,No,No,No,No,No,No,Yes,No,No,90,90,41,0,0,0,0,0,0,0,1.25,91.986,110.638,98.564,10.133,0.911,150,175,96,0,0,99.6,99.5,99.5,99.6,99.6,99.7,99.7,99.7,99.8,99.3,99.6,99.7,99.7,99.7,99.8,99.8,99.8,99.2,99.5,99.4,99.4,0,0,0,0,0,0,0,0,0,0.1,0,0.1,0,0,0,0,0,0,0,0,0,0,0,0,0,0,0,0,0,0,0,0,0,0,0,2793.2,28,36,36,36,76,112,447,2,2,Yes,No,Yes,No,No,No,No,No,No,No,No,No,No,No,No,No,No,No,No,No,No,No,No,No,No,No,No,Yes,No,Yes,No,No,No,No,No,Yes,No,No,31,42,31,89,79,44,1.066,5.08,3.424,3.328,12.192,2.024,0.712,3.424,3.2,1.072,1.264,1.648,1.064,1,1,0.904,1.824,1800,2061,3534,45,41,37,1.12,50,36.8,1.26,1.26,1.8,1.815,1.11,4.97,2.375,No,No,No,36.2,1.26,1.26,1.8,1.815,1.11,5.04,2.875,No,No,No,52,52,62,100,100,No,No,14726,23929,34,34,No,No,1299,631,1.2,0.2,1.4,2.067,0.792,40070,65258,0,0,0,0,0,0,29.1,32,32.1,84,0.905,12.164,12.153,12.167,12.171,0,0,10.841,6.183,10.679,11.523,4.406,0.856,7.973,7.848,210,50.6,1185,33,1290,1,8,0,0,9.4,0,0.2,0,0,0,0,0,0,Yes,No,No,No,No,Yes,No,5.8,7.8,0,0,0,0,0,0,0,0,0,0,0,0,0,0,0,0,0,0,0,0,0,0,0,0,0,0,0,0,0,0,11131,1151,888,59,2.5,0,0,0,16.5,5.9,79.3,1.3,5.9,170.6,797.64,12.61,1.6,116.11,117.72,0,1886,31,27,2.6,0,0,0,0,0,0
14.10.2025,08:36.0,24929,44487,35.9,19218,46102,29.4,0,1.016,1.036,1.011,1.013,1.031,1.038,1.041,1.039,1.009,0.993,0.993,0.993,0.993,1.251,3524.7,3790.7,3691,3691,3691,3790.7,3790.7,3790.7,3691,3092.4,3092.4,3092.4,3092.4,99.8,3391.7,3641.8,3755.3,3761.7,3769,3767.9,3769.5,3769,3769.7,3769.8,3754.5,3767.4,3768.4,3769.4,3771.6,3770.3,3771,3770.4,3135.1,3141.2,3142.5,3142.1,3697.3,99.9,99.8,99.9,100,99.9,99.9,100,100,99.9,99.9,99.9,99.9,99.9,100,99.9,100,100,99.9,99.9,99.9,100,100,99.9,100,101.7,105,105.1,105.2,105.2,105.2,105.2,105.2,105.2,105.2,105.2,105.2,105.2,105.2,105.2,105.2,105.2,87.9,87.9,87.9,88,101.7,35.3,38,37,37,37,38,38,38,37,31,31,31,31,34,84,86,86,88,88,87,87,84,87,80,80,80,80,16,14,14,12,12,13,13,16,13,20,20,20,20,90,88,Yes,Yes,No,Yes,Yes,Yes,Yes,No,Yes,No,No,No,No,No,No,No,No,No,No,No,No,No,No,No,No,No,No,No,No,No,No,No,No,No,No,No,No,No,No,Yes,No,No,90,90,41,0,0,0,0,0,0,0,1.25,82.47,109.21,97.16,10.122,0.898,150,175,88,0,0,99.6,99.4,99.6,99.7,99.7,99.8,99.8,99.8,99.8,99.4,99.7,99.7,99.7,99.8,99.8,99.8,99.8,99.3,99.5,99.5,99.5,0,0,0,0,0,0,0,0,0,0.1,0.1,0.1,0,0,0,0,0,0,0,0,0,0,0,0,0,0,0,0,0,0,0,0,0,0,0,2793.2,28,36,36,36,76,112,447,2,2,Yes,No,Yes,No,No,No,No,No,No,No,No,No,No,No,No,No,No,No,No,No,No,No,No,No,No,No,No,Yes,No,Yes,No,No,No,No,No,No,No,No,31,42,31,90,79,45,1.048,5.04,3.424,3.328,12.192,2.024,0.712,3.424,3.2,1.072,1.264,1.648,1.064,1,1,0.904,1.824,1800,2051,3524,44,41,37,1.12,62,36.8,1.26,1.26,1.8,1.815,1.11,5.04,1.375,No,No,No,36.2,1.26,1.26,1.8,1.815,1.11,5.04,2.875,No,No,No,52,52,62,100,100,No,No,14726,23929,34,34,No,No,1299,631,1,0.2,1.2,2.375,0.423,40075,65259,0,0,0,0,0,0,29,30,32.1,84,0.905,12.166,12.156,12.17,12.173,0,0,11.564,6.026,10.612,11.342,4.261,0.736,7.552,7.675,210,50.6,1185,68.6,1290,5,11,0,0,9.4,0.1,0.7,0,0,0,0,0,0,Yes,No,No,No,No,Yes,No,5.7,7.9,0,0,0,0,0,0,0,0,0,0,0,0,0,0,0,0,0,0,0,0,0,0,0,0,0,0,0,0,0,0,11131,1151,888,67,2.5,0,0,0,16.5,6.6,61.4,2.3,6.6,150.52,432.29,16.28,1.39,61.81,63.18,0,1886,31,0.2,0.1,0,0,0,0,0,0
14.10.2025,08:38.0,24924,44492,35.9,19211,46110,29.4,0,1.032,1.058,1.039,1.043,1.033,1.029,1.021,0.997,1.037,1.033,1.033,1.033,1.033,1.251,3591.2,3890.5,3790.7,3790.7,3790.7,3790.7,3790.7,3691,3790.7,3192.2,3192.2,3192.2,3192.2,99.8,3491.5,3601,3713.6,3715.1,3720.2,3721.7,3722.7,3723,3723,3723.3,3712.2,3722.8,3724.2,3724.7,3724.9,3725.4,3725.2,3726.8,3113.9,3117.7,3120,3119.9,3654.5,100,100,100,100,100,100,100,100,100,100,100,100,100,100,100,100,100,100,100,100,100,100,100,100,100.5,103.8,103.8,103.8,103.8,103.8,103.8,103.8,103.8,103.8,103.8,103.8,103.8,103.8,103.8,103.8,103.8,87.1,87.1,87.1,87.1,100.5,36,39,38,38,38,38,38,37,38,32,32,32,32,35,84,84,82,90,88,89,89,83,86,79,79,79,79,16,16,18,10,12,11,11,17,14,21,21,21,21,91,90,Yes,Yes,No,Yes,Yes,Yes,Yes,No,Yes,No,No,No,No,No,No,No,No,No,No,No,No,No,No,No,No,No,No,No,No,No,No,No,No,No,No,No,No,No,No,Yes,No,No,89,89,41,0,0,0,0,0,0,0,1.25,84.056,108.727,96.571,10.202,0.923,150,175,72,0,0,99.7,99.6,99.6,99.7,99.8,99.8,99.8,99.8,99.8,99.5,99.8,99.8,99.8,99.8,99.8,99.8,99.8,99.4,99.6,99.6,99.6,0,0,0,0,0,0,0,0,0,0,0,0,0,0,0,0,0,0,0,0,0,0,0,0,0,0,0,0,0,0,0,0,0,0,0,2793.2,28,36,36,36,76,112,447,2,2,Yes,No,Yes,No,No,No,No,No,No,No,No,No,No,No,No,No,No,No,No,No,No,No,No,No,No,No,No,Yes,No,Yes,No,No,No,No,No,No,No,No,31,42,31,90,79,45,1.039,5.08,3.424,3.328,12.192,2.024,0.712,3.424,3.2,1.072,1.264,1.664,1.064,1,1,0.904,1.824,1802,2054,3435,44,41,37,1.055,54,36.8,1.26,1.26,1.8,1.815,1.11,5.04,1.25,No,No,No,36.5,1.26,1.26,1.8,1.815,1.11,5.04,2.125,No,No,No,52,52,60,100,100,No,No,14726,23929,34,34,No,No,1299,631,0.1,0.3,0.3,0.104,0.931,40075,65261,0,0,0,0,0,0,29,30,32.1,84,0.905,12.165,12.155,12.168,12.171,0,0,10.901,6.901,11.271,12.095,4.589,0.841,11.623,7.885,210,50.6,1185,34.3,1290,1,9,0,0,9.4,0.1,0.4,0,0,0,0,0,0,Yes,No,No,No,No,Yes,No,6.1,8.7,0,0,0,0,0,0,0,0,0,0,0,0,0,0,0,0,0,0,0,0,0,0,0,0,0,0,0,0,0,0,11131,1151,888,67,2.5,0,0,0,16.5,6.4,74.3,1.3,6.5,157.21,752.18,13.47,1.51,214.49,216.03,0,1886,31,0.4,0.2,0,0,0,0,0,0
14.10.2025,08:40.0,24878,44538,35.8,19172,46148,29.3,0,1.03,1.036,1.047,1.037,1.067,1.041,1.033,1.033,1.032,0.99,1.014,1.014,1.014,1.251,3566.3,3790.7,3790.7,3790.7,3890.5,3790.7,3790.7,3790.7,3790.7,3092.4,3092.4,3092.4,3092.4,99.8,3391.7,3636.5,3754.5,3751.2,3762.1,3762,3763.6,3763,3763.7,3764.5,3751.3,3763.9,3762.7,3758.7,3764.6,3766.7,3769.7,3768.7,3131.2,3138,3135.2,3135.8,3692.2,99.9,99.9,99.8,100,99.9,99.9,99.9,99.9,99.9,99.9,99.9,99.9,99.8,99.9,99.9,100,100,99.9,100,99.9,99.9,100,99.9,100,101.5,105,104.8,105,105,105,105,105,105,105,105,105,104.9,105,105,105.1,105.1,87.7,87.8,87.7,87.7,101.5,35.8,38,38,38,39,38,38,38,38,31,31,31,31,34,84,86,83,90,88,87,89,83,89,79,79,80,80,16,14,17,10,12,13,11,17,11,21,21,20,20,90,90,Yes,Yes,No,Yes,Yes,Yes,Yes,No,Yes,No,No,No,No,No,No,No,No,No,No,No,No,No,No,No,No,No,No,No,No,No,No,No,No,No,No,No,No,No,No,Yes,No,No,87,87,41,0,0,0,0,0,0,0,1.25,90.4,106.85,95.119,9.877,0.821,150,175,96,0,0,99.6,99.5,99.4,99.7,99.7,99.7,99.7,99.7,99.7,99.4,99.7,99.7,99.6,99.7,99.7,99.8,99.8,99.3,99.5,99.4,99.4,0,0,0,0,0,0,0,0,0,0.1,0,0.2,0.1,0,0,0,0,0,0,0,0,0,0,0,0,0,0,0,0,0,0,0,0,0,0,2793.2,28,36,36,36,76,112,447,2,2,Yes,No,Yes,No,No,No,No,No,No,No,No,No,No,No,No,No,No,No,No,No,No,No,No,No,No,No,No,Yes,No,Yes,No,No,No,No,No,Yes,No,No,31,42,31,90,78,45,1.012,5.08,3.424,3.328,12.192,2.024,0.712,3.424,3.2,1.072,1.264,1.648,1.064,1,1,0.904,1.824,1800,2067,3506,44,41,37,1.115,55,36.8,1.26,1.26,1.8,1.815,1.11,5.04,2.625,No,No,No,36.5,1.26,1.26,1.8,1.815,1.11,5.04,2.75,No,No,No,52,52,60,100,100,No,No,14726,23929,34,34,No,No,1299,631,4.8,0.1,5,10.242,0.512,40094,65262,0,0,0,0,0,0,28.9,30,32.1,84,0.905,12.166,12.157,12.169,12.173,0,0,10.734,6.068,10.728,11.463,4.321,0.746,7.54,7.679,210,50.6,1185,33.3,1290,1,2,0,0,9.4,0,0.2,0,0,0,0,0,0,Yes,No,No,No,No,Yes,No,5.7,8,0,0,0,0,0,0,0,0,0,0,0,0,0,0,0,0,0,0,0,0,0,0,0,0,0,0,0,0,0,0,11131,1151,888,67,2.5,0,0,0,16.5,5.7,56.1,1,5.8,176.44,989.09,17.82,1.52,398.46,399.99,0,1886,31,0.1,0,0,0,0,0,0,0
14.10.2025,08:42.0,24866,44550,35.8,19162,46158,29.3,0,1.025,1.051,1.015,0.992,1.011,1.028,1.01,1.028,1.017,1.039,1.036,1.035,1.044,1.251,3549.7,3890.5,3691,3591.2,3691,3790.7,3691,3691,3790.7,3192.2,3192.2,3192.2,3192.2,99.8,3491.5,3624.8,3736.9,3745.1,3748,3750.9,3748.5,3752.6,3752.9,3750.4,3738.8,3749.8,3750.5,3748,3749.3,3752.9,3752.9,3752.8,3124.8,3128.8,3130.4,3131.6,3679.7,99.9,99.9,100,99.9,99.9,99.8,99.9,100,99.9,99.9,99.9,99.9,99.9,99.9,100,100,100,100,99.9,99.9,100,100,99.9,100,101.3,104.6,104.7,104.6,104.7,104.6,104.7,104.7,104.7,104.7,104.7,104.7,104.6,104.7,104.8,104.8,104.8,87.6,87.6,87.5,87.6,101.3,35.6,39,37,36,37,38,37,37,38,32,32,32,32,35,84,86,84,90,85,87,88,82,86,80,80,80,78,16,14,16,10,15,13,12,18,14,20,20,20,22,91,90,Yes,Yes,No,Yes,Yes,Yes,Yes,No,Yes,No,No,No,No,No,No,No,No,No,No,No,No,No,No,No,No,No,No,No,No,No,No,No,No,No,No,No,No,No,No,Yes,No,No,90,90,41,0,0,0,0,0,0,0,1.25,91.986,107.493,95.229,10.272,0.963,150,175,128,0,0,99.6,99.3,99.6,99.6,99.7,99.6,99.7,99.8,99.7,99.4,99.7,99.7,99.7,99.7,99.8,99.8,99.8,99.4,99.5,99.5,99.6,0,0,0,0,0,0,0,0,0,0,0,0.1,0,0,0,0,0,0,0,0,0,0,0,0,0,0,0,0,0,0,0,0,0,0,0,2793.2,28,36,36,36,76,112,447,2,2,Yes,No,Yes,No,No,No,No,No,No,No,No,No,No,No,No,No,No,No,No,No,No,No,No,No,No,No,No,Yes,No,Yes,No,No,No,No,No,Yes,No,No,31,42,31,89,79,45,1.074,5.04,3.424,3.328,12.192,2.024,0.704,3.424,3.2,1.072,1.264,1.664,1.064,1,1,0.904,1.824,1804,2064,3479,45,41,37,1.04,51,37,1.26,1.26,1.8,1.8,1.11,5.04,2.375,No,No,No,36.5,1.26,1.26,1.8,1.815,1.11,5.04,2.5,No,No,No,52,52,61,100,100,No,No,14726,23929,34,34,No,No,1299,631,1.7,0.1,1.8,2.767,0.841,40099,65263,0,0,0,0,0,0,28.9,30,32,84,0.905,12.165,12.155,12.168,12.172,0,0,10.815,6.131,10.874,11.341,4.09,0.472,8.508,7.633,210,50.6,1185,31.5,1290,1,17,0,0,9.4,0,0.2,0,0,0,0,0,0,Yes,No,No,No,No,Yes,No,5.7,8.1,0,0,0,0,0,0,0,0,0,0,0,0,0,0,0,0,0,0,0,0,0,0,0,0,0,0,0,0,0,0,11131,1151,888,67,2.5,0,0,0,16.5,5.2,108.3,1,5.3,190.95,988.87,9.24,1.47,331.89,333.36,0,1886,31,0.3,0.2,0,0,0,0,0,0
14.10.2025,08:44.0,24866,44550,35.8,19159,46161,29.3,0,1.037,1.01,1.019,1.043,1.041,1.057,1.057,1.039,1.028,1.037,1.039,1.039,1.039,1.251,3574.6,3691,3691,3790.7,3790.7,3790.7,3790.7,3790.7,3790.7,3192.2,3192.2,3192.2,3192.2,99.8,3291.9,3607.7,3720.2,3721.2,3724.9,3727.1,3729.4,3729.3,3729.7,3730.7,3719.4,3731.1,3730.5,3731.9,3733.1,3733.6,3733.1,3733,3119.6,3124.5,3126.4,3125.9,3661.2,100,100,100,100,100,100,100,100,100,100,100,100,100,100,100,100,100,100,100,100,100,100,100,100,100.7,104,104,104,104,104,104,104,104,104,104,104,104,104.1,104.1,104,104,87.3,87.3,87.3,87.3,100.7,35.8,37,37,38,38,38,38,38,38,32,32,32,32,33,84,86,82,88,84,87,87,83,89,79,79,79,79,16,14,18,12,16,13,13,17,11,21,21,21,21,91,89,Yes,Yes,No,Yes,Yes,Yes,Yes,No,Yes,No,No,No,No,No,No,No,No,No,No,No,No,No,No,No,No,No,No,No,No,No,No,No,No,No,No,No,No,No,No,Yes,No,No,89,89,41,0,0,0,0,0,0,0,1.25,91.986,106.898,94.621,10.28,0.964,150,175,96,0,0,99.7,99.6,99.6,99.7,99.8,99.8,99.8,99.8,99.8,99.5,99.8,99.8,99.8,99.8,99.8,99.8,99.8,99.4,99.6,99.6,99.6,0,0,0,0,0,0,0,0,0,0,0,0,0,0,0,0,0,0,0,0,0,0,0,0,0,0,0,0,0,0,0,0,0,0,0,2793.2,28,36,36,36,76,112,447,2,2,Yes,No,Yes,No,No,No,No,No,No,No,No,No,No,No,No,No,No,No,No,No,No,No,No,No,No,No,No,Yes,No,Yes,No,No,No,No,No,Yes,No,No,31,42,31,90,79,46,1.021,5.08,3.424,3.328,12.192,2.024,0.704,3.424,3.2,1.072,1.264,1.648,1.064,1,1,0.904,1.824,1804,2048,3497,45,41,38,1.07,54,37,1.26,1.26,1.8,1.815,1.2,5.04,1,No,No,No,36.8,1.26,1.26,1.8,1.815,1.155,5.04,1.125,No,No,No,52,52,60,100,100,No,No,14726,23929,34,34,No,No,1299,631,0.4,0,0.4,0.94,0.43,40101,65264,0,0,0,0,0,0,28.9,32,31.9,84,0.905,12.166,12.156,12.17,12.174,0,0,10.858,5.968,10.879,11.282,4.029,0.407,7.54,7.639,210,50.6,1185,29.3,1290,1,15,0,0,9.4,0,0.2,0,0,0,0,0,0,Yes,No,No,No,No,Yes,No,5.6,8,0,0,0,0,0,0,0,0,0,0,0,0,0,0,0,0,0,0,0,0,0,0,0,0,0,0,0,0,0,0,11131,1151,888,66,2.5,0,0,0,16.5,4.8,56.5,1,4.9,207.49,989.38,17.71,1.57,398.46,399.96,0,1886,31,1.1,0.3,0,0,0,0,0,0
14.10.2025,08:46.0,24865,44551,35.8,19161,46159,29.3,0,1.008,1.01,1.017,1.01,1.015,1.007,1.008,0.998,1.007,1.007,1.007,1.007,1.007,1.251,3491.5,3691,3691,3691,3691,3691,3691,3691,3691,3092.4,3092.4,3092.4,3092.4,99.8,3291.9,3627.8,3740.4,3742.9,3752.7,3753.2,3753.8,3755.7,3756.4,3753.4,3740.6,3752,3751,3754,3751.6,3752.6,3760.8,3760.9,3127.4,3131,3131.4,3133.6,3682.8,99.9,99.9,99.9,99.9,100,99.9,100,99.9,99.9,99.9,100,100,99.9,100,99.9,100,100,100,99.9,99.9,99.9,100,99.9,100,101.4,104.7,104.7,104.8,104.9,104.8,104.9,104.8,104.8,104.8,104.9,104.9,104.8,104.9,104.8,104.9,104.9,87.8,87.7,87.7,87.7,101.4,35,37,37,37,37,37,37,37,37,31,31,31,31,33,83,85,82,91,85,89,89,81,87,77,77,77,77,17,15,18,9,15,11,11,19,13,23,23,23,23,90,91,Yes,Yes,No,Yes,Yes,Yes,Yes,No,Yes,No,No,No,No,No,No,No,No,No,No,No,No,No,No,No,No,No,No,No,No,No,No,No,No,No,No,No,No,No,No,Yes,No,No,91,91,41,0,0,0,0,0,0,0,1.25,69.782,105.439,93.49,10.034,0.889,150,175,72,0,0,99.5,99.3,99.4,99.6,99.6,99.6,99.7,99.7,99.6,99.3,99.6,99.6,99.7,99.6,99.6,99.8,99.8,99.2,99.3,99.4,99.4,0,0,0,0,0,0,0,0,0,0,0.1,0.1,0.1,0,0,0,0,0,0,0,0,0,0,0,0,0,0,0,0,0,0,0,0,0,0,2793.2,28,36,36,36,76,112,447,2,2,Yes,No,Yes,No,No,No,No,No,No,No,No,No,No,No,No,No,No,No,No,No,No,No,No,No,No,No,No,Yes,No,Yes,No,No,No,No,No,Yes,No,No,31,43,31,90,78,45,1.03,5.04,3.424,3.328,12.192,2.024,0.704,3.424,3.2,1.072,1.264,1.648,1.064,1,1,0.904,1.824,1804,2042,3534,45,41,38,1.12,57,37,1.26,1.26,1.8,1.815,1.155,4.97,2.625,No,No,No,36.8,1.26,1.26,1.8,1.815,1.155,4.97,2.5,No,No,No,52,52,60,100,100,No,No,14726,23929,34,34,No,No,1299,631,1.5,0.1,1.6,2.506,0.599,40106,65265,0,0,0,0,0,0,28.8,30,31.9,84,0.905,12.165,12.154,12.168,12.173,0,0,10.856,5.967,10.967,11.304,3.993,0.343,7.532,7.631,210,50.6,1185,31.7,1290,1,3,0,0,9.4,0,0.2,0,0,0,0,0,0,Yes,No,No,No,No,Yes,No,5.7,8,0,0,0,0,0,0,0,0,0,0,0,0,0,0,0,0,0,0,0,0,0,0,0,0,0,0,0,0,0,0,11131,1151,888,65,2.5,0,0,0,16.5,4.6,108.2,1,4.6,219.05,986.78,9.24,1.49,331.8,333.35,0,1886,31,0.3,0.2,0,0,0,0,0,0
14.10.2025,08:48.0,24861,44556,35.8,19156,46164,29.3,0,1.038,1.001,0.991,1.042,1.061,1.064,1.069,1.029,1.038,1.039,1.039,1.039,1.041,1.251,3591.2,3691,3591.2,3790.7,3890.5,3890.5,3890.5,3790.7,3790.7,3192.2,3192.2,3192.2,3192.2,99.8,3291.9,3607.8,3725.1,3724,3727.6,3729,3731.2,3728,3732,3731.1,3716,3726.5,3727.9,3731.3,3733.1,3734.9,3735.1,3735.4,3116.5,3122.3,3124.4,3124.1,3661.5,100,100,100,100,100,100,99.9,100,99.9,100,99.9,99.9,99.9,100,100,100,100,100,100,100,100,100,100,100,100.8,104.1,104.1,104.1,104.1,104.1,104.1,104.1,104.1,104.1,104.1,104.1,104.1,104.1,104.2,104.2,104.2,87.3,87.3,87.3,87.3,100.8,36,37,36,38,39,39,39,38,38,32,32,32,32,33,83,83,83,90,84,89,87,82,86,79,79,79,79,17,17,17,10,16,11,13,18,14,21,21,21,21,91,90,Yes,No,No,Yes,Yes,Yes,Yes,No,Yes,No,No,No,No,No,No,No,No,No,No,No,No,No,No,No,No,No,No,No,No,No,No,No,No,No,No,No,No,No,No,Yes,No,No,88,88,41,0,0,0,0,0,0,0,1.25,95.158,106.251,94.066,10.213,0.939,150,175,104,0,0,99.6,99.6,99.6,99.7,99.7,99.8,99.7,99.8,99.7,99.3,99.6,99.6,99.7,99.7,99.8,99.8,99.8,99.3,99.5,99.6,99.6,0,0,0,0,0,0,0,0,0,0,0,0,0,0,0,0,0,0,0,0,0,0,0,0,0,0,0,0,0,0,0,0,0,0,0,2793.2,28,36,36,36,76,112,447,2,2,Yes,No,Yes,No,No,No,No,No,No,No,No,No,No,No,No,No,No,No,No,No,No,No,No,No,No,No,No,Yes,No,Yes,No,No,No,No,No,No,No,No,31,43,31,89,79,44,1.021,5.08,3.424,3.328,12.192,2.024,0.704,3.424,3.2,1.072,1.264,1.648,1.064,1,1,0.904,1.824,1804,2061,3435,44,41,38,1.095,55,37,1.26,1.26,1.8,1.815,1.155,4.97,3.625,No,No,No,36.8,1.26,1.26,1.8,1.815,1.155,4.97,3.375,No,No,No,52,52,60,100,100,No,No,14726,23929,34,34,No,No,1299,631,1,0.3,1.3,2.146,1.259,40110,65268,0,0,0,0,0,0,28.7,30,31.9,84,0.905,12.163,12.151,12.168,12.172,0,0,11.058,6.194,10.562,11.705,4.662,1.145,7.532,7.755,210,50.6,1185,33.4,1290,1,5,0,0,9.4,0,0.2,0,0,0,0,0,0,Yes,No,No,No,No,Yes,No,5.9,8,0,0,0,0,0,0,0,0,0,0,0,0,0,0,0,0,0,0,0,0,0,0,0,0,0,0,0,0,0,0,11131,1151,888,64,2.5,0,0,0,16.5,4.3,63.8,1,4.4,233.07,989.56,15.67,1.6,395.14,396.7,0,1886,31,0.5,0.2,0,0,0,0,0,0
14.10.2025,08:50.0,24876,44540,35.8,19180,46140,29.3,0,1.071,1.041,1.046,1.037,1.067,1.088,1.064,1.08,1.088,1.087,1.085,1.085,1.085,1.251,3624.5,3790.7,3790.7,3790.7,3790.7,3890.5,3890.5,3890.5,3890.5,3192.2,3192.2,3192.2,3192.2,99.8,3391.7,3609.8,3720.3,3723.3,3728.7,3732,3733.7,3734.3,3734.1,3732.7,3722.1,3733.7,3733.1,3733.4,3734.7,3734.4,3734.2,3735,3119.8,3124.1,3126.5,3125.2,3663.5,100,99.9,99.9,99.9,100,100,100,100,99.9,100,100,99.9,99.9,100,99.9,100,100,100,100,100,100,100,100,100,100.7,104,104,104,104.1,104.1,104.1,104.1,104,104.1,104.1,104.1,104.1,104.1,104.1,104.1,104.1,87.3,87.3,87.4,87.3,100.7,36.3,38,38,38,38,39,39,39,39,32,32,32,32,34,82,83,83,91,84,84,87,82,84,78,78,78,78,18,17,17,9,16,16,13,18,16,22,22,22,22,90,91,Yes,Yes,No,Yes,No,Yes,Yes,No,Yes,No,No,No,No,No,No,No,No,No,No,No,No,No,No,No,No,No,No,No,No,No,No,No,No,No,No,No,No,No,No,Yes,No,No,91,91,41,0,0,0,0,0,0,0,1.25,91.986,104.836,92.556,10.284,0.964,150,175,104,0,0,99.7,99.5,99.6,99.7,99.7,99.8,99.8,99.8,99.7,99.4,99.7,99.7,99.7,99.8,99.8,99.8,99.8,99.4,99.5,99.6,99.6,0,0,0,0,0,0,0,0,0,0,0,0,0,0,0,0,0,0,0,0,0,0,0,0,0,0,0,0,0,0,0,0,0,0,0,2793.2,28,36,36,36,76,112,447,2,2,Yes,No,Yes,No,No,No,No,No,No,No,No,No,No,No,No,No,No,No,No,No,No,No,No,No,No,No,No,Yes,No,Yes,No,No,No,No,No,No,No,No,31,43,31,89,78,44,1.074,5.08,3.424,3.328,12.192,2.024,0.696,3.424,3.2,1.072,1.264,1.648,1.064,1,1,0.904,1.824,1802,2054,3443,45,41,38,1.06,53,37.2,1.26,1.26,1.8,1.815,1.155,4.97,1.375,No,No,No,36.8,1.26,1.26,1.8,1.815,1.155,4.97,2.5,No,No,No,52,52,60,100,100,No,No,14726,23929,34,34,No,No,1299,631,1.6,0.5,2.1,1.965,2.944,40114,65273,0,0,0,0,0,0,28.7,30,31.7,84,0.905,12.163,12.149,12.168,12.172,0,0,10.91,6.115,10.683,11.584,4.467,0.915,7.532,7.627,210,50.6,1185,33,1290,1,7,0,0,9.4,0,0.2,0,0,0,0,0,0,Yes,No,No,No,No,Yes,No,5.8,8.8,0,0,0,0,0,0,0,0,0,0,0,0,0,0,0,0,0,0,0,0,0,0,0,0,0,0,0,0,0,0,11131,1151,888,63,2.5,0,0,0,16.5,4.1,93.1,1,4.2,242.45,986.8,10.74,1.53,334.58,336.11,0,1886,31,0.2,0,0,0,0,0,0,0
14.10.2025,08:52.0,24861,44555,35.8,19177,46143,29.3,0,1.021,0.993,0.988,1.019,1.008,1.013,1.013,1.031,1.034,1.035,1.039,1.039,1.04,1.251,3524.7,3591.2,3591.2,3691,3691,3691,3691,3790.7,3790.7,3192.2,3192.2,3192.2,3192.2,99.8,3192.2,3601.1,3720.1,3711.6,3718.9,3718.3,3717.9,3732.6,3723.4,3721,3709.7,3725.7,3717.5,3714,3727.7,3733.9,3734,3733.7,3108.9,3116.7,3118.7,3116.9,3654.8,99.8,99.8,99.6,99.7,99.6,99.5,99.9,99.7,99.7,99.8,99.8,99.6,99.5,99.8,100,100,100,99.8,99.9,99.9,99.9,100,99.8,100,100.6,104,103.8,103.9,103.8,103.8,104.2,103.9,103.9,104,104,103.9,103.7,104.1,104.2,104.2,104.2,87.1,87.2,87.2,87.2,100.6,35.3,36,36,37,37,37,37,38,38,32,32,32,32,32,84,84,83,88,85,87,87,81,87,80,80,80,80,16,16,17,12,15,13,13,19,13,20,20,20,20,90,88,Yes,No,No,Yes,No,Yes,Yes,No,Yes,No,No,No,No,No,No,No,No,No,No,No,No,No,No,No,No,No,No,No,No,No,No,No,No,No,No,No,No,No,No,Yes,No,No,91,91,41,0,0,0,0,0,0,0,1.25,85.642,105.608,93.498,10.163,0.918,150,175,88,0,0,99.5,99.4,99.2,99.4,99.4,99.3,99.7,99.5,99.5,99.2,99.6,99.4,99.3,99.6,99.8,99.8,99.8,99.2,99.5,99.5,99.5,0.1,0,0.1,0,0.1,0,0.1,0,0,0.2,0.1,0.1,0.1,0,0,0,0,0,0,0,0,0,0,0,0,0,0,0,0,0,0,0,0,0,0,2793.2,28,36,36,36,76,112,447,2,2,Yes,No,Yes,No,No,No,No,No,No,No,No,No,No,No,No,No,No,No,No,No,No,No,No,No,No,No,No,Yes,No,Yes,No,No,No,No,No,Yes,No,No,31,43,31,89,78,45,1.066,5.08,3.424,3.328,12.192,2.024,0.696,3.424,3.2,1.072,1.264,1.664,1.064,1,1,0.904,1.824,1802,2042,3488,45,41,38,1.06,55,37.2,1.26,1.26,1.8,1.815,1.155,4.97,1.375,No,No,No,37,1.26,1.26,1.8,1.815,1.155,4.97,1.25,No,No,No,52,52,60,100,100,No,No,14726,23929,34,34,No,No,1299,631,7.7,0.2,7.8,13.937,1.218,40140,65275,0,0,0,0,0,0,28.7,30,31.7,84,0.905,12.165,12.153,12.169,12.173,0,0,10.908,5.98,10.605,11.256,4.175,0.654,7.53,7.636,210,50.6,1185,31.8,1290,1,7,0,0,9.4,0,0.2,0,0,0,0,0,0,Yes,No,No,No,No,Yes,No,5.6,8.8,0,0,0,0,0,0,0,0,0,0,0,0,0,0,0,0,0,0,0,0,0,0,0,0,0,0,0,0,0,0,11131,1151,888,62,2.5,0,0,0,16.5,4,63.3,1,4.1,247.78,969.76,15.8,1.47,276.72,278.22,0,1886,31,0.7,0.4,0,0,0,0,0,0
14.10.2025,08:54.0,24859,44557,35.8,19175,46145,29.3,0,1.02,0.987,0.985,1.01,1.077,1.036,1.041,1.031,1.021,1.011,1.013,1.013,1.013,1.251,3516.4,3591.2,3591.2,3691,3890.5,3790.7,3790.7,3790.7,3691,3092.4,3092.4,3092.4,3092.4,99.8,3192.2,3573,3681.9,3681.8,3691.8,3692.2,3693.3,3694.5,3696.4,3696.2,3682.7,3695.3,3693.9,3695,3696.7,3698.3,3697.6,3697.8,3089.7,3093.3,3096.3,3095.2,3626,100,99.9,99.9,100,99.9,99.9,100,100,100,100,100,100,99.9,100,100,100,100,99.9,99.9,100,100,100,100,100,99.8,103,103,103.1,103,103,103.1,103.1,103.1,103.1,103.1,103.1,103.1,103.1,103.1,103.1,103.1,86.5,86.5,86.5,86.5,99.8,35.2,36,36,37,39,38,38,38,37,31,31,31,31,32,83,82,82,90,87,87,85,80,87,79,79,79,79,17,18,18,10,13,13,15,20,13,21,21,21,21,90,90,Yes,No,No,Yes,No,Yes,No,No,Yes,No,No,No,No,No,No,No,No,No,No,No,No,No,No,No,No,No,No,No,No,No,No,No,No,No,No,No,No,No,No,Yes,No,No,90,90,41,0,0,0,0,0,0,0,1.25,88.814,103.986,92.124,9.985,0.849,150,175,88,0,0,99.6,99.5,99.5,99.7,99.7,99.7,99.8,99.8,99.8,99.4,99.7,99.7,99.7,99.8,99.8,99.8,99.8,99.4,99.5,99.6,99.5,0,0,0,0,0,0,0,0,0,0.1,0,0,0,0,0,0,0,0,0,0,0,0,0,0,0,0,0,0,0,0,0,0,0,0,0,2793.2,28,36,36,36,76,112,447,2,2,Yes,No,Yes,No,No,No,No,No,No,No,No,No,No,No,No,No,No,No,No,No,No,No,No,No,No,No,No,Yes,No,Yes,No,No,No,No,No,No,No,No,31,43,31,90,78,45,1.021,5.04,3.424,3.328,12.192,2.024,0.696,3.424,3.2,1.072,1.264,1.664,1.064,1,1,0.904,1.824,1807,2054,3497,45,41,38,1.095,56,37.2,1.26,1.26,1.8,1.8,1.155,4.97,2.25,No,No,No,37,1.26,1.26,1.8,1.815,1.155,4.97,1.5,No,No,No,52,52,61,100,100,No,No,14726,23929,34,34,No,No,1299,631,1.9,0.1,2,3.764,0.484,40148,65276,0,0,0,0,0,0,28.7,30,31.7,84,0.905,12.16,12.145,12.165,12.169,0,0,11.315,6.16,10.647,11.581,4.478,0.946,7.527,7.94,210,50.6,1185,54.6,1290,4,3,0,0,9.4,0.1,0.5,0,0,0,0,0,0,Yes,No,No,No,No,Yes,No,5.8,8.5,0,0,0,0,0,0,0,0,0,0,0,0,0,0,0,0,0,0,0,0,0,0,0,0,0,0,0,0,0,0,11131,1151,888,63,2.5,0,0,0,16.5,4.5,90.7,2.2,4.5,224.47,447.29,11.02,1.67,102.52,104.16,0,1886,31,0.5,0.5,0,0,0,0,0,0
14.10.2025,08:56.0,24855,44561,35.8,19174,46147,29.3,0,1.034,1.016,1.045,1.014,1.013,1.017,1.017,1.005,1.039,1.084,1.056,1.056,1.042,1.251,3533,3691,3790.7,3691,3691,3691,3691,3591.2,3790.7,3192.2,3192.2,3192.2,3192.2,99.8,3291.9,3580,3691.3,3690.4,3698.9,3701.4,3703.2,3702.5,3701.4,3701.7,3686.9,3699.4,3701.2,3701.8,3703.5,3702,3703.5,3704.4,3095.1,3100.9,3105,3104.5,3632.8,100,100,99.9,99.9,100,100,99.9,99.9,99.9,99.9,99.9,99.9,100,100,100,100,100,99.9,100,100,100,100,100,100,100,103.2,103.2,103.3,103.3,103.3,103.3,103.3,103.3,103.3,103.3,103.3,103.3,103.3,103.3,103.3,103.3,86.7,86.8,86.8,86.8,100,35.4,37,38,37,37,37,37,36,38,32,32,32,32,33,84,84,82,90,85,86,87,82,86,81,79,79,81,16,16,18,10,15,14,13,18,14,19,21,21,19,90,90,Yes,No,No,Yes,No,No,No,No,Yes,No,No,No,No,No,No,No,No,No,No,No,No,No,No,No,No,No,No,No,No,No,No,No,No,No,No,No,No,No,No,Yes,No,No,91,91,41,0,0,0,0,0,0,0,1.25,91.986,104.768,92.544,10.262,0.928,150,175,96,0,0,99.6,99.5,99.5,99.7,99.7,99.8,99.7,99.7,99.7,99.4,99.7,99.7,99.8,99.8,99.8,99.8,99.8,99.3,99.5,99.6,99.6,0,0,0,0,0,0,0,0,0,0.1,0,0,0,0,0,0,0,0,0,0,0,0,0,0,0,0,0,0,0,0,0,0,0,0,0,2793.2,28,36,36,36,76,112,447,2,2,Yes,No,Yes,No,No,No,No,No,No,No,No,No,No,No,No,No,No,No,No,No,No,No,No,No,No,No,No,Yes,No,Yes,No,No,No,No,No,No,No,No,31,43,31,89,79,45,1.039,5.04,3.424,3.328,12.192,2.024,0.696,3.424,3.2,1.072,1.264,1.648,1.064,1,1,0.904,1.824,1802,2061,3443,45,41,38,1.095,54,37.2,1.26,1.26,1.8,1.815,1.2,4.97,2,No,No,No,37,1.26,1.26,1.8,1.815,1.17,4.97,2.375,No,No,No,52,52,60,100,100,No,No,14726,23929,34,34,No,No,1299,631,2.5,0.1,2.5,6.181,0.484,40159,65277,0,0,0,0,0,0,28.6,30,31.7,84,0.905,12.164,12.151,12.168,12.172,0,0,10.761,6.048,10.483,11.389,4.406,0.916,7.524,7.616,210,50.6,1185,36.9,1290,2,4,0,0,9.4,0.1,0.3,0,0,0,0,0,0,Yes,No,No,No,No,Yes,No,5.7,8.6,0,0,0,0,0,0,0,0,0,0,0,0,0,0,0,0,0,0,0,0,0,0,0,0,0,0,0,0,0,0,11131,1151,888,63,2.5,0,0,0,16.5,5.7,76.1,1.6,5.8,176.13,637.67,13.13,1.4,103.49,104.9,0,1886,31,0.2,0.4,0,0,0,0,0,0
14.10.2025,08:58.0,24857,44559,35.8,19186,46134,29.3,0,1.02,1.017,1.013,1.012,1.012,1.017,1.016,1.016,1.016,1.032,1.032,1.032,1.032,1.251,3491.5,3691,3691,3691,3691,3691,3691,3691,3691,3092.4,3092.4,3092.4,3092.4,99.8,3291.9,3590.4,3690,3688.8,3714,3711.3,3692.4,3717.5,3714.6,3709.1,3692.7,3699.3,3712.8,3724.3,3730.3,3729,3732.8,3729.6,3098.1,3103.2,3107,3110.6,3643.9,99.6,99.3,99.2,99.7,99.5,99,99.6,99.5,99.4,99.5,99.2,99.6,99.9,100,99.9,100,99.9,99.5,99.5,99.5,99.7,100,99.6,100,100.3,103.4,103.3,103.7,103.6,103.1,103.7,103.6,103.5,103.6,103.3,103.7,104,104,104,104.1,104,86.9,86.9,86.9,87,100.3,35,37,37,37,37,37,37,37,37,31,31,31,31,33,83,85,83,90,87,88,88,81,85,78,78,78,78,17,15,17,10,13,12,12,19,15,22,22,22,22,90,90,Yes,No,No,Yes,Yes,Yes,Yes,No,Yes,No,No,No,No,No,No,No,No,No,No,No,No,No,No,No,No,No,No,No,No,No,No,No,No,No,No,No,No,No,No,Yes,No,No,90,90,42,0,0,0,0,0,0,0,1.25,80.884,103.583,91.449,10.194,0.91,150,175,88,0,0,99.2,98.7,98.7,99.4,99.3,98.8,99.4,99.4,99.2,98.8,98.9,99.3,99.6,99.8,99.7,99.8,99.7,98.8,99,99.1,99.2,0.1,0.1,0,0.1,0,0,0,0,0,0.4,0.5,0.4,0.3,0,0,0,0,0,0,0,0,0,0,0,0,0,0,0,0,0,0,0,0,0,0,2793.2,28,36,36,36,76,112,447,2,2,Yes,No,Yes,No,No,No,No,No,No,No,No,No,No,No,No,No,No,No,No,No,No,No,No,No,No,No,No,Yes,No,Yes,No,No,No,No,No,No,No,No,31,43,31,89,79,44,1.066,5.08,3.424,3.328,12.192,2.024,0.696,3.424,3.2,1.072,1.264,1.648,1.064,1,1,0.904,1.824,1802,2061,3400,44,42,38,1.06,56,37.5,1.26,1.26,1.8,1.815,1.17,4.97,3,No,No,No,37,1.26,1.26,1.8,1.815,1.17,5.04,2.25,No,No,No,51,51,60,100,100,No,No,14726,23929,34,34,No,No,1299,631,23.8,0,23.8,43.971,0.305,40241,65278,0,0,0,0,0,0,28.7,30,31.7,84,0.905,12.164,12.154,12.167,12.171,0,0,11.622,6.525,10.901,12.447,5.173,1.56,7.527,8.057,210,50.6,1185,66.1,1290,11,3,0,0,9.4,0.3,1.5,0,0,0,0,0,0,Yes,No,No,No,No,Yes,No,6.2,9.7,0,0,0,0,0,0,0,0,0,0,0,0,0,0,0,0,0,0,0,0,0,0,0,0,0,0,0,0,0,0,11130,1152,890,63,2.5,0,0,0,16.5,12.5,64.8,2.9,12.7,79.89,339.78,15.43,1.83,28.19,30,0,1886,31,3.6,1.5,0,0,0,0,0,0.012
14.10.2025,09:00.0,24854,44562,35.8,19193,46127,29.3,0,1.017,1.014,1.012,1.01,1.013,1.035,1.028,1.033,1.012,1.012,1.012,1.013,1.013,1.251,3491.5,3691,3691,3691,3691,3691,3691,3691,3691,3092.4,3092.4,3092.4,3092.4,99.8,3291.9,3590.5,3688.5,3700.9,3699.9,3718.8,3700.3,3716.4,3722.2,3703.8,3703.6,3708.6,3708.9,3721.2,3714.1,3719.8,3725.5,3726.5,3100.4,3109.1,3112.3,3108.5,3643.8,99.7,99.4,99.7,99.4,99.9,99.3,99.7,99.9,99.4,99.8,99.6,99.6,99.9,99.7,99.8,100,100,99.8,99.9,99.8,99.7,100,99.7,100,100.3,103.3,103.6,103.4,103.8,103.3,103.7,103.8,103.3,103.7,103.6,103.5,103.8,103.6,103.8,103.9,103.9,87,87.1,87,87,100.3,35,37,37,37,37,37,37,37,37,31,31,31,31,33,84,84,83,90,85,88,87,82,89,80,80,80,80,16,16,17,10,15,12,13,18,11,20,20,20,20,90,90,Yes,No,No,Yes,No,No,Yes,No,Yes,No,No,No,No,No,No,No,No,No,No,No,No,No,No,No,No,No,No,No,No,No,No,No,No,No,No,No,No,No,No,Yes,No,No,90,90,42,0,0,0,0,0,0,0,1.25,90.4,105.16,92.981,10.233,0.918,150,175,88,0,0,99.4,98.9,99.2,99.1,99.6,99.1,99.6,99.7,99.2,99.2,99.4,99.4,99.7,99.5,99.6,99.8,99.8,99.1,99.3,99.4,99.3,0.1,0,0,0,0,0,0,0,0,0.2,0.1,0.1,0.2,0,0,0,0,0,0,0,0,0,0,0,0,0,0,0,0,0,0,0,0,0,0,2793.2,28,36,36,36,76,112,447,2,2,Yes,No,Yes,No,No,No,No,No,No,No,No,No,No,No,No,No,No,No,No,No,No,No,No,No,No,No,No,Yes,No,Yes,No,No,No,No,No,No,No,No,31,43,31,89,78,45,1.057,5.08,3.424,3.328,12.192,2.024,0.688,3.424,3.2,1.072,1.264,1.664,1.064,1,1,0.904,1.824,1802,2061,3470,44,42,38,1.09,51,37.5,1.26,1.26,1.8,1.815,1.17,5.04,2.25,No,No,No,37.2,1.26,1.26,1.8,1.815,1.17,5.04,3.625,No,No,No,51,51,60,100,100,No,No,14726,23929,34,34,No,No,1299,631,12.6,0.1,12.7,21.489,0.788,40283,65279,0,0,0,0,0,0,28.7,30,31.6,84,0.905,12.162,12.149,12.166,12.171,0,0,11.896,5.999,10.71,11.338,4.187,0.63,7.521,7.605,210,50.6,1185,85.6,1290,17,3,0,2,9.4,0.7,3.4,0,0,0,0,0,0,Yes,No,No,No,No,Yes,No,5.7,8.2,0,0,0,0,0,0,0,0,0,0,0,0,0,0,0,0,0,0,0,0,0,0,0,0,0,0,0,0,0,0,11130,1152,889,63,2.5,0,0,0,16.5,22.4,88.6,5.4,22.6,44.62,186.5,11.29,2.32,23.65,25.98,0,1886,31,0.2,0.1,0,0,0,0,0,0
14.10.2025,09:02.0,24861,44555,35.8,19205,46115,29.4,0,1.033,1,1.025,1,1,1.006,0.998,1.034,1.023,1.082,1.082,1.073,1.073,1.251,3541.3,3691,3790.7,3691,3691,3691,3691,3790.7,3691,3192.2,3192.2,3192.2,3192.2,99.8,3291.9,3585.2,3691.3,3689,3703.9,3706.9,3708.9,3706.7,3709.3,3713,3690.2,3707.1,3703.3,3708.7,3709.5,3710.8,3714.6,3715.6,3099.2,3102,3107.5,3106.9,3638.3,99.8,99.6,99.5,99.8,99.8,99.8,99.7,99.8,99.9,99.7,99.8,99.7,99.8,99.8,99.9,100,100,99.8,99.8,99.9,99.8,100,99.8,100,100.1,103.2,103.1,103.4,103.4,103.4,103.4,103.4,103.5,103.3,103.4,103.3,103.4,103.4,103.5,103.6,103.6,86.8,86.8,86.9,86.9,100.1,35.5,37,38,37,37,37,37,38,37,32,32,32,32,33,83,83,83,90,85,84,88,83,87,77,77,77,77,17,17,17,10,15,16,12,17,13,23,23,23,23,90,90,Yes,No,No,Yes,No,Yes,Yes,No,Yes,No,No,No,No,No,No,No,No,No,No,No,No,No,No,No,No,No,No,No,No,No,No,No,No,No,No,No,No,No,No,Yes,No,No,91,91,42,0,0,0,0,0,0,0,1.25,77.712,104.423,92.355,10.148,0.887,150,175,88,0,0,99.5,99.2,99.1,99.5,99.6,99.6,99.5,99.6,99.7,99.1,99.6,99.5,99.6,99.6,99.7,99.8,99.8,99.2,99.3,99.4,99.4,0.1,0,0.1,0.1,0,0,0,0,0,0.2,0.2,0.1,0.1,0,0,0,0,0,0,0,0,0,0,0,0,0,0,0,0,0,0,0,0,0,0,2793.2,28,36,36,36,76,112,447,2,2,Yes,No,Yes,No,No,No,No,No,No,No,No,No,No,No,No,No,No,No,No,No,No,No,No,No,No,No,No,Yes,No,Yes,No,No,No,No,No,No,No,No,31,43,31,89,79,45,1.066,5.04,3.424,3.328,12.192,2.024,0.688,3.424,3.2,1.072,1.264,1.648,1.064,1,1,0.904,1.824,1804,2061,3443,45,42,38,1.09,46,37.5,1.26,1.26,1.8,1.815,1.17,5.04,2.125,No,No,No,37.2,1.26,1.26,1.8,1.815,1.17,5.04,2.5,No,No,No,51,51,61,100,100,No,No,14726,23929,34,34,No,No,1299,631,8.1,0.1,8.2,16.373,0.533,40314,65280,0,0,0,0,0,0,28.6,30,31.7,84,0.905,12.162,12.149,12.166,12.17,0,0,11.372,6.047,10.578,11.363,4.32,0.798,7.518,7.755,210,50.6,1185,58.6,1290,1,16,0,0,9.4,0.7,3.3,0,0,0,0,0,0,Yes,No,No,No,No,Yes,No,5.7,8.1,0,0,0,0,0,0,0,0,0,0,0,0,0,0,0,0,0,0,0,0,0,0,0,0,0,0,0,0,0,0,11130,1152,889,62,2.5,0,0,0,16.5,16.2,72.7,1.5,16.3,61.91,675.43,13.75,1.53,98.53,100,0,1886,31,0.1,0.1,0,0,0,0,0,0
14.10.2025,09:04.0,24859,44557,35.8,19213,46107,29.4,0,1.026,1.013,1.012,0.993,1.002,1.016,1.02,1.018,1.056,1.037,1.037,1.051,1.051,1.251,3516.4,3691,3691,3591.2,3591.2,3691,3691,3691,3790.7,3192.2,3192.2,3192.2,3192.2,99.8,3291.9,3583.9,3702,3700.8,3701.5,3697,3711.5,3711.7,3695.3,3711.8,3690.6,3700.1,3704.4,3707.6,3708.4,3711.2,3711.9,3710.8,3097.1,3098.4,3103.3,3103.7,3637.3,99.9,99.9,99.9,99.7,99.6,99.9,100,99.5,100,99.8,99.7,99.8,99.9,99.9,100,100,100,99.9,99.8,99.9,99.9,100,99.9,100,100.1,103.5,103.5,103.3,103.2,103.6,103.6,103.1,103.6,103.4,103.3,103.4,103.5,103.5,103.6,103.6,103.6,86.8,86.8,86.8,86.8,100.1,35.2,37,37,36,36,37,37,37,38,32,32,32,32,33,83,85,84,90,84,84,85,81,87,78,78,78,78,17,15,16,10,16,16,15,19,13,22,22,22,22,90,90,Yes,No,No,Yes,No,Yes,Yes,No,Yes,No,No,No,No,No,No,No,No,No,No,No,No,No,No,No,No,No,No,No,No,No,No,No,No,No,No,No,No,No,No,Yes,No,No,91,91,42,0,0,0,0,0,0,0,1.25,91.986,103.496,91.477,10.115,0.878,150,175,96,0,0,99.6,99.5,99.5,99.5,99.4,99.7,99.8,99.3,99.8,99.2,99.5,99.6,99.7,99.7,99.8,99.8,99.8,99.3,99.3,99.5,99.5,0,0,0,0,0,0,0,0,0,0.1,0.1,0.1,0.1,0,0,0,0,0,0,0,0,0,0,0,0,0,0,0,0,0,0,0,0,0,0,2793.2,28,36,36,36,76,112,447,2,2,Yes,No,Yes,No,No,No,No,No,No,No,No,No,No,No,No,No,No,No,No,No,No,No,No,No,No,No,No,Yes,No,Yes,No,No,No,No,No,No,No,No,31,43,31,90,79,45,1.039,5.04,3.424,3.328,12.192,2.024,0.688,3.424,3.2,1.072,1.264,1.648,1.064,1,1,0.904,1.824,1802,2054,3479,44,42,38,1.085,57,37.5,1.26,1.26,1.8,1.815,1.17,5.04,1.75,No,No,No,37.2,1.26,1.26,1.815,1.815,1.17,5.04,2.125,No,No,No,51,51,62,100,100,No,No,14726,23929,34,34,No,No,1299,631,5.8,0.4,6.2,12.22,1.347,40337,65283,0,0,0,0,0,0,28.6,30,31.6,84,0.905,12.162,12.149,12.166,12.17,0,0,11.026,5.862,10.458,10.949,3.98,0.496,7.521,7.631,210,50.6,1185,49.3,1290,9,15,0,1,9.4,0.2,0.8,0,0,0,0,0,0,Yes,No,No,No,No,Yes,No,5.5,8.4,0,0,0,0,0,0,0,0,0,0,0,0,0,0,0,0,0,0,0,0,0,0,0,0,0,0,0,0,0,0,11130,1152,890,62,2.5,0,0,0,16.5,15.3,64.9,1.5,15.5,65.44,645.47,15.4,1.98,68.98,70.99,0,1886,31,0.4,0.1,0,0,0,0,0,0
14.10.2025,09:06.0,24855,44561,35.8,19216,46104,29.4,0,1.008,0.991,1.018,1.018,1.031,1.033,1.008,0.998,0.998,1,1,0.998,0.998,1.251,3499.8,3591.2,3691,3691,3790.7,3790.7,3691,3691,3691,3092.4,3092.4,3092.4,3092.4,99.8,3192.2,3573.1,3683.1,3682.2,3691.5,3693.8,3689.9,3690.5,3694.9,3695,3680,3692.1,3692.6,3689.7,3694.6,3693.9,3698.1,3698.3,3097.3,3099.7,3101.5,3103.5,3625.4,99.9,99.9,99.8,99.9,99.9,99.8,99.8,99.9,99.9,99.9,99.9,99.9,99.8,99.9,99.9,100,100,99.9,99.9,99.9,100,100,99.9,100,99.7,103,102.9,103,103,102.9,102.9,103,103,103,103,103,102.9,103,103,103.1,103.1,86.7,86.7,86.7,86.7,99.7,35.1,36,37,37,38,38,37,37,37,31,31,31,31,32,83,84,84,87,87,87,87,81,87,79,79,78,78,17,16,16,13,13,13,13,19,13,21,21,22,22,90,87,Yes,No,No,Yes,No,No,Yes,No,Yes,No,No,No,No,No,No,No,No,No,No,No,No,No,No,No,No,No,No,No,No,No,No,No,No,No,No,No,No,No,No,Yes,No,No,90,90,42,0,0,0,0,0,0,0,1.25,87.228,105.535,93.38,10.209,0.911,150,175,88,0,0,99.6,99.4,99.4,99.7,99.7,99.6,99.6,99.7,99.7,99.3,99.7,99.7,99.6,99.7,99.7,99.8,99.8,99.4,99.5,99.5,99.6,0,0,0,0,0,0,0,0,0,0.1,0.1,0.1,0,0,0,0,0,0,0,0,0,0,0,0,0,0,0,0,0,0,0,0,0,0,0,2793.2,28,36,36,36,76,112,447,2,2,Yes,No,Yes,No,No,No,No,No,No,No,No,No,No,No,No,No,No,No,No,No,No,No,No,No,No,No,No,Yes,No,Yes,No,No,No,No,No,No,No,No,31,44,31,90,78,45,1.048,5.04,3.424,3.328,12.192,2.024,0.688,3.424,3.2,1.072,1.264,1.664,1.064,1,1,0.896,1.824,1800,2042,3488,44,42,38,1.06,57,37.8,1.26,1.26,1.815,1.8,1.17,5.04,1.125,No,No,No,37.2,1.26,1.26,1.815,1.815,1.17,5.04,2.125,No,No,No,51,51,61,100,100,No,No,14726,23929,34,34,No,No,1299,631,4,0,4,9.598,0.299,40356,65284,0,0,0,0,0,0,28.6,30,31.7,84,0.905,12.165,12.154,12.169,12.173,0,0,11.219,5.967,10.679,11.244,4.127,0.571,7.517,7.629,210,50.6,1185,49.4,1290,1,30,0,0,9.4,0.2,1.2,0,0,0,0,0,0,Yes,No,No,No,No,Yes,No,6,8.7,0,0,0,0,0,0,0,0,0,0,0,0,0,0,0,0,0,0,0,0,0,0,0,0,0,0,0,0,0,0,11130,1152,889,62,2.5,0,0,0,16.5,15.1,60.7,5.1,15.3,66.13,194.28,16.47,1.3,72.09,73.39,0,1886,31,0.1,0,0,0,0,0,0,0
14.10.2025,09:08.0,24859,44557,35.8,19226,46094,29.4,0,1.029,1.031,1.011,1.032,1.018,1.045,1.046,1.034,1.034,1.034,1.034,1.021,1.014,1.251,3541.3,3691,3691,3691,3691,3790.7,3790.7,3790.7,3790.7,3192.2,3192.2,3092.4,3092.4,99.8,3291.9,3589.7,3685.6,3707.8,3707.1,3716,3718.7,3719.5,3707.2,3707.1,3691.6,3710.6,3714,3707.6,3716.7,3720.3,3722.7,3723.5,3099,3104.7,3108,3106.9,3643.3,99.8,99.3,99.9,99.7,99.9,99.9,99.9,99.6,99.6,99.6,99.8,99.8,99.6,99.8,99.9,100,100,99.7,99.8,99.8,99.8,100,99.8,100,100.2,103.1,103.7,103.5,103.7,103.7,103.7,103.4,103.4,103.3,103.6,103.6,103.4,103.6,103.7,103.8,103.8,86.8,86.8,86.8,86.9,100.2,35.5,37,37,37,37,38,38,38,38,32,32,31,31,33,84,84,84,88,85,87,88,83,89,82,82,79,79,16,16,16,12,15,13,12,17,11,18,18,21,21,90,89,Yes,No,No,Yes,No,Yes,Yes,No,Yes,No,No,No,No,No,No,No,No,No,No,No,No,No,No,No,No,No,No,No,No,No,No,No,No,No,No,No,No,No,No,Yes,No,No,90,90,42,0,0,0,0,0,0,0,1.25,95.158,103.748,91.734,10.11,0.873,150,175,96,0,0,99.5,98.9,99.5,99.5,99.7,99.7,99.8,99.4,99.4,99,99.6,99.6,99.4,99.6,99.7,99.8,99.8,99.2,99.3,99.4,99.4,0.1,0,0,0,0,0,0,0,0,0.2,0.2,0.1,0.1,0,0,0,0,0,0,0,0,0,0,0,0,0,0,0,0,0,0,0,0,0,0,2793.2,28,36,36,36,76,112,447,2,2,Yes,No,Yes,No,No,No,No,No,No,No,No,No,No,No,No,No,No,No,No,No,No,No,No,No,No,No,No,Yes,No,Yes,No,No,No,No,No,No,No,No,31,44,31,90,79,45,1.021,5.08,3.424,3.328,12.192,2.024,0.688,3.424,3.2,1.072,1.264,1.648,1.064,1,1,0.896,1.824,1804,2067,3543,44,42,38,1.09,57,37.8,1.26,1.26,1.815,1.815,1.185,5.04,3.625,No,No,No,37.2,1.26,1.26,1.815,1.815,1.11,5.04,2.375,No,No,No,51,51,60,100,100,No,No,14726,23929,34,34,No,No,1299,631,11,0.2,11.2,23.812,0.645,40401,65285,0,0,0,0,0,0,28.5,30,31.4,84,0.905,12.166,12.155,12.17,12.173,0,0,10.83,6.056,10.8,11.439,4.236,0.651,7.514,7.748,210,50.6,1185,33,1290,1,4,0,0,9.4,0,0.2,0,0,0,0,0,0,Yes,No,No,No,No,Yes,No,5.7,8.7,0,0,0,0,0,0,0,0,0,0,0,0,0,0,0,0,0,0,0,0,0,0,0,0,0,0,0,0,0,0,11130,1152,889,62,2.5,0,0,0,16.5,14,92.3,1.1,14.1,71.61,912.64,10.84,1.61,90.97,92.59,0,1886,31,0.8,0.4,0,0,0,0,0,0
14.10.2025,09:10.0,24856,44560,35.8,19230,46090,29.4,0,1.028,1.015,1.013,1.031,1.017,1.018,1.025,1.043,1.048,1.032,1.032,1.032,1.032,1.251,3549.7,3691,3691,3790.7,3691,3691,3691,3790.7,3790.7,3192.2,3192.2,3192.2,3192.2,99.8,3291.9,3580.8,3693.8,3689,3705.8,3697.3,3703,3703.9,3706.1,3697.5,3684.9,3696.7,3705.2,3701.2,3700.4,3705.3,3707.3,3709.4,3094.5,3103.3,3105.5,3105.5,3633.6,99.8,99.8,99.7,100,99.7,99.9,99.9,99.9,99.7,99.7,99.7,99.9,99.8,99.8,99.9,100,100,99.8,99.9,99.9,100,100,99.8,100,100,103.2,103.1,103.4,103.2,103.3,103.3,103.4,103.1,103.2,103.2,103.4,103.3,103.3,103.4,103.4,103.5,86.7,86.8,86.8,86.8,100,35.6,37,37,38,37,37,37,38,38,32,32,32,32,33,84,84,83,88,87,86,87,81,87,82,82,82,82,16,16,17,12,13,14,13,19,13,18,18,18,18,91,88,Yes,No,No,Yes,No,Yes,Yes,No,Yes,No,No,No,No,No,No,No,No,No,No,No,No,No,No,No,No,No,No,No,No,No,No,No,No,No,No,No,No,No,No,Yes,No,No,90,90,42,0,0,0,0,0,0,0,1.25,87.228,104.51,92.568,10.056,0.857,150,175,80,0,0,99.6,99.4,99.3,99.7,99.5,99.7,99.7,99.8,99.5,99.2,99.5,99.7,99.6,99.6,99.7,99.8,99.8,99.2,99.5,99.6,99.6,0,0,0,0,0,0,0,0,0,0.2,0.1,0,0,0,0,0,0,0,0,0,0,0,0,0,0,0,0,0,0,0,0,0,0,0,0,2793.2,28,36,36,36,76,112,447,2,2,Yes,No,Yes,No,No,No,No,No,No,No,No,No,No,No,No,No,No,No,No,No,No,No,No,No,No,No,No,Yes,No,Yes,No,No,No,No,No,No,No,No,31,44,31,89,79,45,1.057,5.08,3.424,3.328,12.192,2.024,0.688,3.424,3.2,1.072,1.264,1.664,1.064,1,1,0.896,1.824,1804,2061,3479,44,42,39,1.065,56,37.8,1.26,1.26,1.815,1.815,1.11,4.97,2,No,No,No,37.5,1.26,1.26,1.815,1.815,1.11,5.04,1.5,No,No,No,51,51,60,100,100,No,No,14726,23929,34,34,No,No,1299,631,4.9,0.1,5,10.735,0.466,40422,65286,0,0,0,0,0,0,28.5,32,31.5,84,0.905,12.168,12.158,12.171,12.174,0,0,11.56,6.031,10.857,11.38,4.139,0.53,7.517,7.791,210,50.6,1185,59.3,1290,1,11,0,0,9.4,0.3,1.4,0,0,0,0,0,0,Yes,No,No,No,No,Yes,No,5.7,8.5,0,0,0,0,0,0,0,0,0,0,0,0,0,0,0,0,0,0,0,0,0,0,0,0,0,0,0,0,0,0,11128,1154,891,62,2.5,0,0,0,16.5,13.4,119.9,2.6,12.4,74.38,390.69,8.34,1.62,96.16,97.75,0,1886,31,0.2,0.1,0,0,0,0,0,0
14.10.2025,09:12.0,24851,44565,35.8,19234,46086,29.4,0,1.017,1.025,1.009,1.011,1.006,0.989,0.989,0.979,1.012,1.048,1.045,1.045,1.045,1.251,3499.8,3691,3691,3691,3691,3591.2,3591.2,3591.2,3691,3192.2,3192.2,3192.2,3192.2,99.8,3291.9,3585.7,3701.1,3701.1,3705.1,3706.9,3710,3708.6,3707.9,3708.2,3697.3,3707.8,3704.9,3708.7,3708.1,3710.2,3708.6,3707.9,3099.1,3103.3,3106,3102.3,3639.2,100,100,100,99.9,99.9,100,100,99.9,99.9,100,99.9,99.9,100,100,100,100,100,100,100,100,99.9,100,100,100,100.1,103.4,103.4,103.4,103.4,103.5,103.4,103.4,103.4,103.5,103.5,103.4,103.5,103.5,103.5,103.5,103.5,86.8,86.8,86.8,86.8,100.1,35.1,37,37,37,37,36,36,36,37,32,32,32,32,33,83,83,82,90,85,87,88,81,86,78,78,78,78,17,17,18,10,15,13,12,19,14,22,22,22,22,88,90,Yes,No,No,Yes,No,Yes,Yes,No,Yes,No,No,No,No,No,No,No,No,No,No,No,No,No,No,No,No,No,No,No,No,No,No,No,No,No,No,No,No,No,No,Yes,No,No,91,91,42,0,0,0,0,0,0,0,1.25,87.228,104.127,92.134,10.09,0.871,150,175,88,0,0,99.7,99.6,99.6,99.7,99.7,99.8,99.8,99.7,99.8,99.4,99.7,99.7,99.8,99.7,99.8,99.8,99.8,99.4,99.5,99.6,99.5,0,0,0,0,0,0,0,0,0,0,0,0,0.1,0,0,0,0,0,0,0,0,0,0,0,0,0,0,0,0,0,0,0,0,0,0,2793.2,28,36,36,36,76,112,447,2,2,Yes,No,Yes,No,No,No,No,No,No,No,No,No,No,No,No,No,No,No,No,No,No,No,No,No,No,No,No,Yes,No,Yes,No,No,No,No,No,No,No,No,31,44,31,89,78,45,1.057,5.08,3.424,3.328,12.192,2.024,0.68,3.424,3.2,1.072,1.264,1.648,1.064,1,1,0.896,1.824,1804,2054,3524,45,42,39,1.06,55,37.8,1.26,1.26,1.815,1.815,1.11,5.04,1.5,No,No,No,37.5,1.26,1.26,1.815,1.815,1.11,5.04,1.75,No,No,No,51,51,60,100,100,No,No,14726,23929,34,34,No,No,1299,631,2.2,0.1,2.2,5.082,0.583,40431,65287,0,0,0,0,0,0,28.4,30,31.4,84,0.905,12.167,12.157,12.17,12.173,0,0,10.654,5.902,10.835,11.099,3.871,0.271,7.509,7.73,210,50.6,1185,32,1290,4,9,0,1,9.4,0.1,0.3,0,0,0,0,0,0,Yes,No,No,No,No,Yes,No,5.9,8.7,0,0,0,0,0,0,0,0,0,0,0,0,0,0,0,0,0,0,0,0,0,0,0,0,0,0,0,0,0,0,11128,1154,891,62,2.5,0,0,0,16.5,10.5,61.6,1.1,10.7,94.93,944.3,16.23,1.72,173.25,174.94,0,1886,31,0.3,0.2,0,0,0,0,0,0
14.10.2025,09:14.0,24848,44568,35.7,19229,46091,29.4,0,1.019,1.052,0.998,0.997,1.048,1.032,1.032,1.016,1.017,1.01,1.01,1.01,1.01,1.251,3524.7,3790.7,3691,3691,3790.7,3790.7,3790.7,3691,3691,3092.4,3092.4,3092.4,3092.4,99.8,3391.7,3597.1,3711.1,3711.5,3716.7,3715.9,3719.4,3716.3,3719.4,3720.8,3707.6,3717.4,3718.7,3719.7,3719.1,3721.9,3723.5,3723.7,3110.4,3115,3117.9,3115.1,3650.5,99.9,100,100,100,99.9,99.9,99.9,99.9,100,99.9,99.9,99.9,99.9,99.9,100,100,100,100,99.9,100,99.9,100,99.9,100,100.4,103.8,103.7,103.7,103.7,103.7,103.7,103.7,103.8,103.8,103.7,103.7,103.7,103.7,103.8,103.8,103.8,87.1,87.1,87.1,87.1,100.4,35.3,38,37,37,38,38,38,37,37,31,31,31,31,34,84,83,83,91,83,88,90,83,87,79,79,79,79,16,17,17,9,17,12,10,17,13,21,21,21,21,90,91,Yes,No,No,Yes,No,Yes,Yes,No,Yes,No,No,No,No,No,No,No,No,No,No,No,No,No,No,No,No,No,No,No,No,No,No,No,No,No,No,No,No,No,No,Yes,No,No,86,86,42,0,0,0,0,0,0,0,1.25,82.47,103.947,91.948,10.088,0.879,150,175,96,0,0,99.7,99.6,99.6,99.7,99.7,99.8,99.7,99.7,99.8,99.4,99.7,99.7,99.7,99.7,99.8,99.8,99.8,99.4,99.5,99.6,99.5,0,0,0,0,0,0,0,0,0,0,0.1,0,0.1,0,0,0,0,0,0,0,0,0,0,0,0,0,0,0,0,0,0,0,0,0,0,2793.2,28,36,36,36,76,112,447,2,2,Yes,No,Yes,No,No,No,No,No,No,No,No,No,No,No,No,No,No,No,No,No,No,No,No,No,No,No,No,Yes,No,Yes,No,No,No,No,No,No,No,No,31,44,31,90,78,44,1.048,5.04,3.424,3.328,12.192,2.024,0.68,3.424,3.2,1.072,1.264,1.664,1.064,1,1,0.896,1.824,1802,2064,3506,45,42,39,1.12,59,37.8,1.26,1.26,1.815,1.815,1.11,5.04,2.5,No,No,No,37.5,1.26,1.26,1.815,1.815,1.11,5.04,3.5,No,No,No,51,51,60,100,100,No,No,14726,23929,34,34,No,No,1299,631,0.8,0,0.9,1.891,0.315,40435,65287,0,0,0,0,0,0,28.4,30,31.4,84,0.905,12.166,12.156,12.169,12.173,0,0,10.766,5.956,10.935,11.244,3.956,0.311,7.512,7.733,210,50.6,1185,31.3,1290,3,8,0,0,9.4,0.2,0.8,0,0,0,0,0,0,Yes,No,No,No,No,Yes,No,5.7,7.5,0,0,0,0,0,0,0,0,0,0,0,0,0,0,0,0,0,0,0,0,0,0,0,0,0,0,0,0,0,0,11128,1154,891,62,2.5,0,0,0,16.5,13.8,60.8,1.6,14,72.41,624.13,16.44,1.7,53.86,55.55,0,1886,31,0.4,0.2,0,0,0,0,0,0
14.10.2025,09:16.0,24956,44460,35.9,19281,46040,29.5,0,1.05,1.035,1.051,1.051,1.052,1.052,1.052,1.052,1.051,1.051,1.051,1.051,1.05,1.251,3591.2,3790.7,3790.7,3790.7,3790.7,3790.7,3790.7,3790.7,3790.7,3192.2,3192.2,3192.2,3192.2,99.8,3391.7,3600.6,3717.1,3718.3,3721.8,3720.8,3726.2,3725.6,3723.9,3723.9,3711.1,3713.6,3716.8,3720.5,3727.8,3729.6,3730.6,3730.3,3108.9,3113.1,3116.7,3115.1,3654.4,99.9,99.9,99.9,100,99.9,100,99.9,99.9,99.9,99.9,100,100,99.9,99.9,100,100,100,100,100,100,99.9,100,99.9,100,100.6,104,104,104,103.9,104,104,103.9,103.9,103.9,104,104,103.9,104,104,104,104,87.2,87.2,87.2,87.1,100.6,36,38,38,38,38,38,38,38,38,32,32,32,32,34,84,86,84,90,85,88,87,83,87,79,79,79,79,16,14,16,10,15,12,13,17,13,21,21,21,21,90,90,Yes,Yes,No,Yes,No,Yes,Yes,No,Yes,No,No,No,No,No,No,No,No,No,No,No,No,No,No,No,No,No,No,No,No,No,No,No,No,No,No,No,No,No,No,Yes,No,No,90,90,42,0,0,0,0,0,0,0,1.25,88.814,104.644,92.651,10.089,0.873,150,175,96,0,0,99.6,99.5,99.5,99.6,99.6,99.7,99.7,99.7,99.7,99.3,99.4,99.5,99.6,99.7,99.8,99.8,99.8,99.3,99.4,99.5,99.5,0,0,0,0,0,0,0,0,0,0,0,0,0,0,0,0,0,0,0,0,0,0,0,0,0,0,0,0,0,0,0,0,0,0,0,2793.2,28,36,36,36,76,112,447,2,2,Yes,No,Yes,No,No,No,No,No,No,No,No,No,No,No,No,No,No,No,No,No,No,No,No,No,No,No,No,Yes,No,Yes,No,No,No,No,No,Yes,No,No,32,44,32,89,79,44,1.039,5.08,3.424,3.328,12.192,2.024,0.68,3.424,3.2,1.072,1.264,1.664,1.064,1,1,0.896,1.824,1804,2061,3534,45,42,39,1.065,57,38,1.26,1.26,1.8,1.815,1.11,5.04,2,No,No,No,37.5,1.26,1.26,1.8,1.815,1.11,5.04,1.5,No,No,No,51,51,60,100,100,No,No,14726,23929,34,34,No,No,1299,631,2.6,0.1,2.6,5.838,0.597,40446,65288,0,0,0,0,0,0,28.4,30,31.6,84,0.905,12.162,12.151,12.166,12.17,0,0,11.069,5.933,10.76,11.132,3.968,0.385,7.503,7.781,210,50.6,1185,53.5,1290,4,22,0,1,9.4,0.3,1.6,0,0,0,0,0,0,Yes,No,No,No,No,Yes,No,5.7,8.5,0,0,0,0,0,0,0,0,0,0,0,0,0,0,0,0,0,0,0,0,0,0,0,0,0,0,0,0,0,0,11128,1154,891,62,2.5,0,0,0,16.5,12.7,81.8,1.8,12.8,78.95,567.04,12.22,1.42,140.17,141.73,0,1886,31,0.3,0.2,0,0,0,0,0,0
14.10.2025,09:18.0,24852,44565,35.8,19241,46079,29.4,0,1.022,1.05,1.013,1.013,1.013,1.018,1.013,1.017,1.017,1.02,1.02,1.033,1.033,1.251,3499.8,3790.7,3691,3691,3691,3691,3691,3691,3691,3092.4,3092.4,3092.4,3092.4,99.8,3391.7,3575.7,3692.7,3690.4,3695.1,3698.1,3700.4,3699.1,3698.3,3697.4,3690.9,3691.6,3694.2,3693.3,3696.8,3698.8,3700.1,3699.2,3091.5,3094.9,3096.5,3095.6,3629,99.9,100,99.9,99.9,99.9,100,99.9,100,99.9,100,99.9,100,99.9,99.9,100,100,100,100,100,100,99.9,100,99.9,100,99.8,103.2,103.1,103.1,103.2,103.2,103.2,103.2,103.1,103.1,103.1,103.1,103.1,103.1,103.2,103.2,103.2,86.6,86.6,86.6,86.6,99.8,35.1,38,37,37,37,37,37,37,37,31,31,31,31,34,84,86,84,91,87,86,88,82,86,79,79,79,79,16,14,16,9,13,14,12,18,14,21,21,21,21,88,91,Yes,No,No,Yes,No,Yes,Yes,No,Yes,No,No,No,No,No,No,No,No,No,No,No,No,No,No,No,No,No,No,No,No,No,No,No,No,No,No,No,No,No,No,Yes,No,No,91,91,42,0,0,0,0,0,0,0,1.25,87.228,104.639,92.61,10.121,0.88,150,175,88,0,0,99.7,99.6,99.5,99.7,99.7,99.8,99.8,99.8,99.7,99.6,99.6,99.7,99.7,99.7,99.8,99.8,99.8,99.4,99.5,99.6,99.5,0,0,0,0,0,0,0,0,0,0,0,0,0.1,0,0,0,0,0,0,0,0,0,0,0,0,0,0,0,0,0,0,0,0,0,0,2793.2,28,36,36,36,76,112,447,2,2,Yes,No,Yes,No,No,No,No,No,No,No,No,No,No,No,No,No,No,No,No,No,No,No,No,No,No,No,No,Yes,No,Yes,No,No,No,No,No,No,No,No,32,44,32,90,79,45,1.021,5.04,3.424,3.328,12.192,2.024,0.68,3.424,3.2,1.072,1.264,1.664,1.064,1,1,0.896,1.824,1802,2054,3524,44,42,39,1.04,54,38,1.26,1.26,1.8,1.8,1.11,5.04,1.375,No,No,No,37.5,1.26,1.26,1.8,1.815,1.11,5.04,1.5,No,No,No,51,51,60,100,100,No,No,14726,23929,34,34,No,No,1299,631,1.9,0.1,2,4.21,0.468,40454,65289,0,0,0,0,0,0,28.4,32,31.4,84,0.905,12.168,12.162,12.169,12.172,0,0,10.745,5.99,10.98,11.378,4.066,0.412,7.512,7.582,210,50.6,1185,33.3,1290,7,4,0,1,9.4,0.1,0.3,0,0,0,0,0,0,Yes,No,No,No,No,Yes,No,5.7,8.5,0,0,0,0,0,0,0,0,0,0,0,0,0,0,0,0,0,0,0,0,0,0,0,0,0,0,0,0,0,0,11128,1154,891,62,2.5,0,0,0,16.5,9.9,60.6,1,10,101.02,999.02,16.51,1.72,283.95,285.63,0,1886,31,0.8,0.3,0,0,0,0,0,0
14.10.2025,09:20.0,24850,44566,35.7,19247,46074,29.4,0,1.028,1.031,1.036,1.063,1.083,1.031,1.016,1.03,1.035,1,1,1.006,1.006,1.251,3558,3691,3790.7,3890.5,3890.5,3790.7,3691,3790.7,3790.7,3092.4,3092.4,3092.4,3092.4,99.8,3291.9,3596,3709.2,3710.4,3714.8,3717.7,3719.6,3717.1,3719.6,3718,3712.7,3716.3,3720.4,3719.9,3719.6,3721.5,3722.6,3723,3106.6,3109.9,3110.5,3111.7,3649.9,99.9,99.9,99.9,99.9,99.9,100,99.9,99.9,99.9,99.9,99.9,99.9,99.9,99.9,100,100,100,99.9,99.9,99.9,99.9,100,99.9,100,100.3,103.6,103.7,103.6,103.7,103.7,103.6,103.7,103.6,103.6,103.6,103.6,103.7,103.6,103.7,103.7,103.7,86.9,86.9,86.9,86.9,100.3,35.7,37,38,39,39,38,37,38,38,31,31,31,31,33,84,84,86,90,85,91,88,81,89,78,78,78,78,16,16,14,10,15,9,12,19,11,22,22,22,22,91,91,Yes,No,No,Yes,No,Yes,Yes,No,Yes,No,No,No,No,No,No,No,No,No,No,No,No,No,No,No,No,No,No,No,No,No,No,No,No,No,No,No,No,No,No,Yes,No,No,90,90,43,0,0,0,0,0,0,0,1.25,99.916,104.638,92.584,10.141,0.882,150,175,104,0,0,99.7,99.6,99.6,99.7,99.7,99.8,99.7,99.8,99.7,99.6,99.6,99.7,99.7,99.7,99.8,99.8,99.8,99.4,99.5,99.5,99.5,0,0,0,0,0,0,0,0,0,0,0.1,0.1,0.1,0,0,0,0,0,0,0,0,0,0,0,0,0,0,0,0,0,0,0,0,0,0,2793.2,28,36,36,36,76,112,447,2,2,Yes,No,Yes,No,No,No,No,No,No,No,No,No,No,No,No,No,No,No,No,No,No,No,No,No,No,No,No,Yes,No,Yes,No,No,No,No,No,No,No,No,32,44,32,90,79,45,1.03,5.04,3.424,3.328,12.192,2.024,0.68,3.424,3.2,1.072,1.264,1.664,1.064,1,1,0.896,1.824,1804,2067,3506,45,42,39,1.065,57,38,1.26,1.26,1.8,1.815,1.185,5.04,1.5,No,No,No,37.8,1.26,1.26,1.8,1.815,1.11,5.04,2.875,No,No,No,51,51,59,100,100,No,No,14726,23929,34,34,No,No,1299,631,1.8,0.1,1.9,4.161,0.577,40462,65291,0,0,0,0,0,0,28.3,30,31.4,84,0.905,12.166,12.157,12.168,12.172,0,0,10.506,5.891,10.581,11.061,4.017,0.492,7.502,7.583,210,50.6,1185,31.3,1290,3,2,0,0,9.4,0,0.2,0,0,0,0,0,0,Yes,No,No,No,No,Yes,No,5.5,7.7,0,0,0,0,0,0,0,0,0,0,0,0,0,0,0,0,0,0,0,0,0,0,0,0,0,0,0,0,0,0,11128,1154,891,62,2.5,0,0,0,16.5,8.1,63.2,1,7.5,122.98,984.6,15.82,1.76,334.57,336.33,0,1886,31,16.2,0.1,0,0,0,0,0,0
14.10.2025,09:22.0,24848,44568,35.7,19243,46077,29.4,0,1.017,1.021,1.006,1.013,1.013,1.008,1.026,1.041,1.031,1.011,1.011,1.011,1.011,1.251,3508.1,3691,3691,3691,3691,3691,3691,3790.7,3790.7,3092.4,3092.4,3092.4,3092.4,99.8,3291.9,3582.8,3699.9,3699.3,3706.7,3707.1,3706.3,3704.9,3705.1,3704.6,3695.8,3700,3701.3,3701.8,3701.9,3704.6,3704.5,3704,3098.2,3102.1,3102.3,3105.2,3636,100,100,99.9,100,100,100,100,100,100,100,100,99.9,99.9,99.9,100,100,100,99.9,99.9,99.9,100,100,100,100,100.1,103.4,103.4,103.4,103.5,103.4,103.4,103.4,103.4,103.4,103.4,103.4,103.4,103.4,103.4,103.4,103.4,86.8,86.8,86.8,86.9,100.1,35.2,37,37,37,37,37,37,38,38,31,31,31,31,33,84,85,84,91,87,87,87,81,89,80,80,80,80,16,15,16,9,13,13,13,19,11,20,20,20,20,91,91,Yes,No,No,Yes,No,Yes,Yes,No,Yes,No,No,No,No,No,No,No,No,No,No,No,No,No,No,No,No,No,No,No,No,No,No,No,No,No,No,No,No,No,No,Yes,No,No,90,90,43,0,0,0,0,0,0,0,1.25,96.744,105.06,92.906,10.207,0.914,150,175,104,0,0,99.7,99.6,99.6,99.8,99.8,99.8,99.8,99.8,99.8,99.6,99.7,99.7,99.7,99.7,99.8,99.8,99.8,99.4,99.5,99.5,99.6,0,0,0,0,0,0,0,0,0,0.1,0,0.1,0,0,0,0,0,0,0,0,0,0,0,0,0,0,0,0,0,0,0,0,0,0,0,2793.2,28,36,36,36,76,112,447,2,2,Yes,No,Yes,No,No,No,No,No,No,No,No,No,No,No,No,No,No,No,No,No,No,No,No,No,No,No,No,Yes,No,Yes,No,No,No,No,No,No,No,No,32,44,32,90,79,44,1.021,5.08,3.424,3.328,12.192,2.024,0.68,3.424,3.2,1.072,1.264,1.664,1.064,1,1,0.896,1.824,1807,2054,3534,44,43,39,1.095,51,38,1.26,1.26,1.8,1.815,1.11,5.04,3,No,No,No,37.8,1.26,1.26,1.8,1.815,1.11,4.97,2.25,No,No,No,51,51,60,100,100,No,No,14726,23929,34,34,No,No,1299,631,2.2,0,2.3,4.811,0.286,40471,65291,0,0,0,0,0,0,28.4,30,31.4,84,0.905,12.165,12.157,12.167,12.171,0,0,10.634,6.141,10.605,11.656,4.576,1.056,7.505,7.592,210,50.6,1185,32.6,1290,5,5,0,1,9.4,0,0.2,0,0,0,0,0,0,Yes,No,No,No,No,Yes,No,5.8,8.2,0,0,0,0,0,0,0,0,0,0,0,0,0,0,0,0,0,0,0,0,0,0,0,0,0,0,0,0,0,0,11128,1154,891,62,2.5,0,0,0,16.5,7.1,132.4,1,6.7,140.03,994.74,7.56,1.55,286.74,288.33,0,1886,31,0.4,0.3,0,0,0,0,0,0
14.10.2025,09:24.0,24848,44568,35.7,19249,46071,29.4,0,1.016,0.991,0.998,1.011,1.011,1.038,1.041,1.031,1.02,1.01,1.01,1.013,1.012,1.251,3499.8,3591.2,3591.2,3691,3691,3790.7,3790.7,3790.7,3691,3092.4,3092.4,3092.4,3092.4,99.8,3192.2,3581.8,3693.8,3695.8,3700.9,3702.5,3702.9,3702.8,3704,3703.6,3697.1,3702.2,3702.9,3704.7,3705.1,3704.7,3706.1,3706.2,3096.4,3100.6,3101.8,3101.3,3635.1,100,99.9,99.9,99.9,100,99.9,99.9,100,100,99.9,100,100,100,100,100,100,100,100,100,100,99.9,100,100,100,100,103.2,103.2,103.3,103.3,103.3,103.3,103.3,103.3,103.3,103.3,103.3,103.3,103.3,103.3,103.4,103.4,86.7,86.7,86.7,86.7,100,35.1,36,36,37,37,38,38,38,37,31,31,31,31,32,84,84,82,90,85,88,88,81,86,80,80,81,81,16,16,18,10,15,12,12,19,14,20,20,19,19,90,90,Yes,No,No,Yes,No,Yes,Yes,No,Yes,No,No,No,No,No,No,No,No,No,No,No,No,No,No,No,No,No,No,No,No,No,No,No,No,No,No,No,No,No,No,Yes,No,No,90,90,43,0,0,0,0,0,0,0,1.25,77.712,104.683,92.57,10.187,0.9,150,175,104,0,0,99.7,99.5,99.6,99.7,99.8,99.8,99.8,99.8,99.8,99.6,99.7,99.7,99.8,99.8,99.8,99.8,99.8,99.4,99.5,99.6,99.5,0,0,0,0,0,0,0,0,0,0,0,0,0.1,0,0,0,0,0,0,0,0,0,0,0,0,0,0,0,0,0,0,0,0,0,0,2793.2,28,36,36,36,76,112,447,2,2,Yes,No,Yes,No,No,No,No,No,No,No,No,No,No,No,No,No,No,No,No,No,No,No,No,No,No,No,No,Yes,No,Yes,No,No,No,No,No,No,No,No,32,44,32,90,78,44,1.048,5.08,3.424,3.328,12.192,2.024,0.68,3.424,3.2,1.072,1.264,1.664,1.064,1,1,0.896,1.824,1802,2045,3470,45,43,39,1.09,59,38,1.26,1.26,1.8,1.815,1.11,4.97,2.75,No,No,No,37.8,1.26,1.26,1.8,1.815,1.11,4.97,3.125,No,No,No,51,51,60,100,100,No,No,14726,23929,34,34,No,No,1299,631,0.8,0.1,0.8,1.634,0.437,40474,65292,0,0,0,0,0,0,28.3,30,31.2,84,0.905,12.162,12.152,12.164,12.17,0,0,10.495,5.784,10.273,10.753,3.894,0.483,7.505,7.582,210,50.6,1185,32.7,1290,3,4,0,0,9.4,0,0.1,0,0,0,0,0,0,Yes,No,No,No,No,Yes,No,5.4,7.7,0,0,0,0,0,0,0,0,0,0,0,0,0,0,0,0,0,0,0,0,0,0,0,0,0,0,0,0,0,0,11128,1154,891,62,2.5,0,0,0,16.5,6.2,47.6,1,6.3,161.96,986.81,21.02,1.48,485.51,486.94,0,1886,31,4.1,5.2,0,0,0,0,0,0
14.10.2025,09:26.0,24851,44565,35.8,19252,46068,29.4,0,1.009,1.012,1.019,1.013,1.016,1.013,1.013,1.016,1.014,0.995,0.995,1,1,1.251,3491.5,3691,3691,3691,3691,3691,3691,3691,3691,3092.4,3092.4,3092.4,3092.4,99.8,3291.9,3586,3700,3701.8,3707.3,3707.4,3707.1,3708.7,3708.9,3709.7,3700.9,3704.3,3708.7,3707.8,3707.1,3708.5,3708.3,3708.9,3099.5,3102.9,3106.4,3105.9,3639.3,99.9,99.9,100,100,99.9,99.9,100,100,100,99.9,99.9,100,99.9,99.9,100,100,100,99.9,99.9,100,100,100,99.9,100,100.1,103.4,103.4,103.4,103.4,103.4,103.4,103.4,103.4,103.4,103.4,103.4,103.4,103.4,103.4,103.5,103.5,86.8,86.8,86.8,86.8,100.1,35,37,37,37,37,37,37,37,37,31,31,31,31,33,84,88,83,90,87,89,89,83,86,79,79,79,79,16,12,17,10,13,11,11,17,14,21,21,21,21,90,90,Yes,Yes,No,Yes,No,Yes,Yes,No,Yes,No,No,No,No,No,No,No,No,No,No,No,No,No,No,No,No,No,No,No,No,No,No,No,No,No,No,No,No,No,No,Yes,No,No,90,90,43,0,0,0,0,0,0,0,1.25,71.368,104.331,92.227,10.17,0.898,150,175,80,0,0,99.7,99.6,99.6,99.8,99.8,99.7,99.8,99.8,99.8,99.6,99.6,99.8,99.7,99.7,99.8,99.8,99.8,99.4,99.5,99.6,99.6,0,0,0,0,0,0,0,0,0,0.1,0.1,0,0,0,0,0,0,0,0,0,0,0,0,0,0,0,0,0,0,0,0,0,0,0,0,2793.2,28,36,36,36,76,112,447,2,2,Yes,No,Yes,No,No,No,No,No,No,No,No,No,No,No,No,No,No,No,No,No,No,No,No,No,No,No,No,Yes,No,Yes,No,No,No,No,No,No,No,No,32,44,32,89,78,45,1.03,5.08,3.424,3.328,12.192,2.024,0.672,3.424,3.2,1.072,1.28,1.664,1.064,1,1,0.896,1.824,1804,2054,3479,45,43,39,1.065,57,38.2,1.26,1.26,1.8,1.815,1.11,4.97,1.375,No,No,No,37.8,1.26,1.26,1.8,1.815,1.11,4.97,1.375,No,No,No,51,51,60,100,100,No,No,14726,23929,34,34,No,No,1299,631,1.5,0.1,1.6,3.272,0.68,40481,65293,0,0,0,0,0,0,28.3,32,31.3,84,0.905,12.165,12.158,12.166,12.171,0,0,10.69,6.166,11.192,11.85,4.382,0.661,7.508,7.573,210,50.6,1185,31.2,1290,4,2,0,0,9.4,0,0.2,0,0,0,0,0,0,Yes,No,No,No,No,Yes,No,5.9,8.5,0,0,0,0,0,0,0,0,0,0,0,0,0,0,0,0,0,0,0,0,0,0,0,0,0,0,0,0,0,0,11128,1154,891,62,2.5,0,0,0,16.5,5.4,93.7,1,5.4,185.02,978.56,10.67,1.48,347.23,348.73,0,1886,31,0.2,0.1,0,0,0,0,0,0
14.10.2025,09:28.0,24854,44562,35.8,19259,46061,29.4,0,1.018,1.012,1.012,1.006,1.007,1.035,1.014,1.038,1.034,1.012,1.016,1.016,1.016,1.251,3499.8,3691,3691,3691,3691,3691,3691,3790.7,3691,3092.4,3092.4,3092.4,3092.4,99.8,3291.9,3573.2,3688.5,3686.7,3691.4,3693,3691.7,3692.7,3692.9,3694.3,3685.2,3692.9,3692.6,3692.8,3692.1,3695.4,3697,3697.4,3094,3096.9,3098.1,3099.2,3626,99.9,100,99.9,99.9,100,99.9,99.9,99.9,100,99.9,100,100,99.9,99.9,100,100,100,99.9,99.9,99.9,100,100,99.9,100,99.7,103,103,103,103,103,103,103,103,103,103.1,103,103,103,103.1,103.1,103.1,86.6,86.6,86.6,86.6,99.7,35.1,37,37,37,37,37,37,38,37,31,31,31,31,33,84,85,83,90,87,86,85,84,87,80,80,80,80,16,15,17,10,13,14,15,16,13,20,20,20,20,90,90,Yes,No,No,Yes,No,Yes,Yes,No,Yes,No,No,No,No,No,No,No,No,No,No,No,No,No,No,No,No,No,No,No,No,No,No,No,No,No,No,No,No,No,No,Yes,No,No,88,88,43,0,0,0,0,0,0,0,1.25,98.33,104.565,92.621,10.065,0.853,150,175,104,0,0,99.7,99.6,99.6,99.7,99.8,99.7,99.8,99.8,99.8,99.5,99.7,99.7,99.7,99.7,99.8,99.8,99.8,99.4,99.5,99.5,99.6,0,0,0,0,0,0,0,0,0,0,0.1,0.1,0,0,0,0,0,0,0,0,0,0,0,0,0,0,0,0,0,0,0,0,0,0,0,2793.2,28,36,36,36,76,112,447,2,2,Yes,No,Yes,No,No,No,No,No,No,No,No,No,No,No,No,No,No,No,No,No,No,No,No,No,No,No,No,Yes,No,Yes,No,No,No,No,No,No,No,No,32,44,32,90,79,45,1.039,5.08,3.424,3.328,12.192,2.024,0.672,3.424,3.2,1.072,1.264,1.664,1.064,1,1,0.896,1.824,1800,2067,3515,45,43,39,1.065,58,38.2,1.26,1.26,1.8,1.815,1.11,4.97,2.375,No,No,No,37.8,1.26,1.26,1.8,1.815,1.11,4.97,2.625,No,No,No,51,51,59,100,100,No,No,14726,23929,34,34,No,No,1299,631,1.7,0,1.8,4.059,0.321,40488,65294,0,0,0,0,0,0,28.3,30,31.3,84,0.905,12.163,12.154,12.165,12.169,0,0,10.716,6.059,10.974,11.545,4.235,0.585,7.498,7.575,210,50.6,1185,32,1290,4,5,0,0,9.4,0.1,0.3,0,0,0,0,0,0,Yes,No,No,No,No,Yes,No,5.8,7.7,0,0,0,0,0,0,0,0,0,0,0,0,0,0,0,0,0,0,0,0,0,0,0,0,0,0,0,0,0,0,11128,1154,891,62,2.5,0,0,0,16.5,5.3,61.3,1.3,5.3,189.52,744.21,16.31,1.43,243.93,245.4,0,1886,31,0.5,0.3,0,0,0,0,0,0
14.10.2025,09:30.0,24847,44569,35.7,19252,46068,29.4,0,1.026,1.037,1.013,1.017,1.012,1.055,1.034,1.033,1.011,1.011,1.011,1.036,1.036,1.251,3541.3,3790.7,3691,3691,3691,3790.7,3790.7,3790.7,3691,3092.4,3092.4,3192.2,3192.2,99.8,3391.7,3580.3,3694.8,3695.5,3700,3701.4,3701.7,3700.3,3702.8,3702.7,3696.1,3701.4,3701.9,3700.3,3703.4,3702.3,3704.8,3705.3,3092,3097.4,3101.4,3101,3633.6,100,100,99.9,100,100,99.9,99.9,100,100,100,100,100,99.9,100,100,100,100,99.9,99.9,100,100,100,100,100,99.9,103.3,103.2,103.3,103.3,103.2,103.2,103.3,103.3,103.3,103.3,103.3,103.2,103.3,103.2,103.3,103.3,86.6,86.6,86.7,86.7,99.9,35.5,38,37,37,37,38,38,38,37,31,31,32,32,34,84,86,84,90,85,87,89,83,87,79,79,79,79,16,14,16,10,15,13,11,17,13,21,21,21,21,90,90,Yes,No,No,Yes,Yes,Yes,Yes,No,Yes,No,No,No,No,No,No,No,No,No,No,No,No,No,No,No,No,No,No,No,No,No,No,No,No,No,No,No,No,No,No,Yes,No,No,90,90,43,0,0,0,0,0,0,0,1.25,90.4,104.02,92.062,10.068,0.858,150,175,88,0,0,99.7,99.6,99.6,99.7,99.8,99.8,99.7,99.8,99.8,99.6,99.7,99.8,99.7,99.8,99.8,99.8,99.8,99.3,99.5,99.6,99.6,0,0,0,0,0,0,0,0,0,0.1,0.1,0,0,0,0,0,0,0,0,0,0,0,0,0,0,0,0,0,0,0,0,0,0,0,0,2793.2,28,36,36,36,76,112,447,2,2,Yes,No,Yes,No,No,No,No,No,No,No,No,No,No,No,No,No,No,No,No,No,No,No,No,No,No,No,No,Yes,No,Yes,No,No,No,No,No,No,No,No,32,44,32,89,79,45,1.03,5.08,3.424,3.328,12.192,2.024,0.672,3.424,3.2,1.072,1.264,1.648,1.064,1,1,0.896,1.824,1802,2067,3470,44,43,39,1.055,47,38.2,1.26,1.26,1.8,1.8,1.11,4.97,2.25,No,No,No,38,1.26,1.26,1.8,1.815,1.11,4.97,1.5,No,No,No,51,51,59,100,100,No,No,14726,23929,34,34,No,No,1299,631,4.6,0.2,4.8,3.983,1.01,40496,65296,0,0,0,0,0,0,28.3,30,31.3,84,0.905,12.163,12.154,12.165,12.17,0,0,10.693,5.842,10.83,11.009,3.785,0.184,7.514,7.572,210,50.6,1185,31.3,1290,4,2,0,0,9.4,0,0.2,0,0,0,0,0,0,Yes,No,No,No,No,Yes,No,5.5,7.8,0,0,0,0,0,0,0,0,0,0,0,0,0,0,0,0,0,0,0,0,0,0,0,0,0,0,0,0,0,0,11128,1154,891,62,2.5,0,0,0,16.5,5,62,1,4.8,199.72,980.2,16.14,1.55,286.74,288.2,0,1886,31,0.2,0,0,0,0,0,0,0
14.10.2025,09:32.0,24843,44573,35.7,19223,46097,29.4,0,1.021,1.04,1.03,1.01,1.001,1.005,1.01,1.016,1.02,1.029,1.029,1.029,1.029,1.251,3533,3790.7,3691,3691,3691,3691,3691,3691,3691,3192.2,3192.2,3192.2,3192.2,99.8,3291.9,3570.3,3684.4,3685.8,3688.8,3689.7,3691.4,3691.4,3690,3689.1,3684.1,3688.4,3689.1,3689,3690.4,3689.8,3691.1,3691.4,3089.4,3096.2,3098.1,3098.3,3622.7,100,100,100,100,100,100,100,100,100,100,100,100,100,100,100,100,100,100,100,100,100,100,100,100,99.7,103,103,102.9,102.9,103,103,102.9,102.9,103,103,103,103,103,103,103,103,86.7,86.7,86.7,86.7,99.7,35.4,38,37,37,37,37,37,37,37,32,32,32,32,33,84,86,81,90,87,86,88,83,89,78,78,78,78,16,14,19,10,13,14,12,17,11,22,22,22,22,90,90,Yes,No,No,Yes,No,Yes,Yes,No,Yes,No,No,No,No,No,No,No,No,No,No,No,No,No,No,No,No,No,No,No,No,No,No,No,No,No,No,No,No,No,No,Yes,No,No,90,90,43,0,0,0,0,0,0,0,1.25,88.814,104.359,92.25,10.18,0.897,150,175,88,0,0,99.7,99.6,99.6,99.7,99.7,99.8,99.8,99.8,99.8,99.6,99.7,99.7,99.7,99.8,99.8,99.8,99.8,99.2,99.5,99.5,99.5,0,0,0,0,0,0,0,0,0,0,0,0,0,0,0,0,0,0,0,0,0,0,0,0,0,0,0,0,0,0,0,0,0,0,0,2793.2,28,36,36,36,76,112,447,2,2,Yes,No,Yes,No,No,No,No,No,No,No,No,No,No,No,No,No,No,No,No,No,No,No,No,No,No,No,No,Yes,No,Yes,No,No,No,No,No,No,No,No,32,45,32,89,78,45,1.039,5.04,3.424,3.328,12.192,2.024,0.672,3.424,3.2,1.072,1.264,1.648,1.064,1,1,0.896,1.824,1804,2061,3417,44,43,39,1.06,54,38.2,1.26,1.26,1.8,1.815,1.185,4.97,1.375,No,No,No,38,1.26,1.26,1.8,1.815,1.11,4.97,1.5,No,No,No,51,51,61,100,100,No,No,14726,23929,34,34,No,No,1299,631,1.8,0.7,2.5,1.446,2.597,40499,65301,0,0,0,0,0,0,28.2,30,31.2,84,0.905,12.164,12.155,12.166,12.17,0,0,10.502,5.834,10.797,10.974,3.785,0.191,7.519,7.571,210,50.6,1185,32.3,1290,4,5,0,1,9.4,0,0.2,0,0,0,0,0,0,Yes,No,No,No,No,Yes,No,5.5,7.7,0,0,0,0,0,0,0,0,0,0,0,0,0,0,0,0,0,0,0,0,0,0,0,0,0,0,0,0,0,0,11128,1154,891,62,2.5,0,0,0,16.5,4.7,63.5,1,4.5,211.53,982.64,15.76,1.48,331.84,333.31,0,1886,31,1.1,0.8,0,0,0,0,0,0
14.10.2025,09:34.0,24852,44564,35.8,19231,46090,29.4,0,1.007,1.028,1.052,1.019,1.008,0.996,1.008,0.99,1.001,0.996,0.996,0.996,0.996,1.251,3516.4,3790.7,3890.5,3790.7,3691,3691,3691,3591.2,3691,3092.4,3092.4,3092.4,3092.4,99.8,3391.7,3576.8,3688.5,3691.5,3695,3694.5,3698.4,3698.2,3699.5,3700.5,3693.4,3698.8,3697.7,3699.1,3696.7,3700.6,3700.6,3699.7,3090.4,3095.8,3098.3,3098.4,3629.9,100,99.9,100,99.9,99.9,100,99.9,99.9,100,99.9,100,99.9,100,99.9,100,100,100,100,100,100,100,100,100,100,99.8,103.1,103.1,103.1,103.1,103.1,103.1,103.1,103.2,103.1,103.2,103.1,103.1,103.1,103.2,103.2,103.2,86.6,86.6,86.6,86.6,99.8,35.2,38,39,38,37,37,37,36,37,31,31,31,31,34,85,85,86,90,87,87,88,81,87,81,81,81,81,15,15,14,10,13,13,12,19,13,19,19,19,19,90,90,Yes,No,No,Yes,No,Yes,Yes,No,Yes,No,No,No,No,No,No,No,No,No,No,No,No,No,No,No,No,No,No,No,No,No,No,No,No,No,No,No,No,No,No,Yes,No,No,91,91,43,0,0,0,0,0,0,0,1.25,98.33,103.303,91.249,10.136,0.883,150,175,104,0,0,99.7,99.5,99.6,99.7,99.7,99.8,99.8,99.8,99.8,99.6,99.7,99.7,99.8,99.7,99.8,99.8,99.8,99.3,99.5,99.6,99.6,0,0,0,0,0,0,0,0,0,0,0,0,0,0,0,0,0,0,0,0,0,0,0,0,0,0,0,0,0,0,0,0,0,0,0,2793.2,28,36,36,36,76,112,447,2,2,Yes,No,Yes,No,No,No,No,No,No,No,No,No,No,No,No,No,No,No,No,No,No,No,No,No,No,No,No,Yes,No,Yes,No,No,No,No,No,No,No,No,32,45,32,90,78,43,1.021,5.08,3.424,3.328,12.192,2.024,0.672,3.424,3.2,1.072,1.264,1.664,1.064,1,1,0.888,1.824,1802,2054,3435,44,43,39,1.07,52,38.2,1.26,1.26,1.8,1.815,1.11,4.97,3.625,No,No,No,38,1.26,1.26,1.8,1.815,1.11,5.04,3.25,No,No,No,51,51,61,100,100,No,No,14726,23929,34,34,No,No,1299,631,2.7,4.9,7.6,2.461,1.964,40504,65305,0,0,0,0,0,0,28.2,30,31.2,84,0.905,12.161,12.153,12.163,12.169,0,0,10.436,6.29,10.892,11.542,4.283,0.659,9.07,7.586,210,50.6,1185,32,1290,5,11,0,0,9.4,0,0.2,0,0,0,0,0,0,Yes,No,No,No,No,Yes,No,5.8,8,0,0,0,0,0,0,0,0,0,0,0,0,0,0,0,0,0,0,0,0,0,0,0,0,0,0,0,0,0,0,11128,1154,891,62,2.5,0,0,0,16.5,4.4,115.7,1,4.2,227.46,992.24,8.64,1.42,343.43,344.88,0,1886,31,3.5,1.6,0,0,0,0,0,0
14.10.2025,09:36.0,24948,44468,35.9,19284,46036,29.5,0,1.043,1.025,1.039,1.036,1.026,1.054,1.013,1.031,1.07,1.057,1.057,1.056,1.056,1.251,3549.7,3691,3790.7,3691,3691,3790.7,3691,3691,3790.7,3192.2,3192.2,3192.2,3192.2,99.8,3291.9,3583.2,3697,3695.9,3703.5,3705.7,3707,3707,3707.3,3707.9,3693.1,3700.5,3704.1,3706.6,3709,3709.5,3710.2,3711.7,3090.4,3095.8,3101,3100.8,3636.8,100,100,100,100,100,100,100,100,100,99.9,100,99.9,100,100,100,100,100,100,100,100,100,100,100,100,100.1,103.5,103.5,103.5,103.5,103.4,103.4,103.4,103.4,103.4,103.4,103.4,103.4,103.5,103.5,103.5,103.5,86.8,86.8,86.8,86.8,100.1,35.6,37,38,37,37,38,37,37,38,32,32,32,32,33,84,83,84,90,88,88,88,83,82,78,80,80,78,16,17,16,10,12,12,12,17,18,22,20,20,22,90,90,Yes,No,No,Yes,No,Yes,Yes,No,Yes,No,No,No,No,No,No,No,No,No,No,No,No,No,No,No,No,No,No,No,No,No,No,No,No,No,No,No,No,No,No,Yes,No,No,90,90,43,0,0,0,0,0,0,0,1.25,90.4,102.986,91.217,9.925,0.816,150,175,96,0,0,99.6,99.5,99.4,99.6,99.7,99.8,99.8,99.8,99.8,99.4,99.6,99.7,99.7,99.8,99.8,99.8,99.8,99.1,99.2,99.4,99.4,0,0,0,0,0,0,0,0,0,0,0,0,0,0,0,0,0,0,0,0,0,0,0,0,0,0,0,0,0,0,0,0,0,0,0,2793.2,28,36,36,36,76,112,447,2,2,Yes,No,Yes,No,No,No,No,No,No,No,No,No,No,No,No,No,No,No,No,No,No,No,No,No,No,No,No,Yes,No,Yes,No,No,No,No,No,No,No,No,32,45,32,89,78,44,1.021,5.04,3.424,3.328,12.192,2.024,0.672,3.424,3.2,1.072,1.264,1.664,1.064,1,1,0.888,1.824,1804,2067,3470,44,43,39,1.065,56,38.2,1.26,1.26,1.8,1.815,1.11,5.04,3.25,No,No,No,38,1.245,1.26,1.8,1.815,1.11,5.04,1.25,No,No,No,51,51,62,100,100,No,No,14726,23929,34,34,No,No,1299,631,4.7,0.1,4.7,6.92,0.519,40516,65305,0,0,0,0,0,0,28.2,30,31.1,84,0.905,12.162,12.153,12.163,12.169,0,0,10.333,6.084,10.835,11.421,4.198,0.607,7.495,8.023,210,50.6,1185,30.8,1290,5,5,0,0,9.4,0.1,0.3,0,0,0,0,0,0,Yes,No,No,No,No,Yes,No,5.7,7.4,0,0,0,0,0,0,0,0,0,0,0,0,0,0,0,0,0,0,0,0,0,0,0,0,0,0,0,0,0,0,11128,1154,891,63,2.5,0,0,0,16.5,5.5,69.3,1.3,5.5,182.97,752.54,14.44,0.72,112.35,113.09,0,1886,31,0.3,0.3,0,0,0,0,0,0.012
14.10.2025,09:38.0,24928,44489,35.9,19275,46045,29.5,0,1.011,1.017,1.012,1.013,1.012,0.993,0.994,0.993,1.032,1.018,1.017,1.016,1.016,1.251,3466.5,3691,3691,3691,3691,3591.2,3591.2,3591.2,3691,3092.4,3092.4,3092.4,3092.4,99.8,3291.9,3558.4,3666.5,3670.6,3674.8,3677,3680.5,3679.4,3679.5,3678.5,3671.3,3674.1,3674.9,3678.1,3678.5,3679.4,3679.9,3677.6,3082.2,3087.1,3088.9,3088.4,3610.6,100,99.9,100,99.9,100,100,100,100,99.9,100,99.9,99.9,100,100,100,100,100,100,100,100,100,100,100,100,99.4,102.6,102.6,102.6,102.6,102.7,102.6,102.6,102.6,102.6,102.6,102.6,102.6,102.6,102.7,102.7,102.6,86.4,86.4,86.4,86.4,99.4,34.8,37,37,37,37,36,36,36,37,31,31,31,31,33,83,86,83,90,87,87,87,81,86,77,78,79,79,17,14,17,10,13,13,13,19,14,23,22,21,21,91,90,Yes,No,No,Yes,No,Yes,Yes,No,Yes,No,No,No,No,No,No,No,No,No,No,No,No,No,No,No,No,No,No,No,No,No,No,No,No,No,No,No,No,No,No,Yes,No,No,90,90,43,0,0,0,0,0,0,0,1.25,85.642,104.05,91.802,10.377,0.844,150,175,80,0,0,99.7,99.4,99.6,99.7,99.7,99.8,99.8,99.8,99.8,99.6,99.6,99.7,99.8,99.8,99.8,99.8,99.8,99.3,99.5,99.6,99.6,0,0,0,0,0,0,0,0,0,0,0,0,0,0,0,0,0,0,0,0,0,0,0,0,0,0,0,0,0,0,0,0,0,0,0,2793.2,28,36,36,36,76,112,447,2,2,Yes,No,Yes,No,No,No,No,No,No,No,No,No,No,No,No,No,No,No,No,No,No,No,No,No,No,No,No,Yes,No,Yes,No,No,No,No,No,No,No,No,32,45,32,89,79,44,1.039,5.08,3.424,3.328,12.192,2.024,0.664,3.424,3.2,1.072,1.264,1.664,1.064,1,1,0.888,1.824,1802,2057,3435,44,43,39,1.06,56,38.5,1.245,1.26,1.8,1.815,1.11,5.04,2,No,No,No,38,1.245,1.26,1.8,1.815,1.11,5.04,1.375,No,No,No,51,51,61,100,100,No,No,14726,23929,34,34,No,No,1299,631,1.3,0.1,1.4,2.111,0.603,40521,65307,0,0,0,0,0,0,29.2,34,31.8,84,0.96,12.14,12.114,12.168,12.137,0,0,28.275,14.116,18.195,28.522,16.385,12.523,10.415,10.581,2505,1312.7,2055,2301.4,2025,1,0,0,0,9.5,0,0.1,0,0,0,0,0,0,Yes,No,No,No,No,Yes,No,15.5,20,0,0,0,0,0,0,0,0,0,1,0,0,0,0,0,0,0,0,0,0,0,0,0,0,0,0,0,0,0,0,11115,1167,904,65,16,0,0,0,16.5,5.7,108.1,1.9,5.7,176.34,513.76,9.25,0.26,119.09,119.35,0,1886,31,0.4,0.3,0,0,0,0,0,2.193
14.10.2025,09:40.0,24926,44490,35.9,19273,46047,29.5,0,1.011,1.001,0.978,0.979,0.998,0.996,0.999,1.014,1.015,1.038,1.038,1.038,1.033,1.251,3474.8,3691,3591.2,3591.2,3691,3691,3691,3691,3691,3092.4,3092.4,3092.4,3092.4,99.8,3291.9,3572.9,3687.9,3687.5,3690.1,3691.6,3692.8,3694,3692.6,3692.6,3686.7,3688,3692.2,3692.7,3693.7,3696,3696.3,3696.3,3092.6,3096.1,3099,3098.3,3625.5,100,100,100,100,100,100,100,100,100,100,99.9,100,100,99.9,100,100,100,100,99.9,100,100,100,100,100,99.7,103,103,103,103,103,103,103,103,103,102.9,103,103,103,103,103.1,103.1,86.6,86.6,86.6,86.6,99.7,34.8,37,36,36,37,37,37,37,37,31,31,31,31,33,84,85,84,88,85,88,88,81,87,79,79,79,79,16,15,16,12,15,12,12,19,13,21,21,21,21,91,88,Yes,No,No,Yes,No,Yes,Yes,No,Yes,No,No,No,No,No,No,No,No,No,No,No,No,No,No,No,No,No,No,No,No,No,No,No,No,No,No,No,No,No,No,Yes,No,No,90,90,43,0,0,0,0,0,0,0,1.25,87.228,103.543,90.987,10.671,0.847,150,175,88,0,0,99.7,99.6,99.6,99.7,99.8,99.8,99.8,99.8,99.8,99.6,99.6,99.8,99.8,99.8,99.8,99.8,99.8,99.4,99.5,99.6,99.6,0,0,0,0,0,0,0,0,0,0,0,0,0,0,0,0,0,0,0,0,0,0,0,0,0,0,0,0,0,0,0,0,0,0,0,2793.2,28,36,36,36,76,112,447,2,2,Yes,No,Yes,No,No,No,No,No,No,No,No,No,No,No,No,No,No,No,No,No,No,No,No,No,No,No,No,Yes,No,Yes,No,No,No,No,No,No,No,No,32,45,32,90,79,45,1.039,5.08,3.424,3.328,12.192,2.024,0.664,3.424,3.2,1.072,1.264,1.664,1.064,1,1,0.888,1.824,1804,2061,3470,45,43,40,1.04,55,38.5,1.245,1.26,1.8,1.815,1.11,5.04,1.25,No,No,No,38,1.245,1.26,1.8,1.815,1.11,5.04,1.25,No,No,No,51,51,60,100,100,No,No,14726,23929,34,34,No,No,1299,631,1.1,0,1.2,2.375,0.329,40525,65307,0,0,0,0,0,0,28.6,30,31.6,84,0.93,12.159,12.147,12.165,12.167,0,0,17.023,7.033,12.893,12.919,4.331,0.072,9.443,9.538,345,101.2,1965,672.1,1965,2,1,0,0,9.5,0,0.1,0,0,0,0,0,0,Yes,No,No,No,No,Yes,No,6.7,8.8,0,0,0,0,0,0,0,0,0,2,0,0,0,0,0,0,0,0,0,0,0,0,0,0,0,0,0,0,0,0,11115,1167,904,65,5,0,0,0,16.5,5.4,54,1,5.1,185.29,976.59,18.53,0.72,292.57,293.13,0,1886,31,0.1,0.1,0,0,0,0,0,0.036
14.10.2025,09:42.0,24928,44488,35.9,19272,46048,29.5,0,1.039,1.01,1.019,1.036,1.013,1.014,1.02,1.034,1.057,1.044,1.07,1.085,1.064,1.251,3558,3691,3691,3790.7,3691,3691,3691,3790.7,3890.5,3192.2,3192.2,3192.2,3192.2,99.8,3291.9,3576.4,3688.7,3690.2,3694.9,3695.5,3695.3,3695.3,3697.5,3697,3690.3,3694.9,3696.5,3695.8,3698.3,3698.7,3699.8,3702,3095.4,3099.7,3101.3,3100.5,3629.2,100,100,100,100,100,99.9,99.9,100,100,100,100,100,99.9,100,100,100,100,100,100,100,100,100,100,100,99.8,103.1,103.1,103.1,103.1,103,103,103.1,103.1,103.1,103.1,103.1,103.1,103.1,103.1,103.1,103.1,86.6,86.6,86.6,86.6,99.8,35.7,37,37,38,37,37,37,38,39,32,32,32,32,33,84,85,82,91,87,87,87,82,87,82,79,79,79,16,15,18,9,13,13,13,18,13,18,21,21,21,90,91,Yes,No,No,Yes,No,Yes,Yes,No,Yes,No,No,No,No,No,No,No,No,No,No,No,No,No,No,No,No,No,No,No,No,No,No,No,No,No,No,No,No,No,No,Yes,No,No,90,90,43,0,0,0,0,0,0,0,1.25,91.986,103.25,91.175,10.162,0.883,150,175,96,0,0,99.7,99.6,99.7,99.8,99.8,99.7,99.7,99.8,99.8,99.6,99.7,99.8,99.7,99.8,99.8,99.8,99.8,99.4,99.6,99.6,99.6,0,0,0,0,0,0,0,0,0,0,0,0,0,0,0,0,0,0,0,0,0,0,0,0,0,0,0,0,0,0,0,0,0,0,0,2793.2,28,36,36,36,76,112,447,2,2,Yes,No,Yes,No,No,No,No,No,No,No,No,No,No,No,No,No,No,No,No,No,No,No,No,No,No,No,No,Yes,No,Yes,No,No,No,No,No,Yes,No,No,32,45,32,89,79,44,1.11,5.08,3.424,3.328,12.192,2.024,0.664,3.424,3.2,1.072,1.264,1.648,1.064,1,1,0.888,1.824,1802,2042,3497,44,43,40,1.075,60,38.5,1.245,1.26,1.8,1.8,1.11,5.04,2.25,No,No,No,38.2,1.245,1.26,1.8,1.815,1.11,5.04,1.75,No,No,No,51,51,60,100,100,No,No,14726,23929,34,34,No,No,1299,631,0.4,0.1,0.5,0.943,0.712,40527,65309,0,0,0,0,0,0,28.4,32,31.4,84,0.905,12.161,12.149,12.164,12.17,0,0,10.514,5.63,10.549,10.4,3.371,0,7.505,7.586,210,50.6,1185,37.2,1290,4,2,0,1,9.5,0,0.2,0,0,0,0,0,0,Yes,No,No,No,No,Yes,No,5.2,8,0,0,0,0,0,0,0,0,0,3,0,0,0,0,0,0,0,0,0,0,0,0,0,0,0,0,0,0,0,0,11115,1167,904,65,2.5,0,0,0,16.5,4.8,62.4,1,4.9,207.24,992.25,16.01,1.72,314.92,316.59,0,1886,31,0.1,0.1,0,0,0,0,0,0
14.10.2025,09:44.0,24934,44482,35.9,19280,46040,29.5,0,1.058,1.051,1.054,1.038,1.081,1.021,1.058,1.055,1.055,1.055,1.074,1.074,1.074,1.251,3599.5,3790.7,3790.7,3790.7,3890.5,3691,3790.7,3790.7,3890.5,3192.2,3192.2,3192.2,3192.2,99.8,3391.7,3585.9,3699.3,3701.1,3706.3,3704.2,3708.5,3708.8,3708.5,3709.7,3697.2,3705.4,3707.6,3707.5,3710.5,3709,3711,3709.7,3099.3,3104.1,3106,3105.2,3639.3,100,99.9,100,100,99.9,100,100,99.9,100,99.9,100,100,99.9,100,99.9,100,100,100,100,100,100,100,100,100,100.1,103.4,103.4,103.4,103.4,103.4,103.4,103.4,103.4,103.4,103.4,103.4,103.4,103.4,103.4,103.5,103.5,86.8,86.8,86.8,86.8,100.1,36.1,38,38,38,39,37,38,38,39,32,32,32,32,34,84,85,86,88,84,87,84,81,87,82,82,82,82,16,15,14,12,16,13,16,19,13,18,18,18,18,90,88,Yes,Yes,No,Yes,No,Yes,Yes,No,Yes,No,No,No,No,No,No,No,No,No,No,No,No,No,No,No,No,No,No,No,No,No,No,No,No,No,No,No,No,No,No,Yes,No,No,90,90,43,0,0,0,0,0,0,0,1.25,68.196,102.999,91.162,9.975,0.835,150,175,72,0,0,99.7,99.6,99.6,99.7,99.7,99.8,99.8,99.8,99.8,99.5,99.7,99.7,99.7,99.8,99.8,99.8,99.8,99.4,99.5,99.6,99.6,0,0,0,0,0,0,0,0,0,0,0,0,0,0,0,0,0,0,0,0,0,0,0,0,0,0,0,0,0,0,0,0,0,0,0,2793.2,28,36,36,36,76,112,447,2,2,Yes,No,Yes,No,No,No,No,No,No,No,No,No,No,No,No,No,No,No,No,No,No,No,No,No,No,No,No,Yes,No,Yes,No,No,No,No,No,No,No,No,32,45,32,90,79,45,1.039,5.08,3.424,3.328,12.192,2.024,0.664,3.424,3.2,1.072,1.264,1.664,1.064,1,1,0.888,1.824,1804,2064,3391,45,43,40,1.075,59,38.5,1.245,1.26,1.8,1.815,1.185,5.04,1.75,No,No,No,38.2,1.245,1.26,1.8,1.815,1.11,5.04,1.625,No,No,No,51,51,60,100,100,No,No,14726,23929,34,34,No,No,1299,631,0.4,0.3,0.7,0.784,0.428,40528,65309,0,0,0,0,0,0,28.3,32,31.4,84,0.905,12.158,12.146,12.16,12.168,0,0,10.77,5.595,10.401,10.3,3.37,0,7.508,7.585,210,50.6,1185,40,1290,5,1,0,0,9.5,0.1,0.4,0,0,0,0,0,0,Yes,No,No,No,No,Yes,No,5.2,8.3,0,0,0,0,0,0,0,0,0,3,0,0,0,0,0,0,0,0,0,0,0,0,0,0,0,0,0,0,0,0,11115,1167,904,65,2.5,0,0,0,16.5,5.3,61.5,1.5,5,188.1,685.6,16.27,1.37,85.56,86.97,0,1886,31,0.4,0.2,0,0,0,0,0,0
14.10.2025,09:46.0,24933,44483,35.9,19281,46039,29.5,0,1.007,0.99,0.991,0.974,0.974,0.999,0.996,0.994,1.019,1.039,1.035,1.036,1.039,1.251,3483.1,3591.2,3591.2,3591.2,3591.2,3691,3691,3591.2,3691,3192.2,3192.2,3192.2,3192.2,99.8,3192.2,3575.3,3688.9,3689,3698.8,3696.5,3696.7,3693.3,3695.8,3700.4,3675.6,3691.3,3691.2,3691.8,3698.1,3696.4,3701,3700.8,3095.6,3100.2,3100.2,3104.3,3627.9,99.9,100,99.9,100,99.9,99.9,99.8,99.8,100,99.9,100,100,100,100,99.9,100,100,100,99.9,99.9,100,100,99.9,100,100,103.3,103.2,103.3,103.2,103.2,103.1,103.2,103.3,103.2,103.3,103.3,103.3,103.3,103.2,103.3,103.3,86.9,86.9,86.9,86.9,100,34.9,36,36,36,36,37,37,36,37,32,32,32,32,32,83,84,83,91,85,87,87,81,87,78,78,78,79,17,16,17,9,15,13,13,19,13,22,22,22,21,91,91,Yes,Yes,No,Yes,No,Yes,Yes,No,Yes,No,No,No,No,No,No,No,No,No,No,No,No,No,No,No,No,No,No,No,No,No,No,No,No,No,No,No,No,No,No,Yes,No,No,91,91,43,0,0,0,0,0,0,0,1.25,98.33,103.738,91.865,9.994,0.848,150,175,104,0,0,99.6,99.4,99.4,99.7,99.6,99.6,99.6,99.6,99.8,99.1,99.6,99.6,99.6,99.7,99.7,99.8,99.8,99.2,99.4,99.4,99.5,0,0,0,0,0,0,0,0,0,0,0,0.1,0,0,0,0,0,0,0,0,0,0,0,0,0,0,0,0,0,0,0,0,0,0,0,2793.2,28,36,36,36,76,112,447,2,2,Yes,No,Yes,No,No,No,No,No,No,No,No,No,No,No,No,No,No,No,No,No,No,No,No,No,No,No,No,Yes,No,Yes,No,No,No,No,No,No,No,No,32,45,32,90,78,44,1.066,5.08,3.424,3.328,12.192,2.024,0.664,3.424,3.2,1.072,1.264,1.648,1.064,1,1,0.888,1.824,1802,2061,3488,44,43,40,1.09,53,38.5,1.245,1.26,1.8,1.815,1.11,4.97,2.375,No,No,No,38.2,1.245,1.26,1.8,1.815,1.11,4.97,3.25,No,No,No,51,51,61,100,100,No,No,14726,23929,34,34,No,No,1299,631,2.1,0.1,2.2,4.352,0.76,40537,65311,0,0,0,0,0,0,28.3,32,31.4,84,0.905,12.158,12.147,12.16,12.168,0,0,10.279,5.576,10.339,10.251,3.346,0,7.505,7.588,210,50.6,1185,32.4,1290,8,16,0,1,9.5,0.1,0.3,0,0,0,0,0,0,Yes,No,No,No,No,Yes,No,5.1,7.2,0,0,0,0,0,0,0,0,0,3,0,0,0,0,0,0,0,0,0,0,0,0,0,0,0,0,0,0,0,0,11115,1167,904,64,2.5,0,0,0,16.5,5.4,254.6,1.3,5.2,184.13,769.43,3.93,1.98,161.17,162.99,0,1886,31,0.6,0.1,0,0,0,0,0,0
14.10.2025,09:48.0,24925,44491,35.9,19277,46043,29.5,0,1.021,1.031,0.984,0.986,0.993,0.973,0.97,0.995,1.064,1.072,1.062,1.062,1.062,1.251,3474.8,3790.7,3491.5,3591.2,3591.2,3491.5,3491.5,3591.2,3890.5,3192.2,3192.2,3192.2,3192.2,99.8,3391.7,3581.7,3694.3,3694.6,3700.6,3701.5,3702.4,3701.2,3700.8,3701.3,3694.3,3698.6,3699.8,3700.6,3700.1,3701.3,3701.9,3703.6,3105.5,3109.5,3111.3,3111.7,3634,100,100,100,100,100,100,100,100,100,100,100,100,100,100,100,100,100,100,100,100,100,100,100,100,100,103.2,103.2,103.3,103.3,103.2,103.2,103.2,103.2,103.2,103.2,103.2,103.2,103.3,103.3,103.3,103.3,87,87,87,87,100,34.8,38,35,36,36,35,35,36,39,32,32,32,32,34,84,88,83,91,85,86,85,83,87,80,81,81,81,16,12,17,9,15,14,15,17,13,20,19,19,19,91,91,Yes,Yes,No,Yes,No,Yes,Yes,No,Yes,No,No,No,No,No,No,No,No,No,No,No,No,No,No,No,No,No,No,No,No,No,No,No,No,No,No,No,No,No,No,Yes,No,No,91,91,44,0,0,0,0,0,0,0,1.25,87.228,104.688,92.782,10.011,0.863,150,175,96,0,0,99.7,99.6,99.6,99.8,99.8,99.8,99.8,99.8,99.8,99.6,99.7,99.8,99.8,99.8,99.8,99.8,99.8,99.4,99.5,99.6,99.6,0,0,0,0,0,0,0,0,0,0,0,0,0,0,0,0,0,0,0,0,0,0,0,0,0,0,0,0,0,0,0,0,0,0,0,2793.2,28,36,36,36,76,112,447,2,2,Yes,No,Yes,No,No,No,No,No,No,No,No,No,No,No,No,No,No,No,No,No,No,No,No,No,No,No,No,Yes,No,Yes,No,No,No,No,No,No,No,No,32,45,32,89,79,45,1.066,5.04,3.424,3.328,12.192,2.024,0.664,3.424,3.2,1.072,1.264,1.664,1.064,1,1,0.888,1.824,1802,2061,3452,46,43,40,1.065,54,38.5,1.26,1.26,1.8,1.815,1.11,4.97,2.25,No,No,No,38.2,1.26,1.26,1.8,1.815,1.11,4.97,2.25,No,No,No,51,51,59,100,100,No,No,14726,23929,34,34,No,No,1299,631,0.1,0.1,0.2,0.282,0.385,40537,65312,0,0,0,0,0,0,28.3,30,31.2,84,0.905,12.158,12.146,12.162,12.168,0,0,10.293,5.543,10.137,10.155,3.407,0.025,7.498,7.575,210,50.6,1185,32.5,1290,3,13,0,0,9.5,0.1,0.3,0,0,0,0,0,0,Yes,No,No,No,No,Yes,No,5.1,7.4,0,0,0,0,0,0,0,0,0,3,0,0,0,0,0,0,0,0,0,0,0,0,0,0,0,0,0,0,0,0,11115,1167,904,64,2.5,0,0,0,16.5,5,62,1,4.8,199.79,983.71,16.13,1.54,386.21,388.03,0,1886,31,0.4,0.2,0,0,0,0,0,0
14.10.2025,09:50.0,24923,44493,35.9,19280,46040,29.5,0,1.031,1.044,1.069,1.066,1.056,1.02,1.033,1.011,0.99,1.016,1.015,1.016,1.042,1.251,3558,3790.7,3890.5,3890.5,3890.5,3691,3790.7,3691,3591.2,3092.4,3092.4,3092.4,3192.2,99.8,3391.7,3603.9,3716.3,3715.3,3721.5,3722.9,3724.7,3726.7,3726.9,3728.3,3720.6,3724.4,3726.8,3727.1,3730.3,3730.3,3730.3,3728.6,3116.3,3119.4,3121.8,3120,3657.6,100,100,99.9,100,100,100,100,100,100,100,99.9,100,100,100,100,100,100,100,100,100,99.9,100,100,100,100.5,103.9,103.8,103.8,103.8,103.8,103.9,103.9,103.9,103.9,103.8,103.8,103.8,103.9,103.9,103.9,103.9,87.3,87.2,87.3,87.2,100.5,35.7,38,39,39,39,37,38,37,36,31,31,31,32,34,84,85,83,90,88,88,85,83,86,81,79,78,79,16,15,17,10,12,12,15,17,14,19,21,22,21,88,90,Yes,Yes,No,Yes,No,Yes,Yes,No,Yes,No,No,No,No,No,No,No,No,No,No,No,No,No,No,No,No,No,No,No,No,No,No,No,No,No,No,No,No,No,No,Yes,No,No,91,91,44,0,0,0,0,0,0,0,1.25,80.884,103.714,91.63,10.129,0.926,150,175,80,0,0,99.7,99.6,99.6,99.7,99.8,99.8,99.8,99.8,99.8,99.6,99.7,99.8,99.8,99.8,99.8,99.8,99.8,99.4,99.5,99.6,99.5,0,0,0,0,0,0,0,0,0,0,0,0,0,0,0,0,0,0,0,0,0,0,0,0,0,0,0,0,0,0,0,0,0,0,0,2793.2,28,36,36,36,76,112,447,2,2,Yes,No,Yes,No,No,No,No,No,No,No,No,No,No,No,No,No,No,No,No,No,No,No,No,No,No,No,No,Yes,No,Yes,No,No,No,No,No,Yes,No,No,32,45,32,89,78,45,1.066,5.04,3.424,3.328,12.192,2.024,0.664,3.424,3.2,1.072,1.264,1.664,1.064,1,1,0.888,1.824,1804,2057,3506,45,44,40,1.02,52,38.5,1.26,1.245,1.8,1.815,1.11,4.97,2.5,No,No,No,38.2,1.26,1.26,1.8,1.815,1.11,4.97,1.375,No,No,No,51,51,58,100,100,No,No,14726,23929,34,34,No,No,1299,631,0.7,0.1,0.8,1.274,0.622,40540,65313,0,0,0,0,0,0,28.2,32,31.2,84,0.905,12.16,12.148,12.163,12.169,0,0,10.469,5.551,9.834,10.108,3.553,0.282,7.501,7.579,210,50.6,1185,35.1,1290,4,8,0,0,9.5,0,0.2,0,0,0,0,0,0,Yes,No,No,No,No,Yes,No,5.1,7.8,0,0,0,0,0,0,0,0,0,3,0,0,0,0,0,0,0,0,0,0,0,0,0,0,0,0,0,0,0,0,11115,1167,904,64,2.5,0,0,0,16.5,4.7,143.5,1,4.5,211.58,997.44,6.97,1.52,331.79,333.28,0,1886,31,0.2,0,0,0,0,0,0,0
14.10.2025,09:52.0,24929,44487,35.9,19283,46037,29.5,0,1.044,1.042,1.042,1.065,1.066,1.043,1.052,0.992,1.048,1.039,1.039,1.038,1.064,1.251,3582.9,3790.7,3790.7,3890.5,3890.5,3790.7,3790.7,3591.2,3691,3192.2,3192.2,3192.2,3192.2,99.8,3391.7,3594.4,3708.1,3709.6,3713.9,3714.9,3715.5,3714,3716.2,3716.1,3709.4,3713.3,3715.2,3716.8,3716.7,3717.3,3718.8,3719.8,3109,3113.9,3115.2,3114.9,3647.7,100,100,100,100,100,100,99.9,100,100,100,100,99.9,100,100,100,100,100,100,100,100,100,100,100,100,100.3,103.6,103.6,103.7,103.6,103.6,103.6,103.7,103.7,103.7,103.6,103.6,103.6,103.7,103.7,103.7,103.7,87.1,87.1,87.1,87.1,100.3,35.9,38,38,39,39,38,38,36,37,32,32,32,32,34,83,84,81,88,87,89,87,83,86,78,77,78,78,17,16,19,12,13,11,13,17,14,22,23,22,22,90,89,Yes,Yes,No,Yes,Yes,Yes,Yes,No,Yes,No,No,No,No,No,No,No,No,No,No,No,No,No,No,No,No,No,No,No,No,No,No,No,No,No,No,No,No,No,No,Yes,No,No,88,88,44,0,0,0,0,0,0,0,1.25,68.196,104.183,91.87,10.301,0.977,150,175,72,0,0,99.7,99.6,99.6,99.7,99.8,99.8,99.7,99.8,99.8,99.6,99.7,99.7,99.8,99.8,99.8,99.8,99.8,99.3,99.5,99.5,99.5,0,0,0,0,0,0,0,0,0,0,0,0,0,0,0,0,0,0,0,0,0,0,0,0,0,0,0,0,0,0,0,0,0,0,0,2793.2,28,36,36,36,76,112,447,2,2,Yes,No,Yes,No,No,No,No,No,No,No,No,No,No,No,No,No,No,No,No,No,No,No,No,No,No,No,No,Yes,No,Yes,No,No,No,No,No,Yes,No,No,32,45,32,89,78,45,1.074,5.08,3.424,3.328,12.192,2.024,0.664,3.424,3.2,1.072,1.264,1.664,1.064,1,1,0.888,1.824,1804,2070,3524,46,44,40,1.06,51,38.8,1.26,1.26,1.8,1.815,1.11,4.97,2.125,No,No,No,38.2,1.26,1.26,1.815,1.815,1.11,4.97,1.25,No,No,No,51,51,59,100,100,No,No,14726,23929,34,34,No,No,1299,631,0.4,0.1,0.5,0.786,0.552,40541,65314,0,0,0,0,0,0,28.3,30,31.2,84,0.905,12.16,12.149,12.163,12.17,0,0,10.559,5.53,10.023,10.095,3.42,0.078,7.498,7.594,210,50.6,1185,32.6,1290,4,2,0,0,9.5,0,0.2,0,0,0,0,0,0,Yes,No,No,No,No,Yes,No,5.1,7.8,0,0,0,0,0,0,0,0,0,3,0,0,0,0,0,0,0,0,0,0,0,0,0,0,0,0,0,0,0,0,11115,1167,904,64,2.5,0,0,0,16.5,4.3,61.9,1,4.2,231.25,980.87,16.16,1.5,393.7,395.25,0,1887,31,126.9,12.6,0,0,0,0,0,0
14.10.2025,09:54.0,24931,44485,35.9,19280,46040,29.5,0,1.032,1.037,1.061,1.063,1.031,1.015,1.041,1.043,1.021,1.02,1.011,1.011,1.036,1.251,3566.3,3790.7,3890.5,3890.5,3790.7,3691,3790.7,3790.7,3691,3092.4,3092.4,3092.4,3192.2,99.8,3391.7,3582.8,3691.7,3694.8,3700.1,3701.6,3702.2,3702.7,3703.2,3703.2,3696.4,3701.1,3702.3,3702.6,3703.3,3704.5,3703.8,3703.8,3104.9,3109.9,3112,3111.6,3635.1,100,100,100,100,100,100,100,100,100,100,100,100,100,100,100,100,100,100,100,100,100,100,100,100,100,103.2,103.2,103.2,103.3,103.2,103.2,103.3,103.3,103.3,103.3,103.3,103.3,103.3,103.3,103.3,103.3,87,87,87,87,100,35.8,38,39,39,38,37,38,38,37,31,31,31,32,34,84,84,84,88,87,88,88,82,89,80,79,79,79,16,16,16,12,13,12,12,18,11,20,21,21,21,89,89,Yes,Yes,No,Yes,No,Yes,Yes,No,Yes,No,No,No,No,No,No,No,No,No,No,No,No,No,No,No,No,No,No,No,No,No,No,No,No,No,No,No,No,No,No,Yes,No,No,88,88,44,0,0,0,0,0,0,0,1.25,85.642,103.986,91.745,10.256,0.958,150,175,96,0,0,99.7,99.6,99.6,99.7,99.8,99.8,99.8,99.8,99.8,99.6,99.8,99.8,99.8,99.8,99.8,99.8,99.8,99.3,99.5,99.6,99.6,0,0,0,0,0,0,0,0,0,0,0,0,0,0,0,0,0,0,0,0,0,0,0,0,0,0,0,0,0,0,0,0,0,0,0,2793.2,28,36,36,36,76,112,447,2,2,Yes,No,Yes,No,No,No,No,No,No,No,No,No,No,No,No,No,No,No,No,No,No,No,No,No,No,No,No,Yes,No,Yes,No,No,No,No,No,Yes,No,No,32,45,32,90,79,45,1.057,5.04,3.424,3.328,12.192,2.024,0.664,3.424,3.2,1.072,1.264,1.664,1.064,1,1,0.888,1.824,1804,2061,3470,45,44,40,1.09,55,38.8,1.26,1.26,1.815,1.8,1.11,4.97,2.625,No,No,No,38.2,1.26,1.26,1.815,1.815,1.11,4.97,2.25,No,No,No,51,51,58,100,100,No,No,14726,23929,34,34,No,No,1299,631,0.2,0.4,0.6,0.304,0.851,40542,65316,0,0,0,0,0,0,28.2,30,31.2,84,0.905,12.155,12.141,12.158,12.166,0,0,10.339,5.533,10.049,10.115,3.406,0.066,7.498,7.594,210,50.6,1185,34.2,1290,4,3,0,0,9.5,0,0.2,0,0,0,0,0,0,Yes,No,No,No,No,Yes,No,5.1,8.4,0,0,0,0,0,0,0,0,0,3,0,0,0,0,0,0,0,0,0,0,0,0,0,0,0,0,0,0,0,0,11115,1167,904,64,2.5,0,0,0,16.5,4.4,98.4,1.3,4.2,228.21,783.94,10.17,1.85,203.72,205.56,0,1887,31,149.5,7,0,0,0,0,0,0
14.10.2025,09:56.0,24934,44482,35.9,19289,46032,29.5,0,1.064,1.041,1.037,1.063,1.063,1.09,1.077,1.064,1.076,1.065,1.065,1.065,1.065,1.251,3624.5,3790.7,3790.7,3790.7,3790.7,3890.5,3890.5,3890.5,3890.5,3192.2,3192.2,3192.2,3192.2,99.8,3391.7,3587.3,3699.3,3699.6,3706,3706.4,3707.4,3706.9,3706.9,3706.2,3700,3704.9,3706.6,3706.8,3708.9,3709.4,3711.6,3714.3,3107.4,3112.5,3112.3,3113.5,3640.1,100,100,100,100,100,100,100,100,100,100,100,100,100,100,100,100,100,100,100,99.9,100,100,100,100,100.1,103.4,103.4,103.4,103.4,103.4,103.4,103.4,103.4,103.4,103.4,103.4,103.4,103.5,103.4,103.5,103.5,87,87,87,87,100.1,36.3,38,38,38,38,39,39,39,39,32,32,32,32,34,83,83,84,88,84,86,83,81,86,81,81,81,81,17,17,16,12,16,14,17,19,14,19,19,19,19,88,88,Yes,Yes,No,Yes,No,Yes,Yes,No,Yes,No,No,No,No,No,No,No,No,No,No,No,No,No,No,No,No,No,No,No,No,No,No,No,No,No,No,No,No,No,No,Yes,No,No,90,90,44,0,0,0,0,0,0,0,1.25,84.056,103.319,91.225,10.128,0.932,150,175,96,0,0,99.7,99.6,99.6,99.7,99.8,99.8,99.8,99.8,99.8,99.6,99.7,99.8,99.8,99.8,99.8,99.8,99.8,99.3,99.5,99.5,99.5,0,0,0,0,0,0,0,0,0,0,0,0.1,0,0,0,0,0,0,0,0,0,0,0,0,0,0,0,0,0,0,0,0,0,0,0,2793.2,28,36,36,36,76,112,447,2,2,Yes,No,Yes,No,No,No,No,No,No,No,No,No,No,No,No,No,No,No,No,No,No,No,No,No,No,No,No,Yes,No,Yes,No,No,No,No,No,Yes,No,No,32,45,32,90,78,45,1.057,5.08,3.424,3.328,12.192,2.024,0.656,3.424,3.2,1.072,1.264,1.664,1.064,1,1,0.888,1.824,1802,2057,3417,45,44,40,1.14,60,38.8,1.26,1.26,1.815,1.815,1.2,4.97,2.5,No,No,No,38.5,1.26,1.26,1.815,1.815,1.11,4.97,3.125,No,No,No,51,51,59,100,100,No,No,14726,23929,34,34,No,No,1299,631,0.4,0,0.5,0.798,0.37,40544,65316,0,0,0,0,0,0,28.2,32,31.2,84,0.905,12.157,12.143,12.16,12.168,0,0,10.438,5.612,10.175,10.324,3.541,0.152,7.498,7.595,210,50.6,1185,34,1290,4,2,0,0,9.5,0,0.2,0,0,0,0,0,0,Yes,No,No,No,No,Yes,No,5.2,7.6,0,0,0,0,0,0,0,0,0,3,0,0,0,0,0,0,0,0,0,0,0,0,0,0,0,0,0,0,0,0,11115,1167,904,63,2.5,0,0,0,16.5,4.2,61.5,1,4.1,237.31,996.73,16.26,1.49,331.89,333.35,0,1887,31,20.3,6.4,0,0,0,0,0,0
14.10.2025,09:58.0,24928,44488,35.9,19286,46035,29.5,0,1.038,1.036,1.043,1.044,1.028,1.053,1.054,1.054,1.028,1.03,1.03,1.03,1.03,1.251,3541.3,3691,3790.7,3790.7,3790.7,3790.7,3790.7,3790.7,3691,3092.4,3092.4,3092.4,3092.4,99.8,3291.9,3611.1,3727.2,3726.1,3731.5,3732.8,3736.3,3735,3737.4,3736.4,3729.9,3735,3735.3,3734.6,3734.6,3734.9,3734,3732.9,3118.4,3121.7,3124.4,3124.5,3665.2,100,100,99.9,100,100,100,100,100,100,100,100,100,99.9,99.9,100,100,100,100,100,100,100,100,100,100,100.8,104.2,104.1,104.1,104.2,104.2,104.2,104.2,104.2,104.2,104.2,104.2,104.2,104.2,104.2,104.2,104.2,87.4,87.4,87.4,87.4,100.8,35.5,37,38,38,38,38,38,38,37,31,31,31,31,33,84,85,83,90,88,87,85,82,91,78,78,78,78,16,15,17,10,12,13,15,18,9,22,22,22,22,90,91,Yes,Yes,No,Yes,No,Yes,Yes,No,Yes,No,No,No,No,No,No,No,No,No,No,No,No,No,No,No,No,No,No,No,No,No,No,No,No,No,No,No,No,No,No,Yes,No,No,90,90,44,0,0,0,0,0,0,0,1.25,87.228,102.93,90.691,10.25,0.961,150,175,88,0,0,99.7,99.6,99.6,99.7,99.7,99.8,99.8,99.8,99.8,99.6,99.7,99.7,99.7,99.7,99.8,99.8,99.8,99.4,99.5,99.6,99.6,0,0,0,0,0,0,0,0,0,0,0,0,0,0,0,0,0,0,0,0,0,0,0,0,0,0,0,0,0,0,0,0,0,0,0,2793.2,28,36,36,36,76,112,447,2,2,Yes,No,Yes,No,No,No,No,No,No,No,No,No,No,No,No,No,No,No,No,No,No,No,No,No,No,No,No,Yes,No,Yes,No,No,No,No,No,Yes,No,No,32,45,32,89,78,46,1.057,5.08,3.424,3.328,12.192,2.024,0.656,3.424,3.2,1.072,1.264,1.664,1.064,1,1,0.88,1.824,1807,2067,3452,45,44,40,1.09,55,38.8,1.26,1.26,1.815,1.815,1.11,5.04,1.375,No,No,No,38.5,1.26,1.26,1.815,1.815,1.11,5.04,1.25,No,No,No,51,51,59,100,100,No,No,14726,23929,34,34,No,No,1299,631,0.6,0.3,0.9,0.88,0.561,40545,65317,0,0,0,0,0,0,28.2,30,31.2,84,0.905,12.154,12.141,12.157,12.165,0,0,10.297,5.562,10.101,10.188,3.455,0.094,7.491,7.605,210,50.6,1185,31.3,1290,5,12,0,0,9.5,0,0.2,0,0,0,0,0,0,Yes,No,No,No,No,Yes,No,5.1,8,0,0,0,0,0,0,0,0,0,3,0,0,0,0,0,0,0,0,0,0,0,0,0,0,0,0,0,0,0,0,11115,1167,904,62,2.5,0,0,0,16.5,4.1,62.2,1,4,241.5,980.35,16.07,1.49,284.22,285.7,0,1887,31,0.8,0.3,0,0,0,0,0,0
14.10.2025,10:00.0,24942,44474,35.9,19300,46021,29.5,0,1.037,1.045,1.052,1.042,1.087,1.087,1.039,1.025,0.994,1.017,1.017,1.017,1.017,1.251,3549.7,3790.7,3790.7,3790.7,3890.5,3890.5,3790.7,3691,3591.2,3092.4,3092.4,3092.4,3092.4,99.8,3391.7,3602.8,3718.9,3718,3724.2,3725.6,3725.7,3725.9,3725.2,3722.5,3715.7,3725.9,3726.4,3725.1,3727.3,3727.9,3729.1,3728,3112.1,3116.1,3118.6,3118.1,3656.6,99.9,99.9,99.9,99.9,99.9,99.9,99.9,99.9,99.9,99.8,100,99.9,99.9,99.9,99.9,100,100,100,99.9,100,100,100,99.9,100,100.6,103.9,103.9,104,104,103.9,103.9,103.9,103.9,103.9,104,104,103.9,104,104,104.1,104.1,87.3,87.3,87.3,87.3,100.6,35.6,38,38,38,39,39,38,37,36,31,31,31,31,34,83,84,82,90,88,89,88,81,87,77,77,77,77,17,16,18,10,12,11,12,19,13,23,23,23,23,88,90,Yes,Yes,No,Yes,No,Yes,Yes,No,Yes,No,No,No,No,No,No,No,No,No,No,No,No,No,No,No,No,No,No,No,No,No,No,No,No,No,No,No,No,No,No,Yes,No,No,91,91,44,0,0,0,0,0,0,0,1.25,74.54,104.731,92.346,10.352,1.005,150,175,80,0,0,99.6,99.5,99.5,99.7,99.7,99.7,99.7,99.7,99.7,99.5,99.7,99.7,99.7,99.7,99.8,99.8,99.8,99.3,99.4,99.5,99.5,0,0,0,0,0,0,0,0,0,0,0,0,0,0,0,0,0,0,0,0,0,0,0,0,0,0,0,0,0,0,0,0,0,0,0,2793.2,28,36,36,36,76,112,447,2,2,Yes,No,Yes,No,No,No,No,No,No,No,No,No,No,No,No,No,No,No,No,No,No,No,No,No,No,No,No,Yes,No,Yes,No,No,No,No,No,Yes,No,No,32,45,32,89,78,45,1.021,5.08,3.424,3.328,12.192,2.024,0.656,3.424,3.2,1.072,1.264,1.664,1.064,1,1,0.88,1.824,1802,2061,3375,44,44,40,1.06,56,38.8,1.26,1.26,1.815,1.815,1.11,5.04,1.5,No,No,No,38.5,1.26,1.26,1.815,1.815,1.11,5.04,4.25,No,No,No,50,50,59,100,100,No,No,14726,23929,34,34,No,No,1299,631,1.4,0.3,1.7,1.121,1.099,40547,65319,0,0,0,0,0,0,28.2,30,31.2,84,0.905,12.162,12.151,12.165,12.171,0,0,10.403,5.545,10.078,10.146,3.432,0.077,7.494,7.59,210,50.6,1185,32.9,1290,3,2,0,0,9.5,0,0.2,0,0,0,0,0,0,Yes,No,No,No,No,Yes,No,5.1,8.5,0,0,0,0,0,0,0,0,0,3,0,0,0,0,0,0,0,0,0,0,0,0,0,0,0,0,0,0,0,0,11115,1167,904,60,2.5,0,0,0,16.5,3.9,55.7,1,3.8,253.51,1000.26,17.96,1.45,398.56,400.04,0,1887,31,2.8,1.1,0,0,0,0,0,0
14.10.2025,10:02.0,24934,44482,35.9,19302,46019,29.5,0,1.014,1.012,1.013,1.013,1.013,1.008,1.016,1.013,1.015,1.019,1.015,1.015,1.015,1.251,3491.5,3691,3691,3691,3691,3691,3691,3691,3691,3092.4,3092.4,3092.4,3092.4,99.8,3291.9,3595.5,3713,3712.5,3716.9,3717.5,3720,3719.2,3717.4,3718.7,3713.1,3715.8,3717.8,3715.8,3719.4,3719,3720.5,3721.9,3101.8,3108.8,3110,3110.2,3649.4,100,100,100,99.9,99.9,99.9,99.9,99.9,99.9,100,100,100,99.9,100,100,100,100,100,100,100,100,100,100,100,100.4,103.8,103.8,103.7,103.7,103.8,103.8,103.7,103.8,103.8,103.8,103.8,103.7,103.8,103.8,103.8,103.8,87.1,87.1,87,87.1,100.4,35,37,37,37,37,37,37,37,37,31,31,31,31,33,83,84,83,90,84,87,85,83,86,79,78,78,78,17,16,17,10,16,13,15,17,14,21,22,22,22,90,90,Yes,Yes,No,Yes,No,Yes,Yes,No,Yes,No,No,No,No,No,No,No,No,No,No,No,No,No,No,No,No,No,No,No,No,No,No,No,No,No,No,No,No,No,No,Yes,No,No,84,84,44,0,0,0,0,0,0,0,1.25,87.228,103.967,91.848,10.166,0.922,150,175,96,0,0,99.7,99.6,99.6,99.7,99.7,99.8,99.8,99.7,99.8,99.6,99.7,99.8,99.7,99.8,99.8,99.8,99.8,99.3,99.5,99.5,99.5,0,0,0,0,0,0,0,0,0,0,0,0,0,0,0,0,0,0,0,0,0,0,0,0,0,0,0,0,0,0,0,0,0,0,0,2793.2,28,36,36,36,76,112,447,2,2,Yes,No,Yes,No,No,No,No,No,No,No,No,No,No,No,No,No,No,No,No,No,No,No,No,No,No,No,No,Yes,No,Yes,No,No,No,No,No,Yes,No,No,32,45,32,89,78,44,1.039,5.04,3.424,3.328,12.192,2.024,0.656,3.424,3.2,1.072,1.264,1.664,1.064,1,1,0.88,1.824,1807,2064,3452,46,44,40,1.095,57,39,1.26,1.26,1.815,1.815,1.11,5.04,2.625,No,No,No,38.5,1.26,1.26,1.815,1.815,1.11,5.04,2.125,No,No,No,50,50,59,100,100,No,No,14726,23929,34,34,No,No,1299,631,1.2,2.5,3.7,1.368,1.101,40550,65322,0,0,0,0,0,0,28.2,30,31.1,84,0.905,12.161,12.148,12.164,12.169,0,0,10.285,5.597,10.137,10.279,3.517,0.147,7.494,7.605,210,50.6,1185,32.2,1290,5,3,0,0,9.5,0,0.2,0,0,0,0,0,0,Yes,No,No,No,No,Yes,No,5.1,7.9,0,0,0,0,0,0,0,0,0,3,0,0,0,0,0,0,0,0,0,0,0,0,0,0,0,0,0,0,0,0,11115,1167,904,60,2.5,0,0,0,16.5,4,63.8,1,3.9,252.52,968.62,15.68,1.58,255.01,256.62,0,1887,32,14.7,4.1,0,0,0,0,0,0
14.10.2025,10:04.0,24941,44475,35.9,19302,46018,29.5,0,1.037,1.027,1.038,1.015,1.038,1.035,1.04,1.018,1.03,1.05,1.05,1.05,1.05,1.251,3574.6,3790.7,3790.7,3691,3790.7,3790.7,3790.7,3691,3790.7,3192.2,3192.2,3192.2,3192.2,99.8,3391.7,3566.6,3678.3,3680,3683.4,3686.2,3686,3686,3687.3,3686.6,3677.7,3684.5,3685.9,3687,3688.5,3689.2,3690.3,3690.9,3088.1,3092.1,3091.6,3092.6,3619.3,100,99.9,100,99.9,100,100,100,100,100,99.9,100,100,100,100,100,100,100,100,100,99.9,99.9,100,100,100,99.5,102.8,102.8,102.8,102.8,102.8,102.8,102.8,102.8,102.8,102.8,102.8,102.8,102.8,102.8,102.8,102.8,86.4,86.4,86.3,86.4,99.5,35.8,38,38,37,38,38,38,37,38,32,32,32,32,34,84,86,86,90,85,88,83,81,87,79,79,79,79,16,14,14,10,15,12,17,19,13,21,21,21,21,90,90,Yes,No,No,Yes,No,Yes,No,No,Yes,No,No,No,No,No,No,No,No,No,No,No,No,No,No,No,No,No,No,No,No,No,No,No,No,No,No,No,No,No,No,Yes,No,No,91,91,44,0,0,0,0,0,0,0,1.25,91.986,101.379,89.62,9.893,0.834,150,175,96,0,0,99.7,99.6,99.6,99.7,99.8,99.8,99.8,99.8,99.8,99.6,99.7,99.8,99.8,99.8,99.8,99.8,99.8,99.4,99.5,99.5,99.5,0,0,0,0,0,0,0,0,0,0,0,0.1,0.1,0,0,0,0,0,0,0,0,0,0,0,0,0,0,0,0,0,0,0,0,0,0,2793.2,28,36,36,36,76,112,447,2,2,Yes,No,Yes,No,No,No,No,No,No,No,No,No,No,No,No,No,No,No,No,No,No,No,No,No,No,No,No,Yes,No,Yes,No,No,No,No,No,No,No,No,32,45,32,89,79,45,1.057,5.08,3.424,3.328,12.192,2.024,0.656,3.424,3.2,1.072,1.264,1.648,1.064,1,1,0.88,1.824,1802,2064,3470,45,44,40,1.065,58,39,1.26,1.26,1.8,1.815,1.11,5.04,2,No,No,No,38.5,1.26,1.26,1.8,1.815,1.11,5.04,1.875,No,No,No,50,50,60,100,100,No,No,14726,23929,34,34,No,No,1299,631,1.1,0.2,1.2,2.688,1.002,40555,65323,0,0,0,0,0,0,28.2,30,31.1,84,0.905,12.158,12.145,12.161,12.168,0,0,10.646,5.643,10.547,10.458,3.431,0,7.486,7.583,210,50.6,1185,37.1,1290,4,13,0,0,9.5,0.1,0.4,0,0,0,0,0,0,Yes,No,No,No,No,Yes,No,5.2,8.5,0,0,0,0,0,0,0,0,0,3,0,0,0,0,0,0,0,0,0,0,0,0,0,0,0,0,0,0,0,0,11115,1167,904,64,2.5,0,0,0,16.5,4.1,55.2,2,3.9,246.76,490.39,18.1,1.49,182.73,184.12,0,1887,32,0.6,1,0,0,0,0,0,0
14.10.2025,10:06.0,24941,44475,35.9,19302,46018,29.5,0,1.037,1.027,1.038,1.015,1.038,1.035,1.04,1.018,1.03,1.05,1.05,1.05,1.05,1.251,3574.6,3790.7,3790.7,3691,3790.7,3790.7,3790.7,3691,3790.7,3192.2,3192.2,3192.2,3192.2,99.8,3391.7,3566.6,3678.3,3680,3683.4,3686.2,3686,3686,3687.3,3686.6,3677.7,3684.5,3685.9,3687,3688.5,3689.2,3690.3,3690.9,3088.1,3092.1,3091.6,3092.6,3619.3,100,99.9,100,99.9,100,100,100,100,100,99.9,100,100,100,100,100,100,100,100,100,99.9,99.9,100,100,100,99.5,102.8,102.8,102.8,102.8,102.8,102.8,102.8,102.8,102.8,102.8,102.8,102.8,102.8,102.8,102.8,102.8,86.4,86.4,86.3,86.4,99.5,35.8,38,38,37,38,38,38,37,38,32,32,32,32,34,84,86,86,90,85,88,83,81,87,79,79,79,79,16,14,14,10,15,12,17,19,13,21,21,21,21,90,90,Yes,No,No,Yes,No,Yes,No,No,Yes,No,No,No,No,No,No,No,No,No,No,No,No,No,No,No,No,No,No,No,No,No,No,No,No,No,No,No,No,No,No,Yes,No,No,91,91,44,0,0,0,0,0,0,0,1.25,77.712,104.322,92.383,10.042,0.867,150,175,80,0,0,99.7,99.6,99.6,99.7,99.8,99.8,99.8,99.8,99.8,99.6,99.7,99.8,99.8,99.8,99.8,99.8,99.8,99.4,99.5,99.5,99.5,0,0,0,0,0,0,0,0,0,0,0,0.1,0.1,0,0,0,0,0,0,0,0,0,0,0,0,0,0,0,0,0,0,0,0,0,0,2793.2,28,36,36,36,76,112,447,2,2,Yes,No,Yes,No,No,No,No,No,No,No,No,No,No,No,No,No,No,No,No,No,No,No,No,No,No,No,No,Yes,No,Yes,No,No,No,No,No,No,No,No,32,46,32,90,79,46,1.057,5.08,3.424,3.328,12.192,2.024,0.656,3.424,3.2,1.072,1.264,1.664,1.064,1,1,0.88,1.824,1807,2061,3461,45,44,40,1.065,57,39,1.26,1.26,1.8,1.8,1.11,5.04,1.375,No,No,No,38.5,1.26,1.26,1.8,1.815,1.11,5.04,2.125,No,No,No,50,50,59,100,100,No,No,14726,23929,34,34,No,No,1299,631,1.1,0.2,1.2,2.688,1.002,40555,65323,0,0,0,0,0,0,28.1,30,31,84,0.905,12.159,12.147,12.162,12.169,0,0,10.428,5.605,10.175,10.314,3.529,0.143,7.486,7.593,210,50.6,1185,31.3,1290,5,4,0,0,9.5,0,0.2,0,0,0,0,0,0,Yes,No,No,No,No,Yes,No,5.3,8.2,0,0,0,0,0,0,0,0,0,3,0,0,0,0,0,0,0,0,0,0,0,0,0,0,0,0,0,0,0,0,11115,1167,904,64,2.5,0,0,0,16.5,4.1,55.2,2,3.9,246.76,490.39,18.1,1.49,182.73,184.12,0,1887,32,0.6,1,0,0,0,0,0,0
14.10.2025,10:08.0,24939,44477,35.9,19305,46015,29.5,0,1.019,1.039,1.031,1.032,1.009,1.012,1.036,1.009,1.011,1.012,1.012,1.012,1.012,1.251,3524.7,3790.7,3790.7,3790.7,3691,3691,3790.7,3691,3691,3092.4,3092.4,3092.4,3092.4,99.8,3391.7,3593,3708.8,3707.3,3712.1,3714,3716.6,3716.7,3716.5,3716,3709.1,3713.7,3715.1,3713.4,3717.4,3717.6,3717.4,3716.8,3104.3,3107.9,3110.1,3108.4,3646.7,100,100,100,100,100,100,100,100,100,100,100,100,99.9,100,100,100,100,100,100,100,100,100,100,100,100.3,103.6,103.6,103.6,103.6,103.6,103.6,103.6,103.6,103.6,103.6,103.6,103.6,103.7,103.6,103.7,103.7,86.9,86.9,86.9,86.9,100.3,35.3,38,38,38,37,37,38,37,37,31,31,31,31,34,84,85,83,91,85,89,89,81,87,79,79,79,79,16,15,17,9,15,11,11,19,13,21,21,21,21,88,91,Yes,Yes,No,Yes,No,Yes,Yes,No,Yes,No,No,No,No,No,No,No,No,No,No,No,No,No,No,No,No,No,No,No,No,No,No,No,No,No,No,No,No,No,No,Yes,No,No,90,90,44,0,0,0,0,0,0,0,1.25,72.954,104.273,92.428,9.972,0.845,150,175,80,0,0,99.7,99.6,99.6,99.7,99.8,99.8,99.8,99.8,99.8,99.6,99.7,99.8,99.7,99.8,99.8,99.8,99.8,99.4,99.5,99.6,99.5,0,0,0,0,0,0,0,0,0,0,0,0,0,0,0,0,0,0,0,0,0,0,0,0,0,0,0,0,0,0,0,0,0,0,0,2793.2,28,36,36,36,76,112,447,2,2,Yes,No,Yes,No,No,No,No,No,No,No,No,No,No,No,No,No,No,No,No,No,No,No,No,No,No,No,No,Yes,No,Yes,No,No,No,No,No,No,No,No,32,46,32,90,78,44,1.048,5.08,3.424,3.328,12.192,2.024,0.656,3.424,3.2,1.072,1.264,1.648,1.064,1,1,0.88,1.824,1802,2080,3435,45,44,40,1.065,56,39,1.26,1.26,1.8,1.815,1.17,5.04,2.125,No,No,No,38.5,1.26,1.26,1.8,1.815,1.11,5.04,1.75,No,No,No,50,50,60,100,100,No,No,14726,23929,34,34,No,No,1299,631,0.7,0.1,0.8,1.34,0.834,40569,65326,0,0,0,0,0,0,28.1,30,31.1,84,0.905,12.157,12.146,12.159,12.167,0,0,10.449,5.593,10.571,10.275,3.236,0,7.489,7.581,210,50.6,1185,31,1290,0,5,0,0,9.5,0,0.2,0,0,0,0,0,0,Yes,No,No,No,No,Yes,No,5.3,7.7,0,0,0,0,0,0,0,0,0,3,0,0,0,0,0,0,0,0,0,0,0,0,0,0,0,0,0,0,0,0,11115,1167,904,64,2.5,0,0,0,16.5,4,60.4,1,3.9,249.91,995.15,16.55,1.47,284.19,285.69,0,1887,32,0.3,1.1,0,0,0,0,0,0
14.10.2025,10:10.0,24943,44474,35.9,19307,46013,29.5,0,1.023,1.042,1.029,1.022,1.04,1.013,1.012,1.012,1.029,1.017,1.036,1.012,1.013,1.251,3516.4,3790.7,3691,3691,3790.7,3691,3691,3691,3691,3092.4,3192.2,3092.4,3092.4,99.8,3391.7,3598.4,3713.8,3713.3,3719.7,3720.2,3721.8,3721.1,3721.6,3722.4,3714.4,3718.4,3720.5,3720.1,3722.7,3723.2,3723.3,3723.3,3108.3,3112.2,3114.2,3113.7,3652.2,100,100,99.9,100,100,100,100,100,100,100,100,100,100,100,100,100,100,100,100,100,100,100,100,100,100.4,103.8,103.7,103.8,103.8,103.8,103.8,103.8,103.8,103.8,103.8,103.8,103.8,103.8,103.8,103.8,103.8,87,87,87,87,100.4,35.2,38,37,37,38,37,37,37,37,31,32,31,31,34,84,86,83,90,85,88,84,83,85,78,81,79,80,16,14,17,10,15,12,16,17,15,22,19,21,20,91,90,Yes,Yes,No,Yes,Yes,Yes,Yes,No,Yes,No,No,No,No,No,No,No,No,No,No,No,No,No,No,No,No,No,No,No,No,No,No,No,No,No,No,No,No,No,No,Yes,No,No,86,86,44,0,0,0,0,0,0,0,1.25,95.158,103.884,91.881,10.084,0.889,150,175,104,0,0,99.7,99.6,99.6,99.8,99.8,99.8,99.8,99.8,99.8,99.6,99.7,99.8,99.8,99.8,99.8,99.8,99.8,99.4,99.5,99.6,99.6,0,0,0,0,0,0,0,0,0,0,0,0,0,0,0,0,0,0,0,0,0,0,0,0,0,0,0,0,0,0,0,0,0,0,0,2793.2,28,36,36,36,76,112,447,2,2,Yes,No,Yes,No,No,No,No,No,No,No,No,No,No,No,No,No,No,No,No,No,No,No,No,No,No,No,No,Yes,No,Yes,No,No,No,No,No,Yes,No,No,32,46,32,89,79,44,1.039,5.04,3.424,3.328,12.192,2.024,0.656,3.424,3.2,1.072,1.264,1.664,1.064,1,1,0.88,1.824,1807,2067,3488,44,44,40,1.12,61,39,1.26,1.26,1.8,1.815,1.11,4.97,3.25,No,No,No,38.8,1.26,1.26,1.8,1.815,1.11,5.04,3.625,No,No,No,50,50,62,100,100,No,No,14726,23929,34,34,No,No,1299,631,0.1,0,0.2,0.414,0.287,40569,65326,0,0,0,0,0,0,28.1,30,31.2,84,0.905,12.16,12.149,12.162,12.169,0,0,10.627,5.564,10.016,10.191,3.517,0.181,7.48,7.562,210,50.6,1185,31.6,1290,0,1,0,0,9.5,0,0.2,0,0,0,0,0,0,Yes,No,No,No,No,Yes,No,5.1,8,0,0,0,0,0,0,0,0,0,3,0,0,0,0,0,0,0,0,0,0,0,0,0,0,0,0,0,0,0,0,11115,1167,904,64,2.5,0,0,0,16.5,3.9,119,1,3.8,255.3,952.51,8.4,1.54,201.42,203.07,0,1887,32,0.4,0.2,0,0,0,0,0,0
14.10.2025,10:12.0,24943,44474,35.9,19307,46013,29.5,0,1.023,1.042,1.029,1.022,1.04,1.013,1.012,1.012,1.029,1.017,1.036,1.012,1.013,1.251,3516.4,3790.7,3691,3691,3790.7,3691,3691,3691,3691,3092.4,3192.2,3092.4,3092.4,99.8,3391.7,3598.4,3713.8,3713.3,3719.7,3720.2,3721.8,3721.1,3721.6,3722.4,3714.4,3718.4,3720.5,3720.1,3722.7,3723.2,3723.3,3723.3,3108.3,3112.2,3114.2,3113.7,3652.2,100,100,99.9,100,100,100,100,100,100,100,100,100,100,100,100,100,100,100,100,100,100,100,100,100,100.4,103.8,103.7,103.8,103.8,103.8,103.8,103.8,103.8,103.8,103.8,103.8,103.8,103.8,103.8,103.8,103.8,87,87,87,87,100.4,35.2,38,37,37,38,37,37,37,37,31,32,31,31,34,84,86,83,90,85,88,84,83,85,78,81,79,80,16,14,17,10,15,12,16,17,15,22,19,21,20,91,90,Yes,Yes,No,Yes,Yes,Yes,Yes,No,Yes,No,No,No,No,No,No,No,No,No,No,No,No,No,No,No,No,No,No,No,No,No,No,No,No,No,No,No,No,No,No,Yes,No,No,91,91,44,0,0,0,0,0,0,0,1.25,91.986,104.799,92.894,10.015,0.857,150,175,96,0,0,99.7,99.6,99.6,99.8,99.8,99.8,99.8,99.8,99.8,99.6,99.7,99.8,99.8,99.8,99.8,99.8,99.8,99.4,99.5,99.6,99.6,0,0,0,0,0,0,0,0,0,0,0,0,0,0,0,0,0,0,0,0,0,0,0,0,0,0,0,0,0,0,0,0,0,0,0,2793.2,28,36,36,36,76,112,447,2,2,Yes,No,Yes,No,No,No,No,No,No,No,No,No,No,No,No,No,No,No,No,No,No,No,No,No,No,No,No,Yes,No,Yes,No,No,No,No,No,Yes,No,No,32,46,32,90,78,45,1.039,5.04,3.424,3.328,12.192,2.024,0.656,3.424,3.2,1.072,1.264,1.648,1.064,1,1,0.88,1.824,1802,2061,3461,44,44,40,1.095,56,39,1.26,1.26,1.8,1.815,1.11,5.04,3.25,No,No,No,38.8,1.26,1.26,1.8,1.815,1.11,5.04,2.125,No,No,No,50,50,62,100,100,No,No,14726,23929,34,34,No,No,1299,631,0.1,0,0.2,0.414,0.287,40569,65326,0,0,0,0,0,0,28.1,30,31.1,84,0.905,12.166,12.157,12.167,12.172,0,0,10.573,5.631,10.538,10.427,3.408,0,7.486,7.562,210,50.6,1185,31.7,1290,0,1,0,0,9.5,0,0.2,0,0,0,0,0,0,Yes,No,No,No,No,Yes,No,5.2,7.5,0,0,0,0,0,0,0,0,0,3,0,0,0,0,0,0,0,0,0,0,0,0,0,0,0,0,0,0,0,0,11115,1167,904,63,2.5,0,0,0,16.5,3.9,119,1,3.8,255.3,952.51,8.4,1.54,201.42,203.07,0,1887,32,0.4,0.2,0,0,0,0,0,0
14.10.2025,10:14.0,24938,44478,35.9,19306,46014,29.5,0,1.014,1.01,1.011,1.007,1.027,1.026,1.019,1.013,1.014,1.009,1.009,1.009,1.009,1.251,3491.5,3691,3691,3691,3691,3691,3691,3691,3691,3092.4,3092.4,3092.4,3092.4,99.8,3291.9,3596,3714.7,3711.5,3719.1,3717.1,3719.1,3719.9,3720.3,3720.6,3712.5,3714.1,3716.3,3718.7,3720.1,3720,3721.2,3721.2,3104.5,3108.1,3110.2,3111.2,3649.9,99.9,100,99.9,100,99.9,99.9,99.9,100,100,100,99.9,99.9,100,100,100,100,100,99.9,99.9,99.9,100,100,99.9,100,100.4,103.8,103.7,103.8,103.7,103.7,103.8,103.8,103.8,103.7,103.7,103.7,103.8,103.8,103.8,103.8,103.8,87,87,87,87,100.4,35,37,37,37,37,37,37,37,37,31,31,31,31,33,82,85,83,90,82,83,84,81,87,78,78,78,78,18,15,17,10,18,17,16,19,13,22,22,22,22,90,90,Yes,No,No,Yes,No,Yes,Yes,No,Yes,No,No,No,No,No,No,No,No,No,No,No,No,No,No,No,No,No,No,No,No,No,No,No,No,No,No,No,No,No,No,Yes,No,No,88,88,44,0,0,0,0,0,0,0,1.25,68.196,103.319,91.472,9.975,0.84,150,175,72,0,0,99.7,99.6,99.5,99.7,99.7,99.7,99.8,99.8,99.8,99.6,99.7,99.7,99.8,99.8,99.8,99.8,99.8,99.4,99.5,99.6,99.6,0,0,0,0,0,0,0,0,0,0.1,0.1,0.1,0,0,0,0,0,0,0,0,0,0,0,0,0,0,0,0,0,0,0,0,0,0,0,2793.2,28,36,36,36,76,112,447,2,2,Yes,No,Yes,No,No,No,No,No,No,No,No,No,No,No,No,No,No,No,No,No,No,No,No,No,No,No,No,Yes,No,Yes,No,No,No,No,No,No,No,No,33,46,33,90,79,44,1.03,5.08,3.424,3.328,12.192,2.024,0.656,3.424,3.2,1.072,1.264,1.648,1.064,1,1,0.88,1.824,1804,2061,3470,45,44,40,1.095,60,39,1.26,1.26,1.8,1.815,1.11,5.04,2,No,No,No,38.8,1.26,1.26,1.8,1.815,1.11,5.04,1.5,No,No,No,50,50,63,100,100,No,No,14726,23929,34,34,No,No,1299,631,0.5,0,0.5,1.35,0.303,40573,65328,0,0,0,0,0,0,28.1,32,31.1,84,0.905,12.165,12.156,12.167,12.172,0,0,10.33,5.577,10.192,10.257,3.469,0.075,7.486,7.562,210,50.6,1185,33.2,1290,0,1,0,0,9.5,0,0.2,0,0,0,0,0,0,Yes,No,No,No,No,Yes,No,5.1,7.5,0,0,0,0,0,0,0,0,0,3,0,0,0,0,0,0,0,0,0,0,0,0,0,0,0,0,0,0,0,0,11115,1167,904,62,2.5,0,0,0,16.5,3.7,76.2,1,3.6,267.7,985.17,13.13,1.45,331.89,333.36,0,1887,32,0.4,0.1,0,0,0,0,0,0
14.10.2025,10:16.0,24938,44478,35.9,19306,46014,29.5,0,1.014,1.01,1.011,1.007,1.027,1.026,1.019,1.013,1.014,1.009,1.009,1.009,1.009,1.251,3491.5,3691,3691,3691,3691,3691,3691,3691,3691,3092.4,3092.4,3092.4,3092.4,99.8,3291.9,3596,3714.7,3711.5,3719.1,3717.1,3719.1,3719.9,3720.3,3720.6,3712.5,3714.1,3716.3,3718.7,3720.1,3720,3721.2,3721.2,3104.5,3108.1,3110.2,3111.2,3649.9,99.9,100,99.9,100,99.9,99.9,99.9,100,100,100,99.9,99.9,100,100,100,100,100,99.9,99.9,99.9,100,100,99.9,100,100.4,103.8,103.7,103.8,103.7,103.7,103.8,103.8,103.8,103.7,103.7,103.7,103.8,103.8,103.8,103.8,103.8,87,87,87,87,100.4,35,37,37,37,37,37,37,37,37,31,31,31,31,33,82,85,83,90,82,83,84,81,87,78,78,78,78,18,15,17,10,18,17,16,19,13,22,22,22,22,90,90,Yes,No,No,Yes,No,Yes,Yes,No,Yes,No,No,No,No,No,No,No,No,No,No,No,No,No,No,No,No,No,No,No,No,No,No,No,No,No,No,No,No,No,No,Yes,No,No,90,90,44,0,0,0,0,0,0,0,1.25,69.782,104.253,92.374,10,0.849,150,175,72,0,0,99.7,99.6,99.5,99.7,99.7,99.7,99.8,99.8,99.8,99.6,99.7,99.7,99.8,99.8,99.8,99.8,99.8,99.4,99.5,99.6,99.6,0,0,0,0,0,0,0,0,0,0.1,0.1,0.1,0,0,0,0,0,0,0,0,0,0,0,0,0,0,0,0,0,0,0,0,0,0,0,2793.2,28,36,36,36,76,112,447,2,2,Yes,No,Yes,No,No,No,No,No,No,No,No,No,No,No,No,No,No,No,No,No,No,No,No,No,No,No,No,Yes,No,Yes,No,No,No,No,No,No,No,No,33,46,33,89,79,44,1.092,5.04,3.424,3.328,12.192,2.024,0.656,3.424,3.2,1.072,1.264,1.648,1.064,1,1,0.88,1.824,1804,2073,3461,45,44,40,1.09,58,39.2,1.26,1.26,1.8,1.815,1.11,5.04,1.75,No,No,No,38.8,1.26,1.26,1.8,1.815,1.11,5.04,1,No,No,No,50,50,63,100,100,No,No,14726,23929,34,34,No,No,1299,631,0.5,0,0.5,1.35,0.303,40573,65328,0,0,0,0,0,0,28.1,30,31,84,0.905,12.164,12.154,12.166,12.171,0,0,10.486,5.635,10.165,10.39,3.603,0.226,7.498,7.562,210,50.6,1185,32.5,1290,0,1,0,0,9.5,0,0.2,0,0,0,0,0,0,Yes,No,No,No,No,Yes,No,5.2,7.7,0,0,0,0,0,0,0,0,0,3,0,0,0,0,0,0,0,0,0,0,0,0,0,0,0,0,0,0,0,0,11115,1167,904,61,2.5,0,0,0,16.5,3.7,76.2,1,3.6,267.7,985.17,13.13,1.45,331.89,333.36,0,1887,32,0.4,0.1,0,0,0,0,0,0
14.10.2025,10:18.0,24946,44470,35.9,19320,46000,29.5,0,1.017,1.035,1.039,1.017,1.013,1.017,1.011,1.014,1.012,1.012,1.012,1.012,1.012,1.251,3499.8,3691,3790.7,3691,3691,3691,3691,3691,3691,3092.4,3092.4,3092.4,3092.4,99.8,3291.9,3591.1,3699,3699.7,3715,3710.1,3720,3710.4,3724.6,3722,3693.6,3708.8,3709.3,3719.9,3721.4,3721.2,3721.8,3716.1,3097.2,3100.8,3108.1,3104,3645,99.8,99.7,99.6,99.9,99.7,100,99.7,100,100,99.7,99.9,99.7,100,100,99.9,100,100,99.8,99.8,99.9,99.8,100,99.8,100,100.3,103.6,103.5,103.7,103.5,103.8,103.5,103.9,103.8,103.5,103.7,103.5,103.8,103.8,103.8,103.8,103.8,86.8,86.8,86.9,86.8,100.3,35.1,37,38,37,37,37,37,37,37,31,31,31,31,33,83,85,84,90,85,86,88,82,87,78,78,78,78,17,15,16,10,15,14,12,18,13,22,22,22,22,90,90,Yes,No,No,Yes,No,Yes,Yes,No,Yes,No,No,No,No,No,No,No,No,No,No,No,No,No,No,No,No,No,No,No,No,No,No,No,No,No,No,No,No,No,No,Yes,No,No,90,90,44,0,0,0,0,0,0,0,1.25,77.712,102.193,90.803,9.636,0.723,150,175,88,0,0,99.5,99.2,99.2,99.6,99.4,99.7,99.5,99.8,99.7,99,99.4,99.4,99.7,99.8,99.8,99.8,99.7,99.1,99.3,99.5,99.4,0.1,0.1,0,0,0,0,0,0,0,0.2,0.2,0.1,0.2,0,0,0,0,0,0,0,0,0,0,0,0,0,0,0,0,0,0,0,0,0,0,2793.2,28,36,36,36,76,112,447,2,2,Yes,No,Yes,No,No,No,No,No,No,No,No,No,No,No,No,No,No,No,No,No,No,No,No,No,No,No,No,Yes,No,Yes,No,No,No,No,No,No,No,No,33,46,33,89,79,45,1.039,5.04,3.424,3.328,12.192,2.024,0.648,3.424,3.2,1.072,1.264,1.664,1.064,1,1,0.88,1.824,1802,2070,3479,45,44,40,1.065,60,39.2,1.26,1.26,1.8,1.8,1.11,5.04,3.125,No,No,No,38.8,1.26,1.26,1.8,1.815,1.11,5.04,2.125,No,No,No,51,51,64,100,100,No,No,14726,23929,34,34,No,No,1299,631,5,0.1,5,7.659,0.715,40588,65329,0,0,0,0,0,0,28.1,30,31,84,0.905,12.164,12.154,12.166,12.171,0,0,10.661,5.632,10.362,10.426,3.517,0.067,7.489,7.563,210,50.6,1185,32.3,1290,0,1,0,0,9.5,0.1,0.4,0,0,0,0,0,0,Yes,No,No,No,No,Yes,No,5.2,7.7,0,0,0,0,0,0,0,0,0,3,0,0,0,0,0,0,0,0,0,0,0,0,0,0,0,0,0,0,0,0,11115,1167,904,64,2.5,0,0,0,16.5,3.6,31,1,3.6,281.63,997.4,32.24,1.6,399.17,400.77,0,1887,32,0.2,0.1,0,0,0,0,0,0
14.10.2025,10:20.0,24940,44476,35.9,19319,46002,29.5,0,1.034,1.041,1.032,1.048,1.074,1.08,1.071,1.056,1.009,0.998,0.999,1.003,1.003,1.251,3582.9,3790.7,3790.7,3790.7,3890.5,3890.5,3890.5,3890.5,3691,3092.4,3092.4,3092.4,3092.4,99.8,3391.7,3584.7,3697.4,3699.7,3702.8,3704.7,3706,3706,3704.3,3704.7,3700.9,3704.4,3706,3702.4,3709.6,3710.5,3711.7,3711.8,3099.3,3102.2,3105.4,3104.9,3638,100,100,100,99.9,100,100,100,99.9,99.9,100,100,100,99.9,100,100,100,100,100,100,100,100,100,100,100,100,103.3,103.4,103.3,103.4,103.4,103.4,103.3,103.3,103.4,103.4,103.4,103.3,103.4,103.4,103.4,103.4,86.7,86.7,86.7,86.7,100,35.9,38,38,38,39,39,39,39,37,31,31,31,31,34,83,86,83,90,81,87,85,81,87,79,79,79,79,17,14,17,10,19,13,15,19,13,21,21,21,21,90,90,Yes,No,No,Yes,No,Yes,Yes,No,Yes,No,No,No,No,No,No,No,No,No,No,No,No,No,No,No,No,No,No,No,No,No,No,No,No,No,No,No,No,No,No,Yes,No,No,90,90,44,0,0,0,0,0,0,0,1.25,49.165,106.136,93.981,10.213,0.912,150,175,56,0,0,99.7,99.6,99.6,99.7,99.8,99.8,99.8,99.7,99.7,99.6,99.7,99.8,99.7,99.8,99.8,99.8,99.8,99.4,99.5,99.6,99.6,0,0,0,0,0,0,0,0,0,0,0,0,0,0,0,0,0,0,0,0,0,0,0,0,0,0,0,0,0,0,0,0,0,0,0,2793.2,28,36,36,36,76,112,447,2,2,Yes,No,Yes,No,No,No,No,No,No,No,No,No,No,No,No,No,No,No,No,No,No,No,No,No,No,No,No,Yes,No,Yes,No,No,No,No,No,No,No,No,33,46,33,90,79,44,1.012,5.04,3.424,3.328,12.192,2.024,0.648,3.424,3.2,1.072,1.264,1.664,1.064,1,1,0.88,1.824,1804,2061,3443,44,44,41,1.095,60,39.2,1.26,1.26,1.8,1.815,1.185,5.04,2.125,No,No,No,38.8,1.26,1.26,1.8,1.815,1.11,5.04,2.5,No,No,No,51,51,62,100,100,No,No,14726,23929,34,34,No,No,1299,631,0.3,0.1,0.4,0.728,0.424,40589,65330,0,0,0,0,0,0,28.1,30,31.1,84,0.905,12.165,12.157,12.167,12.172,0,0,10.528,5.663,10.563,10.536,3.493,0,7.489,7.56,210,50.6,1185,30.8,1290,0,1,0,0,9.5,0,0.2,0,0,0,0,0,0,Yes,No,No,No,No,Yes,No,5.3,7.7,0,0,0,0,0,0,0,0,0,3,0,0,0,0,0,0,0,0,0,0,0,0,0,0,0,0,0,0,0,0,11115,1167,904,64,2.5,0,0,0,16.5,3.7,61.5,1.4,3.5,273.34,692.45,16.25,1.42,197.72,199.13,0,1887,32,0.2,0.2,0,0,0,0,0,0
14.10.2025,10:22.0,24937,44479,35.9,19316,46004,29.5,0,1.024,1.011,1.017,1.038,1.063,1.016,1.005,1.011,1.032,1.032,1.021,1.021,1.021,1.251,3508.1,3691,3691,3790.7,3790.7,3691,3691,3691,3691,3092.4,3092.4,3092.4,3092.4,99.8,3291.9,3599.6,3717.3,3718.4,3721.5,3722.6,3724.1,3724,3723.5,3724.2,3718.2,3722.7,3722.8,3722,3723.1,3722.1,3721.5,3721.8,3106.9,3109.9,3112.3,3112.2,3653.7,100,100,100,100,100,100,100,100,100,100,100,100,100,100,100,100,100,100,100,100,100,100,100,100,100.5,103.9,103.9,103.8,103.9,103.9,103.9,103.9,103.9,103.9,103.9,103.9,103.9,103.9,103.9,103.9,103.9,87.1,87,87.1,87.1,100.5,35.2,37,37,38,38,37,37,37,37,31,31,31,31,33,83,85,83,90,83,87,87,81,85,78,78,78,78,17,15,17,10,17,13,13,19,15,22,22,22,22,88,90,Yes,Yes,No,Yes,No,Yes,Yes,No,Yes,No,No,No,No,No,No,No,No,No,No,No,No,No,No,No,No,No,No,No,No,No,No,No,No,No,No,No,No,No,No,Yes,No,No,90,90,44,0,0,0,0,0,0,0,1.25,84.056,105.134,93.055,10.15,0.898,150,175,88,0,0,99.7,99.6,99.6,99.7,99.8,99.8,99.8,99.8,99.8,99.6,99.8,99.8,99.8,99.8,99.8,99.8,99.8,99.4,99.5,99.6,99.6,0,0,0,0,0,0,0,0,0,0,0,0,0,0,0,0,0,0,0,0,0,0,0,0,0,0,0,0,0,0,0,0,0,0,0,2793.2,28,36,36,36,76,112,447,2,2,Yes,No,Yes,No,No,No,No,No,No,No,No,No,No,No,No,No,No,No,No,No,No,No,No,No,No,No,No,Yes,No,Yes,No,No,No,No,No,No,No,No,33,46,33,90,79,45,1.057,5.04,3.424,3.328,12.192,2.024,0.648,3.424,3.2,1.072,1.264,1.648,1.064,1,1,0.88,1.824,1802,2051,3417,45,44,41,1.045,43,39.2,1.26,1.26,1.8,1.815,1.11,5.04,1.25,No,No,No,38.8,1.26,1.26,1.8,1.815,1.11,5.04,1.125,No,No,No,51,51,62,100,100,No,No,14726,23929,34,34,No,No,1299,631,1.1,0.1,1.2,2.864,0.658,40595,65332,0,0,0,0,0,0,28.1,30,31.1,84,0.905,12.162,12.153,12.163,12.17,0,0,10.535,5.567,10.314,10.242,3.371,0,7.482,7.563,210,50.6,1185,31.8,1290,0,1,0,0,9.5,0,0.2,0,0,0,0,0,0,Yes,No,No,No,No,Yes,No,5.1,8.4,0,0,0,0,0,0,0,0,0,3,0,0,0,0,0,0,0,0,0,0,0,0,0,0,0,0,0,0,0,0,11115,1167,904,64,2.5,0,0,0,16.5,3.5,61.5,1,3.4,282.77,986.99,16.27,1.63,398.33,399.96,0,1887,32,0.4,0.2,0,0,0,0,0,0
14.10.2025,10:24.0,24942,44474,35.9,19319,46001,29.5,0,1.034,1.04,1.015,1.013,1.013,1.074,1.057,1.06,1.037,1.055,1.013,1.013,1.013,1.251,3566.3,3790.7,3691,3691,3691,3890.5,3890.5,3890.5,3790.7,3192.2,3092.4,3092.4,3092.4,99.8,3391.7,3597.5,3713,3713.4,3716,3719.9,3720.6,3720.2,3715.3,3720.4,3712.7,3717.3,3715.1,3720.4,3723.2,3724.1,3722.9,3724,3110.4,3113.8,3111.9,3115.3,3651.3,99.9,99.9,99.9,99.8,99.9,100,100,99.8,99.9,99.9,99.9,99.8,99.9,100,100,100,100,99.9,99.9,99.8,99.9,100,99.9,100,100.4,103.7,103.7,103.7,103.8,103.8,103.8,103.6,103.8,103.7,103.8,103.6,103.8,103.8,103.8,103.8,103.8,87.1,87,87,87,100.4,35.8,38,37,37,37,39,39,39,38,32,31,31,31,34,84,86,83,90,85,86,88,83,87,81,80,80,80,16,14,17,10,15,14,12,17,13,19,20,20,20,90,90,Yes,Yes,No,Yes,Yes,Yes,Yes,No,Yes,No,No,No,No,No,No,No,No,No,No,No,No,No,No,No,No,No,No,No,No,No,No,No,No,No,No,No,No,No,No,Yes,No,No,91,91,44,0,0,0,0,0,0,0,1.25,95.158,104.196,92.211,10.083,0.875,150,175,104,0,0,99.7,99.6,99.6,99.6,99.7,99.8,99.8,99.6,99.8,99.6,99.7,99.6,99.8,99.8,99.8,99.8,99.8,99.4,99.5,99.4,99.5,0,0,0,0,0,0,0,0,0,0,0.1,0.2,0.1,0,0,0,0,0,0,0,0,0,0,0,0,0,0,0,0,0,0,0,0,0,0,2793.2,28,36,36,36,76,112,447,2,2,Yes,No,Yes,No,No,No,No,No,No,No,No,No,No,No,No,No,No,No,No,No,No,No,No,No,No,No,No,Yes,No,Yes,No,No,No,No,No,Yes,No,No,33,46,33,90,78,44,1.066,5.08,3.424,3.328,12.192,2.024,0.648,3.424,3.2,1.072,1.264,1.664,1.064,1,1,0.88,1.824,1802,2070,3366,45,44,41,1.065,44,39.2,1.26,1.26,1.8,1.815,1.11,5.04,2.125,No,No,No,39,1.26,1.26,1.8,1.815,1.11,5.04,2.5,No,No,No,51,51,61,100,100,No,No,14726,23929,34,34,No,No,1299,631,1.3,0,1.3,2.899,0.483,40600,65332,0,0,0,0,0,0,28.1,30,30.9,84,0.905,12.166,12.157,12.167,12.173,0,0,10.685,5.638,10.526,10.452,3.433,0,7.493,7.563,210,50.6,1185,35.7,1290,0,1,0,0,9.5,0.1,0.3,0,0,0,0,0,0,Yes,No,No,No,No,Yes,No,5.2,8.5,0,0,0,0,0,0,0,0,0,3,0,0,0,0,0,0,0,0,0,0,0,0,0,0,0,0,0,0,0,0,11115,1167,904,64,2.5,0,0,0,16.5,3.3,140.7,1,3.3,303.08,995.63,7.11,1.5,445.63,447.12,0,1887,32,0.3,0.3,0,0,0,0,0,0
14.10.2025,10:26.0,24939,44477,35.9,19321,46000,29.5,0,1.029,1.014,1.016,1.046,1.037,1.047,1.051,1.045,1.034,1.01,1.017,1.017,1.018,1.251,3558,3691,3691,3790.7,3790.7,3890.5,3890.5,3790.7,3790.7,3092.4,3092.4,3092.4,3092.4,99.8,3291.9,3576.8,3688.2,3691.2,3695,3695.6,3695.9,3696.6,3698,3698,3694,3696,3698.1,3696.3,3699.2,3699.9,3699.7,3698.9,3094.2,3099.2,3101.4,3101.3,3629.7,100,99.9,100,99.9,99.9,99.9,99.9,100,99.9,100,100,100,99.9,100,100,100,100,99.9,100,100,100,100,100,100,99.8,103,103.1,103.1,103.1,103.1,103.1,103.1,103.1,103.2,103.1,103.2,103.1,103.2,103.2,103.2,103.2,86.6,86.7,86.7,86.7,99.8,35.7,37,37,38,38,39,39,38,38,31,31,31,31,33,84,84,83,88,85,89,89,80,89,81,81,81,81,16,16,17,12,15,11,11,20,11,19,19,19,19,91,89,Yes,No,No,Yes,No,Yes,Yes,No,Yes,No,No,No,No,No,No,No,No,No,No,No,No,No,No,No,No,No,No,No,No,No,No,No,No,No,No,No,No,No,No,Yes,No,No,88,88,44,0,0,0,0,0,0,0,1.25,93.572,104.002,91.911,10.165,0.896,150,175,96,0,0,99.7,99.5,99.6,99.7,99.7,99.7,99.8,99.8,99.8,99.6,99.7,99.8,99.7,99.8,99.8,99.8,99.8,99.4,99.5,99.6,99.6,0,0,0,0,0,0,0,0,0,0.1,0,0,0,0,0,0,0,0,0,0,0,0,0,0,0,0,0,0,0,0,0,0,0,0,0,2793.2,28,36,36,36,76,112,447,2,2,Yes,No,Yes,No,No,No,No,No,No,No,No,No,No,No,No,No,No,No,No,No,No,No,No,No,No,No,No,Yes,No,Yes,No,No,No,No,No,No,No,No,33,46,33,89,78,44,1.03,5.04,3.424,3.328,12.192,2.024,0.648,3.424,3.2,1.072,1.264,1.648,1.064,1,1,0.872,1.824,1802,2067,3452,46,44,41,1.075,60,39.2,1.26,1.26,1.8,1.815,1.11,5.04,2,No,No,No,39,1.26,1.26,1.8,1.815,1.11,5.04,1.25,No,No,No,51,51,63,100,100,No,No,14726,23929,34,34,No,No,1299,631,0.5,0.1,0.6,1.096,0.879,40602,65334,0,0,0,0,0,0,28,30,30.9,84,0.905,12.163,12.153,12.166,12.171,0,0,10.54,5.87,10.683,10.73,3.615,0.057,8.44,7.563,210,50.6,1185,33.4,1290,0,1,0,0,9.5,0,0.2,0,0,0,0,0,0,Yes,No,No,No,No,Yes,No,5.4,8.6,0,0,0,0,0,0,0,0,0,3,0,0,0,0,0,0,0,0,0,0,0,0,0,0,0,0,0,0,0,0,11115,1167,904,64,2.5,0,0,0,16.5,3.4,61.6,1.3,3.3,294.2,783.02,16.23,1.49,204.35,205.85,0,1887,32,0.3,0.2,0,0,0,0,0,0
14.10.2025,10:28.0,24943,44473,35.9,19323,45998,29.5,0,1.035,1.018,1.043,1.055,1.037,1.032,1.036,1.036,1.014,1.039,1.039,1.037,1.037,1.251,3541.3,3691,3790.7,3790.7,3790.7,3790.7,3790.7,3790.7,3691,3092.4,3092.4,3092.4,3092.4,99.8,3291.9,3594.5,3709.6,3707.6,3716.2,3717.9,3718,3718.9,3719.9,3707.8,3712.4,3712.3,3718.7,3718.9,3719.3,3718.8,3720.6,3720,3104.9,3107.9,3108.4,3112.5,3648.3,99.9,99.9,99.8,99.9,99.9,99.9,99.9,100,99.7,100,99.9,100,100,100,100,100,100,99.9,99.9,99.8,100,100,99.9,100,100.3,103.7,103.6,103.7,103.7,103.7,103.7,103.7,103.4,103.7,103.6,103.7,103.7,103.7,103.7,103.8,103.8,86.9,86.9,86.9,87,100.3,35.5,37,38,38,38,38,38,38,37,31,31,31,31,33,84,85,84,88,88,88,87,83,90,80,80,80,80,16,15,16,12,12,12,13,17,10,20,20,20,20,90,90,Yes,No,No,Yes,No,Yes,Yes,No,Yes,No,No,No,No,No,No,No,No,No,No,No,No,No,No,No,No,No,No,No,No,No,No,No,No,No,No,No,No,No,No,Yes,No,No,88,88,44,0,0,0,0,0,0,0,1.25,74.54,103.948,92.081,9.993,0.839,150,175,88,0,0,99.7,99.5,99.5,99.7,99.8,99.7,99.7,99.8,99.5,99.6,99.6,99.8,99.8,99.8,99.8,99.8,99.8,99.4,99.5,99.5,99.6,0,0,0,0,0,0,0,0,0,0.1,0.1,0.2,0,0,0,0,0,0,0,0,0,0,0,0,0,0,0,0,0,0,0,0,0,0,0,2793.2,28,36,36,36,76,112,447,2,2,Yes,No,Yes,No,No,No,No,No,No,No,No,No,No,No,No,No,No,No,No,No,No,No,No,No,No,No,No,Yes,No,Yes,No,No,No,No,No,No,No,No,33,46,33,89,78,45,1.048,5.04,3.424,3.328,12.192,2.024,0.648,3.424,3.2,1.072,1.264,1.648,1.064,1,1,0.88,1.824,1804,2070,3452,45,44,41,1.095,60,39.2,1.26,1.26,1.8,1.815,1.11,5.04,2,No,No,No,39,1.26,1.26,1.8,1.815,1.11,5.04,1.5,No,No,No,51,51,63,100,100,No,No,14726,23929,34,34,No,No,1299,631,1.1,0,1.1,1.746,0.294,40606,65335,0,0,0,0,0,0,28,30,31,84,0.905,12.167,12.159,12.169,12.173,0,0,10.653,5.662,10.61,10.526,3.457,0,7.482,7.558,210,50.6,1185,30.6,1290,0,1,0,0,9.5,0.1,0.3,0,0,0,0,0,0,Yes,No,No,No,No,Yes,No,5.3,7.9,0,0,0,0,0,0,0,0,0,3,0,0,0,0,0,0,0,0,0,0,0,0,0,0,0,0,0,0,0,0,11115,1167,904,64,2.5,0,0,0,16.5,3.4,84.7,1,3.3,297.35,982.52,11.8,1.55,323.03,324.58,0,1887,32,1.2,0.5,0,0,0,0,0,0
14.10.2025,10:30.0,24942,44474,35.9,19322,45998,29.5,0,1.031,1.032,1.002,1.038,1.01,1.062,1.039,1.034,1.036,1.039,1.012,1.032,1.036,1.251,3574.6,3790.7,3691,3790.7,3691,3890.5,3790.7,3790.7,3790.7,3192.2,3092.4,3192.2,3192.2,99.8,3391.7,3608.1,3726.8,3726.3,3731,3730.2,3732.1,3730.5,3731.5,3731.4,3722.7,3727.3,3731.3,3730,3730.6,3733.3,3734.2,3734.5,3115.8,3119.5,3121.5,3121.2,3662.2,100,100,100,100,99.9,100,99.9,100,100,99.9,100,100,99.9,100,100,100,100,100,100,100,100,100,100,100,100.7,104.1,104.1,104.1,104.1,104.1,104.1,104.1,104.1,104,104.1,104.1,104.1,104.1,104.1,104.1,104.1,87.2,87.2,87.2,87.2,100.7,35.8,38,37,38,37,39,38,38,38,32,31,32,32,34,84,86,84,90,87,87,88,83,90,79,81,78,78,16,14,16,10,13,13,12,17,10,21,19,22,22,90,90,Yes,No,No,Yes,No,Yes,Yes,No,Yes,No,No,No,No,No,No,No,No,No,No,No,No,No,No,No,No,No,No,No,No,No,No,No,No,No,No,No,No,No,No,Yes,No,No,90,90,45,0,0,0,0,0,0,0,1.25,91.986,106.993,94.839,10.214,0.912,150,175,96,0,0,99.7,99.6,99.6,99.8,99.7,99.8,99.7,99.8,99.8,99.6,99.7,99.8,99.7,99.8,99.8,99.8,99.8,99.4,99.5,99.6,99.6,0,0,0,0,0,0,0,0,0,0,0,0,0,0,0,0,0,0,0,0,0,0,0,0,0,0,0,0,0,0,0,0,0,0,0,2793.2,28,36,36,36,76,112,447,2,2,Yes,No,Yes,No,No,No,No,No,No,No,No,No,No,No,No,No,No,No,No,No,No,No,No,No,No,No,No,Yes,No,Yes,No,No,No,No,No,No,No,No,33,46,33,89,78,44,1.048,5.04,3.424,3.328,12.192,2.024,0.648,3.424,3.2,1.072,1.264,1.648,1.064,1,1,0.872,1.824,1802,2064,3435,45,44,41,1.09,59,39.5,1.26,1.26,1.8,1.8,1.11,5.04,1.375,No,No,No,39,1.26,1.26,1.8,1.815,1.11,5.04,3.125,No,No,No,51,51,61,100,100,No,No,14726,23929,34,34,No,No,1299,631,0.5,0.1,0.6,1.003,0.601,40608,65336,0,0,0,0,0,0,28,30,31,84,0.905,12.161,12.151,12.163,12.169,0,0,10.316,5.561,10.053,10.193,3.493,0.143,7.485,7.564,210,50.6,1185,32.3,1290,0,3,0,0,9.5,0,0.2,0,0,0,0,0,0,Yes,No,No,No,No,Yes,No,5.1,7.8,0,0,0,0,0,0,0,0,0,3,0,0,0,0,0,0,0,0,0,0,0,0,0,0,0,0,0,0,0,0,11115,1167,904,64,2.5,0,0,0,16.5,3.4,63.5,1,3.4,295.57,978.82,15.74,1.57,286.55,288.17,0,1887,32,1.9,0.1,0,0,0,0,0,0
14.10.2025,10:32.0,24938,44479,35.9,19326,45994,29.5,0,1.032,1.044,1.008,1.015,1.009,1.015,1.031,1.042,1.014,1.051,1.051,1.051,1.051,1.251,3541.3,3790.7,3691,3691,3691,3691,3691,3790.7,3691,3192.2,3192.2,3192.2,3192.2,99.8,3391.7,3609.4,3722.8,3731.7,3735.3,3733,3736.8,3735.5,3734.5,3735.6,3725.7,3733.6,3730.6,3728.5,3735.9,3733,3735,3734.8,3112,3117.5,3119.2,3116.9,3664,99.9,99.8,100,99.9,99.9,99.9,99.9,99.9,99.9,99.9,100,99.9,99.8,100,99.9,100,100,100,100,100,99.9,100,99.9,100,100.8,104,104.2,104.2,104.1,104.2,104.2,104.2,104.2,104.1,104.2,104.1,104.1,104.2,104.2,104.3,104.3,87.3,87.3,87.3,87.3,100.8,35.5,38,37,37,37,37,37,38,37,32,32,32,32,34,83,85,84,90,85,87,87,81,89,77,78,78,78,17,15,16,10,15,13,13,19,11,23,22,22,22,90,90,Yes,Yes,No,Yes,No,Yes,Yes,No,Yes,No,No,No,No,No,No,No,No,No,No,No,No,No,No,No,No,No,No,No,No,No,No,No,No,No,No,No,No,No,No,Yes,No,No,90,90,45,0,0,0,0,0,0,0,1.25,87.228,104.942,93.035,10.028,0.847,150,175,88,0,0,99.6,99.4,99.6,99.7,99.7,99.8,99.7,99.7,99.8,99.5,99.7,99.7,99.6,99.8,99.8,99.8,99.8,99.3,99.5,99.5,99.4,0,0,0,0,0,0,0,0,0,0,0,0,0.1,0,0,0,0,0,0,0,0,0,0,0,0,0,0,0,0,0,0,0,0,0,0,2793.2,28,36,36,36,76,112,447,2,2,Yes,No,Yes,No,No,No,No,No,No,No,No,No,No,No,No,No,No,No,No,No,No,No,No,No,No,No,No,Yes,No,Yes,No,No,No,No,No,No,No,No,33,46,33,89,79,45,1.048,5.08,3.424,3.328,12.192,2.024,0.648,3.424,3.2,1.072,1.264,1.648,1.064,1,1,0.872,1.824,1802,2064,3443,45,45,41,1.06,55,39.5,1.26,1.26,1.8,1.815,1.2,5.04,1.75,No,No,No,39,1.26,1.26,1.8,1.815,1.11,5.04,1.75,No,No,No,51,51,62,100,100,No,No,14726,23929,34,34,No,No,1299,631,3.9,0.6,4.4,5.975,3.694,40619,65343,0,0,0,0,0,0,28,30,31,84,0.905,12.162,12.152,12.164,12.17,0,0,10.523,5.523,10.047,10.108,3.408,0.066,7.472,7.56,210,50.6,1185,32.5,1290,0,1,0,0,9.5,0,0.2,0,0,0,0,0,0,Yes,No,No,No,No,Yes,No,5.1,6.9,0,0,0,0,0,0,0,0,0,3,0,0,0,0,0,0,0,0,0,0,0,0,0,0,0,0,0,0,0,0,11115,1167,904,62,2.5,0,0,0,16.5,3.3,61.3,1,3.3,303.69,987.21,16.3,1.48,391.96,393.42,0,1887,32,2.7,0.1,0,0,0,0,0,0
14.10.2025,10:34.0,24941,44475,35.9,19335,45985,29.6,0,1.016,1.015,1.047,1.047,1.013,1.042,1.034,1,0.999,1,1,1,1,1.251,3524.7,3691,3790.7,3790.7,3691,3790.7,3790.7,3691,3691,3092.4,3092.4,3092.4,3092.4,99.8,3291.9,3611.7,3729.2,3728,3733.9,3726.4,3737.2,3733.6,3735.4,3736.5,3726.9,3733.4,3735.8,3734.4,3737.1,3736.1,3738.6,3738.4,3118.4,3123.7,3125.9,3125.4,3665.7,99.9,100,99.9,99.9,99.7,100,99.9,99.9,100,99.9,99.9,100,99.9,100,99.9,100,100,99.9,100,100,100,100,99.9,100,100.8,104.2,104.1,104.2,103.9,104.2,104.1,104.2,104.2,104.1,104.2,104.2,104.2,104.2,104.2,104.2,104.2,87.3,87.4,87.4,87.4,100.8,35.3,37,38,38,37,38,38,37,37,31,31,31,31,33,83,85,79,91,85,87,88,81,89,79,79,79,79,17,15,21,9,15,13,12,19,11,21,21,21,21,88,91,Yes,No,No,Yes,No,Yes,No,No,Yes,No,No,No,No,No,No,No,No,No,No,No,No,No,No,No,No,No,No,No,No,No,No,No,No,No,No,No,No,No,No,Yes,No,No,90,90,45,0,0,0,0,0,0,0,1.25,98.33,104.725,92.968,9.912,0.815,150,175,104,0,0,99.7,99.6,99.6,99.7,99.5,99.8,99.7,99.8,99.8,99.5,99.7,99.8,99.7,99.8,99.8,99.8,99.8,99.3,99.5,99.6,99.6,0,0,0,0,0,0,0,0,0,0.1,0,0,0,0,0,0,0,0,0,0,0,0,0,0,0,0,0,0,0,0,0,0,0,0,0,2793.2,28,36,36,36,76,112,447,2,2,Yes,No,Yes,No,No,No,No,No,No,No,No,No,No,No,No,No,No,No,No,No,No,No,No,No,No,No,No,Yes,No,Yes,No,No,No,No,No,No,No,No,33,46,33,89,78,46,1.03,5.08,3.424,3.328,12.192,2.024,0.648,3.424,3.2,1.072,1.264,1.664,1.064,1,1,0.872,1.824,1802,2051,3400,45,45,41,1.095,59,39.5,1.26,1.26,1.8,1.815,1.11,4.97,2.75,No,No,No,39,1.26,1.26,1.8,1.815,1.11,4.97,2,No,No,No,51,51,64,100,100,No,No,14726,23929,34,34,No,No,1299,631,2.8,0.5,3.2,4.979,2.206,40628,65347,0,0,0,0,0,0,28,30,30.9,84,0.905,12.164,12.153,12.166,12.172,0,0,10.524,5.703,10.258,10.573,3.737,0.321,7.472,7.558,210,50.6,1185,31.5,1290,0,1,0,0,9.5,0.1,0.3,0,0,0,0,0,0,Yes,No,No,No,No,Yes,No,5.3,8.7,0,0,0,0,0,0,0,0,0,3,0,0,0,0,0,0,0,0,0,0,0,0,0,0,0,0,0,0,0,0,11115,1167,904,62,2.5,0,0,0,16.5,3.3,63.7,1.3,3.3,305.11,799.31,15.7,1.51,311.36,312.89,0,1887,32,0.8,0.2,0,0,0,0,0,0
14.10.2025,10:36.0,24939,44478,35.9,19336,45985,29.6,0,1.018,1.014,1.013,1.03,1.008,1.008,1.031,1.02,1.033,1.014,1.014,1.014,1.015,1.251,3499.8,3691,3691,3691,3691,3691,3691,3691,3790.7,3092.4,3092.4,3092.4,3092.4,99.8,3291.9,3604.1,3716.9,3721.8,3726.6,3726.8,3728.5,3728.8,3728.7,3728.9,3723.8,3725.8,3727.7,3727.2,3728.3,3729.1,3729.8,3729.6,3111.2,3113.9,3116.8,3112.4,3658.5,100,99.9,100,100,99.9,100,100,100,100,100,99.9,100,100,100,100,100,100,100,100,100,99.9,100,100,100,100.6,103.9,103.9,104,104,104,104,104,104,104,104,104,104,104,104,104,104,87.1,87.1,87.1,87,100.6,35.1,37,37,37,37,37,37,37,38,31,31,31,31,33,83,85,84,90,87,86,85,80,87,78,78,78,78,17,15,16,10,13,14,15,20,13,22,22,22,22,90,90,Yes,No,No,Yes,No,Yes,Yes,No,Yes,No,No,No,No,No,No,No,No,No,No,No,No,No,No,No,No,No,No,No,No,No,No,No,No,No,No,No,No,No,No,Yes,No,No,88,88,45,0,0,0,0,0,0,0,1.25,68.196,105.805,94.07,9.893,0.815,150,175,72,0,0,99.7,99.5,99.6,99.7,99.8,99.8,99.8,99.8,99.8,99.6,99.7,99.8,99.8,99.8,99.8,99.8,99.8,99.4,99.5,99.6,99.5,0,0,0,0,0,0,0,0,0,0,0,0,0.1,0,0,0,0,0,0,0,0,0,0,0,0,0,0,0,0,0,0,0,0,0,0,2793.2,28,36,36,36,76,112,447,2,2,Yes,No,Yes,No,No,No,No,No,No,No,No,No,No,No,No,No,No,No,No,No,No,No,No,No,No,No,No,Yes,No,Yes,No,No,No,No,No,No,No,No,33,46,33,90,78,45,1.048,5.04,3.424,3.328,12.192,2.024,0.648,3.424,3.2,1.072,1.264,1.648,1.064,1,1,0.872,1.824,1797,2073,3435,45,45,41,1.095,60,39.5,1.26,1.26,1.8,1.815,1.11,4.97,3.25,No,No,No,39,1.26,1.26,1.8,1.815,1.11,4.97,1.375,No,No,No,51,51,64,100,100,No,No,14727,23929,34,34,No,No,1299,631,0.3,0.1,0.3,0.28,0.418,40629,65348,0,0,0,0,0,0,28,30,31,84,0.905,12.163,12.153,12.165,12.171,0,0,10.634,5.603,10.152,10.316,3.554,0.172,7.472,7.553,210,50.6,1185,31,1290,0,1,0,0,9.5,0,0.2,0,0,0,0,0,0,Yes,No,No,No,No,Yes,No,5.2,7.7,0,0,0,0,0,0,0,0,0,3,0,0,0,0,0,0,0,0,0,0,0,0,0,0,0,0,0,0,0,0,11115,1167,904,62,2.5,0,0,0,16.5,3.3,111,1,3.3,305.63,982.5,9.01,1.5,301.83,303.32,0,1887,32,0.9,0.3,0,0,0,0,0,0
14.10.2025,10:38.0,24933,44483,35.9,19335,45986,29.5,0,1.041,1.019,1.048,1.048,1.046,1.04,1.055,1.037,1.058,1.037,1.036,1.036,1.039,1.251,3591.2,3691,3790.7,3790.7,3790.7,3790.7,3790.7,3790.7,3890.5,3192.2,3192.2,3192.2,3192.2,99.8,3291.9,3615,3727,3729.7,3736.5,3738.2,3738,3737.9,3740,3740.4,3733.1,3736.5,3736.8,3738,3741.5,3740.1,3741.7,3742.7,3121.6,3125,3128.1,3127.1,3669.1,100,99.9,100,100,100,100,100,100,100,100,100,99.9,100,100,99.9,100,100,100,99.9,100,100,100,100,100,100.9,104.2,104.2,104.2,104.3,104.2,104.2,104.3,104.3,104.2,104.2,104.2,104.2,104.3,104.2,104.3,104.3,87.4,87.3,87.4,87.3,100.9,36,37,38,38,38,38,38,38,39,32,32,32,32,33,84,84,84,90,87,86,88,81,87,79,79,79,79,16,16,16,10,13,14,12,19,13,21,21,21,21,90,90,Yes,No,No,Yes,No,Yes,Yes,No,Yes,No,No,No,No,No,No,No,No,No,No,No,No,No,No,No,No,No,No,No,No,No,No,No,No,No,No,No,No,No,No,Yes,No,No,91,91,45,0,0,0,0,0,0,0,1.25,84.056,106.047,94.327,9.88,0.808,150,175,88,0,0,99.7,99.5,99.6,99.8,99.8,99.8,99.8,99.8,99.8,99.6,99.7,99.7,99.8,99.8,99.8,99.8,99.8,99.4,99.5,99.6,99.6,0,0,0,0,0,0,0,0,0,0,0,0,0,0,0,0,0,0,0,0,0,0,0,0,0,0,0,0,0,0,0,0,0,0,0,2793.2,28,36,36,36,76,112,447,2,2,Yes,No,Yes,No,No,No,No,No,No,No,No,No,No,No,No,No,No,No,No,No,No,No,No,No,No,No,No,Yes,No,Yes,No,No,No,No,No,No,No,No,33,46,33,89,79,45,1.066,5.04,3.424,3.328,12.192,2.024,0.64,3.424,3.2,1.072,1.264,1.648,1.064,1,1,0.872,1.824,1804,2057,3479,44,45,41,1.045,53,39.5,1.26,1.26,1.8,1.815,1.11,4.97,1.25,No,No,No,39,1.26,1.26,1.8,1.815,1.11,4.97,1.25,No,No,No,51,51,64,100,100,No,No,14727,23929,34,34,No,No,1299,631,1.5,0,1.6,3.025,0.36,40635,65349,0,0,0,0,0,0,28.1,30,31,84,0.905,12.165,12.156,12.168,12.171,0,0,11.324,6.179,10.577,11.729,4.686,1.161,7.479,7.619,210,50.6,1185,54.9,1290,2,9,0,0,9.5,0.1,0.7,0,0,0,0,0,0,Yes,No,No,No,No,Yes,No,5.9,7.7,0,0,0,0,0,0,0,0,0,3,0,0,0,0,0,0,0,0,0,0,0,0,0,0,0,0,0,0,0,0,11115,1167,904,62,2.5,0,0,0,16.5,4.3,62.1,1.3,4.4,232.85,790.22,16.09,1.54,83.19,84.73,0,1887,32,0.8,0.1,0,0,0,0,0,0
14.10.2025,10:40.0,24938,44478,35.9,19339,45981,29.6,0,1.04,1.037,1.031,1.017,1.062,1.039,1.041,1.048,1.031,1.038,1.045,1.045,1.045,1.251,3582.9,3790.7,3790.7,3691,3790.7,3790.7,3790.7,3790.7,3790.7,3192.2,3192.2,3192.2,3192.2,99.8,3391.7,3627.3,3743.5,3737.8,3750.6,3752.5,3751.5,3751.9,3754.5,3752,3746.2,3748.6,3749.9,3751.2,3752.7,3754.5,3755.4,3754.9,3130.1,3133.7,3138.1,3137.3,3681.7,99.9,99.9,99.8,99.9,100,99.9,99.9,100,99.9,100,99.9,99.9,99.9,99.9,100,100,100,99.9,99.9,100,100,100,99.9,100,101.3,104.6,104.5,104.7,104.7,104.6,104.6,104.7,104.6,104.7,104.7,104.6,104.7,104.7,104.7,104.7,104.7,87.7,87.7,87.7,87.7,101.3,35.9,38,38,37,38,38,38,38,38,32,32,32,32,34,85,86,86,90,85,88,87,83,87,81,81,81,81,15,14,14,10,15,12,13,17,13,19,19,19,19,91,90,Yes,No,No,Yes,No,Yes,Yes,No,Yes,No,No,No,No,No,No,No,No,No,No,No,No,No,No,No,No,No,No,No,No,No,No,No,No,No,No,No,No,No,No,Yes,No,No,90,90,45,0,0,0,0,0,0,0,1.25,95.158,106.811,95.066,9.895,0.82,150,175,104,0,0,99.7,99.5,99.4,99.7,99.8,99.7,99.8,99.8,99.7,99.6,99.7,99.7,99.8,99.8,99.8,99.8,99.8,99.3,99.4,99.6,99.5,0,0,0,0,0,0,0,0,0,0.1,0.1,0,0,0,0,0,0,0,0,0,0,0,0,0,0,0,0,0,0,0,0,0,0,0,0,2793.2,28,36,36,36,76,112,447,2,2,Yes,No,Yes,No,No,No,No,No,No,No,No,No,No,No,No,No,No,No,No,No,No,No,No,No,No,No,No,Yes,No,Yes,No,No,No,No,No,No,No,No,33,46,33,89,78,44,1.048,5.04,3.424,3.328,12.192,2.024,0.64,3.424,3.2,1.072,1.264,1.648,1.064,1,1,0.872,1.824,1802,2057,3488,45,45,41,1.065,43,39.5,1.26,1.26,1.8,1.815,1.11,4.97,1.375,No,No,No,39.2,1.26,1.26,1.8,1.815,1.11,4.97,2,No,No,No,51,51,65,100,100,No,No,14727,23929,34,34,No,No,1299,631,1.1,1.5,2.5,2.384,0.801,40639,65350,0,0,0,0,0,0,28.1,30,31,84,0.905,12.166,12.157,12.168,12.172,0,0,11.197,5.854,10.599,11,3.932,0.4,7.479,7.566,210,50.6,1185,64.9,1290,2,2,0,0,9.5,0.1,0.6,0,0,0,0,0,0,Yes,No,No,No,No,Yes,No,5.8,9.8,0,0,0,0,0,0,0,0,0,3,0,0,0,0,0,0,0,0,0,0,0,0,0,0,0,0,0,0,0,0,11115,1167,904,62,2.5,0,0,0,16.5,6.9,69.5,2.9,6.9,145.91,348.68,14.38,1.26,48.09,49.36,0,1887,32,0.4,0.4,0,0,0,0,0,0
14.10.2025,10:42.0,24938,44478,35.9,19344,45976,29.6,0,1.038,1.033,1.029,1.028,1.04,1.025,1.051,1.039,1.035,1.039,1.038,1.049,1.049,1.251,3599.5,3790.7,3790.7,3790.7,3790.7,3790.7,3890.5,3790.7,3790.7,3192.2,3192.2,3192.2,3192.2,99.8,3391.7,3613.7,3730.6,3730.3,3732.3,3731.3,3738.6,3739.4,3736.1,3735.5,3728.7,3735.3,3734.8,3738,3735.9,3740.8,3740.8,3740.9,3119.8,3127.2,3128.8,3128.4,3667.6,99.9,100,100,99.9,99.8,100,100,99.9,99.9,99.9,100,99.9,99.9,99.8,100,100,100,99.9,100,100,100,100,99.9,100,100.9,104.3,104.3,104.2,104.1,104.3,104.3,104.2,104.2,104.2,104.2,104.2,104.2,104.2,104.3,104.3,104.3,87.3,87.4,87.4,87.4,100.9,36.1,38,38,38,38,38,39,38,38,32,32,32,32,34,84,85,83,90,85,87,89,81,89,80,81,79,79,16,15,17,10,15,13,11,19,11,20,19,21,21,90,90,Yes,No,No,Yes,No,Yes,Yes,No,Yes,No,No,No,No,No,No,No,No,No,No,No,No,No,No,No,No,No,No,No,No,No,No,No,No,No,No,No,No,No,No,Yes,No,No,87,87,45,0,0,0,0,0,0,0,1.25,88.814,106.593,94.759,9.967,0.84,150,175,96,0,0,99.7,99.6,99.6,99.6,99.6,99.8,99.8,99.7,99.7,99.5,99.7,99.7,99.8,99.7,99.8,99.8,99.8,99.3,99.5,99.6,99.6,0,0,0.1,0,0.1,0,0,0,0,0.1,0,0,0,0,0,0,0,0,0,0,0,0,0,0,0,0,0,0,0,0,0,0,0,0,0,2793.2,28,36,36,36,76,112,447,2,2,Yes,No,Yes,No,No,No,No,No,No,No,No,No,No,No,No,No,No,No,No,No,No,No,No,No,No,No,No,Yes,No,Yes,No,No,No,No,No,No,No,No,33,46,33,90,79,45,1.039,5.04,3.424,3.328,12.192,2.024,0.64,3.424,3.2,1.072,1.264,1.648,1.064,1,1,0.872,1.824,1802,2070,3452,45,45,41,1.045,44,39.5,1.26,1.26,1.8,1.8,1.11,4.97,3.125,No,No,No,39.2,1.26,1.26,1.8,1.815,1.11,4.97,1.75,No,No,No,51,51,65,100,100,No,No,14727,23929,35,35,No,No,1299,631,0.9,0,1,0.959,0.359,40641,65351,0,0,0,0,0,0,28,32,31,84,0.905,12.168,12.159,12.17,12.174,0,0,11.172,5.916,10.376,11.075,4.163,0.708,7.486,7.603,210,50.6,1185,55,1290,2,5,0,0,9.5,0.1,0.7,0,0,0,0,0,0,Yes,No,No,No,No,Yes,No,5.4,7.3,0,0,0,0,0,0,0,0,0,3,0,0,0,0,0,0,0,0,0,0,0,0,0,0,0,0,0,0,0,0,11115,1167,904,62,2.5,0,0,0,16.5,10,208.2,2.4,10.1,99.96,409.87,4.8,1.37,52.17,53.54,0,1887,32,0.3,0,0,0,0,0,0,0
14.10.2025,10:44.0,24934,44482,35.9,19341,45979,29.6,0,1.043,1.039,1.047,1.05,1.074,1.026,1.038,1.052,1.052,1.051,1.031,1.031,1.031,1.251,3624.5,3890.5,3790.7,3790.7,3890.5,3790.7,3790.7,3890.5,3890.5,3192.2,3192.2,3192.2,3192.2,99.8,3491.5,3610.6,3723.9,3725.9,3730.2,3732.5,3734.2,3735.7,3735.1,3734.9,3730.4,3732.6,3734.3,3734.8,3734.9,3735.2,3736.3,3736.2,3116.6,3121.8,3124.2,3123.4,3664.7,100,100,100,99.9,100,99.9,100,100,99.9,100,100,100,100,99.9,100,100,100,99.9,100,100,100,100,100,100,100.8,104.1,104.1,104.1,104.1,104.1,104.2,104.2,104.1,104.2,104.2,104.2,104.2,104.2,104.2,104.2,104.2,87.3,87.3,87.3,87.3,100.8,36.3,39,38,38,39,38,38,39,39,32,32,32,32,35,84,85,84,90,84,89,87,84,89,79,81,81,81,16,15,16,10,16,11,13,16,11,21,19,19,19,90,90,Yes,No,No,Yes,No,Yes,Yes,No,Yes,No,No,No,No,No,No,No,No,No,No,No,No,No,No,No,No,No,No,No,No,No,No,No,No,No,No,No,No,No,No,Yes,No,No,90,90,45,0,0,0,0,0,0,0,1.25,77.712,106.121,94.282,9.966,0.84,150,175,80,0,0,99.7,99.5,99.6,99.7,99.8,99.8,99.8,99.8,99.8,99.6,99.7,99.8,99.8,99.8,99.8,99.8,99.8,99.4,99.5,99.6,99.6,0,0,0,0,0,0,0,0,0,0,0,0,0,0,0,0,0,0,0,0,0,0,0,0,0,0,0,0,0,0,0,0,0,0,0,2793.2,28,36,36,36,76,112,447,2,2,Yes,No,Yes,No,No,No,No,No,No,No,No,No,No,No,No,No,No,No,No,No,No,No,No,No,No,No,No,Yes,No,Yes,No,No,No,No,No,No,No,No,33,47,33,89,78,46,1.066,5.04,3.424,3.328,12.192,2.024,0.64,3.424,3.2,1.072,1.264,1.664,1.064,1,1,0.872,1.824,1804,2057,3435,44,45,41,1.12,61,39.5,1.26,1.26,1.8,1.815,1.17,4.97,2.125,No,No,No,39.2,1.26,1.26,1.8,1.815,1.11,4.97,1.5,No,No,No,51,51,65,100,100,No,No,14727,23929,35,35,No,No,1299,631,1.1,0.1,1.2,1.576,0.626,40644,65352,0,0,0,0,0,0,28,30,30.9,84,0.905,12.162,12.151,12.165,12.17,0,0,10.815,5.839,10.335,10.9,4.016,0.572,7.487,7.56,210,50.6,1185,36.6,1290,2,2,0,0,9.5,0.1,0.3,0,0,0,0,0,0,Yes,No,No,No,No,Yes,No,5.5,7.3,0,0,0,0,0,0,0,0,0,3,0,0,0,0,0,0,0,0,0,0,0,0,0,0,0,0,0,0,0,0,11115,1167,904,62,2.5,0,0,0,16.5,9.1,97,1.7,9.1,110.47,578.95,10.31,1.31,150.14,151.45,0,1887,32,0.3,0.3,0,0,0,0,0,0
14.10.2025,10:46.0,24935,44482,35.9,19342,45979,29.6,0,1.028,1.023,1.026,1,1.009,1.035,1.054,1.054,1.054,1.021,1.021,1.021,1.021,1.251,3566.3,3691,3790.7,3691,3691,3790.7,3790.7,3790.7,3790.7,3192.2,3192.2,3192.2,3192.2,99.8,3291.9,3623.6,3740.7,3740,3746.1,3747.1,3749.1,3748.6,3749.2,3747.1,3742.6,3746.1,3748.6,3749.1,3749.2,3749.5,3750.1,3750.8,3126.6,3128.4,3131.6,3132.3,3678.3,100,100,100,100,100,100,100,100,99.9,100,100,100,100,100,100,100,100,100,100,100,100,100,100,100,101.2,104.5,104.5,104.6,104.5,104.6,104.5,104.6,104.5,104.6,104.6,104.6,104.6,104.6,104.6,104.6,104.6,87.6,87.6,87.6,87.6,101.2,35.8,37,38,37,37,38,38,38,38,32,32,32,32,33,84,85,84,90,87,87,85,81,86,81,81,81,81,16,15,16,10,13,13,15,19,14,19,19,19,19,90,90,Yes,Yes,No,Yes,No,Yes,Yes,No,Yes,No,No,No,No,No,No,No,No,No,No,No,No,No,No,No,No,No,No,No,No,No,No,No,No,No,No,No,No,No,No,Yes,No,No,90,90,45,0,0,0,0,0,0,0,1.25,96.744,106.265,94.683,9.776,0.779,150,175,104,0,0,99.7,99.6,99.6,99.7,99.8,99.8,99.8,99.8,99.8,99.6,99.7,99.8,99.8,99.8,99.8,99.8,99.8,99.4,99.5,99.6,99.6,0,0,0,0,0,0,0,0,0,0,0.1,0.1,0,0,0,0,0,0,0,0,0,0,0,0,0,0,0,0,0,0,0,0,0,0,0,2793.2,28,36,36,36,76,112,447,2,2,Yes,No,Yes,No,No,No,No,No,No,No,No,No,No,No,No,No,No,No,No,No,No,No,No,No,No,No,No,Yes,No,Yes,No,No,No,No,No,No,No,No,33,47,33,90,78,45,1.039,5.04,3.424,3.328,12.192,2.024,0.64,3.424,3.2,1.072,1.264,1.648,1.064,1,1,0.872,1.824,1802,2067,3470,45,45,41,1.075,59,39.5,1.26,1.26,1.8,1.815,1.11,5.04,2.125,No,No,No,39.2,1.26,1.26,1.8,1.815,1.11,5.04,2.125,No,No,No,51,51,65,100,100,No,No,14727,23929,35,35,No,No,1299,631,0.5,0,0.5,0.86,0.272,40646,65352,0,0,0,0,0,0,28,30,30.9,84,0.905,12.161,12.149,12.165,12.171,0,0,11.453,5.724,10.519,10.668,3.663,0.16,7.487,7.569,210,50.6,1185,74.2,1290,2,2,0,0,9.5,0.2,0.8,0,0,0,0,0,0,Yes,No,No,No,No,Yes,No,5.3,7.3,0,0,0,0,0,0,0,0,0,3,0,0,0,0,0,0,0,0,0,0,0,0,0,0,0,0,0,0,0,0,11114,1168,905,61,2.5,0,0,0,16.5,11.6,63.3,2.2,11.6,86.41,463.69,15.79,1.56,56.04,57.6,0,1887,32,1,0.2,0,0,0,0,0,0
14.10.2025,10:48.0,24939,44477,35.9,19338,45982,29.6,0,1.038,1.013,1.057,1.038,1.063,1.039,1.037,1.058,1.058,1.031,1.036,1.012,1.012,1.251,3582.9,3691,3890.5,3790.7,3890.5,3790.7,3790.7,3790.7,3790.7,3192.2,3192.2,3092.4,3092.4,99.8,3291.9,3635.9,3748,3750.6,3755.8,3760,3761.3,3761.4,3761.7,3762.4,3743.8,3757.5,3757.1,3761,3763.8,3762.3,3768.2,3767.6,3139.4,3143.5,3146.3,3146.1,3690.3,100,99.9,100,99.9,100,99.9,100,99.9,99.9,100,100,100,99.9,100,100,100,100,100,99.9,99.9,100,100,100,100,101.6,104.9,104.9,104.9,105,104.9,105,105,104.9,105,105,105,105,105,105,105,105,87.9,87.9,87.9,88,101.6,35.9,37,39,38,39,38,38,38,38,32,32,31,31,33,84,83,82,90,87,89,88,82,89,79,80,80,80,16,17,18,10,13,11,12,18,11,21,20,20,20,88,90,Yes,No,No,Yes,No,Yes,Yes,No,Yes,No,No,No,No,No,No,No,No,No,No,No,No,No,No,No,No,No,No,No,No,No,No,No,No,No,No,No,No,No,No,Yes,No,No,91,91,45,0,0,0,0,0,0,0,1.25,77.712,107.194,95.425,9.921,0.818,150,175,88,0,0,99.6,99.4,99.5,99.6,99.7,99.7,99.7,99.7,99.7,99.2,99.6,99.5,99.6,99.7,99.7,99.8,99.8,99.3,99.4,99.5,99.5,0,0,0,0,0,0,0,0,0,0,0,0,0,0,0,0,0,0,0,0,0,0,0,0,0,0,0,0,0,0,0,0,0,0,0,2793.2,28,36,36,36,76,112,447,2,2,Yes,No,Yes,No,No,No,No,No,No,No,No,No,No,No,No,No,No,No,No,No,No,No,No,No,No,No,No,Yes,No,Yes,No,No,No,No,No,No,No,No,33,47,33,89,78,46,1.039,5.04,3.424,3.328,12.192,2.024,0.64,3.424,3.2,1.072,1.264,1.648,1.064,1,1,0.872,1.824,1807,2067,3470,45,45,41,1.09,57,39.8,1.26,1.26,1.8,1.815,1.11,5.04,1,No,No,No,39.2,1.26,1.26,1.8,1.815,1.11,5.04,2.125,No,No,No,51,51,65,100,100,No,No,14727,23929,35,35,No,No,1299,631,0.1,0.1,0.1,0.187,0.68,40646,65354,0,0,0,0,0,0,28.1,30,31,84,0.905,12.16,12.149,12.163,12.167,0,0,11.202,6.39,10.951,12.309,5.013,1.365,7.489,7.603,210,50.6,1185,55.1,1290,6,9,0,0,9.5,0.2,0.9,0,0,0,0,0,0,Yes,No,No,No,No,Yes,No,6.2,9.5,0,0,0,0,0,0,0,0,0,3,0,0,0,0,0,0,0,0,0,0,0,0,0,0,0,0,0,0,0,0,11114,1168,905,60,2.5,0,0,0,16.5,13.2,107.7,2.9,13.4,75.63,341.4,9.29,1.34,62.59,63.94,0,1887,32,0.2,0.2,0,0,0,0,0,0
14.10.2025,10:50.0,24938,44478,35.9,19341,45979,29.6,0,1.027,1.031,1.032,1.023,1.024,1,1,1.039,1.039,1.04,1.04,1.04,1.021,1.251,3574.6,3790.7,3790.7,3790.7,3790.7,3691,3691,3790.7,3790.7,3192.2,3192.2,3192.2,3192.2,99.8,3391.7,3626.6,3741,3742.5,3748.5,3749,3751.8,3752.6,3753,3752.9,3744,3747.9,3751.9,3750.3,3752.6,3753.2,3752.8,3753.5,3130.9,3132.2,3136.3,3135.8,3681.1,100,100,100,100,99.9,100,100,100,100,100,100,100,99.9,100,100,100,100,100,100,100,100,100,100,100,101.3,104.7,104.7,104.7,104.6,104.7,104.7,104.7,104.7,104.7,104.7,104.7,104.6,104.7,104.7,104.7,104.7,87.7,87.7,87.7,87.7,101.3,35.8,38,38,38,38,37,37,38,38,32,32,32,32,34,84,86,86,91,87,89,88,80,87,79,79,79,80,16,14,14,9,13,11,12,20,13,21,21,21,20,90,91,Yes,No,No,Yes,No,Yes,Yes,No,Yes,No,No,No,No,No,No,No,No,No,No,No,No,No,No,No,No,No,No,No,No,No,No,No,No,No,No,No,No,No,No,Yes,No,No,91,91,45,0,0,0,0,0,0,0,1.25,98.33,106.622,94.841,9.92,0.83,150,175,104,0,0,99.7,99.5,99.5,99.7,99.7,99.8,99.8,99.8,99.8,99.6,99.7,99.8,99.7,99.8,99.8,99.8,99.8,99.4,99.5,99.6,99.6,0,0,0,0,0,0,0,0,0,0,0,0,0,0,0,0,0,0,0,0,0,0,0,0,0,0,0,0,0,0,0,0,0,0,0,2793.2,28,36,36,36,76,112,447,2,2,Yes,No,Yes,No,No,No,No,No,No,No,No,No,No,No,No,No,No,No,No,No,No,No,No,No,No,No,No,Yes,No,Yes,No,No,No,No,No,Yes,No,No,33,47,33,89,78,45,1.03,5.08,3.424,3.328,12.192,2.024,0.64,3.424,3.2,1.072,1.264,1.648,1.064,1,1,0.872,1.824,1804,2051,3470,44,45,41,1.06,46,39.8,1.26,1.26,1.8,1.815,1.11,5.04,2.25,No,No,No,39.2,1.26,1.26,1.8,1.815,1.11,5.04,3.125,No,No,No,51,51,63,100,100,No,No,14727,23929,35,35,No,No,1299,631,0.3,0,0.3,0.692,0.338,40647,65354,0,0,0,0,0,0,28.1,30,30.9,84,0.905,12.163,12.153,12.166,12.17,0,0,11.286,6.322,10.957,12.154,4.856,1.215,7.486,7.572,210,50.6,1185,61.2,1290,8,6,0,0,9.5,0.2,1.2,0,0,0,0,0,0,Yes,No,No,No,No,Yes,No,6.1,8,0,0,0,0,0,0,0,0,0,3,0,0,0,0,0,0,0,0,0,0,0,0,0,0,0,0,0,0,0,0,11114,1168,905,59,2.5,0,0,0,16.5,17.9,61.7,2,18.1,55.75,488.93,16.22,1.23,39.73,40.96,0,1887,32,0.2,0.2,0,0,0,0,0,0.012
14.10.2025,10:52.0,24953,44463,35.9,19359,45961,29.6,0,1.023,1.037,1.035,1.033,1.018,1.013,1.014,1.018,1.02,1.022,1.022,1.022,1.019,1.251,3508.1,3691,3790.7,3790.7,3691,3691,3691,3691,3691,3092.4,3092.4,3092.4,3092.4,99.8,3391.7,3634.5,3745.9,3746.9,3755.4,3759.1,3761.3,3761.8,3763.3,3762,3749.9,3757.8,3759.9,3760.7,3762.7,3762.1,3763.2,3762.5,3135.6,3138.6,3141.3,3139.5,3689.4,100,100,99.9,99.9,100,99.9,100,100,99.9,99.9,99.9,99.9,99.9,100,100,100,100,100,99.9,100,100,100,100,100,101.5,104.9,104.8,104.9,104.9,104.9,104.9,105,105,104.9,105,104.9,104.9,105,105,105,105,87.9,87.9,87.9,87.9,101.5,35.2,37,38,38,37,37,37,37,37,31,31,31,31,34,83,86,84,91,84,88,87,81,87,78,78,78,78,17,14,16,9,16,12,13,19,13,22,22,22,22,88,91,Yes,No,No,Yes,Yes,Yes,Yes,No,Yes,No,No,No,No,No,No,No,No,No,No,No,No,No,No,No,No,No,No,No,No,No,No,No,No,No,No,No,No,No,No,Yes,No,No,91,91,45,0,0,0,0,0,0,0,1.25,82.47,107.182,95.325,9.984,0.845,150,175,88,0,0,99.6,99.4,99.4,99.6,99.7,99.8,99.8,99.8,99.8,99.4,99.6,99.7,99.7,99.8,99.8,99.8,99.8,99.4,99.5,99.6,99.5,0,0,0,0,0,0,0,0,0,0,0,0,0,0,0,0,0,0,0,0,0,0,0,0,0,0,0,0,0,0,0,0,0,0,0,2793.2,28,36,36,36,76,112,447,2,2,Yes,No,Yes,No,No,No,No,No,No,No,No,No,No,No,No,No,No,No,No,No,No,No,No,No,No,No,No,Yes,No,Yes,No,No,No,No,No,Yes,No,No,33,47,33,90,79,45,1.057,5.04,3.424,3.328,12.192,2.024,0.64,3.424,3.2,1.072,1.264,1.648,1.064,1,1,0.872,1.824,1807,2073,3461,45,45,41,1.11,62,39.8,1.26,1.26,1.8,1.815,1.11,5.04,1.75,No,No,No,39.2,1.26,1.26,1.8,1.815,1.11,5.04,2.375,No,No,No,51,51,63,100,100,No,No,14727,23929,35,35,No,No,1299,631,0.3,0.1,0.4,0.846,0.615,40649,65356,0,0,0,0,0,0,28.1,30,31,84,0.905,12.164,12.155,12.167,12.17,0,0,11.664,6.338,10.661,12.119,5.014,1.463,7.483,7.629,210,50.6,1185,89.6,1290,4,2,0,0,9.5,0.3,1.5,0,0,0,0,0,0,Yes,No,No,No,No,Yes,No,6.1,9.1,0,0,0,0,0,0,0,0,0,3,0,0,0,0,0,0,0,0,0,0,0,0,0,0,0,0,0,0,0,0,11114,1168,905,62,2.5,0,0,0,16.5,24,63.3,2.3,24.2,41.75,430.38,15.8,1.39,30.41,31.79,0,1887,32,0.9,0,0,0,0,0,0,0
14.10.2025,10:54.0,24943,44473,35.9,19348,45972,29.6,0,1.036,1.035,1.034,1.034,1.013,1.04,1.031,1.055,1.055,1.037,1.014,1.019,1.059,1.251,3549.7,3790.7,3691,3691,3691,3790.7,3790.7,3790.7,3790.7,3192.2,3092.4,3092.4,3192.2,99.8,3291.9,3611,3724.5,3724.2,3730.9,3731.6,3735,3733.9,3736.4,3736.3,3727.2,3730.9,3733.6,3733.3,3733,3736,3738.6,3738.9,3120.7,3122.9,3126.5,3125.9,3664.9,100,100,100,100,100,100,99.9,100,100,100,100,100,99.9,99.9,100,100,100,100,99.9,100,100,100,100,100,100.8,104.2,104.2,104.2,104.2,104.2,104.2,104.2,104.2,104.2,104.2,104.2,104.1,104.1,104.2,104.2,104.2,87.3,87.3,87.4,87.3,100.8,35.6,38,37,37,37,38,38,38,38,32,31,31,32,33,83,86,81,90,84,88,87,79,89,79,79,79,78,17,14,19,10,16,12,13,21,11,21,21,21,22,88,90,Yes,No,No,Yes,Yes,Yes,Yes,No,Yes,No,No,No,No,No,No,No,No,No,No,No,No,No,No,No,No,No,No,No,No,No,No,No,No,No,No,No,No,No,No,Yes,No,No,90,90,45,0,0,0,0,0,0,0,1.25,76.126,106.325,94.359,10.063,0.87,150,175,88,0,0,99.7,99.5,99.5,99.7,99.7,99.8,99.8,99.8,99.8,99.6,99.7,99.7,99.7,99.7,99.8,99.8,99.8,99.4,99.5,99.6,99.6,0,0,0,0,0,0,0,0,0,0,0,0,0,0,0,0,0,0,0,0,0,0,0,0,0,0,0,0,0,0,0,0,0,0,0,2793.2,28,36,36,36,76,112,447,2,2,Yes,No,Yes,No,No,No,No,No,No,No,No,No,No,No,No,No,No,No,No,No,No,No,No,No,No,No,No,Yes,No,Yes,No,No,No,No,No,Yes,No,No,33,47,33,90,78,44,1.039,5.04,3.424,3.328,12.192,2.024,0.64,3.424,3.2,1.072,1.264,1.664,1.064,1,1,0.872,1.824,1800,2064,3366,45,45,41,1.065,56,39.8,1.26,1.26,1.8,1.8,1.11,5.04,3.125,No,No,No,39.2,1.26,1.26,1.8,1.815,1.11,5.04,2.125,No,No,No,51,51,61,100,100,No,No,14727,23929,35,35,No,No,1299,631,0.7,0.2,0.9,1.481,0.587,40652,65357,0,0,0,0,0,0,28,30,31,84,0.905,12.162,12.149,12.165,12.171,0,0,11.27,5.672,10.055,10.45,3.749,0.396,7.485,7.568,210,50.6,1185,63.7,1290,0,5,0,0,9.5,0.2,1,0,0,0,0,0,0,Yes,No,No,No,No,Yes,No,5.2,8.6,0,0,0,0,0,0,0,0,0,3,0,0,0,0,0,0,0,0,0,0,0,0,0,0,0,0,0,0,0,0,11114,1168,905,62,2.5,0,0,0,16.5,25.6,138.5,3.9,25.9,39.03,257.91,7.22,1.41,34.29,35.7,0,1887,32,4.4,4.1,0,0,0,0,0,0
14.10.2025,10:56.0,24936,44480,35.9,19348,45972,29.6,0,1.02,1.033,1.037,1.036,1.041,1.038,1.036,1.013,1.018,1.015,0.99,0.99,0.99,1.251,3541.3,3790.7,3790.7,3790.7,3790.7,3790.7,3790.7,3691,3691,3092.4,3092.4,3092.4,3092.4,99.8,3391.7,3607.4,3722.1,3723.7,3726.3,3729.3,3731.9,3731.4,3731.5,3731.5,3725.9,3729.3,3730.1,3730.5,3728.6,3731.7,3732.4,3732.4,3117,3119.2,3122,3121.6,3661.4,100,99.9,100,99.9,100,100,100,100,100,100,99.9,99.9,99.9,99.9,100,100,100,100,99.9,100,100,100,100,100,100.7,104,104,104,104.1,104.1,104.1,104.1,104.1,104.1,104,104,104,104,104.1,104.1,104.1,87.3,87.3,87.3,87.3,100.7,35.5,38,38,38,38,38,38,37,37,31,31,31,31,34,84,85,84,90,85,89,89,83,89,79,78,78,78,16,15,16,10,15,11,11,17,11,21,22,22,22,90,90,Yes,No,No,Yes,No,Yes,Yes,No,Yes,No,No,No,No,No,No,No,No,No,No,No,No,No,No,No,No,No,No,No,No,No,No,No,No,No,No,No,No,No,No,Yes,No,No,91,91,45,0,0,0,0,0,0,0,1.25,96.744,106.593,94.547,10.128,0.89,150,175,104,0,0,99.7,99.6,99.6,99.7,99.7,99.8,99.8,99.8,99.8,99.6,99.7,99.7,99.8,99.7,99.8,99.8,99.8,99.4,99.5,99.6,99.6,0,0,0,0,0,0,0,0,0,0,0.1,0,0,0,0,0,0,0,0,0,0,0,0,0,0,0,0,0,0,0,0,0,0,0,0,2793.2,28,36,36,36,76,112,447,2,2,Yes,No,Yes,No,No,No,No,No,No,No,No,No,No,No,No,No,No,No,No,No,No,No,No,No,No,No,No,Yes,No,Yes,No,No,No,No,No,No,No,No,33,47,33,89,78,45,1.048,5.04,3.424,3.328,12.192,2.024,0.64,3.424,3.2,1.072,1.264,1.648,1.064,1,1,0.872,1.824,1804,2054,3383,45,45,41,1.09,57,39.8,1.26,1.26,1.8,1.815,1.2,5.04,1.5,No,No,No,39.2,1.26,1.26,1.8,1.815,1.11,5.04,2.75,No,No,No,51,51,62,100,100,No,No,14727,23929,35,35,No,No,1299,631,1,0.1,1,2.236,0.522,40656,65358,0,0,0,0,0,0,28,30,31,84,0.905,12.161,12.147,12.166,12.171,0,0,10.715,5.747,10.129,10.645,3.883,0.516,7.488,7.567,210,50.6,1185,32,1290,0,1,0,0,9.5,0,0.1,0,0,0,0,0,0,Yes,No,No,No,No,Yes,No,5.3,7.6,0,0,0,0,0,0,0,0,0,3,0,0,0,0,0,0,0,0,0,0,0,0,0,0,0,0,0,0,0,0,11114,1168,905,62,2.5,0,0,0,16.5,15.1,61.2,1,15.2,66.44,985.98,16.35,1.37,284.39,285.77,0,1887,32,0.5,0.4,0,0,0,0,0,0
14.10.2025,10:58.0,24937,44479,35.9,19347,45973,29.6,0,1.023,1.01,1.011,1.008,1.031,1.009,1.009,1.014,1.043,1.036,1.036,1.036,1.033,1.251,3541.3,3691,3691,3691,3790.7,3691,3691,3691,3790.7,3192.2,3192.2,3192.2,3192.2,99.8,3291.9,3619.4,3735.7,3733.8,3739.6,3742.2,3742.8,3743.2,3743.5,3743.4,3736.9,3740.7,3740.6,3741.8,3743.8,3744.7,3744.3,3745.4,3128.2,3130.9,3133.7,3132.7,3673.4,100,99.9,99.9,99.9,100,100,100,100,100,100,99.9,99.9,99.9,100,100,100,100,100,99.9,100,100,100,100,100,101,104.4,104.3,104.4,104.4,104.4,104.4,104.4,104.4,104.4,104.4,104.4,104.4,104.4,104.5,104.4,104.5,87.6,87.6,87.6,87.6,101,35.5,37,37,37,38,37,37,37,38,32,32,32,32,33,85,86,84,90,87,88,89,81,89,81,82,81,80,15,14,16,10,13,12,11,19,11,19,18,19,20,90,90,Yes,No,No,Yes,No,Yes,Yes,No,Yes,No,No,No,No,No,No,No,No,No,No,No,No,No,No,No,No,No,No,No,No,No,No,No,No,No,No,No,No,No,No,Yes,No,No,90,90,45,0,0,0,0,0,0,0,1.25,77.712,107.055,95.057,10.089,0.878,150,175,88,0,0,99.7,99.6,99.5,99.7,99.8,99.8,99.8,99.8,99.8,99.6,99.7,99.7,99.7,99.8,99.8,99.8,99.8,99.4,99.5,99.6,99.6,0,0,0,0,0,0,0,0,0,0,0,0,0,0,0,0,0,0,0,0,0,0,0,0,0,0,0,0,0,0,0,0,0,0,0,2793.2,28,36,36,36,76,112,447,2,2,Yes,No,Yes,No,No,No,No,No,No,No,No,No,No,No,No,No,No,No,No,No,No,No,No,No,No,No,No,Yes,No,Yes,No,No,No,No,No,No,No,No,33,47,33,90,79,46,1.057,5.04,3.424,3.328,12.192,2.024,0.632,3.424,3.2,1.072,1.264,1.648,1.064,1,1,0.872,1.824,1804,2073,3497,45,45,41,1.095,62,39.8,1.26,1.26,1.8,1.815,1.11,5.04,1.25,No,No,No,39.5,1.26,1.26,1.8,1.815,1.11,5.04,1.75,No,No,No,51,51,61,100,100,No,No,14727,23929,35,35,No,No,1299,631,0.6,0,0.6,1.122,0.3,40658,65358,0,0,0,0,0,0,28,30,31,84,0.905,12.162,12.148,12.166,12.171,0,0,10.665,5.735,10.357,10.67,3.761,0.314,7.479,7.566,210,50.6,1185,31,1290,0,8,0,0,9.5,0,0.2,0,0,0,0,0,0,Yes,No,No,No,No,Yes,No,5.3,8.7,0,0,0,0,0,0,0,0,0,3,0,0,0,0,0,0,0,0,0,0,0,0,0,0,0,0,0,0,0,0,11114,1168,905,62,2.5,0,0,0,16.5,11.7,76.7,1,11.9,85.22,954.13,13.04,1.7,165.03,166.7,0,1887,32,0.2,0.3,0,0,0,0,0,0
14.10.2025,11:00.0,24938,44479,35.9,19350,45970,29.6,0,1.031,1.021,1.045,1.031,1.004,1.019,1.065,1.047,1.029,1.03,1.033,1.033,1.011,1.251,3591.2,3790.7,3790.7,3790.7,3691,3790.7,3890.5,3890.5,3790.7,3192.2,3192.2,3192.2,3092.4,99.8,3391.7,3607.2,3717.7,3724,3726.9,3728.6,3732,3729.4,3731.4,3731.9,3725,3729,3731.5,3730.4,3732.9,3732.9,3733.1,3733.4,3109.4,3120.4,3122.5,3122.1,3661.1,100,99.9,100,99.9,100,100,99.9,100,100,100,99.9,100,99.9,100,100,100,100,99.7,100,100,100,100,100,100,100.7,103.9,104,104,104,104.1,104,104.1,104.1,104.1,104.1,104.1,104,104.1,104.1,104.1,104.1,87,87.2,87.2,87.3,100.5,36,38,38,38,37,38,39,39,38,32,32,32,31,34,84,85,86,91,84,87,84,81,89,80,79,79,78,16,15,14,9,16,13,16,19,11,20,21,21,22,90,91,Yes,No,No,Yes,No,Yes,Yes,No,Yes,No,No,No,No,No,No,No,No,No,No,No,No,No,No,No,No,No,No,No,No,No,No,No,No,No,No,No,No,No,No,Yes,No,No,90,90,45,0,0,0,0,0,0,0,1.25,45.993,105.988,94.075,10.022,0.858,150,175,56,0,0,99.7,99.5,99.6,99.7,99.7,99.8,99.7,99.8,99.8,99.6,99.7,99.8,99.8,99.8,99.8,99.8,99.8,99.2,99.5,99.6,99.6,0,0,0,0,0,0,0,0,0,0.3,0,0,0,0,0,0,0,0,0,0,0,0,0,0,0,0,0,0,0,0,0,0,0,0,0,2793.2,28,36,36,36,76,112,447,2,2,Yes,No,Yes,No,No,No,No,No,No,No,No,No,No,No,No,No,No,No,No,No,No,No,No,No,No,No,No,Yes,No,Yes,No,No,No,No,No,No,No,No,33,47,33,89,79,45,1.057,5.08,3.424,3.328,12.192,2.024,0.632,3.424,3.2,1.072,1.264,1.664,1.064,1,1,0.872,1.824,1804,2070,3470,45,45,41,1.095,47,39.8,1.26,1.26,1.8,1.815,1.11,5.04,2,No,No,No,39.5,1.26,1.26,1.8,1.815,1.11,5.04,2.25,No,No,No,51,51,62,100,100,No,No,14727,23929,35,35,No,No,1299,631,0.5,0.2,0.7,0.648,0.807,40660,65360,0,0,0,0,0,0,28,30,31,84,0.905,12.16,12.145,12.164,12.17,0,0,10.916,5.725,10.324,10.631,3.748,0.312,7.485,7.573,210,50.6,1185,36.7,1290,0,23,0,0,9.5,0,0.2,0,0,0,0,0,0,Yes,No,No,No,No,Yes,No,5.3,8.2,0,0,0,0,0,0,0,0,0,3,0,0,0,0,0,0,0,0,0,0,0,0,0,0,0,0,0,0,0,0,11114,1168,905,61,2.5,0,0,0,16.5,9.9,125.9,1.2,10.1,100.8,819.54,7.94,1.38,180.33,181.76,0,1887,32,0.2,0.2,0,0,0,0,0,0
14.10.2025,11:02.0,24941,44475,35.9,19349,45971,29.6,0,1.033,1.039,1.028,1.038,1.034,1.021,1.044,1.044,1.013,1.034,1.034,1.034,1.034,1.251,3549.7,3790.7,3790.7,3790.7,3790.7,3790.7,3790.7,3790.7,3691,3092.4,3092.4,3092.4,3092.4,99.8,3391.7,3609.3,3724.4,3726.3,3730.3,3730.6,3732.8,3732.2,3733.2,3732.1,3727,3731.6,3733.5,3734.2,3734.2,3733.9,3734.2,3734.1,3115.2,3121.2,3122.8,3121.4,3663.4,100,99.9,100,100,99.9,100,99.9,99.9,99.9,100,100,99.9,100,100,100,100,100,100,100,100,100,100,100,100,100.7,104.1,104.1,104.1,104.1,104.1,104.1,104.1,104.1,104.1,104.1,104.1,104.1,104.1,104.1,104.1,104.1,87.3,87.3,87.3,87.3,100.9,35.6,38,38,38,38,38,38,38,37,31,31,31,31,34,82,85,83,90,87,89,82,80,87,76,76,76,76,18,15,17,10,13,11,18,20,13,24,24,24,24,90,90,Yes,No,No,Yes,No,Yes,No,No,Yes,No,No,No,No,No,No,No,No,No,No,No,No,No,No,No,No,No,No,No,No,No,No,No,No,No,No,No,No,No,No,Yes,No,No,90,90,45,0,0,0,0,0,0,0,1.25,104.673,105.679,93.731,10.059,0.859,150,175,112,0,0,99.7,99.6,99.6,99.7,99.7,99.8,99.8,99.8,99.7,99.6,99.7,99.8,99.8,99.8,99.8,99.8,99.8,99.3,99.5,99.6,99.5,0,0,0,0,0,0,0,0,0,0,0,0,0,0,0,0,0,0,0,0,0,0,0,0,0,0,0,0,0,0,0,0,0,0,0,2793.2,28,36,36,36,76,112,447,2,2,Yes,No,Yes,No,No,No,No,No,No,No,No,No,No,No,No,No,No,No,No,No,No,No,No,No,No,No,No,Yes,No,Yes,No,No,No,No,No,No,No,No,33,47,33,90,78,46,1.03,5.04,3.424,3.328,12.192,2.024,0.632,3.424,3.2,1.072,1.264,1.648,1.064,1,1,0.864,1.824,1802,2057,3409,44,45,41,1.06,55,39.8,1.26,1.26,1.8,1.815,1.11,5.04,3.25,No,No,No,39.5,1.26,1.26,1.8,1.815,1.11,5.04,2.375,No,No,No,51,51,61,100,100,No,No,14727,23929,35,35,No,No,1299,631,1,0.2,1.1,1.063,0.943,40662,65362,0,0,0,0,0,0,28,30,30.9,84,0.905,12.163,12.15,12.167,12.172,0,0,10.627,5.763,10.458,10.756,3.786,0.303,7.479,7.562,210,50.6,1185,32.8,1290,0,1,0,0,9.5,0,0.2,0,0,0,0,0,0,Yes,No,No,No,No,Yes,No,5.4,7.8,0,0,0,0,0,0,0,0,0,3,0,0,0,0,0,0,0,0,0,0,0,0,0,0,0,0,0,0,0,0,11114,1168,905,60,2.5,0,0,0,16.5,8.1,60.6,1,8.3,122.93,987.92,16.49,1.46,332.04,333.43,0,1887,32,0.5,0.1,0,0,0,0,0,0
14.10.2025,11:04.0,24933,44483,35.9,19342,45978,29.6,0,1.036,1.013,1.014,1.047,1.07,1.043,1.036,1.013,1.055,1.036,1.036,1.036,1.036,1.251,3582.9,3691,3691,3790.7,3890.5,3790.7,3790.7,3691,3890.5,3192.2,3192.2,3192.2,3192.2,99.8,3291.9,3601.9,3718,3718.8,3723.6,3723.7,3724.6,3725.2,3724.9,3725.6,3718.2,3723,3724.2,3724.7,3725.3,3725.3,3727.9,3729.1,3109.6,3114.3,3116.2,3115.2,3655.9,100,100,100,100,99.9,99.9,100,99.9,100,100,100,99.9,99.9,100,100,100,100,100,100,100,100,100,100,100,100.5,103.9,103.9,103.9,103.9,103.9,103.9,103.9,103.9,103.9,103.9,103.9,103.9,103.9,103.9,103.9,104,87.1,87.1,87.1,87.1,100.5,35.9,37,37,38,39,38,38,37,39,32,32,32,32,33,84,84,83,88,84,87,88,81,89,80,80,80,80,16,16,17,12,16,13,12,19,11,20,20,20,20,90,89,Yes,No,No,Yes,No,Yes,Yes,No,Yes,No,No,No,No,No,No,No,No,No,No,No,No,No,No,No,No,No,No,No,No,No,No,No,No,No,No,No,No,No,No,Yes,No,No,90,90,45,0,0,0,0,0,0,0,1.25,90.4,105.532,93.584,10.057,0.864,150,175,96,0,0,99.7,99.6,99.6,99.7,99.7,99.8,99.8,99.8,99.8,99.6,99.7,99.7,99.7,99.8,99.8,99.8,99.8,99.4,99.5,99.6,99.6,0,0,0,0,0,0,0,0,0,0,0,0,0,0,0,0,0,0,0,0,0,0,0,0,0,0,0,0,0,0,0,0,0,0,0,2793.2,28,36,36,36,76,112,447,2,2,Yes,No,Yes,No,No,No,No,No,No,No,No,No,No,No,No,No,No,No,No,No,No,No,No,No,No,No,No,Yes,No,Yes,No,No,No,No,No,Yes,No,No,33,47,33,89,78,45,1.083,5.04,3.424,3.328,12.192,2.024,0.632,3.424,3.2,1.072,1.264,1.664,1.064,1,1,0.864,1.824,1804,2048,3435,45,45,41,1.095,60,40,1.26,1.26,1.8,1.815,1.11,5.04,1.5,No,No,No,39.5,1.26,1.26,1.8,1.815,1.11,5.04,1.25,No,No,No,51,51,61,100,100,No,No,14727,23929,35,35,No,No,1299,631,0.5,0.8,1.3,0.508,3.114,40663,65368,0,0,0,0,0,0,28,30,31,84,0.905,12.164,12.152,12.168,12.172,0,0,11.011,5.852,10.871,11.024,3.773,0.152,7.581,7.56,210,50.6,1185,38,1290,0,1,0,0,9.5,0.1,0.3,0,0,0,0,0,0,Yes,No,No,No,No,Yes,No,5.5,8.2,0,0,0,0,0,0,0,0,0,3,0,0,0,0,0,0,0,0,0,0,0,0,0,0,0,0,0,0,0,0,11114,1168,905,59,2.5,0,0,0,16.5,7.4,83.4,1.5,7.5,134.68,655.17,12,1.47,198.56,200.01,0,1887,32,0.2,0.1,0,0,0,0,0,0
14.10.2025,11:06.0,24939,44478,35.9,19347,45973,29.6,0,1.028,1.073,1.069,1.041,1.024,1.029,1.029,1.032,1.001,0.996,0.997,0.997,1.047,1.251,3574.6,3890.5,3890.5,3790.7,3790.7,3790.7,3790.7,3790.7,3691,3092.4,3092.4,3092.4,3192.2,99.8,3491.5,3612.1,3728.4,3730,3734.2,3735,3736.7,3736,3737.1,3736.5,3729.7,3735.2,3735.9,3735.8,3736.9,3738,3735.7,3735.4,3117.2,3121.7,3123.3,3123,3666.4,100,100,100,100,100,100,100,100,100,100,100,100,100,100,100,100,100,100,100,100,100,100,100,100,100.8,104.2,104.2,104.2,104.2,104.2,104.2,104.2,104.2,104.2,104.2,104.2,104.2,104.2,104.2,104.2,104.2,87.3,87.3,87.3,87.3,100.8,35.8,39,39,38,38,38,38,38,37,31,31,31,32,35,84,85,86,90,88,87,88,81,87,79,78,78,77,16,15,14,10,12,13,12,19,13,21,22,22,23,87,90,Yes,No,No,Yes,No,Yes,Yes,No,Yes,No,No,No,No,No,No,No,No,No,No,No,No,No,No,No,No,No,No,No,No,No,No,No,No,No,No,No,No,No,No,Yes,No,No,90,90,45,0,0,0,0,0,0,0,1.25,71.368,106.094,94.108,10.072,0.88,150,175,56,0,0,99.7,99.6,99.7,99.8,99.8,99.8,99.8,99.8,99.8,99.6,99.7,99.8,99.8,99.8,99.8,99.8,99.8,99.4,99.6,99.6,99.6,0,0,0,0,0,0,0,0,0,0,0,0,0,0,0,0,0,0,0,0,0,0,0,0,0,0,0,0,0,0,0,0,0,0,0,2793.2,28,36,36,36,76,112,447,2,2,Yes,No,Yes,No,No,No,No,No,No,No,No,No,No,No,No,No,No,No,No,No,No,No,No,No,No,No,No,Yes,No,Yes,No,No,No,No,No,No,No,No,33,47,33,89,79,44,1.048,5.08,3.424,3.328,12.192,2.024,0.632,3.424,3.2,1.072,1.264,1.664,1.064,1,1,0.864,1.824,1807,2064,3426,45,45,41,1.09,57,40,1.26,1.26,1.8,1.8,1.11,5.04,2,No,No,No,39.5,1.26,1.26,1.8,1.815,1.11,5.04,2.25,No,No,No,51,51,60,100,100,No,No,14727,23929,35,35,No,No,1299,631,0.3,0,0.3,0.667,0.321,40664,65368,0,0,0,0,0,0,28,30,31,84,0.905,12.164,12.152,12.168,12.173,0,0,10.742,5.74,10.463,10.684,3.701,0.221,7.56,7.552,210,50.6,1185,31.9,1290,2,2,0,1,9.5,0.1,0.3,0,0,0,0,0,0,Yes,No,No,No,No,Yes,No,5.3,7.5,0,0,0,0,0,0,0,0,0,3,0,0,0,0,0,0,0,0,0,0,0,0,0,0,0,0,0,0,0,0,11114,1168,905,62,2.5,0,0,0,16.5,6.5,59.1,1,6.6,153.56,988.13,16.93,1.4,331.78,333.22,0,1887,32,0.4,0.2,0,0,0,0,0,0
14.10.2025,11:08.0,24937,44479,35.9,19347,45974,29.6,0,1.033,1.05,1.022,1.037,1.08,1.062,1.021,0.998,1.042,1.032,1.028,1.009,1.009,1.251,3591.2,3890.5,3691,3790.7,3890.5,3890.5,3790.7,3691,3890.5,3192.2,3192.2,3092.4,3092.4,99.8,3491.5,3613.7,3728.9,3730.6,3736,3736.2,3736.9,3736.6,3737.4,3737.4,3730.5,3734.2,3736.8,3736.9,3738.4,3737.8,3738.4,3740.1,3121.8,3124.7,3127.4,3127.2,3667.8,100,100,100,100,100,100,100,100,100,100,100,100,100,100,100,100,100,100,100,100,100,100,100,100,100.9,104.2,104.2,104.2,104.2,104.2,104.2,104.2,104.2,104.2,104.2,104.2,104.2,104.3,104.3,104.3,104.3,87.4,87.4,87.4,87.4,100.9,36,39,37,38,39,39,38,37,39,32,32,31,31,35,84,88,83,88,88,91,89,81,89,79,79,79,79,16,12,17,12,12,9,11,19,11,21,21,21,21,91,91,Yes,No,No,Yes,No,Yes,Yes,No,Yes,No,No,No,No,No,No,No,No,No,No,No,No,No,No,No,No,No,No,No,No,No,No,No,No,No,No,No,No,No,No,Yes,No,No,90,90,45,0,0,0,0,0,0,0,1.25,96.744,107.026,95.082,10.054,0.863,150,175,104,0,0,99.7,99.6,99.6,99.8,99.8,99.8,99.8,99.8,99.8,99.6,99.7,99.8,99.8,99.8,99.8,99.8,99.8,99.4,99.5,99.6,99.6,0,0,0,0,0,0,0,0,0,0,0,0,0,0,0,0,0,0,0,0,0,0,0,0,0,0,0,0,0,0,0,0,0,0,0,2793.2,28,36,36,36,76,112,447,2,2,Yes,No,Yes,No,No,No,No,No,No,No,No,No,No,No,No,No,No,No,No,No,No,No,No,No,No,No,No,Yes,No,Yes,No,No,No,No,No,No,No,No,33,47,33,89,79,45,1.039,5.04,3.424,3.328,12.192,2.024,0.632,3.424,3.2,1.072,1.264,1.648,1.064,1,1,0.864,1.824,1804,2048,3461,46,45,41,1.09,59,40,1.26,1.26,1.8,1.815,1.2,5.04,1.5,No,No,No,39.5,1.26,1.26,1.8,1.815,1.11,5.04,1.375,No,No,No,51,51,60,100,100,No,No,14727,23929,35,35,No,No,1299,631,0.4,0.2,0.6,0.412,0.747,40665,65370,0,0,0,0,0,0,28,28,31,84,0.905,12.163,12.151,12.167,12.171,0,0,10.97,5.665,10.167,10.439,3.664,0.272,7.54,7.573,210,50.6,1185,39.2,1290,1,9,0,0,9.5,0.1,0.3,0,0,0,0,0,0,Yes,No,No,No,No,Yes,No,5.2,8.1,0,0,0,0,0,0,0,0,0,3,0,0,0,0,0,0,0,0,0,0,0,0,0,0,0,0,0,0,0,0,11114,1168,905,62,2.5,0,0,0,16.5,7.1,62.9,1.2,7.2,141.33,828.21,15.91,1.35,112.48,113.85,0,1887,32,0.4,0.2,0,0,0,0,0,0
14.10.2025,11:10.0,24935,44481,35.9,19341,45979,29.6,0,1.035,1.024,1.012,1.018,1.073,1.055,1.059,1.033,1.045,1.045,1.029,1.011,1.011,1.251,3574.6,3691,3691,3691,3890.5,3890.5,3890.5,3790.7,3790.7,3192.2,3192.2,3092.4,3092.4,99.8,3291.9,3611.8,3730.2,3727.2,3733.9,3735.6,3734.9,3733.3,3733.6,3734.9,3727.9,3729.7,3734.5,3733.1,3736.9,3737.5,3738.6,3738.7,3120.4,3122.9,3126.6,3126,3665.8,100,100,99.9,99.9,100,99.9,99.9,99.9,100,100,99.9,100,99.9,100,100,100,100,100,100,100,100,100,100,100,100.8,104.2,104.1,104.2,104.2,104.2,104.2,104.2,104.2,104.2,104.1,104.2,104.2,104.2,104.2,104.3,104.3,87.4,87.4,87.4,87.4,100.8,35.8,37,37,37,39,39,39,38,38,32,32,31,31,33,84,86,84,86,85,86,89,81,89,81,79,81,81,16,14,16,14,15,14,11,19,11,19,21,19,19,90,89,Yes,No,No,Yes,No,Yes,Yes,No,Yes,No,No,No,No,No,No,No,No,No,No,No,No,No,No,No,No,No,No,No,No,No,No,No,No,No,No,No,No,No,No,Yes,No,No,91,91,45,0,0,0,0,0,0,0,1.25,95.158,106.665,94.777,10.01,0.848,150,175,104,0,0,99.7,99.6,99.5,99.7,99.8,99.8,99.7,99.7,99.8,99.6,99.6,99.7,99.7,99.8,99.8,99.8,99.8,99.4,99.5,99.6,99.6,0,0,0,0,0,0,0,0,0,0,0,0,0,0,0,0,0,0,0,0,0,0,0,0,0,0,0,0,0,0,0,0,0,0,0,2793.2,28,36,36,36,76,112,447,2,2,Yes,No,Yes,No,No,No,No,No,No,No,No,No,No,No,No,No,No,No,No,No,No,No,No,No,No,No,No,Yes,No,Yes,No,No,No,No,No,No,No,No,33,47,33,90,79,46,1.048,5.04,3.424,3.328,12.192,2.024,0.632,3.424,3.2,1.072,1.264,1.664,1.064,1,1,0.864,1.824,1800,2076,3358,46,45,41,1.045,54,40,1.26,1.26,1.8,1.815,1.11,5.04,1.375,No,No,No,39.5,1.26,1.26,1.8,1.815,1.11,5.04,2,No,No,No,51,51,60,100,100,No,No,14727,23929,35,35,No,No,1299,631,0.2,0,0.2,0.455,0.296,40665,65370,0,0,0,0,0,0,28,30,31,84,0.905,12.158,12.144,12.162,12.169,0,0,10.592,5.615,10.087,10.326,3.59,0.239,7.497,7.565,210,50.6,1185,33.3,1290,0,1,0,0,9.5,0,0.2,0,0,0,0,0,0,Yes,No,No,No,No,Yes,No,5.2,8.1,0,0,0,0,0,0,0,0,0,3,0,0,0,0,0,0,0,0,0,0,0,0,0,0,0,0,0,0,0,0,11114,1168,905,62,2.5,0,0,0,16.5,6.9,62.6,1,6.9,145.76,965.37,15.97,1.57,159.69,161.24,0,1887,32,0.5,0.3,0,0,0,0,0,0
14.10.2025,11:12.0,24934,44482,35.9,19342,45978,29.6,0,1.033,1.041,1.011,1.034,1.012,1.042,1.052,1.036,1.047,1.03,1.029,1.029,1.028,1.251,3574.6,3790.7,3691,3790.7,3691,3790.7,3790.7,3790.7,3790.7,3192.2,3192.2,3192.2,3192.2,99.8,3391.7,3621.2,3736.5,3739.5,3744.1,3745.6,3747,3742.6,3742.7,3746.1,3737.9,3742.1,3744.5,3743.5,3745.8,3746.1,3746.7,3747.4,3128.2,3131.8,3132,3133.6,3675.5,100,99.9,99.9,100,100,100,99.9,99.9,100,100,100,100,99.9,100,100,100,100,100,100,99.9,100,100,100,100,101.1,104.4,104.4,104.5,104.5,104.5,104.4,104.4,104.5,104.4,104.4,104.5,104.4,104.5,104.5,104.5,104.5,87.6,87.6,87.5,87.6,101.1,35.8,38,37,38,37,38,38,38,38,32,32,32,32,34,84,86,84,90,87,86,88,82,87,80,79,79,79,16,14,16,10,13,14,12,18,13,20,21,21,21,90,90,Yes,No,No,Yes,No,Yes,Yes,No,Yes,No,No,No,No,No,No,No,No,No,No,No,No,No,No,No,No,No,No,No,No,No,No,No,No,No,No,No,No,No,No,Yes,No,No,91,91,45,0,0,0,0,0,0,0,1.25,71.368,106.911,95.142,9.921,0.816,150,175,80,0,0,99.7,99.5,99.6,99.7,99.8,99.8,99.7,99.7,99.8,99.6,99.7,99.8,99.8,99.8,99.8,99.8,99.8,99.4,99.6,99.6,99.6,0,0,0,0,0,0,0,0,0,0,0,0.1,0,0,0,0,0,0,0,0,0,0,0,0,0,0,0,0,0,0,0,0,0,0,0,2793.2,28,36,36,36,76,112,447,2,2,Yes,No,Yes,No,No,No,No,No,No,No,No,No,No,No,No,No,No,No,No,No,No,No,No,No,No,No,No,Yes,No,Yes,No,No,No,No,No,No,No,No,33,47,33,90,79,46,1.048,5.04,3.424,3.328,12.192,2.024,0.632,3.424,3.2,1.072,1.264,1.648,1.064,1,1,0.864,1.824,1807,2070,3435,45,45,41,1.065,45,40,1.26,1.26,1.8,1.815,1.11,5.04,2,No,No,No,39.5,1.26,1.26,1.8,1.815,1.11,5.04,2.125,No,No,No,51,51,59,100,100,No,No,14727,23929,35,35,No,No,1299,631,0.1,0.2,0.3,0.346,0.999,40666,65372,0,0,0,0,0,0,28,30,30.9,84,0.905,12.163,12.152,12.166,12.172,0,0,10.578,5.623,10.172,10.365,3.578,0.196,7.482,7.564,210,50.6,1185,30.8,1290,0,1,0,0,9.5,0.1,0.3,0,0,0,0,0,0,Yes,No,No,No,No,Yes,No,5.4,7.8,0,0,0,0,0,0,0,0,0,3,0,0,0,0,0,0,0,0,0,0,0,0,0,0,0,0,0,0,0,0,11114,1168,905,62,2.5,0,0,0,16.5,6.2,60.3,1,6.3,161.51,970.81,16.58,1.54,286.54,288.03,0,1887,32,2.2,0.1,0,0,0,0,0,0
14.10.2025,11:14.0,24929,44487,35.9,19338,45982,29.6,0,1.019,0.998,1.011,1.02,1.025,1.024,0.998,1.023,1.045,1.045,1.013,1.014,1.01,1.251,3541.3,3691,3691,3790.7,3790.7,3790.7,3691,3790.7,3790.7,3192.2,3092.4,3092.4,3092.4,99.8,3291.9,3602.8,3719,3718.3,3722.9,3725.4,3726,3725.1,3725.8,3725.6,3718.1,3722,3724.9,3723.8,3726.1,3726.7,3727.8,3727.2,3114.1,3117.9,3119.7,3119.3,3656.5,100,100,100,100,100,100,100,100,100,100,100,100,100,100,100,100,100,100,100,100,100,100,100,100,100.6,103.9,103.9,103.9,103.9,103.9,103.9,103.9,103.9,103.9,103.9,103.9,103.9,103.9,103.9,104,104,87.2,87.2,87.2,87.2,100.6,35.5,37,37,38,38,38,37,38,38,32,31,31,31,33,84,85,86,91,87,88,87,81,86,78,78,78,79,16,15,14,9,13,12,13,19,14,22,22,22,21,91,91,Yes,No,No,Yes,No,No,Yes,No,Yes,No,No,No,No,No,No,No,No,No,No,No,No,No,No,No,No,No,No,No,No,No,No,No,No,No,No,No,No,No,No,Yes,No,No,90,90,46,0,0,0,0,0,0,0,1.25,93.572,106.301,94.427,10.006,0.841,150,175,96,0,0,99.7,99.6,99.6,99.7,99.8,99.8,99.8,99.8,99.8,99.6,99.7,99.8,99.7,99.8,99.8,99.8,99.8,99.4,99.6,99.6,99.6,0,0,0,0,0,0,0,0,0,0,0,0,0,0,0,0,0,0,0,0,0,0,0,0,0,0,0,0,0,0,0,0,0,0,0,2793.2,28,36,36,36,76,112,447,2,2,Yes,No,Yes,No,No,No,No,No,No,No,No,No,No,No,No,No,No,No,No,No,No,No,No,No,No,No,No,Yes,No,Yes,No,No,No,No,No,No,No,No,33,47,33,89,79,46,1.057,5.04,3.424,3.328,12.192,2.024,0.632,3.424,3.2,1.072,1.264,1.664,1.064,1,1,0.864,1.824,1802,2048,3470,45,45,41,1.095,63,40,1.26,1.26,1.8,1.815,1.11,5.04,2.25,No,No,No,39.8,1.26,1.26,1.8,1.815,1.11,5.04,2,No,No,No,51,51,60,100,100,No,No,14727,23929,35,35,No,No,1299,631,0.3,0.1,0.4,0.679,0.791,40667,65374,0,0,0,0,0,0,28,30,31,84,0.905,12.162,12.149,12.165,12.171,0,0,10.582,5.722,10.282,10.62,3.761,0.341,7.485,7.567,210,50.6,1185,31.7,1290,0,1,0,0,9.5,0,0.2,0,0,0,0,0,0,Yes,No,No,No,No,Yes,No,5.4,7.8,0,0,0,0,0,0,0,0,0,3,0,0,0,0,0,0,0,0,0,0,0,0,0,0,0,0,0,0,0,0,11114,1168,905,62,2.5,0,0,0,16.5,5.5,59.5,1,5.6,180.85,1003.72,16.81,1.4,398.65,400.1,0,1887,32,1.6,0.3,0,0,0,0,0,0
14.10.2025,11:16.0,24928,44488,35.9,19341,45979,29.6,0,1.043,1.014,1.042,1.055,1.047,1.067,1.078,1.033,1.028,1.038,1.037,1.037,1.037,1.251,3599.5,3691,3790.7,3790.7,3790.7,3890.5,3890.5,3790.7,3790.7,3192.2,3192.2,3192.2,3192.2,99.8,3291.9,3621,3736.9,3738.2,3743.1,3742.4,3743.7,3744.8,3743.1,3745.5,3737.7,3743.3,3743.3,3745.3,3746.9,3748.1,3747.4,3747.4,3127.2,3130.6,3133,3132.4,3675.3,100,100,99.9,100,99.9,99.9,100,99.9,100,100,100,100,100,100,100,100,100,100,100,100,100,100,100,100,101.1,104.4,104.4,104.4,104.4,104.4,104.4,104.4,104.4,104.4,104.4,104.4,104.4,104.5,104.5,104.5,104.5,87.5,87.5,87.5,87.5,101.1,36.1,37,38,38,38,39,39,38,38,32,32,32,32,33,83,84,83,88,85,84,85,81,89,79,79,79,79,17,16,17,12,15,16,15,19,11,21,21,21,21,88,89,Yes,No,No,Yes,No,Yes,Yes,No,Yes,No,No,No,No,No,No,No,No,No,No,No,No,No,No,No,No,No,No,No,No,No,No,No,No,No,No,No,No,No,No,Yes,No,No,88,88,46,0,0,0,0,0,0,0,1.25,96.744,106.881,94.995,10.005,0.852,150,175,104,0,0,99.7,99.6,99.6,99.8,99.7,99.8,99.8,99.7,99.8,99.6,99.7,99.8,99.8,99.8,99.8,99.8,99.8,99.4,99.5,99.6,99.6,0,0,0,0,0,0,0,0,0,0,0,0,0,0,0,0,0,0,0,0,0,0,0,0,0,0,0,0,0,0,0,0,0,0,0,2793.2,28,36,36,36,76,112,447,2,2,Yes,No,Yes,No,No,No,No,No,No,No,No,No,No,No,No,No,No,No,No,No,No,No,No,No,No,No,No,Yes,No,Yes,No,No,No,No,No,No,No,No,33,47,33,89,78,46,1.066,5.04,3.424,3.328,12.192,2.024,0.632,3.424,3.2,1.072,1.264,1.664,1.064,1,1,0.864,1.824,1800,2064,3452,44,46,41,1.06,60,40,1.26,1.26,1.8,1.815,1.11,5.04,1,No,No,No,39.8,1.26,1.26,1.8,1.815,1.11,5.04,1.625,No,No,No,51,51,59,100,100,No,No,14727,23929,35,35,No,No,1299,631,0.1,0,0.1,0.197,0.334,40668,65374,0,0,0,0,0,0,28,30,31.1,84,0.905,12.162,12.151,12.165,12.171,0,0,10.511,5.599,10.165,10.304,3.517,0.139,7.499,7.571,210,50.6,1185,33.6,1290,0,1,0,0,9.5,0,0.2,0,0,0,0,0,0,Yes,No,No,No,No,Yes,No,5.2,8.1,0,0,0,0,0,0,0,0,0,3,0,0,0,0,0,0,0,0,0,0,0,0,0,0,0,0,0,0,0,0,11114,1168,905,62,2.5,0,0,0,16.5,5.2,209.2,1,5.3,192.14,985.45,4.78,1.55,284.03,285.61,0,1887,32,0.8,0.2,0,0,0,0,0,0
14.10.2025,11:18.0,24935,44481,35.9,19347,45973,29.6,0,1.029,1.056,1.027,1.039,1.01,1.011,1.026,1.013,1.011,1.031,1.043,1.043,1.043,1.251,3549.7,3890.5,3790.7,3790.7,3691,3691,3691,3691,3691,3092.4,3192.2,3192.2,3192.2,99.8,3491.5,3625.4,3740.3,3742.7,3749.6,3751,3751.7,3752.9,3748.7,3753.8,3742.6,3748.5,3746.4,3745,3752.1,3753,3749.1,3752.7,3128.7,3131.8,3132.3,3135.2,3680,100,100,99.9,99.9,99.9,99.9,99.9,99.9,99.9,100,100,99.9,99.9,99.9,100,100,100,100,100,100,100,100,100,100,101.3,104.7,104.7,104.7,104.7,104.7,104.7,104.7,104.7,104.7,104.7,104.7,104.7,104.7,104.7,104.8,104.8,87.7,87.7,87.7,87.7,101.3,35.6,39,38,38,37,37,37,37,37,31,32,32,32,35,83,86,83,90,87,87,87,81,87,77,76,76,76,17,14,17,10,13,13,13,19,13,23,24,24,24,91,90,Yes,Yes,No,Yes,Yes,Yes,Yes,No,Yes,No,No,No,No,No,No,No,No,No,No,No,No,No,No,No,No,No,No,No,No,No,No,No,No,No,No,No,No,No,No,Yes,No,No,91,91,46,0,0,0,0,0,0,0,1.25,87.228,106.222,94.385,9.968,0.835,150,175,96,0,0,99.6,99.4,99.5,99.6,99.7,99.7,99.7,99.6,99.7,99.5,99.6,99.6,99.6,99.8,99.8,99.7,99.8,99.3,99.4,99.4,99.5,0,0,0,0,0,0,0,0,0,0,0,0,0,0,0,0,0,0,0,0,0,0,0,0,0,0,0,0,0,0,0,0,0,0,0,2793.2,28,36,36,36,76,112,447,2,2,Yes,No,Yes,No,No,No,No,No,No,No,No,No,No,No,No,No,No,No,No,No,No,No,No,No,No,No,No,Yes,No,Yes,No,No,No,No,No,Yes,No,No,33,47,33,89,79,44,1.048,5.04,3.424,3.328,12.192,2.024,0.632,3.424,3.2,1.072,1.264,1.664,1.064,1,1,0.864,1.824,1802,2057,3497,45,46,41,1.06,56,40,1.26,1.26,1.8,1.815,1.11,5.04,3.25,No,No,No,39.8,1.26,1.26,1.8,1.815,1.11,5.04,1.5,No,No,No,51,51,59,100,100,No,No,14727,23929,35,35,No,No,1299,631,0.4,0.2,0.6,0.747,0.647,40669,65376,0,0,0,0,0,0,28,30,31,84,0.905,12.163,12.152,12.166,12.171,0,0,10.729,5.891,10.395,10.633,3.7,0.238,8.694,7.573,210,50.6,1185,34.4,1290,0,2,0,0,9.5,0.1,0.3,0,0,0,0,0,0,Yes,No,No,No,No,Yes,No,5.3,8.5,0,0,0,0,0,0,0,0,0,3,0,0,0,0,0,0,0,0,0,0,0,0,0,0,0,0,0,0,0,0,11114,1168,905,62,2.5,0,0,0,16.5,5,63.3,1.2,5.1,199.22,862.06,15.79,1.78,250.23,252.01,0,1887,32,0.5,0.2,0,0,0,0,0,0
14.10.2025,11:20.0,24933,44483,35.9,19342,45978,29.6,0,1.012,1.008,1.018,0.994,1.016,1.008,1.012,1.007,1.006,1.017,1.017,1.017,1.017,1.251,3533,3691,3790.7,3691,3691,3691,3691,3691,3691,3192.2,3192.2,3192.2,3192.2,99.8,3291.9,3610,3726.8,3728.1,3731.4,3732.9,3732.3,3732.7,3731.4,3732.3,3727.2,3731.9,3732.8,3732.2,3732.7,3733.8,3734.6,3735.3,3118.4,3122.8,3125.4,3124.4,3663.9,100,100,100,100,100,99.9,100,100,100,100,100,100,99.9,100,100,100,100,100,100,100,100,100,100,100,100.8,104.1,104.1,104.1,104.1,104.1,104.1,104.1,104.1,104.2,104.2,104.1,104.1,104.1,104.1,104.2,104.2,87.4,87.3,87.3,87.4,100.8,35.4,37,38,37,37,37,37,37,37,32,32,32,32,33,84,85,84,90,85,88,87,81,87,81,81,81,81,16,15,16,10,15,12,13,19,13,19,19,19,19,91,90,Yes,No,No,Yes,No,Yes,Yes,No,Yes,No,No,No,No,No,No,No,No,No,No,No,No,No,No,No,No,No,No,No,No,No,No,No,No,No,No,No,No,No,No,Yes,No,No,90,90,46,0,0,0,0,0,0,0,1.25,91.986,106.154,94.435,9.879,0.814,150,175,96,0,0,99.7,99.6,99.7,99.7,99.8,99.8,99.8,99.8,99.8,99.6,99.8,99.8,99.8,99.8,99.8,99.8,99.8,99.4,99.5,99.6,99.6,0,0,0,0,0,0,0,0,0,0,0,0,0,0,0,0,0,0,0,0,0,0,0,0,0,0,0,0,0,0,0,0,0,0,0,2793.2,28,36,36,36,76,112,447,2,2,Yes,No,Yes,No,No,No,No,No,No,No,No,No,No,No,No,No,No,No,No,No,No,No,No,No,No,No,No,Yes,No,Yes,No,No,No,No,No,No,No,No,33,47,33,90,79,45,1.03,5.08,3.424,3.328,12.192,2.024,0.632,3.424,3.2,1.072,1.264,1.664,1.064,1,1,0.864,1.824,1804,2070,3417,45,46,42,1.075,57,40.2,1.26,1.26,1.8,1.815,1.2,5.04,1.375,No,No,No,39.8,1.26,1.26,1.8,1.815,1.11,5.04,1.125,No,No,No,51,51,59,100,100,No,No,14727,23929,35,35,No,No,1299,631,0.1,0.2,0.3,0.206,0.537,40670,65377,0,0,0,0,0,0,28,30,31,84,0.905,12.162,12.151,12.165,12.171,0,0,10.698,5.68,10.419,10.547,3.603,0.135,7.478,7.581,210,50.6,1185,30.6,1290,0,11,0,0,9.5,0,0.2,0,0,0,0,0,0,Yes,No,No,No,No,Yes,No,5.3,8.5,0,0,0,0,0,0,0,0,0,3,0,0,0,0,0,0,0,0,0,0,0,0,0,0,0,0,0,0,0,0,11114,1168,905,62,2.5,0,0,0,16.5,4.6,60.9,1,4.7,215.3,1002.98,16.43,1.5,395.49,396.93,0,1887,32,0.9,0.1,0,0,0,0,0,0
14.10.2025,11:22.0,24931,44485,35.9,19350,45970,29.6,0,1.044,1.011,1.011,1.028,1.042,1.015,1.013,1.023,1.032,1.091,1.091,1.091,1.08,1.251,3558,3691,3691,3790.7,3790.7,3691,3691,3790.7,3790.7,3192.2,3192.2,3192.2,3192.2,99.8,3291.9,3622.1,3739.6,3740.5,3741.4,3745.7,3748.3,3740.1,3746,3747.5,3741,3742.7,3747,3742.7,3749,3746.7,3751,3750.8,3127.7,3130.8,3130.1,3133.9,3676.6,99.9,99.9,99.9,99.8,99.9,100,99.7,99.9,99.9,100,99.9,100,99.8,100,99.9,100,100,99.9,99.9,99.8,99.9,100,99.9,100,101.1,104.5,104.5,104.4,104.5,104.5,104.3,104.5,104.5,104.5,104.4,104.5,104.4,104.5,104.5,104.6,104.6,87.6,87.5,87.5,87.6,101.1,35.7,37,37,38,38,37,37,38,38,32,32,32,32,33,84,85,84,91,87,87,88,81,89,78,78,78,78,16,15,16,9,13,13,12,19,11,22,22,22,22,90,91,Yes,No,No,Yes,No,Yes,Yes,No,Yes,No,No,No,No,No,No,No,No,No,No,No,No,No,No,No,No,No,No,No,No,No,No,No,No,No,No,No,No,No,No,Yes,No,No,91,91,46,0,0,0,0,0,0,0,1.25,96.744,107.223,95.294,10.034,0.862,150,175,104,0,0,99.6,99.6,99.6,99.6,99.7,99.8,99.6,99.7,99.7,99.6,99.7,99.8,99.6,99.8,99.7,99.8,99.8,99.4,99.5,99.4,99.6,0,0,0,0,0,0,0,0,0,0.1,0.1,0.2,0,0,0,0,0,0,0,0,0,0,0,0,0,0,0,0,0,0,0,0,0,0,0,2793.2,28,36,36,36,76,112,447,2,2,Yes,No,Yes,No,No,No,No,No,No,No,No,No,No,No,No,No,No,No,No,No,No,No,No,No,No,No,No,Yes,No,Yes,No,No,No,No,No,Yes,No,No,33,47,33,90,78,45,1.039,5.04,3.424,3.328,12.192,2.024,0.632,3.424,3.2,1.072,1.264,1.648,1.064,1,1,0.864,1.824,1802,2061,3417,45,46,41,1.09,60,40.2,1.26,1.26,1.8,1.815,1.11,5.04,1.75,No,No,No,39.8,1.26,1.26,1.8,1.815,1.11,4.97,3.875,No,No,No,51,51,59,100,100,No,No,14727,23929,35,35,No,No,1299,631,4.4,0.1,4.4,9.509,0.527,40688,65378,0,0,0,0,0,0,28,30,31,84,0.905,12.162,12.151,12.165,12.17,0,0,10.571,5.704,10.446,10.62,3.651,0.176,7.475,7.559,210,50.6,1185,33.4,1290,0,8,0,0,9.5,0.1,0.3,0,0,0,0,0,0,Yes,No,No,No,No,Yes,No,5.3,8.4,0,0,0,0,0,0,0,0,0,3,0,0,0,0,0,0,0,0,0,0,0,0,0,0,0,0,0,0,0,0,11114,1168,905,62,2.5,0,0,0,16.5,4.6,63.4,1.2,4.6,219.47,844.31,15.77,1.44,250.41,251.9,0,1887,32,1.6,3.4,0,0,0,0,0,0
14.10.2025,11:24.0,24930,44486,35.9,19353,45968,29.6,0,1.048,1.041,1.039,1.01,1.072,1.053,1.041,1.081,1.06,1.044,1.044,1.044,1.044,1.251,3599.5,3790.7,3790.7,3691,3790.7,3790.7,3790.7,3890.5,3890.5,3192.2,3192.2,3192.2,3192.2,99.8,3391.7,3606.9,3722.1,3723.7,3726.7,3728.9,3729.9,3729.2,3730.1,3726.6,3724.2,3729.3,3730.2,3729.4,3732.4,3730.2,3733.1,3732.8,3116.3,3119.3,3122.3,3121.8,3660.8,99.9,99.9,99.9,99.9,99.9,99.9,99.9,99.9,99.8,100,100,100,99.9,100,99.9,100,100,100,99.9,99.9,99.9,100,99.9,100,100.7,104,104,104,104,104,104,104,103.9,104,104.1,104,104,104.1,104,104.1,104.1,87.3,87.2,87.3,87.2,100.7,36.1,38,38,37,38,38,38,39,39,32,32,32,32,34,83,85,83,91,84,87,88,80,87,79,79,79,79,17,15,17,9,16,13,12,20,13,21,21,21,21,91,91,Yes,No,No,Yes,No,Yes,Yes,No,Yes,No,No,No,No,No,No,No,No,No,No,No,No,No,No,No,No,No,No,No,No,No,No,No,No,No,No,No,No,No,No,Yes,No,No,90,90,46,0,0,0,0,0,0,0,1.25,91.986,106.641,94.621,10.107,0.883,150,175,96,0,0,99.7,99.6,99.6,99.7,99.7,99.7,99.7,99.8,99.7,99.6,99.7,99.7,99.7,99.8,99.7,99.8,99.8,99.4,99.5,99.6,99.5,0,0,0,0,0,0,0,0,0,0,0.1,0,0.1,0,0,0,0,0,0,0,0,0,0,0,0,0,0,0,0,0,0,0,0,0,0,2793.2,28,36,36,36,76,112,447,2,2,Yes,No,Yes,No,No,No,No,No,No,No,No,No,No,No,No,No,No,No,No,No,No,No,No,No,No,No,No,Yes,No,Yes,No,No,No,No,No,No,No,No,33,47,33,89,78,44,1.057,5.04,3.424,3.328,12.192,2.024,0.632,3.424,3.2,1.072,1.264,1.648,1.064,1,1,0.864,1.824,1800,2076,3461,46,46,42,1.06,56,40.2,1.26,1.26,1.8,1.815,1.11,4.97,2.5,No,No,No,39.8,1.26,1.26,1.8,1.815,1.11,4.97,1.5,No,No,No,51,51,59,100,100,No,No,14727,23929,35,35,No,No,1299,631,2.2,0,2.2,4.931,0.282,40697,65378,0,0,0,0,0,0,28,30,30.8,84,0.905,12.16,12.147,12.162,12.169,0,0,10.541,5.733,10.322,10.654,3.785,0.342,7.475,7.557,210,50.6,1185,34.2,1290,0,2,0,0,9.5,0,0.2,0,0,0,0,0,0,Yes,No,No,No,No,Yes,No,5.3,8,0,0,0,0,0,0,0,0,0,3,0,0,0,0,0,0,0,0,0,0,0,0,0,0,0,0,0,0,0,0,11114,1168,905,62,2.5,0,0,0,16.5,4.4,62.3,1,4.5,226.53,985.52,16.05,1.33,284.39,285.72,0,1887,32,1.1,0.4,0,0,0,0,0,0
14.10.2025,11:26.0,24929,44487,35.9,19358,45962,29.6,0,1.011,1,1.01,1.009,1.018,1.011,1.021,1.01,1.012,1.008,1.009,1.009,1.008,1.251,3499.8,3691,3691,3691,3790.7,3691,3691,3691,3691,3092.4,3092.4,3092.4,3092.4,99.8,3291.9,3612,3728.2,3733.1,3735.6,3735,3735,3738.1,3735.4,3738.5,3729.8,3735.6,3733.8,3732.1,3737.1,3737.7,3739.3,3739.1,3115.6,3118.7,3119.4,3121.8,3666.5,99.9,99.8,100,99.9,99.9,99.8,99.9,99.9,99.9,99.9,99.9,99.9,99.8,99.9,100,100,100,100,99.9,99.9,100,100,99.9,100,100.8,104.1,104.3,104.2,104.2,104.2,104.3,104.2,104.3,104.2,104.3,104.2,104.1,104.3,104.3,104.3,104.3,87.3,87.3,87.2,87.3,100.8,35.1,37,37,37,38,37,37,37,37,31,31,31,31,33,83,84,83,90,85,86,82,79,87,81,81,79,79,17,16,17,10,15,14,18,21,13,19,19,21,21,90,90,Yes,No,No,Yes,No,Yes,Yes,No,Yes,No,No,No,No,No,No,No,No,No,No,No,No,No,No,No,No,No,No,No,No,No,No,No,No,No,No,No,No,No,No,Yes,No,No,90,90,46,0,0,0,0,0,0,0,1.25,71.368,105.912,93.861,10.129,0.892,150,175,80,0,0,99.6,99.5,99.6,99.7,99.7,99.7,99.7,99.7,99.8,99.5,99.7,99.7,99.6,99.8,99.8,99.8,99.8,99.4,99.5,99.5,99.6,0,0,0,0,0,0,0,0,0,0,0.1,0.1,0,0,0,0,0,0,0,0,0,0,0,0,0,0,0,0,0,0,0,0,0,0,0,2793.2,28,36,36,36,76,112,447,2,2,Yes,No,Yes,No,No,No,No,No,No,No,No,No,No,No,No,No,No,No,No,No,No,No,No,No,No,No,No,Yes,No,Yes,No,No,No,No,No,Yes,No,No,33,47,33,90,78,46,1.039,5.04,3.424,3.328,12.192,2.024,0.632,3.424,3.2,1.072,1.264,1.648,1.064,1,1,0.864,1.824,1802,2057,3461,45,46,42,1.12,65,40.2,1.26,1.26,1.8,1.815,1.11,4.97,2.375,No,No,No,39.8,1.26,1.26,1.8,1.815,1.11,4.97,2.375,No,No,No,51,51,60,100,100,No,No,14727,23929,35,35,No,No,1299,631,3.3,0,3.3,7.533,0.572,40712,65379,0,0,0,0,0,0,28,30,30.9,84,0.905,12.165,12.155,12.168,12.173,0,0,10.821,5.849,11.019,11.085,3.737,0.073,7.475,7.551,210,50.6,1185,32.7,1290,0,1,0,0,9.5,0,0.2,0,0,0,0,0,0,Yes,No,No,No,No,Yes,No,5.5,7.4,0,0,0,0,0,0,0,0,0,3,0,0,0,0,0,0,0,0,0,0,0,0,0,0,0,0,0,0,0,0,11114,1168,905,62,2.5,0,0,0,16.5,4.2,88.5,1,4.3,236.47,1003.3,11.3,1.49,329.41,330.8,0,1887,32,0.4,0.5,0,0,0,0,0,0
14.10.2025,11:28.0,24931,44485,35.9,19361,45959,29.6,0,1.035,1.032,1.039,1.039,1.014,1.054,1.049,1.085,1.014,1.037,1.037,1.013,1.013,1.251,3566.3,3790.7,3790.7,3790.7,3691,3790.7,3790.7,3890.5,3691,3192.2,3192.2,3092.4,3092.4,99.8,3391.7,3612.8,3726.9,3728,3735.2,3732.6,3736.4,3735.7,3736.3,3732.9,3731.2,3734.9,3735.7,3737.2,3737.8,3738.5,3740,3740.5,3120.5,3123.2,3126.6,3126.3,3666.9,100,99.9,99.9,100,99.9,100,100,100,99.9,100,100,100,100,100,100,100,100,100,99.9,100,100,100,100,100,100.8,104.1,104.1,104.2,104.1,104.2,104.2,104.2,104.1,104.2,104.2,104.2,104.2,104.2,104.2,104.3,104.3,87.4,87.3,87.4,87.4,100.8,35.8,38,38,38,37,38,38,39,37,32,32,31,31,34,82,84,83,90,85,86,85,79,87,78,78,77,77,18,16,17,10,15,14,15,21,13,22,22,23,23,90,90,Yes,No,No,Yes,No,Yes,Yes,No,Yes,No,No,No,No,No,No,No,No,No,No,No,No,No,No,No,No,No,No,No,No,No,No,No,No,No,No,No,No,No,No,Yes,No,No,90,90,46,0,0,0,0,0,0,0,1.25,95.158,106.539,94.498,10.124,0.891,150,175,96,0,0,99.7,99.6,99.6,99.8,99.7,99.8,99.8,99.8,99.7,99.6,99.7,99.7,99.8,99.8,99.8,99.8,99.8,99.4,99.5,99.6,99.6,0,0,0,0,0,0,0,0,0,0,0.1,0,0,0,0,0,0,0,0,0,0,0,0,0,0,0,0,0,0,0,0,0,0,0,0,2793.2,28,36,36,36,76,112,447,2,2,Yes,No,Yes,No,No,No,No,No,No,No,No,No,No,No,No,No,No,No,No,No,No,No,No,No,No,No,No,Yes,No,Yes,No,No,No,No,No,No,No,No,33,48,33,90,79,46,1.048,5.04,3.424,3.328,12.192,2.024,0.624,3.424,3.2,1.072,1.264,1.648,1.064,1,1,0.864,1.824,1809,2070,3417,44,46,42,1.09,61,40.2,1.26,1.26,1.8,1.815,1.11,4.97,1.25,No,No,No,39.8,1.26,1.26,1.8,1.815,1.11,4.97,2.25,No,No,No,51,51,60,100,100,No,No,14727,23929,35,35,No,No,1299,631,1.5,0.1,1.6,3.222,0.506,40718,65380,0,0,0,0,0,0,28,30,31,84,0.905,12.164,12.153,12.168,12.172,0,0,10.939,5.77,10.391,10.756,3.834,0.375,7.475,7.556,210,50.6,1185,32.1,1290,0,20,0,0,9.5,0,0.2,0,0,0,0,0,0,Yes,No,No,No,No,Yes,No,5.4,8.1,0,0,0,0,0,0,0,0,0,3,0,0,0,0,0,0,0,0,0,0,0,0,0,0,0,0,0,0,0,0,11114,1168,905,62,2.5,0,0,0,16.5,4.2,59.5,1,4.3,238.39,976.87,16.8,1.55,250.29,251.93,0,1887,32,1.2,0.3,0,0,0,0,0,0
14.10.2025,11:30.0,24926,44490,35.9,19361,45959,29.6,0,1.033,1.01,1.008,1.055,1.07,1.049,1.034,1.031,1.019,1.014,1.021,1.045,1.045,1.251,3558,3691,3691,3790.7,3890.5,3890.5,3790.7,3691,3691,3092.4,3092.4,3192.2,3192.2,99.8,3291.9,3618.9,3734.5,3736.7,3741.7,3740.1,3744.4,3743.5,3743.8,3742.7,3739.3,3743,3744.9,3745,3743.5,3744.4,3744.1,3744.1,3121.3,3127.1,3128.5,3126.1,3673.6,99.9,99.9,99.9,100,99.9,100,99.9,99.9,99.9,100,99.9,100,100,99.9,100,100,100,100,100,100,99.9,100,99.9,100,101,104.3,104.4,104.4,104.4,104.4,104.4,104.4,104.4,104.5,104.4,104.5,104.5,104.4,104.5,104.5,104.4,87.5,87.5,87.5,87.4,101,35.7,37,37,38,39,39,38,37,37,31,31,32,32,33,82,83,83,84,85,88,88,79,89,77,78,78,78,18,17,17,16,15,12,12,21,11,23,22,22,22,88,89,Yes,No,No,Yes,No,Yes,Yes,No,Yes,No,No,No,No,No,No,No,No,No,No,No,No,No,No,No,No,No,No,No,No,No,No,No,No,No,No,No,No,No,No,Yes,No,No,90,90,46,0,0,0,0,0,0,0,1.25,96.744,106.028,94.05,10.071,0.875,150,175,104,0,0,99.7,99.5,99.6,99.7,99.7,99.8,99.8,99.8,99.7,99.6,99.7,99.7,99.8,99.7,99.8,99.8,99.8,99.3,99.5,99.6,99.5,0,0,0,0,0,0,0,0,0,0,0,0,0.1,0,0,0,0,0,0,0,0,0,0,0,0,0,0,0,0,0,0,0,0,0,0,2793.2,28,36,36,36,76,112,447,2,2,Yes,No,Yes,No,No,No,No,No,No,No,No,No,No,No,No,No,No,No,No,No,No,No,No,No,No,No,No,Yes,No,Yes,No,No,No,No,No,No,No,No,33,48,33,89,78,46,1.039,5.04,3.424,3.328,12.192,2.024,0.624,3.424,3.2,1.072,1.264,1.648,1.064,1,1,0.864,1.824,1812,2051,3435,45,46,42,1.12,61,40.2,1.26,1.26,1.8,1.8,1.11,4.97,1.25,No,No,No,40,1.26,1.26,1.8,1.815,1.11,4.97,2,No,No,No,51,51,60,100,100,No,No,14727,23929,35,35,No,No,1299,631,1.7,0.9,2.5,3.339,6.406,40724,65392,0,0,0,0,0,0,28,30,30.9,84,0.905,12.165,12.155,12.169,12.173,0,0,10.625,5.717,10.209,10.599,3.786,0.391,7.475,7.558,210,50.6,1185,31.2,1290,0,1,0,0,9.5,0,0.2,0,0,0,0,0,0,Yes,No,No,No,No,Yes,No,5.3,7.7,0,0,0,0,0,0,0,0,0,3,0,0,0,0,0,0,0,0,0,0,0,0,0,0,0,0,0,0,0,0,11114,1168,905,62,2.5,0,0,0,16.5,4,60.8,1,4,251.34,988.95,16.44,1.47,395.59,396.96,0,1887,32,0.1,0.1,0,0,0,0,0,0
14.10.2025,11:32.0,24935,44481,35.9,19367,45953,29.6,0,1.047,0.998,1.015,1.031,1.031,1.022,1.025,1.03,1.087,1.082,1.079,1.079,1.081,1.251,3574.6,3691,3691,3790.7,3790.7,3790.7,3790.7,3790.7,3790.7,3192.2,3192.2,3192.2,3192.2,99.8,3291.9,3638.4,3758.3,3757.7,3762.7,3763.1,3763,3765,3764.7,3763.7,3759.8,3762.6,3763.7,3761.2,3764.1,3766.2,3767.1,3767.1,3134.3,3141.1,3142.1,3141.2,3693.6,99.9,100,99.9,99.9,99.9,99.9,99.9,99.9,99.9,100,100,99.9,99.9,99.9,100,100,100,100,100,100,100,100,99.9,100,101.6,105,105,105,105,105,105,105,105,105,105,105,104.9,105,105,105.1,105.1,87.9,87.8,87.9,87.8,101.6,35.8,37,37,38,38,38,38,38,38,32,32,32,32,33,83,85,83,90,87,84,88,81,85,78,78,78,78,17,15,17,10,13,16,12,19,15,22,22,22,22,90,90,Yes,No,No,Yes,No,Yes,Yes,No,Yes,No,No,No,No,No,No,No,No,No,No,No,No,No,No,No,No,No,No,No,No,No,No,No,No,No,No,No,No,No,No,Yes,No,No,90,90,46,0,0,0,0,0,0,0,1.25,79.298,106.585,94.564,10.105,0.885,150,175,88,0,0,99.7,99.6,99.6,99.7,99.7,99.7,99.7,99.7,99.7,99.6,99.7,99.7,99.7,99.7,99.8,99.8,99.8,99.3,99.5,99.5,99.5,0,0,0,0,0,0,0,0,0,0,0,0,0,0,0,0,0,0,0,0,0,0,0,0,0,0,0,0,0,0,0,0,0,0,0,2793.2,28,36,36,36,76,112,447,2,2,Yes,No,Yes,No,No,No,No,No,No,No,No,No,No,No,No,No,No,No,No,No,No,No,No,No,No,No,No,Yes,No,Yes,No,No,No,No,No,Yes,No,No,33,48,33,89,78,44,1.039,5.04,3.424,3.328,12.192,2.024,0.624,3.424,3.2,1.072,1.264,1.648,1.064,1,1,0.864,1.824,1812,2070,3461,44,46,42,1.095,60,40.2,1.26,1.26,1.8,1.815,1.185,4.97,2.625,No,No,No,40,1.26,1.26,1.8,1.815,1.095,4.97,2,No,No,No,51,51,61,100,100,No,No,14727,23929,35,35,No,No,1299,631,3.5,1.2,4.7,3.501,10.011,40731,65412,0,0,0,0,0,0,28,30,31,84,0.905,12.165,12.155,12.168,12.172,0,0,10.654,5.58,9.696,10.16,3.688,0.466,7.482,7.569,210,50.6,1185,31.4,1290,0,1,0,0,9.5,0,0.2,0,0,0,0,0,0,Yes,No,No,No,No,Yes,No,5.1,7.2,0,0,0,0,0,0,0,0,0,3,0,0,0,0,0,0,0,0,0,0,0,0,0,0,0,0,0,0,0,0,11114,1168,905,62,2.5,0,0,0,16.5,3.9,63.8,1,4,255.13,991.98,15.67,1.53,286.29,287.88,0,1887,32,0.5,0.1,0,0,0,0,0,0
14.10.2025,11:34.0,24937,44479,35.9,19375,45945,29.6,0,1.021,1.022,1.024,1.033,1.033,1.027,1.012,1.007,1.024,1.022,1.023,1.021,1.004,1.251,3558,3790.7,3790.7,3790.7,3790.7,3691,3691,3691,3790.7,3192.2,3192.2,3192.2,3092.4,99.8,3391.7,3621.5,3736.4,3742.3,3745.9,3745.7,3746.6,3746.9,3746.8,3747.2,3741.6,3745.4,3744.2,3744.3,3746.8,3745.2,3747.1,3747.6,3124.8,3127.9,3130.8,3127.3,3676.3,99.9,99.8,100,99.9,99.9,99.9,100,99.9,100,100,100,99.9,99.9,100,99.9,100,100,99.9,99.9,100,99.9,100,99.9,100,101.1,104.4,104.5,104.5,104.5,104.5,104.5,104.5,104.5,104.5,104.5,104.5,104.5,104.5,104.5,104.6,104.6,87.6,87.5,87.6,87.5,101.1,35.7,38,38,38,38,37,37,37,38,32,32,32,31,34,84,85,84,90,87,89,87,81,87,79,78,79,78,16,15,16,10,13,11,13,19,13,21,22,21,22,91,90,Yes,No,No,Yes,No,Yes,Yes,No,Yes,No,No,No,No,No,No,No,No,No,No,No,No,No,No,No,No,No,No,No,No,No,No,No,No,No,No,No,No,No,No,Yes,No,No,90,90,46,0,0,0,0,0,0,0,1.25,91.986,106.896,94.867,10.113,0.883,150,175,96,0,0,99.7,99.5,99.6,99.7,99.7,99.8,99.8,99.8,99.8,99.6,99.7,99.7,99.7,99.8,99.7,99.8,99.8,99.4,99.5,99.5,99.4,0,0,0,0,0,0,0,0,0,0,0.1,0,0.1,0,0,0,0,0,0,0,0,0,0,0,0,0,0,0,0,0,0,0,0,0,0,2793.2,28,36,36,36,76,112,447,2,2,Yes,No,Yes,No,No,No,No,No,No,No,No,No,No,No,No,No,No,No,No,No,No,No,No,No,No,No,No,Yes,No,Yes,No,No,No,No,No,Yes,No,No,33,48,33,90,78,45,1.03,5.08,3.424,3.328,12.192,2.024,0.624,3.424,3.2,1.072,1.264,1.664,1.064,1,1,0.864,1.824,1797,2064,3349,46,46,42,1.095,60,40.5,1.26,1.26,1.8,1.815,1.095,5.04,3.375,No,No,No,40,1.26,1.26,1.8,1.815,1.095,5.04,1.5,No,No,No,51,51,60,100,100,No,No,14727,23929,35,35,No,No,1299,631,2.4,0.8,3.2,5.106,2.011,40741,65416,0,0,0,0,0,0,28,28,30.9,84,0.905,12.165,12.154,12.168,12.172,0,0,10.612,5.674,10.033,10.452,3.761,0.421,7.475,7.579,210,50.6,1185,33.5,1290,0,1,0,0,9.5,0,0.2,0,0,0,0,0,0,Yes,No,No,No,No,Yes,No,5.2,7.8,0,0,0,0,0,0,0,0,0,3,0,0,0,0,0,0,0,0,0,0,0,0,0,0,0,0,0,0,0,0,11114,1168,905,62,2.5,0,0,0,16.5,3.8,60.3,1,3.9,262.84,994.74,16.59,1.54,329.33,330.82,0,1887,32,0.7,0.1,0,0,0,0,0,0
14.10.2025,11:36.0,24929,44488,35.9,19371,45949,29.6,0,1.047,1.033,1.021,1.022,1.009,1.044,1.079,1.094,1.089,1.048,1.048,1.04,1.04,1.251,3607.8,3790.7,3691,3691,3691,3790.7,3890.5,3990.2,3990.2,3192.2,3192.2,3192.2,3192.2,99.8,3391.7,3619,3735.6,3737.1,3740.4,3741,3740.2,3741.1,3742.4,3741,3738.3,3741,3743.4,3742.1,3744.9,3744.8,3745.6,3746.9,3125.5,3127.6,3130.4,3130.4,3673.3,100,99.9,100,100,100,99.9,99.9,100,99.9,100,100,100,99.9,100,100,100,100,100,99.9,99.9,100,100,100,100,101,104.4,104.4,104.4,104.4,104.3,104.4,104.4,104.4,104.4,104.4,104.4,104.4,104.4,104.4,104.5,104.4,87.5,87.4,87.5,87.5,101,36.2,38,37,37,37,38,39,40,40,32,32,32,32,34,84,83,81,88,87,88,87,81,87,80,80,80,80,16,17,19,12,13,12,13,19,13,20,20,20,20,91,88,Yes,No,No,Yes,No,Yes,Yes,No,Yes,No,No,No,No,No,No,No,No,No,No,No,No,No,No,No,No,No,No,No,No,No,No,No,No,No,No,No,No,No,No,Yes,No,No,90,90,46,0,0,0,0,0,0,0,1.25,88.814,106.48,94.514,10.065,0.874,150,175,88,0,0,99.7,99.6,99.6,99.7,99.8,99.7,99.8,99.8,99.8,99.7,99.7,99.8,99.8,99.8,99.8,99.8,99.8,99.4,99.5,99.6,99.6,0,0,0,0,0,0,0,0,0,0,0.1,0,0,0,0,0,0,0,0,0,0,0,0,0,0,0,0,0,0,0,0,0,0,0,0,2793.2,28,36,36,36,76,112,447,2,2,Yes,No,Yes,No,No,No,No,No,No,No,No,No,No,No,No,No,No,No,No,No,No,No,No,No,No,No,No,Yes,No,Yes,No,No,No,No,No,No,No,No,33,48,33,90,78,44,1.083,5.04,3.424,3.328,12.192,2.024,0.624,3.424,3.2,1.072,1.264,1.664,1.064,1,1,0.856,1.824,1797,2067,3452,45,46,42,1.075,58,40.5,1.26,1.26,1.8,1.815,1.095,5.04,1.25,No,No,No,40,1.26,1.26,1.8,1.815,1.095,5.04,1.5,No,No,No,51,51,60,100,100,No,No,14727,23929,35,35,No,No,1299,631,1.4,0,1.5,3.208,0.498,40747,65417,0,0,0,0,0,0,28,30,30.9,84,0.905,12.166,12.157,12.168,12.173,0,0,10.604,5.64,10.1,10.392,3.652,0.292,7.478,7.564,210,50.6,1185,32.8,1290,0,1,0,0,9.5,0,0.2,0,0,0,0,0,0,Yes,No,No,No,No,Yes,No,5.2,7.8,0,0,0,0,0,0,0,0,0,3,0,0,0,0,0,0,0,0,0,0,0,0,0,0,0,0,0,0,0,0,11114,1168,905,62,2.5,0,0,0,16.5,3.8,60,1,3.8,265.36,985.43,16.66,1.59,286.23,287.86,0,1887,32,0.4,0.3,0,0,0,0,0,0
14.10.2025,11:38.0,24932,44485,35.9,19380,45940,29.6,0,1.021,1.027,1.013,1.024,1.037,1,1.001,1.033,1.023,1.023,1.023,1.023,1.023,1.251,3566.3,3790.7,3691,3790.7,3790.7,3691,3691,3790.7,3790.7,3192.2,3192.2,3192.2,3192.2,99.8,3391.7,3612.3,3727.9,3730,3732.9,3734.8,3736.2,3736.2,3736.4,3737.9,3731,3736,3736.2,3737.4,3735.9,3737,3736.8,3736.5,3119.3,3121.8,3122.6,3123.7,3666.7,100,99.9,100,99.9,100,99.9,99.9,99.9,100,99.9,100,99.9,100,100,100,100,100,100,100,99.9,100,100,100,100,100.8,104.2,104.2,104.2,104.2,104.2,104.2,104.2,104.2,104.2,104.2,104.2,104.2,104.2,104.2,104.2,104.3,87.3,87.3,87.3,87.3,100.8,35.8,38,37,38,38,37,37,38,38,32,32,32,32,34,83,85,83,90,88,88,87,81,87,78,78,78,78,17,15,17,10,12,12,13,19,13,22,22,22,22,90,90,Yes,No,No,Yes,Yes,Yes,Yes,No,Yes,No,No,No,No,No,No,No,No,No,No,No,No,No,No,No,No,No,No,No,No,No,No,No,No,No,No,No,No,No,No,Yes,No,No,90,90,46,0,0,0,0,0,0,0,1.25,85.642,105.275,93.381,10.001,0.861,150,175,96,0,0,99.7,99.6,99.6,99.7,99.7,99.8,99.7,99.7,99.8,99.6,99.7,99.8,99.8,99.8,99.8,99.8,99.8,99.4,99.5,99.5,99.6,0,0,0,0,0,0,0,0,0,0,0,0.1,0,0,0,0,0,0,0,0,0,0,0,0,0,0,0,0,0,0,0,0,0,0,0,2793.2,28,36,36,36,76,112,447,2,2,Yes,No,Yes,No,No,No,No,No,No,No,No,No,No,No,No,No,No,No,No,No,No,No,No,No,No,No,No,Yes,No,Yes,No,No,No,No,No,No,No,No,33,48,33,90,78,45,1.066,5.04,3.424,3.328,12.192,2.024,0.624,3.424,3.2,1.072,1.264,1.648,1.064,1,1,0.864,1.824,1797,2057,3435,46,46,42,1.09,57,40.5,1.26,1.26,1.8,1.815,1.095,5.04,1.75,No,No,No,40,1.26,1.275,1.8,1.815,1.095,5.04,1.125,No,No,No,51,51,61,100,100,No,No,14727,23929,35,35,No,No,1299,631,1.7,0.1,1.8,3.565,0.602,40754,65418,0,0,0,0,0,0,28,30,31,84,0.905,12.167,12.157,12.169,12.173,0,0,10.694,5.638,9.934,10.344,3.725,0.419,7.475,7.567,210,50.6,1185,33.2,1290,0,1,0,0,9.5,0,0.2,0,0,0,0,0,0,Yes,No,No,No,No,Yes,No,5.2,7.2,0,0,0,0,0,0,0,0,0,3,0,0,0,0,0,0,0,0,0,0,0,0,0,0,0,0,0,0,0,0,11114,1168,905,62,2.5,0,0,0,16.5,3.7,62.6,1,3.8,267.39,985.39,15.98,1.55,284.3,285.82,0,1887,32,0.4,0.1,0,0,0,0,0,0
14.10.2025,11:40.0,24928,44488,35.9,19386,45934,29.6,0,1.045,1.041,1.052,1.042,1.04,1.012,1.034,1.039,1.053,1.056,1.056,1.056,1.056,1.251,3574.6,3790.7,3790.7,3790.7,3790.7,3691,3691,3790.7,3790.7,3192.2,3192.2,3192.2,3192.2,99.8,3391.7,3611.7,3720.3,3721.4,3726.8,3736.2,3737.6,3729.6,3732.8,3730.1,3734.5,3729.2,3739,3739.5,3741.4,3740.3,3741.8,3742.4,3116.8,3121.9,3127.4,3124.6,3665.6,99.9,99.7,99.7,99.7,99.9,99.9,99.7,99.8,99.7,100,99.7,100,100,100,100,100,100,99.8,99.8,99.9,99.9,100,99.9,100,100.8,104,104,104,104.2,104.2,104,104.1,104,104.3,104,104.3,104.3,104.3,104.3,104.3,104.3,87.2,87.3,87.3,87.3,100.8,35.8,38,38,38,38,37,37,38,38,32,32,32,32,34,83,84,82,90,84,87,87,82,87,77,77,77,77,17,16,18,10,16,13,13,18,13,23,23,23,23,90,90,Yes,No,No,Yes,No,Yes,Yes,No,Yes,No,No,No,No,No,No,No,No,No,No,No,No,No,No,No,No,No,No,No,No,No,No,No,No,No,No,No,No,No,No,Yes,No,No,91,91,46,0,0,0,0,0,0,0,1.25,88.814,105.782,94.22,9.77,0.766,150,175,96,0,0,99.6,99.3,99.4,99.5,99.7,99.8,99.5,99.6,99.5,99.7,99.5,99.8,99.8,99.8,99.8,99.8,99.8,99.2,99.4,99.6,99.5,0.1,0.1,0,0,0.1,0,0,0,0,0.2,0.2,0.1,0.1,0,0,0,0,0,0,0,0,0,0,0,0,0,0,0,0,0,0,0,0,0,0,2793.2,28,36,36,36,76,112,447,2,2,Yes,No,Yes,No,No,No,No,No,No,No,No,No,No,No,No,No,No,No,No,No,No,No,No,No,No,No,No,Yes,No,Yes,No,No,No,No,No,No,No,No,34,48,34,90,79,45,1.057,5.08,3.424,3.328,12.192,2.024,0.624,3.424,3.2,1.072,1.264,1.648,1.064,1,1,0.856,1.824,1804,2064,3452,44,46,42,1.065,58,40.5,1.26,1.275,1.8,1.815,1.095,5.04,1.375,No,No,No,40,1.26,1.275,1.815,1.815,1.095,5.04,1.25,No,No,No,51,51,61,100,100,No,No,14727,23929,35,35,No,No,1299,631,4.6,0,4.6,7.753,0.284,40768,65418,0,0,0,0,0,0,28,30,31,84,0.905,12.163,12.153,12.166,12.171,0,0,10.725,5.68,9.977,10.451,3.797,0.475,7.482,7.577,210,50.6,1185,33.5,1290,0,3,0,0,9.5,0.1,0.3,0,0,0,0,0,0,Yes,No,No,No,No,Yes,No,5.2,7.9,0,0,0,0,0,0,0,0,0,3,0,0,0,0,0,0,0,0,0,0,0,0,0,0,0,0,0,0,0,0,11114,1168,905,62,2.5,0,0,0,16.5,3.7,74.4,1.4,3.8,269.1,719.86,13.44,1.46,282.02,283.44,0,1887,32,0.1,0.2,0,0,0,0,0,0
14.10.2025,11:42.0,24931,44485,35.9,19385,45935,29.6,0,1.039,1.038,1.009,1.03,1.042,1.053,1.053,1.048,1.043,1.037,1.037,1.037,1.037,1.251,3582.9,3790.7,3691,3790.7,3790.7,3790.7,3790.7,3790.7,3790.7,3192.2,3192.2,3192.2,3192.2,99.8,3391.7,3602.6,3717.6,3718,3722.6,3722.4,3725.8,3724.5,3726.9,3726.5,3721.5,3725.5,3724.5,3724.4,3727.1,3726.4,3727.2,3727.6,3112,3115.8,3118.1,3117.3,3656.5,100,100,100,100,99.9,100,99.9,100,100,100,100,99.9,99.9,100,100,100,100,100,100,100,100,100,100,100,100.6,103.9,103.9,103.9,103.9,103.9,103.9,103.9,103.9,103.9,103.9,103.9,103.9,103.9,103.9,104,104,87.1,87.1,87.1,87.1,100.6,35.9,38,37,38,38,38,38,38,38,32,32,32,32,34,84,85,83,90,87,87,88,81,89,78,78,78,78,16,15,17,10,13,13,12,19,11,22,22,22,22,91,90,Yes,No,No,Yes,No,Yes,Yes,No,Yes,No,No,No,No,No,No,No,No,No,No,No,No,No,No,No,No,No,No,No,No,No,No,No,No,No,No,No,No,No,No,Yes,No,No,90,90,46,0,0,0,0,0,0,0,1.25,93.572,105.939,94.132,9.942,0.832,150,175,104,0,0,99.7,99.6,99.6,99.7,99.7,99.8,99.8,99.8,99.8,99.7,99.8,99.8,99.8,99.8,99.8,99.8,99.8,99.4,99.5,99.6,99.6,0,0,0,0,0,0,0,0,0,0,0,0,0,0,0,0,0,0,0,0,0,0,0,0,0,0,0,0,0,0,0,0,0,0,0,2793.2,28,36,36,36,76,112,447,2,2,Yes,No,Yes,No,No,No,No,No,No,No,No,No,No,No,No,No,No,No,No,No,No,No,No,No,No,No,No,Yes,No,Yes,No,No,No,No,No,No,No,No,34,48,34,89,78,46,1.057,5.04,3.424,3.328,12.192,2.024,0.624,3.424,3.2,1.072,1.264,1.664,1.064,1,1,0.856,1.824,1807,2064,3461,45,46,42,1.075,53,40.5,1.26,1.275,1.815,1.8,1.095,5.04,1.375,No,No,No,40,1.26,1.275,1.815,1.815,1.095,5.04,2.125,No,No,No,51,51,60,100,100,No,No,14727,23929,35,35,No,No,1299,631,1,0.1,1.1,1.992,0.697,40772,65420,0,0,0,0,0,0,28,30,30.9,84,0.905,12.164,12.155,12.166,12.171,0,0,10.616,5.682,10.212,10.512,3.7,0.299,7.48,7.571,210,50.6,1185,31.1,1290,0,1,0,0,9.5,0,0.2,0,0,0,0,0,0,Yes,No,No,No,No,Yes,No,5.3,7.9,0,0,0,0,0,0,0,0,0,3,0,0,0,0,0,0,0,0,0,0,0,0,0,0,0,0,0,0,0,0,11114,1168,905,62,2.5,0,0,0,16.5,3.6,60.2,1,3.6,279.85,1002.37,16.62,1.56,398.49,400.08,0,1887,32,0.5,0.2,0,0,0,0,0,0
14.10.2025,11:44.0,24925,44491,35.9,19383,45937,29.6,0,1.012,1.009,1.002,1.024,1.001,1,1,1.025,1.003,1.021,1.021,1.021,1.021,1.251,3508.1,3691,3691,3790.7,3691,3691,3691,3790.7,3691,3092.4,3092.4,3092.4,3092.4,99.8,3291.9,3623.5,3742.7,3741.9,3747,3747.8,3748.9,3748.1,3749.5,3747.4,3741,3745,3745.9,3745.9,3748.1,3747.1,3748.6,3748.9,3128.6,3130.4,3134.5,3133.3,3677.9,100,100,100,100,100,100,100,100,99.9,99.9,99.9,99.9,99.9,100,100,100,100,100,99.9,100,100,100,100,100,101.2,104.6,104.5,104.6,104.6,104.6,104.6,104.6,104.5,104.5,104.5,104.5,104.5,104.6,104.6,104.6,104.6,87.7,87.6,87.7,87.6,101.2,35.2,37,37,38,37,37,37,38,37,31,31,31,31,33,83,84,83,90,85,87,87,81,87,79,79,79,79,17,16,17,10,15,13,13,19,13,21,21,21,21,90,90,Yes,No,No,Yes,No,No,Yes,No,Yes,No,No,No,No,No,No,No,No,No,No,No,No,No,No,No,No,No,No,No,No,No,No,No,No,No,No,No,No,No,No,Yes,No,No,90,90,46,0,0,0,0,0,0,0,1.25,96.744,106.475,94.52,10.047,0.877,150,175,104,0,0,99.7,99.6,99.6,99.7,99.8,99.8,99.8,99.8,99.8,99.6,99.7,99.8,99.8,99.8,99.8,99.8,99.8,99.4,99.5,99.6,99.6,0,0,0,0,0,0,0,0,0,0,0.1,0,0,0,0,0,0,0,0,0,0,0,0,0,0,0,0,0,0,0,0,0,0,0,0,2793.2,28,36,36,36,76,112,447,2,2,Yes,No,Yes,No,No,No,No,No,No,No,No,No,No,No,No,No,No,No,No,No,No,No,No,No,No,No,No,Yes,No,Yes,No,No,No,No,No,No,No,No,34,48,34,90,79,46,1.048,5.08,3.424,3.328,12.192,2.024,0.624,3.424,3.2,1.072,1.264,1.664,1.064,1,1,0.856,1.824,1804,2067,3375,45,46,42,1.095,57,40.5,1.26,1.275,1.815,1.815,1.2,5.04,2.125,No,No,No,40,1.26,1.275,1.815,1.815,1.095,5.04,1.375,No,No,No,51,51,60,100,100,No,No,14727,23929,35,35,No,No,1299,631,0.6,0,0.6,0.871,0.273,40774,65420,0,0,0,0,0,0,28,30,31,84,0.905,12.163,12.153,12.165,12.171,0,0,10.564,5.591,9.833,10.207,3.651,0.381,7.485,7.578,210,50.6,1185,32.7,1290,0,4,0,0,9.5,0,0.2,0,0,0,0,0,0,Yes,No,No,No,No,Yes,No,5.4,7.8,0,0,0,0,0,0,0,0,0,3,0,0,0,0,0,0,0,0,0,0,0,0,0,0,0,0,0,0,0,0,11114,1168,905,62,2.5,0,0,0,16.5,3.6,60.1,1,3.6,280.5,984.97,16.64,1.7,286.1,287.85,0,1887,32,0.3,0.1,0,0,0,0,0,0
14.10.2025,11:46.0,24930,44486,35.9,19394,45926,29.6,0,1.02,1.036,0.995,1.014,1.055,1.031,1.032,0.996,1.03,1.013,1.012,1.012,1.012,1.251,3516.4,3790.7,3691,3691,3691,3691,3790.7,3691,3790.7,3092.4,3092.4,3092.4,3092.4,99.8,3291.9,3642.1,3759,3761.5,3764,3766,3768.3,3766.7,3768.7,3768.3,3761.6,3766.6,3766.1,3767.6,3769.1,3769.2,3770.3,3771.1,3140.5,3144.5,3146.1,3145.9,3697.2,99.9,99.9,100,99.9,99.9,100,99.9,100,99.9,99.9,99.9,99.9,99.9,100,100,100,100,100,100,100,100,100,99.9,100,101.6,105,105.1,105,105.1,105.1,105.1,105.1,105.1,105.1,105.1,105,105.1,105.1,105.1,105.1,105.1,87.9,87.9,87.9,87.9,101.6,35.2,38,37,37,37,37,38,37,38,31,31,31,31,33,83,85,84,90,84,84,88,81,87,79,79,78,78,17,15,16,10,16,16,12,19,13,21,21,22,22,91,90,Yes,Yes,No,Yes,Yes,Yes,Yes,No,Yes,No,No,No,No,No,No,No,No,No,No,No,No,No,No,No,No,No,No,No,No,No,No,No,No,No,No,No,No,No,No,Yes,No,No,90,90,46,0,0,0,0,0,0,0,1.25,72.954,105.67,94.116,9.75,0.777,150,175,80,0,0,99.7,99.6,99.6,99.7,99.7,99.8,99.8,99.8,99.8,99.6,99.7,99.7,99.7,99.8,99.8,99.8,99.8,99.4,99.5,99.6,99.6,0,0,0,0,0,0,0,0,0,0,0,0,0,0,0,0,0,0,0,0,0,0,0,0,0,0,0,0,0,0,0,0,0,0,0,2793.2,28,36,36,36,76,112,447,2,2,Yes,No,Yes,No,No,No,No,No,No,No,No,No,No,No,No,No,No,No,No,No,No,No,No,No,No,No,No,Yes,No,Yes,No,No,No,No,No,Yes,No,No,34,48,34,90,78,46,1.03,5.04,3.424,3.328,12.192,2.024,0.624,3.424,3.2,1.072,1.264,1.648,1.064,1,1,0.856,1.824,1802,2054,3375,46,46,42,1.115,61,40.5,1.26,1.275,1.815,1.815,1.095,5.04,1.75,No,No,No,40,1.26,1.275,1.815,1.815,1.095,5.04,1.5,No,No,No,51,51,60,100,100,No,No,14727,23929,35,35,No,No,1299,631,0.6,0,0.6,1.077,0.354,40776,65421,0,0,0,0,0,0,28,30,31,84,0.905,12.16,12.148,12.162,12.169,0,0,10.778,5.684,10.401,10.557,3.626,0.163,7.475,7.567,210,50.6,1185,34.1,1290,0,1,0,0,9.5,0.1,0.3,0,0,0,0,0,0,Yes,No,No,No,No,Yes,No,5.4,7.2,0,0,0,0,0,0,0,0,0,3,0,0,0,0,0,0,0,0,0,0,0,0,0,0,0,0,0,0,0,0,11114,1168,905,62,2.5,0,0,0,16.5,3.7,62.9,1.2,3.7,272.03,852.56,15.89,1.52,222.59,224.08,0,1887,32,0.3,0.1,0,0,0,0,0,0
14.10.2025,11:48.0,24934,44482,35.9,19390,45931,29.6,0,1.009,1.034,1.008,1.011,0.995,0.991,0.986,1.011,1.033,1.01,1.01,1.01,1.01,1.251,3474.8,3790.7,3691,3691,3591.2,3591.2,3591.2,3691,3691,3092.4,3092.4,3092.4,3092.4,99.8,3391.7,3603.5,3717,3717.4,3721,3726.6,3727.7,3729,3728.6,3727.5,3718.1,3725.8,3718.4,3726.8,3727.1,3723.7,3728,3729.6,3115.1,3119.8,3122,3121.3,3657.1,100,100,100,100,100,100,100,100,100,100,100,100,100,100,100,100,100,100,100,100,100,100,100,100,100.7,104,104,104,104,104.1,104,104,104.1,104.1,104.1,104,104,104.1,104.1,104.1,104.1,87.3,87.3,87.3,87.3,100.7,34.8,38,37,37,36,36,36,37,37,31,31,31,31,34,83,86,84,90,85,88,88,81,84,78,78,78,78,17,14,16,10,15,12,12,19,16,22,22,22,22,90,90,Yes,No,No,Yes,No,Yes,Yes,No,Yes,No,No,No,No,No,No,No,No,No,No,No,No,No,No,No,No,No,No,No,No,No,No,No,No,No,No,No,No,No,No,Yes,No,No,88,88,46,0,0,0,0,0,0,0,1.25,93.572,106.705,95.065,9.827,0.779,150,175,104,0,0,99.6,99.5,99.5,99.5,99.7,99.7,99.7,99.7,99.7,99.5,99.7,99.5,99.7,99.7,99.6,99.8,99.8,99.4,99.5,99.6,99.6,0,0,0,0,0,0,0,0,0,0,0,0,0,0,0,0,0,0,0,0,0,0,0,0,0,0,0,0,0,0,0,0,0,0,0,2793.2,28,36,36,36,76,112,447,2,2,Yes,No,Yes,No,No,No,No,No,No,No,No,No,No,No,No,No,No,No,No,No,No,No,No,No,No,No,No,Yes,No,Yes,No,No,No,No,No,No,No,No,34,48,34,89,78,45,1.039,5.08,3.424,3.328,12.192,2.024,0.624,3.424,3.2,1.072,1.264,1.664,1.064,1,1,0.856,1.824,1802,2076,3400,45,46,42,1.095,55,40.5,1.245,1.275,1.815,1.815,1.095,5.04,2.375,No,No,No,40,1.26,1.275,1.815,1.815,1.095,5.04,3.625,No,No,No,51,51,59,100,100,No,No,14727,23929,35,35,No,No,1299,631,0,0.1,0.1,0,0.579,40776,65422,0,0,0,0,0,0,28,30,31,84,0.905,12.164,12.154,12.167,12.172,0,0,10.72,5.653,10.217,10.439,3.639,0.232,7.472,7.573,210,50.6,1185,32.4,1290,0,1,0,0,9.5,0,0.2,0,0,0,0,0,0,Yes,No,No,No,No,Yes,No,5.3,7.8,0,0,0,0,0,0,0,0,0,3,0,0,0,0,0,0,0,0,0,0,0,0,0,0,0,0,0,0,0,0,11114,1168,905,62,2.5,0,0,0,16.5,3.5,48,1,3.6,282,997.58,20.85,1.59,392.07,393.67,0,1887,32,0.5,0.2,0,0,0,0,0,0
14.10.2025,11:50.0,24930,44487,35.9,19386,45934,29.6,0,1.018,1.013,1.042,1.041,1.034,1.018,1.018,1.018,1.017,1.004,1,1.001,1.007,1.251,3516.4,3691,3790.7,3790.7,3790.7,3691,3691,3691,3691,3092.4,3092.4,3092.4,3092.4,99.8,3291.9,3628.9,3744.3,3744.6,3749.5,3750.9,3752.9,3752.5,3753.9,3755.1,3749.5,3754,3756.2,3755.9,3758.1,3757.6,3757.6,3757.2,3127.9,3132,3133.8,3133.7,3683.9,100,100,100,100,100,100,100,100,100,100,100,100,100,100,100,100,100,100,100,100,100,100,100,100,101.2,104.6,104.6,104.7,104.6,104.6,104.6,104.6,104.7,104.7,104.7,104.7,104.7,104.7,104.7,104.7,104.7,87.6,87.6,87.5,87.6,101.2,35.2,37,38,38,38,37,37,37,37,31,31,31,31,33,84,85,84,90,88,88,88,83,86,78,78,78,76,16,15,16,10,12,12,12,17,14,22,22,22,24,91,90,Yes,No,No,Yes,No,Yes,Yes,No,Yes,No,No,No,No,No,No,No,No,No,No,No,No,No,No,No,No,No,No,No,No,No,No,No,No,No,No,No,No,No,No,Yes,No,No,90,90,46,0,0,0,0,0,0,0,1.25,69.782,107.081,95.097,10.076,0.882,150,175,88,0,0,99.7,99.6,99.6,99.7,99.8,99.8,99.8,99.8,99.8,99.6,99.7,99.8,99.8,99.8,99.8,99.8,99.8,99.4,99.5,99.6,99.6,0,0,0,0,0,0,0,0,0,0,0,0,0,0,0,0,0,0,0,0,0,0,0,0,0,0,0,0,0,0,0,0,0,0,0,2793.2,28,36,36,36,76,112,447,2,2,Yes,No,Yes,No,No,No,No,No,No,No,No,No,No,No,No,No,No,No,No,No,No,No,No,No,No,No,No,Yes,No,Yes,No,No,No,No,No,No,No,No,34,48,34,90,78,46,1.039,5.04,3.424,3.328,12.192,2.024,0.624,3.424,3.2,1.072,1.264,1.648,1.064,1,1,0.856,1.824,1800,2067,3461,45,46,42,1.085,54,40.5,1.26,1.26,1.815,1.815,1.095,5.04,1.75,No,No,No,40.2,1.26,1.26,1.815,1.815,1.095,5.04,2.375,No,No,No,51,51,59,100,100,No,No,14727,23929,35,35,No,No,1299,631,0.1,0.1,0.1,0.114,0.528,40776,65423,0,0,0,0,0,0,28,30,31,84,0.905,12.163,12.151,12.166,12.172,0,0,10.873,5.712,10.49,10.645,3.652,0.159,7.481,7.555,210,50.6,1185,31.2,1290,0,7,0,0,9.5,0,0.2,0,0,0,0,0,0,Yes,No,No,No,No,Yes,No,5.3,8.1,0,0,0,0,0,0,0,0,0,3,0,0,0,0,0,0,0,0,0,0,0,0,0,0,0,0,0,0,0,0,11114,1168,905,62,2.5,0,0,0,16.5,3.5,61.8,1,3.6,282.43,985.11,16.18,1.44,286.51,287.95,0,1887,32,0.1,0.1,0,0,0,0,0,0
14.10.2025,11:52.0,24926,44490,35.9,19387,45933,29.6,0,1.04,1.039,1.036,1.065,1.051,1.037,1.079,1.084,1.058,1.008,1.008,1.008,1.003,1.251,3616.2,3890.5,3790.7,3890.5,3890.5,3790.7,3890.5,3990.2,3890.5,3092.4,3092.4,3092.4,3092.4,99.8,3491.5,3635.7,3751.2,3752.6,3757,3758.7,3761,3759.6,3761.4,3761.7,3757.1,3760.7,3762.6,3761.9,3763.8,3765.4,3765.9,3766.9,3133.1,3136.7,3138.3,3138,3691,100,100,100,100,100,100,99.9,100,100,100,100,100,100,100,100,100,100,100,100,100,100,100,100,100,101.4,104.8,104.8,104.8,104.8,104.9,104.8,104.9,104.9,104.9,104.9,104.9,104.8,104.9,104.9,104.9,104.9,87.6,87.6,87.6,87.6,101.4,36.2,39,38,39,39,38,39,40,39,31,31,31,31,35,84,86,86,88,89,86,87,81,90,78,78,78,78,16,14,14,12,11,14,13,19,10,22,22,22,22,91,90,Yes,No,No,Yes,No,Yes,Yes,No,Yes,No,No,No,No,No,No,No,No,No,No,No,No,No,No,No,No,No,No,No,No,No,No,No,No,No,No,No,No,No,No,Yes,No,No,90,90,46,0,0,0,0,0,0,0,1.25,74.54,106.442,94.383,10.119,0.905,150,175,104,0,0,99.7,99.6,99.6,99.7,99.8,99.8,99.7,99.8,99.8,99.6,99.7,99.8,99.8,99.8,99.8,99.8,99.8,99.4,99.5,99.6,99.6,0,0,0,0,0,0,0,0,0,0,0,0,0,0,0,0,0,0,0,0,0,0,0,0,0,0,0,0,0,0,0,0,0,0,0,2793.2,28,36,36,36,76,112,447,2,2,Yes,No,Yes,No,No,No,No,No,No,No,No,No,No,No,No,No,No,No,No,No,No,No,No,No,No,No,No,Yes,No,Yes,No,No,No,No,No,No,No,No,34,48,34,90,79,45,1.039,5.04,3.424,3.328,12.192,2.024,0.624,3.424,3.2,1.072,1.264,1.664,1.064,1,1,0.856,1.824,1802,2057,3452,46,46,42,1.09,60,40.5,1.26,1.26,1.8,1.815,1.095,5.04,2.25,No,No,No,40.2,1.26,1.26,1.8,1.815,1.095,5.04,2,No,No,No,51,51,59,100,100,No,No,14727,23929,35,35,No,No,1299,631,0.1,0.1,0.2,0.2,0.554,40777,65424,0,0,0,0,0,0,28,30,30.9,84,0.905,12.162,12.15,12.166,12.171,0,0,10.774,5.674,10.356,10.523,3.627,0.173,7.482,7.56,210,50.6,1185,31.4,1290,0,3,0,0,9.5,0,0.1,0,0,0,0,0,0,Yes,No,No,No,No,Yes,No,5.3,7.8,0,0,0,0,0,0,0,0,0,3,0,0,0,0,0,0,0,0,0,0,0,0,0,0,0,0,0,0,0,0,11114,1168,905,62,2.5,0,0,0,16.5,3.5,61.6,1,3.5,287.05,986.93,16.23,1.28,329.46,330.71,0,1887,32,0.4,0.2,0,0,0,0,0,0
14.10.2025,11:54.0,24926,44490,35.9,19386,45935,29.6,0,1.031,1.064,1.066,1.06,1.038,1.043,1.066,1.036,1.013,0.993,0.993,0.998,1,1.251,3582.9,3890.5,3890.5,3890.5,3790.7,3790.7,3890.5,3790.7,3691,3092.4,3092.4,3092.4,3092.4,99.8,3491.5,3629.7,3746,3749.3,3752,3754.5,3755.7,3754.2,3755.7,3755.5,3750.5,3754.4,3755.3,3755.4,3755.8,3755.2,3755.2,3755.6,3129.9,3133.5,3135.4,3135.3,3684.6,100,99.9,100,99.9,100,100,100,100,100,100,100,100,100,100,100,100,100,100,100,100,100,100,100,100,101.3,104.7,104.7,104.7,104.7,104.7,104.7,104.7,104.7,104.7,104.8,104.7,104.7,104.7,104.7,104.8,104.8,87.7,87.6,87.6,87.6,101.3,35.9,39,39,39,38,38,39,38,37,31,31,31,31,35,84,84,83,91,85,87,88,83,89,78,78,78,78,16,16,17,9,15,13,12,17,11,22,22,22,22,90,91,Yes,No,No,Yes,Yes,Yes,Yes,No,Yes,No,No,No,No,No,No,No,No,No,No,No,No,No,No,No,No,No,No,No,No,No,No,No,No,No,No,No,No,No,No,Yes,No,No,91,91,46,0,0,0,0,0,0,0,1.25,85.642,106.277,94.485,9.928,0.837,150,175,88,0,0,99.7,99.6,99.6,99.7,99.8,99.8,99.8,99.8,99.8,99.7,99.8,99.8,99.8,99.8,99.8,99.8,99.8,99.4,99.6,99.6,99.6,0,0,0,0,0,0,0,0,0,0,0,0,0,0,0,0,0,0,0,0,0,0,0,0,0,0,0,0,0,0,0,0,0,0,0,2793.2,28,36,36,36,76,112,447,2,2,Yes,No,Yes,No,No,No,No,No,No,No,No,No,No,No,No,No,No,No,No,No,No,No,No,No,No,No,No,Yes,No,Yes,No,No,No,No,No,No,No,No,34,48,34,89,78,45,1.048,5.08,3.424,3.328,12.192,2.024,0.624,3.424,3.2,1.072,1.264,1.648,1.064,1,1,0.856,1.824,1802,2070,3443,45,46,42,1.065,56,40.5,1.26,1.26,1.8,1.8,1.095,5.04,1.375,No,No,No,40.2,1.26,1.26,1.8,1.815,1.095,5.04,1.5,No,No,No,51,51,59,100,100,No,No,14727,23929,35,35,No,No,1299,631,0.4,0,0.5,0.196,0.279,40777,65425,0,0,0,0,0,0,28,30,30.9,84,0.905,12.164,12.153,12.167,12.173,0,0,10.813,5.774,10.629,10.817,3.737,0.194,7.478,7.561,210,50.6,1185,32.1,1290,0,10,0,0,9.5,0,0.2,0,0,0,0,0,0,Yes,No,No,No,No,Yes,No,5.4,8.8,0,0,0,0,0,0,0,0,0,3,0,0,0,0,0,0,0,0,0,0,0,0,0,0,0,0,0,0,0,0,11114,1168,905,61,2.5,0,0,0,16.5,3.4,60.5,1,3.4,296.36,1002.65,16.53,1.5,398.53,400.03,0,1887,32,0.7,0.4,0,0,0,0,0,0
14.10.2025,11:56.0,24931,44485,35.9,19395,45925,29.6,0,1.033,1.036,0.999,1.013,1.033,1.036,1.033,1.035,1.066,1.041,1.037,1.036,1.033,1.251,3574.6,3790.7,3691,3691,3790.7,3790.7,3790.7,3790.7,3790.7,3192.2,3192.2,3192.2,3192.2,99.8,3391.7,3648.3,3767.9,3772.8,3775.6,3777.4,3776.1,3775.5,3777.3,3777.4,3762.2,3774,3775.5,3774,3776.5,3774.7,3776.9,3777.2,3138.2,3144.2,3146,3145.8,3704.1,99.9,99.8,99.9,100,100,99.9,99.9,100,100,99.7,99.9,100,99.9,100,99.9,100,100,99.9,100,100,100,100,99.9,100,101.9,105.3,105.4,105.4,105.4,105.3,105.3,105.4,105.4,105.1,105.4,105.4,105.4,105.4,105.4,105.4,105.4,87.9,88,87.9,87.9,101.9,35.8,38,37,37,38,38,38,38,38,32,32,32,32,34,84,85,86,90,87,87,89,83,84,77,78,78,78,16,15,14,10,13,13,11,17,16,23,22,22,22,90,90,Yes,No,No,Yes,Yes,Yes,Yes,No,Yes,No,No,No,No,No,No,No,No,No,No,No,No,No,No,No,No,No,No,No,No,No,No,No,No,No,No,No,No,No,No,Yes,No,No,90,90,46,0,0,0,0,0,0,0,1.25,96.744,104.626,93.197,9.648,0.751,150,175,104,0,0,99.7,99.5,99.6,99.7,99.8,99.8,99.8,99.8,99.8,99.4,99.7,99.8,99.8,99.8,99.8,99.8,99.8,99.4,99.6,99.6,99.6,0,0,0,0,0,0,0,0,0,0.1,0,0,0,0,0,0,0,0,0,0,0,0,0,0,0,0,0,0,0,0,0,0,0,0,0,2793.2,28,36,36,36,76,112,447,2,2,Yes,No,Yes,No,No,No,No,No,No,No,No,No,No,No,No,No,No,No,No,No,No,No,No,No,No,No,No,Yes,No,Yes,No,No,No,No,No,Yes,No,No,34,48,34,89,79,44,1.057,5.04,3.424,3.328,12.192,2.024,0.624,3.424,3.2,1.072,1.264,1.664,1.064,1,1,0.856,1.824,1804,2054,3461,45,46,42,1.065,57,40.5,1.26,1.26,1.8,1.815,1.2,5.04,2.875,No,No,No,40.2,1.26,1.26,1.8,1.815,1.095,5.04,2,No,No,No,51,51,59,100,100,No,No,14727,23929,35,35,No,No,1299,631,0,0.1,0.1,0.044,0.711,40777,65426,0,0,0,0,0,0,28,30,30.9,84,0.905,12.164,12.153,12.167,12.172,0,0,10.866,5.738,10.554,10.67,3.639,0.126,7.618,7.56,210,50.6,1185,36.4,1290,0,6,0,0,9.5,0.1,0.3,0,0,0,0,0,0,Yes,No,No,No,No,Yes,No,5.3,8.5,0,0,0,0,0,0,0,0,0,3,0,0,0,0,0,0,0,0,0,0,0,0,0,0,0,0,0,0,0,0,11114,1168,905,64,2.5,0,0,0,16.5,3.4,63.2,1.2,3.5,290.34,842.62,15.82,1.7,248.11,249.8,0,1887,32,0.4,0.3,0,0,0,0,0,0
14.10.2025,11:58.0,24932,44484,35.9,19395,45925,29.6,0,1.052,1.046,1.051,1.085,1.052,1.037,1.047,1.056,1.043,1.043,1.054,1.054,1.054,1.251,3607.8,3790.7,3790.7,3890.5,3890.5,3790.7,3790.7,3790.7,3790.7,3192.2,3192.2,3192.2,3192.2,99.8,3391.7,3592.4,3706.8,3704.5,3711.5,3711.2,3713.6,3713.8,3714.8,3715.8,3710.3,3714.3,3716.7,3714.9,3716.4,3717.4,3717.2,3718.1,3103.1,3109.5,3106.9,3110.8,3646.1,100,100,99.9,100,99.9,100,100,100,100,100,100,100,99.9,100,100,100,100,99.9,100,99.9,100,100,100,100,100.3,103.6,103.5,103.6,103.6,103.6,103.6,103.6,103.6,103.6,103.6,103.6,103.6,103.6,103.6,103.6,103.6,86.9,86.9,86.8,86.9,100.3,36.2,38,38,39,39,38,38,38,38,32,32,32,32,34,84,85,83,88,85,87,87,82,89,79,79,79,79,16,15,17,12,15,13,13,18,11,21,21,21,21,91,89,Yes,No,No,Yes,No,No,Yes,No,Yes,No,No,No,No,No,No,No,No,No,No,No,No,No,No,No,No,No,No,No,No,No,No,No,No,No,No,No,No,No,No,Yes,No,No,90,90,46,0,0,0,0,0,0,0,1.25,85.642,106.814,94.727,10.161,0.895,150,175,88,0,0,99.7,99.6,99.5,99.7,99.7,99.8,99.8,99.8,99.8,99.7,99.8,99.8,99.7,99.8,99.8,99.8,99.8,99.4,99.6,99.5,99.6,0,0,0,0,0,0,0,0,0,0.1,0,0.1,0,0,0,0,0,0,0,0,0,0,0,0,0,0,0,0,0,0,0,0,0,0,0,2793.2,28,36,36,36,76,112,447,2,2,Yes,No,Yes,No,No,No,No,No,No,No,No,No,No,No,No,No,No,No,No,No,No,No,No,No,No,No,No,Yes,No,Yes,No,No,No,No,No,No,No,No,34,48,34,90,79,45,1.057,5.04,3.424,3.328,12.192,2.024,0.624,3.424,3.2,1.072,1.264,1.648,1.064,1,1,0.856,1.824,1802,2086,3479,45,46,42,1.09,58,40.8,1.26,1.26,1.8,1.815,1.095,5.04,2.5,No,No,No,40.2,1.26,1.26,1.8,1.815,1.095,4.97,2,No,No,No,51,51,58,100,100,No,No,14727,23929,35,35,No,No,1299,631,0,0,0.1,0.035,0.304,40777,65427,0,0,0,0,0,0,28,30,31,84,0.905,12.162,12.151,12.166,12.171,0,0,10.79,5.703,10.668,10.645,3.53,0,7.521,7.557,210,50.6,1185,32.7,1290,0,1,0,0,9.5,0,0.1,0,0,0,0,0,0,Yes,No,No,No,No,Yes,No,5.3,8.4,0,0,0,0,0,0,0,0,0,3,0,0,0,0,0,0,0,0,0,0,0,0,0,0,0,0,0,0,0,0,11114,1168,905,64,2.5,0,0,0,16.5,3.4,60.3,1,3.4,294.48,988.42,16.57,1.34,332.15,333.53,0,1887,32,0.5,0.2,0,0,0,0,0,0
14.10.2025,12:00.0,24928,44488,35.9,19390,45930,29.6,0,1.049,1.057,1.077,1.1,1.058,1.055,1.082,1.008,1.037,1.032,1.037,1.026,1.021,1.251,3624.5,3790.7,3890.5,3890.5,3890.5,3890.5,3890.5,3691,3790.7,3192.2,3192.2,3192.2,3192.2,99.8,3391.7,3621.3,3738.1,3737.6,3742.6,3743.9,3745,3744.3,3746.3,3746.7,3741.6,3745.2,3746.4,3746,3747.7,3747.6,3748,3748.4,3123.4,3128.5,3129.6,3129.1,3676,100,100,99.9,99.9,100,99.9,99.9,99.9,99.9,100,100,100,99.9,100,100,100,100,100,100,100,100,100,100,100,101.1,104.4,104.4,104.4,104.5,104.4,104.4,104.5,104.5,104.5,104.5,104.5,104.5,104.5,104.5,104.5,104.5,87.5,87.5,87.5,87.5,101.1,36.3,38,39,39,39,39,39,37,38,32,32,32,32,34,84,84,82,88,87,89,88,83,89,80,79,79,79,16,16,18,12,13,11,12,17,11,20,21,21,21,87,89,Yes,No,No,Yes,No,Yes,Yes,No,Yes,No,No,No,No,No,No,No,No,No,No,No,No,No,No,No,No,No,No,No,No,No,No,No,No,No,No,No,No,No,No,Yes,No,No,90,90,46,0,0,0,0,0,0,0,1.25,90.4,106.393,94.195,10.235,0.933,150,175,96,0,0,99.7,99.6,99.6,99.7,99.7,99.7,99.7,99.7,99.8,99.6,99.7,99.8,99.8,99.8,99.8,99.8,99.8,99.4,99.5,99.6,99.6,0,0,0,0,0,0,0,0,0,0,0,0,0,0,0,0,0,0,0,0,0,0,0,0,0,0,0,0,0,0,0,0,0,0,0,2793.2,28,36,36,36,76,112,447,2,2,Yes,No,Yes,No,No,No,No,No,No,No,No,No,No,No,No,No,No,No,No,No,No,No,No,No,No,No,No,Yes,No,Yes,No,No,No,No,No,No,No,No,34,48,34,89,79,45,1.066,5.04,3.424,3.328,12.192,2.024,0.624,3.424,3.2,1.072,1.264,1.648,1.064,1,1,0.856,1.824,1804,2083,3400,45,46,42,1.035,55,40.8,1.26,1.26,1.8,1.815,1.095,4.97,2,No,No,No,40.2,1.26,1.26,1.8,1.815,1.095,4.97,1.75,No,No,No,51,51,59,100,100,No,No,14727,23929,35,35,No,No,1299,631,0.2,1.1,1.3,0.153,6.526,40777,65439,0,0,0,0,0,0,28,30,30.9,84,0.905,12.159,12.146,12.163,12.169,0,0,10.71,5.64,10.326,10.423,3.541,0.106,7.531,7.555,210,50.6,1185,32.1,1290,0,3,0,0,9.5,0,0.2,0,0,0,0,0,0,Yes,No,No,No,No,Yes,No,5.2,7.9,0,0,0,0,0,0,0,0,0,3,0,0,0,0,0,0,0,0,0,0,0,0,0,0,0,0,0,0,0,0,11114,1168,905,64,2.5,0,0,0,16.5,3.4,79.4,1,3.4,298.2,1000.17,12.59,1.51,331.9,333.35,0,1887,32,0.1,0.2,0,0,0,0,0,0
14.10.2025,12:02.0,24934,44483,35.9,19393,45927,29.6,0,1.051,1.033,1.017,1.021,1.044,1.041,1.042,1.013,1.08,1.084,1.078,1.078,1.078,1.251,3582.9,3790.7,3691,3691,3790.7,3790.7,3790.7,3691,3890.5,3291.9,3192.2,3192.2,3192.2,99.8,3391.7,3629.1,3748.4,3748.6,3755.4,3753.7,3756.5,3754.3,3754.4,3754.2,3749.8,3752.9,3752.8,3752.8,3755.1,3753.9,3755,3754.4,3127.2,3134.2,3135.1,3133.7,3684.1,99.9,99.9,99.9,100,99.9,99.9,99.9,99.9,99.9,100,100,99.9,99.9,100,99.9,100,99.9,100,100,100,100,100,99.9,100,101.4,104.7,104.7,104.8,104.7,104.8,104.7,104.8,104.8,104.8,104.8,104.7,104.7,104.8,104.8,104.8,104.8,87.7,87.7,87.7,87.7,101.4,35.9,38,37,37,38,38,38,37,39,33,32,32,32,34,84,86,86,88,85,88,89,83,87,78,81,81,81,16,14,14,12,15,12,11,17,13,22,19,19,19,91,89,Yes,No,No,Yes,Yes,Yes,Yes,No,Yes,No,No,No,No,No,No,No,No,No,No,No,No,No,No,No,No,No,No,No,No,No,No,No,No,No,No,No,No,No,No,Yes,No,No,90,90,46,0,0,0,0,0,0,0,1.25,95.158,105.632,93.659,10.073,0.871,150,175,104,0,0,99.7,99.6,99.6,99.8,99.7,99.8,99.7,99.8,99.8,99.6,99.7,99.7,99.7,99.8,99.8,99.8,99.8,99.3,99.5,99.5,99.5,0,0,0,0,0,0,0,0,0,0,0,0,0,0,0,0,0,0,0,0,0,0,0,0,0,0,0,0,0,0,0,0,0,0,0,2793.2,28,36,36,36,76,112,447,2,2,Yes,No,Yes,No,No,No,No,No,No,No,No,No,No,No,No,No,No,No,No,No,No,No,No,No,No,No,No,Yes,No,Yes,No,No,No,No,No,No,No,No,34,48,34,89,79,45,1.039,5.04,3.424,3.328,12.192,2.024,0.624,3.424,3.2,1.072,1.264,1.664,1.064,1,1,0.856,1.824,1804,2057,3470,46,46,42,1.095,61,40.8,1.26,1.26,1.8,1.815,1.095,4.97,1.25,No,No,No,40.2,1.26,1.26,1.8,1.815,1.095,4.97,2,No,No,No,51,51,62,100,100,No,No,14727,23929,35,35,No,No,1299,631,1.2,0.8,2.1,1.135,7.062,40780,65453,0,0,0,0,0,0,28,30,30.9,84,0.905,12.164,12.154,12.167,12.172,0,0,10.703,5.686,10.511,10.573,3.579,0.072,7.509,7.557,210,50.6,1185,29.8,1290,0,4,0,0,9.5,0,0.2,0,0,0,0,0,0,Yes,No,No,No,No,Yes,No,5.3,7.1,0,0,0,0,0,0,0,0,0,3,0,0,0,0,0,0,0,0,0,0,0,0,0,0,0,0,0,0,0,0,11114,1168,905,62,2.5,0,0,0,16.5,3.3,62,1,3.4,301.57,995.03,16.13,1.41,331.92,333.37,0,1887,32,1.4,0.1,0,0,0,0,0,0
14.10.2025,12:04.0,24950,44466,35.9,19407,45914,29.7,0,1.037,1.056,1.046,1.036,1.009,1.016,1.034,1.015,1.057,1.042,1.044,1.044,1.045,1.251,3566.3,3790.7,3790.7,3790.7,3691,3691,3790.7,3691,3790.7,3192.2,3192.2,3192.2,3192.2,99.8,3391.7,3621.6,3733.6,3733.5,3741.2,3745.1,3748.4,3748,3746.9,3747,3741.9,3743.2,3746.3,3746.8,3745.8,3749.9,3751.5,3751.5,3121.8,3126.6,3131.3,3131.4,3676,99.9,99.9,99.9,99.9,99.9,100,99.9,99.9,99.9,100,100,99.9,99.9,99.9,100,100,100,100,100,100,100,100,99.9,100,101.1,104.4,104.4,104.5,104.5,104.5,104.5,104.5,104.5,104.6,104.6,104.5,104.5,104.5,104.6,104.6,104.6,87.6,87.6,87.6,87.6,101.1,35.8,38,38,38,37,37,38,37,38,32,32,32,32,34,83,83,82,90,87,88,89,82,86,79,79,78,78,17,17,18,10,13,12,11,18,14,21,21,22,22,89,90,Yes,Yes,No,Yes,Yes,Yes,Yes,No,Yes,No,No,No,No,No,No,No,No,No,No,No,No,No,No,No,No,No,No,No,No,No,No,No,No,No,No,No,No,No,No,Yes,No,No,89,89,46,0,0,0,0,0,0,0,1.25,82.47,105.278,93.448,9.971,0.829,150,175,96,0,0,99.6,99.4,99.4,99.6,99.7,99.8,99.8,99.7,99.7,99.6,99.6,99.7,99.7,99.7,99.8,99.8,99.8,99.2,99.4,99.5,99.5,0,0,0,0,0,0,0,0,0,0,0,0,0,0,0,0,0,0,0,0,0,0,0,0,0,0,0,0,0,0,0,0,0,0,0,2793.2,28,36,36,36,76,112,447,2,2,Yes,No,Yes,No,No,No,No,No,No,No,No,No,No,No,No,No,No,No,No,No,No,No,No,No,No,No,No,Yes,No,Yes,No,No,No,No,No,Yes,No,No,34,48,34,90,79,46,1.083,5.04,3.424,3.328,12.192,2.024,0.624,3.424,3.2,1.072,1.264,1.664,1.064,1,1,0.856,1.824,1802,2067,3375,46,46,42,1.09,60,40.8,1.26,1.26,1.8,1.815,1.095,4.97,1.5,No,No,No,40.2,1.26,1.26,1.8,1.815,1.095,4.97,1.75,No,No,No,51,51,62,100,100,No,No,14727,23929,35,35,No,No,1299,631,1.9,1.2,3.1,1.625,3.138,40783,65459,0,0,0,0,0,0,28,30,31,84,0.905,12.165,12.154,12.168,12.172,0,0,11.254,5.855,10.405,10.951,4.017,0.562,7.479,7.57,210,50.6,1185,40,1290,5,2,0,0,9.5,0.2,1.1,0,0,0,0,0,0,Yes,No,No,No,No,Yes,No,5.5,7.4,0,0,0,0,0,0,0,0,0,3,0,0,0,0,0,0,0,0,0,0,0,0,0,0,0,0,0,0,0,0,11113,1169,906,63,2.5,0,0,0,16.5,3.9,65.5,1.7,4,255.06,598.4,15.27,1.62,117.97,119.56,0,1887,32,2.3,0.1,0,0,0,0,0,0
14.10.2025,12:06.0,25012,44404,36,19413,45908,29.7,0,1.038,1.047,1.061,1.062,1.035,1.035,1.006,1.021,1.01,1.042,1.045,1.045,1.049,1.251,3582.9,3790.7,3890.5,3890.5,3790.7,3790.7,3691,3691,3691,3192.2,3192.2,3192.2,3192.2,99.8,3391.7,3607.5,3718.1,3720.3,3728.8,3730.5,3732.9,3733.7,3732.7,3733.9,3724.4,3727.3,3730.7,3731.7,3733.9,3734.3,3735.2,3735,3112.6,3115.5,3119.9,3119.3,3661.7,100,100,100,100,100,100,100,100,100,100,100,100,100,100,100,100,100,100,100,100,100,100,100,100,100.8,104.1,104.1,104.1,104.1,104.1,104.2,104.1,104.1,104.1,104.1,104.1,104.1,104.1,104.1,104.2,104.2,87.3,87.3,87.3,87.3,100.8,35.9,38,39,39,38,38,37,37,37,32,32,32,32,34,84,84,84,91,88,89,89,83,89,78,79,79,79,16,16,16,9,12,11,11,17,11,22,21,21,21,89,91,Yes,No,No,Yes,No,Yes,Yes,No,Yes,No,No,No,No,No,No,No,No,No,No,No,No,No,No,No,No,No,No,No,No,No,No,No,No,No,No,No,No,No,No,Yes,No,No,88,88,46,0,0,0,0,0,0,0,1.25,85.642,105.651,93.595,10.138,0.888,150,175,88,0,0,99.6,99.4,99.5,99.7,99.7,99.7,99.8,99.8,99.8,99.5,99.6,99.7,99.7,99.8,99.8,99.8,99.8,99.3,99.4,99.5,99.5,0,0,0,0,0,0,0,0,0,0,0,0,0,0,0,0,0,0,0,0,0,0,0,0,0,0,0,0,0,0,0,0,0,0,0,2793.2,28,36,36,36,76,112,447,2,2,Yes,No,Yes,No,No,No,No,No,No,No,No,No,No,No,No,No,No,No,No,No,No,No,No,No,No,No,No,Yes,No,Yes,No,No,No,No,No,No,No,No,34,48,34,90,78,46,1.039,5.04,3.424,3.328,12.192,2.024,0.616,3.424,3.2,1.072,1.264,1.648,1.064,1,1,0.856,1.824,1800,2064,3452,45,46,42,1.075,55,40.8,1.26,1.26,1.8,1.8,1.095,4.97,2,No,No,No,40.2,1.26,1.26,1.8,1.815,1.095,4.97,1.5,No,No,No,51,51,61,100,100,No,No,14727,23929,35,35,No,No,1299,631,4.7,1.1,5.8,6.649,0.758,40795,65460,0,0,0,0,0,0,28,30,31,84,0.905,12.167,12.157,12.171,12.174,0,0,11.105,5.769,10.647,10.808,3.713,0.169,7.475,7.572,210,50.6,1185,65.4,1290,0,7,0,0,9.5,0.1,0.6,0,0,0,0,0,0,Yes,No,No,No,No,Yes,No,5.4,8.6,0,0,0,0,0,0,0,0,0,3,0,0,0,0,0,0,0,0,0,0,0,0,0,0,0,0,0,0,0,0,11113,1169,906,63,2.5,0,0,0,16.5,6.6,61.8,2.4,6.7,152.21,410.14,16.18,1.28,47.07,48.36,0,1887,32,9.4,5.4,0,0,0,0,0,0
14.10.2025,12:08.0,25004,44412,36,19409,45912,29.7,0,1.029,1.01,1.021,1.018,1.021,1.04,1.033,1.011,1.038,1.04,1.04,1.04,1.04,1.251,3558,3691,3691,3691,3790.7,3790.7,3790.7,3691,3790.7,3192.2,3192.2,3192.2,3192.2,99.8,3291.9,3610.2,3728.5,3729,3732.9,3733.6,3733.9,3733.4,3734.4,3734.2,3727.6,3730.2,3732.6,3732.6,3734.7,3734.8,3734.9,3735.3,3116.3,3120.7,3123.7,3120,3664.4,100,100,100,100,100,100,100,100,100,100,100,100,100,100,100,100,100,100,100,100,100,100,100,100,100.8,104.2,104.2,104.2,104.2,104.2,104.2,104.2,104.2,104.2,104.2,104.2,104.2,104.2,104.2,104.2,104.2,87.3,87.3,87.3,87.3,100.8,35.7,37,37,37,38,38,38,37,38,32,32,32,32,33,83,84,83,90,87,87,90,81,86,78,78,78,78,17,16,17,10,13,13,10,19,14,22,22,22,22,90,90,Yes,No,No,Yes,No,Yes,Yes,No,Yes,No,No,No,No,No,No,No,No,No,No,No,No,No,No,No,No,No,No,No,No,No,No,No,No,No,No,No,No,No,No,Yes,No,No,89,89,46,0,0,0,0,0,0,0,1.25,85.642,105.334,93.26,10.142,0.901,150,175,88,0,0,99.7,99.6,99.6,99.7,99.8,99.8,99.8,99.8,99.8,99.6,99.7,99.7,99.7,99.8,99.8,99.8,99.8,99.4,99.5,99.6,99.5,0,0,0,0,0,0,0,0,0,0,0,0,0,0,0,0,0,0,0,0,0,0,0,0,0,0,0,0,0,0,0,0,0,0,0,2793.2,28,36,36,36,76,112,447,2,2,Yes,No,Yes,No,No,No,No,No,No,No,No,No,No,No,No,No,No,No,No,No,No,No,No,No,No,No,No,Yes,No,Yes,No,No,No,No,No,No,No,No,34,48,34,89,79,45,1.057,5.04,3.424,3.328,12.192,2.024,0.616,3.424,3.2,1.072,1.264,1.664,1.064,1,1,0.856,1.824,1804,2070,3400,45,46,42,1.065,55,40.8,1.26,1.26,1.8,1.815,1.2,4.97,2.25,No,No,No,40.2,1.26,1.26,1.8,1.815,1.11,4.97,2,No,No,No,51,51,59,100,100,No,No,14727,23929,35,35,No,No,1299,631,0.1,0.3,0.3,0.072,0.534,40796,65461,0,0,0,0,0,0,28,30,31,84,0.905,12.161,12.149,12.165,12.171,0,0,11.141,5.914,10.496,11.107,4.114,0.614,7.496,7.57,210,50.6,1185,35.8,1290,4,10,0,0,9.5,0.1,0.3,0,0,0,0,0,0,Yes,No,No,No,No,Yes,No,5.6,7.3,0,0,0,0,0,0,0,0,0,3,0,0,0,0,0,0,0,0,0,0,0,0,0,0,0,0,0,0,0,0,11113,1169,906,62,2.5,0,0,0,16.5,6.3,147.4,1.2,6.4,158.28,831.86,6.78,1.43,192.55,194,0,1887,32,0.3,1.3,0,0,0,0,0,0
14.10.2025,12:10.0,25023,44393,36,19420,45901,29.7,0,1.038,1.035,1.067,1.043,1.062,1.046,1.07,1.062,1.031,1.009,1.009,1.009,1.009,1.251,3591.2,3790.7,3890.5,3790.7,3890.5,3790.7,3890.5,3890.5,3790.7,3092.4,3092.4,3092.4,3092.4,99.8,3391.7,3624.4,3739.2,3739.7,3745.7,3746.7,3749.4,3750.3,3750.5,3750.4,3743.8,3747.4,3748.2,3748,3751.9,3752.2,3752.8,3753,3125.1,3129.6,3132.3,3131.5,3679.1,100,100,100,100,100,100,100,100,100,100,100,100,100,100,100,100,100,100,100,100,100,100,100,100,101.1,104.5,104.5,104.5,104.5,104.5,104.5,104.5,104.5,104.6,104.6,104.5,104.5,104.6,104.6,104.6,104.6,87.5,87.5,87.5,87.5,101.1,36,38,39,38,39,38,39,39,38,31,31,31,31,34,84,83,86,91,89,88,88,83,89,79,79,79,79,16,17,14,9,11,12,12,17,11,21,21,21,21,87,91,Yes,Yes,No,Yes,Yes,Yes,Yes,No,Yes,No,No,No,No,No,No,No,No,No,No,No,No,No,No,No,No,No,No,No,No,No,No,No,No,No,No,No,No,No,No,Yes,No,No,91,91,46,0,0,0,0,0,0,0,1.25,77.712,105.723,93.714,10.1,0.883,150,175,88,0,0,99.7,99.6,99.6,99.8,99.8,99.8,99.8,99.8,99.8,99.6,99.7,99.8,99.7,99.8,99.8,99.8,99.8,99.4,99.5,99.6,99.6,0,0,0,0,0,0,0,0,0,0,0,0,0,0,0,0,0,0,0,0,0,0,0,0,0,0,0,0,0,0,0,0,0,0,0,2793.2,28,36,36,36,76,112,447,2,2,Yes,No,Yes,No,No,No,No,No,No,No,No,No,No,No,No,No,No,No,No,No,No,No,No,No,No,No,No,Yes,No,Yes,No,No,No,No,No,Yes,No,No,34,48,34,89,79,45,1.039,5.04,3.424,3.328,12.192,2.024,0.616,3.424,3.2,1.072,1.264,1.648,1.064,1,1,0.856,1.824,1800,2057,3461,46,46,42,1.06,53,40.8,1.26,1.26,1.8,1.815,1.11,5.04,2,No,No,No,40.5,1.26,1.26,1.8,1.815,1.11,5.04,2.375,No,No,No,51,51,60,100,100,No,No,14727,23929,35,35,No,No,1299,631,0.1,0.3,0.3,0.107,0.557,40796,65462,0,0,0,0,0,0,28.1,30,31,84,0.905,12.159,12.149,12.163,12.167,0,0,11.316,6.607,10.549,12.284,5.256,1.745,8.735,7.677,210,50.6,1185,47.1,1290,9,3,0,1,9.5,0.3,1.5,0,0,0,0,0,0,Yes,No,No,No,No,Yes,No,6.1,7.8,0,0,0,0,0,0,0,0,0,3,0,0,0,0,0,0,0,0,0,0,0,0,0,0,0,0,0,0,0,0,11113,1169,906,61,2.5,0,0,0,16.5,8.3,129.1,2.4,8.4,120.21,409.48,7.74,1.36,60.86,62.22,0,1887,32,3,2.7,0,0,0,0,0,0
14.10.2025,12:10.3,25023,44393,36,19420,45901,29.7,0,1.038,1.035,1.067,1.043,1.062,1.046,1.07,1.062,1.031,1.009,1.009,1.009,1.009,1.251,3591.2,3790.7,3890.5,3790.7,3890.5,3790.7,3890.5,3890.5,3790.7,3092.4,3092.4,3092.4,3092.4,99.8,3391.7,3624.4,3739.2,3739.7,3745.7,3746.7,3749.4,3750.3,3750.5,3750.4,3743.8,3747.4,3748.2,3748,3751.9,3752.2,3752.8,3753,3125.1,3129.6,3132.3,3131.5,3679.1,100,100,100,100,100,100,100,100,100,100,100,100,100,100,100,100,100,100,100,100,100,100,100,100,101.1,104.5,104.5,104.5,104.5,104.5,104.5,104.5,104.5,104.6,104.6,104.5,104.5,104.6,104.6,104.6,104.6,87.5,87.5,87.5,87.5,101.1,36,38,39,38,39,38,39,39,38,31,31,31,31,34,84,83,86,91,89,88,88,83,89,79,79,79,79,16,17,14,9,11,12,12,17,11,21,21,21,21,87,91,Yes,Yes,No,Yes,Yes,Yes,Yes,No,Yes,No,No,No,No,No,No,No,No,No,No,No,No,No,No,No,No,No,No,No,No,No,No,No,No,No,No,No,No,No,No,Yes,No,No,91,91,46,0,0,0,0,0,0,0,1.25,77.712,105.723,93.714,10.1,0.883,150,175,88,0,0,99.7,99.6,99.6,99.8,99.8,99.8,99.8,99.8,99.8,99.6,99.7,99.8,99.7,99.8,99.8,99.8,99.8,99.4,99.5,99.6,99.6,0,0,0,0,0,0,0,0,0,0,0,0,0,0,0,0,0,0,0,0,0,0,0,0,0,0,0,0,0,0,0,0,0,0,0,2793.2,28,36,36,36,76,112,447,2,2,Yes,No,Yes,No,No,No,No,No,No,No,No,No,No,No,No,No,No,No,No,No,No,No,No,No,No,No,No,Yes,No,Yes,No,No,No,No,No,Yes,No,No,34,48,34,89,79,45,1.039,5.04,3.424,3.328,12.192,2.024,0.616,3.424,3.2,1.072,1.264,1.648,1.064,1,1,0.856,1.824,1800,2057,3461,46,46,42,1.06,53,40.8,1.26,1.26,1.8,1.815,1.11,5.04,2,No,No,No,40.5,1.26,1.26,1.8,1.815,1.11,5.04,2.375,No,No,No,51,51,60,100,100,No,No,14727,23929,35,35,No,No,1299,631,0.1,0.3,0.3,0.107,0.557,40796,65462,0,0,0,0,0,0,28.1,30,31,84,0.905,12.159,12.149,12.163,12.167,0,0,11.316,6.607,10.549,12.284,5.256,1.745,8.735,7.677,210,50.6,1185,47.1,1290,9,3,0,1,9.5,0.3,1.5,0,0,0,0,0,0,Yes,No,No,No,No,Yes,No,6.1,7.8,0,0,0,0,0,0,0,0,0,3,0,0,0,0,0,0,0,0,0,0,0,0,0,0,0,0,0,0,0,0,11113,1169,906,61,2.5,0,0,0,16.5,8.3,129.1,2.4,8.4,120.21,409.48,7.74,1.36,60.86,62.22,0,1887,32,3,2.7,0,0,0,0,0,0
14.10.2025,12:12.0,25025,44391,36,19418,45902,29.7,0,1.025,1.011,1.015,1.015,1.016,1.031,1.012,1.038,1.035,1.033,1.033,1.033,1.032,1.251,3541.3,3691,3691,3691,3691,3691,3691,3790.7,3790.7,3192.2,3192.2,3192.2,3192.2,99.8,3291.9,3613,3726.2,3725.7,3734.1,3736.9,3738.3,3737,3740.3,3740.3,3727,3730.9,3734.5,3735.7,3738.7,3739.1,3738.1,3739.6,3120.5,3124,3127.6,3125.6,3667.1,100,100,100,100,100,100,100,100,100,100,100,100,100,100,100,100,100,100,100,100,100,100,100,100,101,104.3,104.3,104.3,104.3,104.3,104.3,104.4,104.4,104.3,104.3,104.3,104.3,104.4,104.4,104.3,104.3,87.5,87.5,87.5,87.5,100.9,35.5,37,37,37,37,37,37,38,38,32,32,32,32,33,84,84,84,88,85,87,89,84,87,79,79,79,79,16,16,16,12,15,13,11,16,13,21,21,21,21,89,89,Yes,No,No,Yes,No,Yes,Yes,No,Yes,No,No,No,No,No,No,No,No,No,No,No,No,No,No,No,No,No,No,No,No,No,No,No,No,No,No,No,No,No,No,Yes,No,No,90,90,46,0,0,0,0,0,0,0,1.25,72.954,105.581,93.487,10.157,0.902,150,175,72,0,0,99.6,99.4,99.4,99.6,99.7,99.8,99.8,99.8,99.8,99.5,99.6,99.7,99.7,99.8,99.8,99.8,99.8,99.3,99.5,99.6,99.5,0,0,0,0,0,0,0,0,0,0,0,0,0,0,0,0,0,0,0,0,0,0,0,0,0,0,0,0,0,0,0,0,0,0,0,2793.2,28,36,36,36,76,112,447,2,2,Yes,No,Yes,No,No,No,No,No,No,No,No,No,No,No,No,No,No,No,No,No,No,No,No,No,No,No,No,Yes,No,Yes,No,No,No,No,No,No,No,No,34,48,34,89,78,44,1.074,5.04,3.424,3.328,12.192,2.024,0.616,3.424,3.2,1.072,1.264,1.648,1.064,1,1,0.856,1.824,1804,2073,3452,46,46,42,1.065,56,40.8,1.26,1.26,1.8,1.815,1.11,5.04,1.75,No,No,No,40.5,1.26,1.26,1.8,1.815,1.11,5.04,2.375,No,No,No,51,51,62,100,100,No,No,14727,23929,35,35,No,No,1299,631,0.1,0.2,0.3,0.211,0.617,40796,65464,0,0,0,0,0,0,28,30,30.9,84,0.905,12.161,12.149,12.164,12.17,0,0,12.139,5.643,10.337,10.436,3.554,0.109,7.489,7.574,210,50.6,1185,106.6,1290,14,3,0,2,9.5,1.1,5.3,0,0,0,0,0,0,Yes,No,No,No,No,Yes,No,5.2,7.7,0,0,0,0,0,0,0,0,0,3,0,0,0,0,0,0,0,0,0,0,0,0,0,0,0,0,0,0,0,0,11113,1169,906,61,2.5,0,0,0,16.5,22.9,62.6,5.4,23.1,43.75,184.39,15.98,2.46,21.22,23.68,0,1887,32,0.3,0,0,0,0,0,0,0
14.10.2025,12:14.0,25041,44375,36,19435,45885,29.7,0,1.032,0.993,1.031,1.006,1.029,1.031,1.01,1.01,1.055,1.035,1.062,1.062,1.062,1.251,3524.7,3591.2,3691,3691,3691,3691,3691,3691,3790.7,3192.2,3192.2,3192.2,3192.2,99.8,3192.2,3630.3,3744.3,3745.6,3751.7,3752.8,3756.6,3755.7,3756.4,3756.1,3749,3753.3,3754.6,3756,3757.1,3757.3,3757.5,3757.3,3132.4,3137,3139,3137.3,3685,100,100,100,100,100,100,100,100,100,100,100,100,100,100,100,100,100,100,100,100,100,100,100,100,101.4,104.8,104.8,104.8,104.7,104.8,104.8,104.8,104.8,104.8,104.8,104.8,104.8,104.8,104.8,104.8,104.8,87.8,87.8,87.8,87.8,101.5,35.3,36,37,37,37,37,37,37,38,32,32,32,32,32,83,83,82,90,85,84,88,81,89,78,79,79,79,17,17,18,10,15,16,12,19,11,22,21,21,21,88,90,Yes,Yes,No,Yes,Yes,Yes,Yes,No,Yes,No,No,No,No,No,No,No,No,No,No,No,No,No,No,No,No,No,No,No,No,No,No,No,No,No,No,No,No,No,No,Yes,No,No,91,91,46,0,0,0,0,0,0,0,1.25,96.744,106.248,94.072,10.221,0.924,150,175,104,0,0,99.7,99.5,99.5,99.7,99.7,99.8,99.8,99.8,99.8,99.6,99.7,99.7,99.8,99.8,99.8,99.8,99.8,99.3,99.5,99.5,99.5,0,0,0,0,0,0,0,0,0,0,0,0,0,0,0,0,0,0,0,0,0,0,0,0,0,0,0,0,0,0,0,0,0,0,0,2793.2,28,36,36,36,76,112,447,2,2,Yes,No,Yes,No,No,No,No,No,No,No,No,No,No,No,No,No,No,No,No,No,No,No,No,No,No,No,No,Yes,No,Yes,No,No,No,No,No,Yes,No,No,34,48,34,89,78,45,1.03,5.04,3.424,3.328,12.192,2.024,0.616,3.424,3.2,1.072,1.264,1.648,1.064,1,1,0.856,1.824,1804,2070,3488,44,46,42,1.05,53,41,1.26,1.26,1.8,1.815,1.11,5.04,2.25,No,No,No,40.5,1.26,1.26,1.8,1.815,1.11,5.04,2.75,No,No,No,51,51,63,100,100,No,No,14727,23930,35,35,No,No,1299,631,4.4,0.1,4.4,60.746,0.444,40910,65464,0,0,0,0,0,0,28.1,30,30.9,84,0.905,12.164,12.156,12.167,12.17,0,0,11.284,6.372,11.01,12.276,4.941,1.273,7.486,7.618,210,50.6,1185,61.2,1290,12,2,0,1,9.5,0.3,1.5,0,0,0,0,0,0,Yes,No,No,No,No,Yes,No,6.4,9.7,0,0,0,0,0,0,0,0,0,3,0,0,0,0,0,0,0,0,0,0,0,0,0,0,0,0,0,0,0,0,11113,1169,906,61,2.5,0,0,0,16.5,20.6,63.4,2.2,20.9,48.48,447.5,15.76,1.43,53.23,54.64,0,1887,32,0.4,0.2,0,0,0,0,0,0
14.10.2025,12:14.9,24978,44438,35.9,19428,45892,29.7,0,1.048,1.022,1.054,1.041,1.048,1.029,1.034,1.03,1.075,1.072,1.057,1.057,1.057,1.251,3591.2,3691,3790.7,3790.7,3790.7,3790.7,3790.7,3790.7,3890.5,3192.2,3192.2,3192.2,3192.2,99.8,3291.9,3624.4,3735.7,3736.6,3745,3747.3,3750.1,3749.1,3750.1,3750.5,3741.6,3744.4,3748.3,3749,3750.8,3752.6,3755.4,3755.7,3128.2,3130.7,3133.6,3132.7,3679,100,100,100,100,100,100,100,100,100,100,100,100,100,100,100,100,100,100,100,100,100,100,100,100,101.2,104.5,104.5,104.6,104.6,104.6,104.6,104.6,104.6,104.6,104.5,104.6,104.5,104.6,104.6,104.6,104.6,87.6,87.6,87.6,87.6,101.2,36,37,38,38,38,38,38,38,39,32,32,32,32,33,84,85,82,91,85,89,89,83,85,77,79,79,79,16,15,18,9,15,11,11,17,15,23,21,21,21,90,91,Yes,No,No,Yes,No,Yes,Yes,No,Yes,No,No,No,No,No,No,No,No,No,No,No,No,No,No,No,No,No,No,No,No,No,No,No,No,No,No,No,No,No,No,Yes,No,No,88,88,46,0,0,0,0,0,0,0,1.25,95.158,106.346,94.107,10.275,0.939,150,175,104,0,0,99.7,99.5,99.5,99.7,99.7,99.8,99.8,99.8,99.8,99.6,99.6,99.7,99.7,99.8,99.8,99.8,99.8,99.4,99.4,99.5,99.5,0,0,0,0,0,0,0,0,0,0,0,0,0,0,0,0,0,0,0,0,0,0,0,0,0,0,0,0,0,0,0,0,0,0,0,2793.2,28,36,36,36,76,112,447,2,2,Yes,No,Yes,No,No,No,No,No,No,No,No,No,No,No,No,No,No,No,No,No,No,No,No,No,No,No,No,Yes,No,Yes,No,No,No,No,No,No,No,No,34,48,34,89,78,46,1.074,5.04,3.424,3.328,12.192,2.024,0.616,3.424,3.2,1.072,1.264,1.648,1.064,1,1,0.856,1.824,1800,2057,3391,45,46,42,1.12,57,41,1.26,1.26,1.8,1.815,1.11,5.04,1.75,No,No,No,40.5,1.26,1.26,1.8,1.815,1.11,5.04,3,No,No,No,51,51,63,100,100,No,No,14727,23930,35,35,No,No,1299,631,1,0.1,1.2,14.235,0.788,40938,65466,0,0,0,0,0,0,28,30,30.9,84,0.905,12.161,12.148,12.164,12.17,0,0,10.845,6.015,10.466,11.337,4.369,0.879,7.482,7.572,210,50.6,1185,66.3,1290,1,7,0,0,9.5,0.2,1.2,0,0,0,0,0,0,Yes,No,No,No,No,Yes,No,5.4,8.6,0,0,0,0,0,0,0,0,0,3,0,0,0,0,0,0,0,0,0,0,0,0,0,0,0,0,0,0,0,0,11113,1169,906,61,2.5,0,0,0,16.5,25.1,61.7,5,25.3,39.9,200.04,16.21,1.63,28.32,29.95,0,1887,32,0.1,0.2,0,0,0,0,0,0
14.10.2025,12:16.0,24978,44438,35.9,19428,45892,29.7,0,1.048,1.022,1.054,1.041,1.048,1.029,1.034,1.03,1.075,1.072,1.057,1.057,1.057,1.251,3591.2,3691,3790.7,3790.7,3790.7,3790.7,3790.7,3790.7,3890.5,3192.2,3192.2,3192.2,3192.2,99.8,3291.9,3624.4,3735.7,3736.6,3745,3747.3,3750.1,3749.1,3750.1,3750.5,3741.6,3744.4,3748.3,3749,3750.8,3752.6,3755.4,3755.7,3128.2,3130.7,3133.6,3132.7,3679,100,100,100,100,100,100,100,100,100,100,100,100,100,100,100,100,100,100,100,100,100,100,100,100,101.2,104.5,104.5,104.6,104.6,104.6,104.6,104.6,104.6,104.6,104.5,104.6,104.5,104.6,104.6,104.6,104.6,87.6,87.6,87.6,87.6,101.2,36,37,38,38,38,38,38,38,39,32,32,32,32,33,84,85,82,91,85,89,89,83,85,77,79,79,79,16,15,18,9,15,11,11,17,15,23,21,21,21,90,91,Yes,No,No,Yes,No,Yes,Yes,No,Yes,No,No,No,No,No,No,No,No,No,No,No,No,No,No,No,No,No,No,No,No,No,No,No,No,No,No,No,No,No,No,Yes,No,No,88,88,46,0,0,0,0,0,0,0,1.25,95.158,106.346,94.107,10.275,0.939,150,175,104,0,0,99.7,99.5,99.5,99.7,99.7,99.8,99.8,99.8,99.8,99.6,99.6,99.7,99.7,99.8,99.8,99.8,99.8,99.4,99.4,99.5,99.5,0,0,0,0,0,0,0,0,0,0,0,0,0,0,0,0,0,0,0,0,0,0,0,0,0,0,0,0,0,0,0,0,0,0,0,2793.2,28,36,36,36,76,112,447,2,2,Yes,No,Yes,No,No,No,No,No,No,No,No,No,No,No,No,No,No,No,No,No,No,No,No,No,No,No,No,Yes,No,Yes,No,No,No,No,No,No,No,No,34,48,34,89,78,46,1.074,5.04,3.424,3.328,12.192,2.024,0.616,3.424,3.2,1.072,1.264,1.648,1.064,1,1,0.856,1.824,1800,2057,3391,45,46,42,1.12,57,41,1.26,1.26,1.8,1.815,1.11,5.04,1.75,No,No,No,40.5,1.26,1.26,1.8,1.815,1.11,5.04,3,No,No,No,51,51,63,100,100,No,No,14727,23930,35,35,No,No,1299,631,1,0.1,1.2,14.235,0.788,40938,65466,0,0,0,0,0,0,28,30,30.9,84,0.905,12.161,12.148,12.164,12.17,0,0,10.845,6.015,10.466,11.337,4.369,0.879,7.482,7.572,210,50.6,1185,66.3,1290,1,7,0,0,9.5,0.2,1.2,0,0,0,0,0,0,Yes,No,No,No,No,Yes,No,5.4,8.6,0,0,0,0,0,0,0,0,0,3,0,0,0,0,0,0,0,0,0,0,0,0,0,0,0,0,0,0,0,0,11113,1169,906,61,2.5,0,0,0,16.5,25.1,61.7,5,25.3,39.9,200.04,16.21,1.63,28.32,29.95,0,1887,32,0.1,0.2,0,0,0,0,0,0
14.10.2025,12:16.1,24978,44438,35.9,19428,45892,29.7,0,1.048,1.022,1.054,1.041,1.048,1.029,1.034,1.03,1.075,1.072,1.057,1.057,1.057,1.251,3591.2,3691,3790.7,3790.7,3790.7,3790.7,3790.7,3790.7,3890.5,3192.2,3192.2,3192.2,3192.2,99.8,3291.9,3624.4,3735.7,3736.6,3745,3747.3,3750.1,3749.1,3750.1,3750.5,3741.6,3744.4,3748.3,3749,3750.8,3752.6,3755.4,3755.7,3128.2,3130.7,3133.6,3132.7,3679,100,100,100,100,100,100,100,100,100,100,100,100,100,100,100,100,100,100,100,100,100,100,100,100,101.2,104.5,104.5,104.6,104.6,104.6,104.6,104.6,104.6,104.6,104.5,104.6,104.5,104.6,104.6,104.6,104.6,87.6,87.6,87.6,87.6,101.2,36,37,38,38,38,38,38,38,39,32,32,32,32,33,84,85,82,91,85,89,89,83,85,77,79,79,79,16,15,18,9,15,11,11,17,15,23,21,21,21,90,91,Yes,No,No,Yes,No,Yes,Yes,No,Yes,No,No,No,No,No,No,No,No,No,No,No,No,No,No,No,No,No,No,No,No,No,No,No,No,No,No,No,No,No,No,Yes,No,No,88,88,46,0,0,0,0,0,0,0,1.25,95.158,106.346,94.107,10.275,0.939,150,175,104,0,0,99.7,99.5,99.5,99.7,99.7,99.8,99.8,99.8,99.8,99.6,99.6,99.7,99.7,99.8,99.8,99.8,99.8,99.4,99.4,99.5,99.5,0,0,0,0,0,0,0,0,0,0,0,0,0,0,0,0,0,0,0,0,0,0,0,0,0,0,0,0,0,0,0,0,0,0,0,2793.2,28,36,36,36,76,112,447,2,2,Yes,No,Yes,No,No,No,No,No,No,No,No,No,No,No,No,No,No,No,No,No,No,No,No,No,No,No,No,Yes,No,Yes,No,No,No,No,No,No,No,No,34,48,34,89,78,46,1.074,5.04,3.424,3.328,12.192,2.024,0.616,3.424,3.2,1.072,1.264,1.648,1.064,1,1,0.856,1.824,1800,2057,3391,45,46,42,1.12,57,41,1.26,1.26,1.8,1.815,1.11,5.04,1.75,No,No,No,40.5,1.26,1.26,1.8,1.815,1.11,5.04,3,No,No,No,51,51,63,100,100,No,No,14727,23930,35,35,No,No,1299,631,1,0.1,1.2,14.235,0.788,40938,65466,0,0,0,0,0,0,28,30,30.9,84,0.905,12.161,12.148,12.164,12.17,0,0,10.845,6.015,10.466,11.337,4.369,0.879,7.482,7.572,210,50.6,1185,66.3,1290,1,7,0,0,9.5,0.2,1.2,0,0,0,0,0,0,Yes,No,No,No,No,Yes,No,5.4,8.6,0,0,0,0,0,0,0,0,0,3,0,0,0,0,0,0,0,0,0,0,0,0,0,0,0,0,0,0,0,0,11113,1169,906,61,2.5,0,0,0,16.5,25.1,61.7,5,25.3,39.9,200.04,16.21,1.63,28.32,29.95,0,1887,32,0.1,0.2,0,0,0,0,0,0
14.10.2025,12:18.0,24979,44438,35.9,19421,45899,29.7,0,1.029,1.017,1.013,1.021,0.987,0.998,1.013,1.055,1.06,1.052,1.045,1.045,1.045,1.251,3533,3691,3691,3691,3591.2,3691,3691,3790.7,3790.7,3192.2,3192.2,3192.2,3192.2,99.8,3291.9,3631.1,3748.2,3748.7,3756.2,3756,3761,3761.9,3761.3,3762.7,3744.5,3747.1,3752.7,3754.8,3759.7,3759.4,3758,3759,3127.5,3132.5,3134.7,3135.1,3686.2,100,100,100,100,100,100,100,100,100,100,100,100,100,100,100,100,100,100,100,100,100,100,100,100,101.6,105,105,105,105,105,105,105,105,105,105,105,105,105.1,105,105,105,87.8,87.8,87.8,87.8,101.6,35.4,37,37,37,36,37,37,38,38,32,32,32,32,33,83,85,83,88,87,87,88,80,85,79,79,79,79,17,15,17,12,13,13,12,20,15,21,21,21,21,90,88,Yes,Yes,No,Yes,No,Yes,Yes,No,Yes,No,No,No,No,No,No,No,No,No,No,No,No,No,No,No,No,No,No,No,No,No,No,No,No,No,No,No,No,No,No,Yes,No,No,91,91,46,0,0,0,0,0,0,0,1.25,91.986,106.026,93.787,10.26,0.942,150,175,96,0,0,99.6,99.4,99.4,99.5,99.5,99.7,99.7,99.7,99.8,99.3,99.4,99.6,99.6,99.7,99.7,99.7,99.8,99.2,99.4,99.5,99.5,0,0,0,0,0,0,0,0,0,0,0,0,0,0,0,0,0,0,0,0,0,0,0,0,0,0,0,0,0,0,0,0,0,0,0,2793.2,28,36,36,36,76,112,447,2,2,Yes,No,Yes,No,No,No,No,No,No,No,No,No,No,No,No,No,No,No,No,No,No,No,No,No,No,No,No,Yes,No,Yes,No,No,No,No,No,No,No,No,34,48,34,89,78,45,1.066,5.04,3.424,3.328,12.192,2.024,0.616,3.424,3.2,1.072,1.264,1.648,1.064,1,1,0.856,1.824,1807,2076,3375,45,46,42,1.06,55,41,1.26,1.26,1.8,1.8,1.11,5.04,1.5,No,No,No,40.5,1.26,1.26,1.8,1.815,1.11,5.04,1.5,No,No,No,51,51,64,100,100,No,No,14727,23930,35,35,No,No,1299,631,0.2,0,0.2,0.331,0.314,40938,65467,0,0,0,0,0,0,28,30,31,84,0.905,12.16,12.149,12.163,12.168,0,0,11.038,6.115,10.698,11.628,4.49,0.94,7.482,7.566,210,50.6,1185,55.6,1290,2,5,0,0,9.5,0.3,1.3,0,0,0,0,0,0,Yes,No,No,No,No,Yes,No,5.3,8.1,0,0,0,0,0,0,0,0,0,3,0,0,0,0,0,0,0,0,0,0,0,0,0,0,0,0,0,0,0,0,11113,1169,906,61,2.5,0,0,0,16.5,19.5,62.9,1.4,19.7,51.31,734.79,15.89,1.64,72.14,73.78,0,1887,32,40.8,17.1,0,0,0,0,0,0
14.10.2025,12:20.1,24981,44436,35.9,19426,45894,29.7,0,1.004,0.972,0.991,1.006,1.032,1.011,1.024,1.011,1.01,0.996,1,1,1,1.251,3466.5,3591.2,3591.2,3591.2,3691,3691,3691,3691,3691,3092.4,3092.4,3092.4,3092.4,99.8,3192.2,3615.3,3730,3731.3,3735.2,3737.8,3738.9,3738.8,3740.3,3741.2,3734.5,3737.1,3739.3,3740.3,3741.5,3740.6,3740.6,3739.6,3120.7,3124.4,3126.8,3126,3669.6,100,100,100,100,100,100,100,100,100,100,100,100,100,100,100,100,100,100,100,100,100,100,100,100,100.9,104.3,104.3,104.3,104.3,104.3,104.3,104.3,104.3,104.3,104.3,104.3,104.3,104.3,104.3,104.3,104.3,87.4,87.4,87.4,87.4,100.9,34.8,36,36,36,37,37,37,37,37,31,31,31,31,32,83,85,83,90,84,87,87,82,87,78,78,78,78,17,15,17,10,16,13,13,18,13,22,22,22,22,90,90,Yes,No,No,Yes,No,Yes,Yes,No,Yes,No,No,No,No,No,No,No,No,No,No,No,No,No,No,No,No,No,No,No,No,No,No,No,No,No,No,No,No,No,No,Yes,No,No,88,88,46,0,0,0,0,0,0,0,1.25,69.782,104.851,92.707,10.194,0.921,150,175,88,0,0,99.7,99.5,99.6,99.7,99.8,99.8,99.8,99.8,99.8,99.6,99.7,99.8,99.8,99.8,99.8,99.8,99.8,99.4,99.5,99.6,99.6,0,0,0,0,0,0,0,0,0,0,0,0,0,0,0,0,0,0,0,0,0,0,0,0,0,0,0,0,0,0,0,0,0,0,0,2793.2,28,36,36,36,76,112,447,2,2,Yes,No,Yes,No,No,No,No,No,No,No,No,No,No,No,No,No,No,No,No,No,No,No,No,No,No,No,No,Yes,No,Yes,No,No,No,No,No,Yes,No,No,34,48,34,89,78,46,1.066,5.04,3.424,3.328,12.192,2.024,0.616,3.424,3.2,1.072,1.264,1.648,1.064,1,1,0.856,1.824,1802,2070,3488,45,46,42,1.095,58,41,1.26,1.26,1.8,1.815,1.2,5.04,3,No,No,No,40.5,1.26,1.26,1.8,1.815,1.11,5.04,1.5,No,No,No,51,51,64,100,100,No,No,14727,23930,35,35,No,No,1299,631,0.1,0.1,0.2,0.158,0.342,40939,65467,0,0,0,0,0,0,28,30,31,84,0.905,12.159,12.147,12.161,12.168,0,0,10.789,5.625,10.323,10.398,3.516,0.084,7.475,7.58,210,50.6,1185,55.2,1290,0,10,0,0,9.5,0.1,0.5,0,0,0,0,0,0,Yes,No,No,No,No,Yes,No,5.2,7.1,0,0,0,0,0,0,0,0,0,3,0,0,0,0,0,0,0,0,0,0,0,0,0,0,0,0,0,0,0,0,11113,1169,906,61,2.5,0,0,0,16.5,16.1,61.5,2.4,16.3,62.25,421.14,16.27,1.45,86.49,87.92,0,1887,32,2.6,1.4,0,0,0,0,0,0
14.10.2025,12:20.2,24981,44436,35.9,19426,45894,29.7,0,1.004,0.972,0.991,1.006,1.032,1.011,1.024,1.011,1.01,0.996,1,1,1,1.251,3466.5,3591.2,3591.2,3591.2,3691,3691,3691,3691,3691,3092.4,3092.4,3092.4,3092.4,99.8,3192.2,3615.3,3730,3731.3,3735.2,3737.8,3738.9,3738.8,3740.3,3741.2,3734.5,3737.1,3739.3,3740.3,3741.5,3740.6,3740.6,3739.6,3120.7,3124.4,3126.8,3126,3669.6,100,100,100,100,100,100,100,100,100,100,100,100,100,100,100,100,100,100,100,100,100,100,100,100,100.9,104.3,104.3,104.3,104.3,104.3,104.3,104.3,104.3,104.3,104.3,104.3,104.3,104.3,104.3,104.3,104.3,87.4,87.4,87.4,87.4,100.9,34.8,36,36,36,37,37,37,37,37,31,31,31,31,32,83,85,83,90,84,87,87,82,87,78,78,78,78,17,15,17,10,16,13,13,18,13,22,22,22,22,90,90,Yes,No,No,Yes,No,Yes,Yes,No,Yes,No,No,No,No,No,No,No,No,No,No,No,No,No,No,No,No,No,No,No,No,No,No,No,No,No,No,No,No,No,No,Yes,No,No,88,88,46,0,0,0,0,0,0,0,1.25,69.782,104.851,92.707,10.194,0.921,150,175,88,0,0,99.7,99.5,99.6,99.7,99.8,99.8,99.8,99.8,99.8,99.6,99.7,99.8,99.8,99.8,99.8,99.8,99.8,99.4,99.5,99.6,99.6,0,0,0,0,0,0,0,0,0,0,0,0,0,0,0,0,0,0,0,0,0,0,0,0,0,0,0,0,0,0,0,0,0,0,0,2793.2,28,36,36,36,76,112,447,2,2,Yes,No,Yes,No,No,No,No,No,No,No,No,No,No,No,No,No,No,No,No,No,No,No,No,No,No,No,No,Yes,No,Yes,No,No,No,No,No,Yes,No,No,34,48,34,89,78,46,1.066,5.04,3.424,3.328,12.192,2.024,0.616,3.424,3.2,1.072,1.264,1.648,1.064,1,1,0.856,1.824,1802,2070,3488,45,46,42,1.095,58,41,1.26,1.26,1.8,1.815,1.2,5.04,3,No,No,No,40.5,1.26,1.26,1.8,1.815,1.11,5.04,1.5,No,No,No,51,51,64,100,100,No,No,14727,23930,35,35,No,No,1299,631,0.1,0.1,0.2,0.158,0.342,40939,65467,0,0,0,0,0,0,28,30,31,84,0.905,12.159,12.147,12.161,12.168,0,0,10.789,5.625,10.323,10.398,3.516,0.084,7.475,7.58,210,50.6,1185,55.2,1290,0,10,0,0,9.5,0.1,0.5,0,0,0,0,0,0,Yes,No,No,No,No,Yes,No,5.2,7.1,0,0,0,0,0,0,0,0,0,3,0,0,0,0,0,0,0,0,0,0,0,0,0,0,0,0,0,0,0,0,11113,1169,906,61,2.5,0,0,0,16.5,16.1,61.5,2.4,16.3,62.25,421.14,16.27,1.45,86.49,87.92,0,1887,32,2.6,1.4,0,0,0,0,0,0
14.10.2025,12:22.0,24977,44439,35.9,19424,45896,29.7,0,1.03,1.042,1.01,1.01,1.015,1.01,1.027,1.05,1.051,1.052,1.032,1.032,1.032,1.251,3558,3790.7,3691,3691,3691,3691,3691,3790.7,3890.5,3192.2,3192.2,3192.2,3192.2,99.8,3391.7,3595.5,3703.4,3705.3,3713,3716.7,3719.4,3719.5,3720.1,3719.5,3711.3,3714.4,3717.7,3718.9,3719.9,3721.1,3721.4,3722.9,3107.4,3110.5,3114.3,3112.8,3649,100,100,100,100,100,100,100,100,100,100,100,100,100,100,100,100,100,100,100,100,100,100,100,100,100.4,103.7,103.7,103.7,103.7,103.7,103.7,103.8,103.7,103.8,103.7,103.8,103.8,103.8,103.8,103.8,103.8,87,87,87,87,100.4,35.7,38,37,37,37,37,37,38,39,32,32,32,32,34,84,88,86,90,87,88,85,80,89,79,80,80,80,16,12,14,10,13,12,15,20,11,21,20,20,20,91,90,Yes,No,No,Yes,No,Yes,Yes,No,Yes,No,No,No,No,No,No,No,No,No,No,No,No,No,No,No,No,No,No,No,No,No,No,No,No,No,No,No,No,No,No,Yes,No,No,90,90,46,0,0,0,0,0,0,0,1.25,90.4,104.862,92.707,10.207,0.918,150,175,96,0,0,99.7,99.4,99.5,99.6,99.7,99.8,99.8,99.8,99.8,99.6,99.7,99.7,99.8,99.8,99.8,99.8,99.8,99.4,99.5,99.6,99.5,0,0,0,0,0,0,0,0,0,0,0,0,0,0,0,0,0,0,0,0,0,0,0,0,0,0,0,0,0,0,0,0,0,0,0,2793.2,28,36,36,36,76,112,447,2,2,Yes,No,Yes,No,No,No,No,No,No,No,No,No,No,No,No,No,No,No,No,No,No,No,No,No,No,No,No,Yes,No,Yes,No,No,No,No,No,No,No,No,34,48,34,90,78,45,1.039,5.04,3.424,3.328,12.192,2.024,0.616,3.424,3.2,1.072,1.264,1.648,1.064,1,1,0.856,1.824,1802,2070,3452,46,46,42,1.09,55,41,1.26,1.26,1.8,1.815,1.11,5.04,2.25,No,No,No,40.5,1.26,1.26,1.8,1.815,1.11,4.97,1.75,No,No,No,51,51,64,100,100,No,No,14727,23930,35,35,No,No,1299,631,0.1,0.1,0.1,0.051,0.655,40939,65468,0,0,0,0,0,0,28.1,30,31,84,0.905,12.162,12.153,12.165,12.169,0,0,12.389,6.18,11.038,11.86,4.49,0.821,7.483,7.57,210,50.6,1185,94.8,1290,3,2,0,0,9.5,0.9,4.3,0,0,0,0,0,0,Yes,No,No,No,No,Yes,No,5.9,7.9,0,0,0,0,0,0,0,0,0,3,0,0,0,0,0,0,0,0,0,0,0,0,0,0,0,0,0,0,0,0,11113,1169,906,61,2.5,0,0,0,16.5,26.1,62.2,2.4,26.4,38.29,416.68,16.08,2.32,30.03,32.34,0,1887,32,0.5,0.2,0,0,0,0,0,0
14.10.2025,12:22.7,24984,44433,35.9,19427,45893,29.7,0,1.014,1.059,1.016,1.012,1.003,1.016,1.013,0.99,1.012,1.013,1.01,1.01,1.01,1.251,3499.8,3890.5,3691,3691,3691,3691,3691,3591.2,3691,3092.4,3092.4,3092.4,3092.4,99.8,3491.5,3619.2,3733.1,3734.2,3741.1,3743.1,3744.1,3743.9,3744.2,3744.2,3737.6,3740.8,3744.8,3744.9,3745.6,3745.2,3745.1,3744.9,3122.4,3126.2,3129.7,3128.4,3673.6,100,100,100,100,100,100,100,100,100,100,100,100,100,100,100,100,100,100,100,100,100,100,100,100,101.1,104.4,104.4,104.4,104.4,104.4,104.4,104.4,104.4,104.4,104.4,104.4,104.4,104.5,104.5,104.5,104.5,87.5,87.5,87.5,87.5,101.1,35.1,39,37,37,37,37,37,36,37,31,31,31,31,35,83,86,84,90,87,84,88,80,89,78,78,78,78,17,14,16,10,13,16,12,20,11,22,22,22,22,90,90,Yes,No,No,Yes,No,Yes,Yes,No,Yes,No,No,No,No,No,No,No,No,No,No,No,No,No,No,No,No,No,No,No,No,No,No,No,No,No,No,No,No,No,No,Yes,No,No,90,90,46,0,0,0,0,0,0,0,1.25,90.4,104.862,92.707,10.207,0.918,150,175,96,0,0,99.7,99.5,99.6,99.7,99.7,99.8,99.8,99.8,99.8,99.6,99.7,99.7,99.8,99.8,99.8,99.8,99.8,99.4,99.5,99.6,99.5,0,0,0,0,0,0,0,0,0,0,0,0,0,0,0,0,0,0,0,0,0,0,0,0,0,0,0,0,0,0,0,0,0,0,0,2793.2,28,36,36,36,76,112,447,2,2,Yes,No,Yes,No,No,No,No,No,No,No,No,No,No,No,No,No,No,No,No,No,No,No,No,No,No,No,No,Yes,No,Yes,No,No,No,No,No,No,No,No,34,48,34,90,78,45,1.039,5.04,3.424,3.328,12.192,2.024,0.616,3.424,3.2,1.072,1.264,1.648,1.064,1,1,0.856,1.824,1802,2070,3452,46,46,42,1.09,55,41,1.26,1.26,1.8,1.815,1.11,5.04,2.25,No,No,No,40.5,1.26,1.26,1.8,1.815,1.11,4.97,1.75,No,No,No,51,51,64,100,100,No,No,14727,23930,35,35,No,No,1299,631,0.3,0.3,0.7,0.657,0.503,40940,65469,0,0,0,0,0,0,28.1,30,31,84,0.905,12.162,12.153,12.165,12.169,0,0,12.389,6.18,11.038,11.86,4.49,0.821,7.483,7.57,210,50.6,1185,94.8,1290,3,2,0,0,9.5,0.9,4.3,0,0,0,0,0,0,Yes,No,No,No,No,Yes,No,5.9,7.9,0,0,0,0,0,0,0,0,0,3,0,0,0,0,0,0,0,0,0,0,0,0,0,0,0,0,0,0,0,0,11113,1169,906,61,2.5,0,0,0,16.5,20.6,63.4,1.8,20.9,48.46,569.11,15.77,1.56,59.05,60.62,0,1887,32,0.9,0.4,0,0,0,0,0,0
14.10.2025,12:24.0,24984,44433,35.9,19427,45893,29.7,0,1.014,1.059,1.016,1.012,1.003,1.016,1.013,0.99,1.012,1.013,1.01,1.01,1.01,1.251,3499.8,3890.5,3691,3691,3691,3691,3691,3591.2,3691,3092.4,3092.4,3092.4,3092.4,99.8,3491.5,3619.2,3733.1,3734.2,3741.1,3743.1,3744.1,3743.9,3744.2,3744.2,3737.6,3740.8,3744.8,3744.9,3745.6,3745.2,3745.1,3744.9,3122.4,3126.2,3129.7,3128.4,3673.6,100,100,100,100,100,100,100,100,100,100,100,100,100,100,100,100,100,100,100,100,100,100,100,100,101.1,104.4,104.4,104.4,104.4,104.4,104.4,104.4,104.4,104.4,104.4,104.4,104.4,104.5,104.5,104.5,104.5,87.5,87.5,87.5,87.5,101.1,35.1,39,37,37,37,37,37,36,37,31,31,31,31,35,83,86,84,90,87,84,88,80,89,78,78,78,78,17,14,16,10,13,16,12,20,11,22,22,22,22,90,90,Yes,No,No,Yes,No,Yes,Yes,No,Yes,No,No,No,No,No,No,No,No,No,No,No,No,No,No,No,No,No,No,No,No,No,No,No,No,No,No,No,No,No,No,Yes,No,No,90,90,46,0,0,0,0,0,0,0,1.25,88.814,105.872,93.687,10.223,0.928,150,175,96,0,0,99.7,99.5,99.6,99.7,99.7,99.8,99.8,99.8,99.8,99.6,99.7,99.7,99.8,99.8,99.8,99.8,99.8,99.4,99.5,99.6,99.5,0,0,0,0,0,0,0,0,0,0,0,0,0,0,0,0,0,0,0,0,0,0,0,0,0,0,0,0,0,0,0,0,0,0,0,2793.2,28,36,36,36,76,112,447,2,2,Yes,No,Yes,No,No,No,No,No,No,No,No,No,No,No,No,No,No,No,No,No,No,No,No,No,No,No,No,Yes,No,Yes,No,No,No,No,No,No,No,No,34,48,34,90,78,46,1.039,5.04,3.424,3.328,12.192,2.024,0.616,3.424,3.2,1.072,1.264,1.648,1.064,1,1,0.856,1.824,1802,2051,3479,46,46,42,1.09,51,41,1.26,1.26,1.8,1.815,1.11,4.97,1.375,No,No,No,40.5,1.26,1.26,1.8,1.815,1.11,4.97,1.75,No,No,No,51,51,64,100,100,No,No,14727,23930,35,35,No,No,1299,631,0.3,0.3,0.7,0.657,0.503,40940,65469,0,0,0,0,0,0,28.1,30,31,84,0.905,12.162,12.157,12.164,12.166,0,0,10.923,7.235,11.994,14.488,6.496,2.508,7.483,7.679,210,50.6,1185,38.2,1290,28,3,0,3,9.5,0.2,1,0,0,0,0,0,0,Yes,No,No,No,No,Yes,No,7.3,9,0,0,0,0,0,0,0,0,0,3,0,0,0,0,0,0,0,0,0,0,0,0,0,0,0,0,0,0,0,0,11113,1169,906,61,2.5,0,0,0,16.5,20.6,63.4,1.8,20.9,48.46,569.11,15.77,1.56,59.05,60.62,0,1887,32,0.9,0.4,0,0,0,0,0,0
14.10.2025,12:26.0,24985,44432,35.9,19429,45892,29.7,0,1.065,1.035,1.075,1.122,1.133,1.13,1.116,1.057,1.057,1.012,1.012,1.018,1.018,1.251,3657.7,3691,3890.5,4090,3990.2,4090,4189.8,3790.7,3790.7,3092.4,3092.4,3092.4,3092.4,99.8,3391.7,3620.5,3731.3,3728.8,3737.4,3739.6,3744.4,3745.6,3745.8,3746.1,3740,3740.6,3745.7,3747.3,3749.1,3750.2,3751.2,3751.8,3123.8,3127.8,3131.5,3131,3674.8,100,100,100,100,100,100,100,100,100,100,100,100,100,100,100,100,100,100,100,100,100,100,100,100,101,104.3,104.3,104.3,104.4,104.4,104.4,104.4,104.4,104.4,104.3,104.4,104.4,104.4,104.4,104.4,104.4,87.4,87.4,87.4,87.4,101,36.7,37,39,41,40,41,42,38,38,31,31,31,31,34,82,83,83,90,83,82,84,81,87,77,77,77,77,18,17,17,10,17,18,16,19,13,23,23,23,23,91,90,Yes,Yes,No,Yes,No,Yes,Yes,No,Yes,No,No,No,No,No,No,No,No,No,No,No,No,No,No,No,No,No,No,No,No,No,No,No,No,No,No,No,No,No,No,Yes,No,No,90,90,46,0,0,0,0,0,0,0,1.25,79.298,105.698,93.512,10.227,0.931,150,175,88,0,0,99.7,99.5,99.5,99.7,99.7,99.8,99.8,99.8,99.8,99.6,99.6,99.8,99.8,99.8,99.8,99.8,99.8,99.3,99.5,99.6,99.6,0,0,0,0,0,0,0,0,0,0,0,0,0,0,0,0,0,0,0,0,0,0,0,0,0,0,0,0,0,0,0,0,0,0,0,2793.2,28,36,36,36,76,112,447,2,2,Yes,No,Yes,No,No,No,No,No,No,No,No,No,No,No,No,No,No,No,No,No,No,No,No,No,No,No,No,Yes,No,Yes,No,No,No,No,No,No,No,No,34,48,34,89,78,45,1.039,5.04,3.424,3.328,12.192,2.024,0.616,3.424,3.2,1.072,1.264,1.664,1.064,1,1,0.856,1.824,1802,2067,3383,46,46,42,1.095,59,41,1.26,1.26,1.8,1.815,1.11,4.97,1.75,No,No,No,40.8,1.26,1.26,1.8,1.815,1.11,4.97,2.5,No,No,No,51,51,62,100,100,No,No,14727,23930,35,35,No,No,1299,631,0,0.1,0.1,0.016,0.663,40940,65471,0,0,0,0,0,0,28.1,30,31,84,0.905,12.165,12.157,12.166,12.17,0,0,11.329,6.321,10.712,12.081,4.941,1.375,7.489,7.649,210,50.6,1185,53.6,1290,6,2,0,0,9.5,0.1,0.6,0,0,0,0,0,0,Yes,No,No,No,No,Yes,No,6,8.7,0,0,0,0,0,0,0,0,0,3,0,0,0,0,0,0,0,0,0,0,0,0,0,0,0,0,0,0,0,0,11113,1169,906,61,2.5,0,0,0,16.5,19.4,61.2,1.7,19.5,51.57,573.94,16.33,1.56,56,57.57,0,1887,32,0.3,0.3,0,0,0,0,0,0
14.10.2025,12:28.0,24987,44429,35.9,19435,45885,29.7,0,1.063,1.034,1.011,1.056,1.035,1.044,1.044,1.023,1.082,1.106,1.106,1.106,1.111,1.251,3616.2,3790.7,3691,3790.7,3790.7,3790.7,3790.7,3691,3890.5,3291.9,3291.9,3291.9,3291.9,99.8,3391.7,3595.6,3704.3,3708.7,3716.2,3719.3,3721.5,3720.4,3720.6,3720.5,3710.4,3712.4,3716.6,3717.6,3718.6,3720.1,3718.6,3719,3108.6,3110.1,3114.4,3113.9,3649.1,100,100,100,100,100,100,100,100,100,100,100,100,100,100,100,100,100,100,100,100,100,100,100,100,100.5,103.8,103.8,103.8,103.8,103.9,103.9,103.9,103.9,103.9,103.9,103.9,103.9,103.9,103.9,103.8,103.8,87.2,87.2,87.1,87.2,100.5,36.2,38,37,38,38,38,38,37,39,33,33,33,33,34,84,85,84,88,87,86,88,81,87,80,80,80,80,16,15,16,12,13,14,12,19,13,20,20,20,20,91,88,Yes,No,No,Yes,No,Yes,Yes,No,Yes,No,No,No,No,No,No,No,No,No,No,No,No,No,No,No,No,No,No,No,No,No,No,No,No,No,No,No,No,No,No,Yes,No,No,90,90,47,0,0,0,0,0,0,0,1.25,87.228,104.919,92.854,10.138,0.894,150,175,88,0,0,99.6,99.3,99.5,99.6,99.7,99.8,99.8,99.8,99.8,99.5,99.6,99.7,99.7,99.8,99.8,99.8,99.8,99.4,99.4,99.6,99.5,0,0,0,0,0,0,0,0,0,0,0,0,0,0,0,0,0,0,0,0,0,0,0,0,0,0,0,0,0,0,0,0,0,0,0,2793.2,28,36,36,36,76,112,447,2,2,Yes,No,Yes,No,No,No,No,No,No,No,No,No,No,No,No,No,No,No,No,No,No,No,No,No,No,No,No,Yes,No,Yes,No,No,No,No,No,Yes,No,No,34,48,34,89,79,45,1.083,5.04,3.424,3.328,12.192,2.024,0.616,3.424,3.2,1.072,1.264,1.664,1.064,1,1,0.856,1.824,1804,2083,3470,46,47,42,1.045,54,41.2,1.26,1.26,1.8,1.815,1.11,4.97,2.125,No,No,No,40.8,1.26,1.26,1.8,1.815,1.11,4.97,1.375,No,No,No,51,51,60,100,100,No,No,14727,23930,35,35,No,No,1299,631,0,0,0,0,0.436,40940,65471,0,0,0,0,0,0,28.1,30,31.1,84,0.905,12.162,12.152,12.164,12.17,0,0,12.026,5.943,10.179,11.106,4.32,0.938,7.486,7.569,210,50.6,1185,99.6,1290,8,2,0,0,9.5,0.6,2.8,0,0,0,0,0,0,Yes,No,No,No,No,Yes,No,5.6,8.1,0,0,0,0,0,0,0,0,0,3,0,0,0,0,0,0,0,0,0,0,0,0,0,0,0,0,0,0,0,0,11113,1169,906,61,2.5,0,0,0,16.5,34.2,61.2,5.5,34.4,29.24,181.32,16.33,1.21,24.42,25.64,0,1887,32,0.4,0.2,0,0,0,0,0,0
14.10.2025,12:28.8,24984,44432,35.9,19432,45888,29.7,0,1.036,0.997,1.002,1.042,1.034,1.03,1.055,1.061,1.034,1.046,1.043,1.043,1.043,1.251,3574.6,3691,3691,3790.7,3790.7,3790.7,3790.7,3790.7,3790.7,3192.2,3192.2,3192.2,3192.2,99.8,3291.9,3616.6,3723.6,3726,3737.3,3740.1,3743.9,3742.4,3744.1,3743.8,3733.9,3735.7,3739.9,3742.2,3744.7,3744.9,3746.2,3746.3,3120.1,3124.4,3127.1,3125.7,3671.1,100,100,99.9,99.9,99.9,100,99.9,100,100,100,100,99.9,100,100,100,100,100,100,100,100,100,100,100,100,101,104.4,104.3,104.4,104.4,104.4,104.4,104.4,104.4,104.4,104.4,104.4,104.4,104.5,104.4,104.5,104.5,87.5,87.5,87.5,87.5,101,35.8,37,37,38,38,38,38,38,38,32,32,32,32,33,84,86,84,86,87,87,88,81,87,82,82,82,82,16,14,16,14,13,13,12,19,13,18,18,18,18,90,88,Yes,No,No,Yes,No,Yes,Yes,No,Yes,No,No,No,No,No,No,No,No,No,No,No,No,No,No,No,No,No,No,No,No,No,No,No,No,No,No,No,No,No,No,Yes,No,No,90,90,47,0,0,0,0,0,0,0,1.25,96.744,105.255,93.126,10.186,0.914,150,175,104,0,0,99.6,99.3,99.4,99.6,99.7,99.8,99.7,99.8,99.8,99.5,99.6,99.7,99.7,99.8,99.8,99.8,99.8,99.3,99.5,99.5,99.5,0,0,0,0,0,0,0,0,0,0,0,0,0,0,0,0,0,0,0,0,0,0,0,0,0,0,0,0,0,0,0,0,0,0,0,2793.2,28,36,36,36,76,112,447,2,2,Yes,No,Yes,No,No,No,No,No,No,No,No,No,No,No,No,No,No,No,No,No,No,No,No,No,No,No,No,Yes,No,Yes,No,No,No,No,No,No,No,No,34,48,34,89,79,46,1.03,5.08,3.424,3.328,12.192,2.024,0.616,3.424,3.2,1.072,1.264,1.664,1.064,1,1,0.856,1.824,1804,2067,3409,45,47,42,1.095,60,41.2,1.26,1.26,1.8,1.8,1.11,4.97,2.25,No,No,No,40.8,1.26,1.26,1.8,1.815,1.11,4.97,1.625,No,No,No,51,51,61,100,100,No,No,14727,23930,35,35,No,No,1299,631,0,1.5,1.5,0.016,5.889,40940,65483,0,0,0,0,0,0,28.1,30,31,84,0.905,12.162,12.152,12.165,12.17,0,0,11.711,5.943,10.578,11.338,4.284,0.765,7.564,7.699,210,50.6,1185,93.8,1290,11,2,0,1,9.5,0.6,3.6,0,0,0,0,0,0,Yes,No,No,No,No,Yes,No,5.6,8.1,0,0,0,0,0,0,0,0,0,3,0,0,0,0,0,0,0,0,0,0,0,0,0,0,0,0,0,0,0,0,11113,1169,906,61,2.5,0,0,0,16.5,42.9,63.2,8.4,43.1,23.31,119.27,15.83,1.62,19.72,21.33,0,1887,32,0.3,0.1,0,0,0,0,0,0
14.10.2025,12:30.0,24984,44432,35.9,19432,45888,29.7,0,1.036,0.997,1.002,1.042,1.034,1.03,1.055,1.061,1.034,1.046,1.043,1.043,1.043,1.251,3574.6,3691,3691,3790.7,3790.7,3790.7,3790.7,3790.7,3790.7,3192.2,3192.2,3192.2,3192.2,99.8,3291.9,3616.6,3723.6,3726,3737.3,3740.1,3743.9,3742.4,3744.1,3743.8,3733.9,3735.7,3739.9,3742.2,3744.7,3744.9,3746.2,3746.3,3120.1,3124.4,3127.1,3125.7,3671.1,100,100,99.9,99.9,99.9,100,99.9,100,100,100,100,99.9,100,100,100,100,100,100,100,100,100,100,100,100,101,104.4,104.3,104.4,104.4,104.4,104.4,104.4,104.4,104.4,104.4,104.4,104.4,104.5,104.4,104.5,104.5,87.5,87.5,87.5,87.5,101,35.8,37,37,38,38,38,38,38,38,32,32,32,32,33,84,86,84,86,87,87,88,81,87,82,82,82,82,16,14,16,14,13,13,12,19,13,18,18,18,18,90,88,Yes,No,No,Yes,No,Yes,Yes,No,Yes,No,No,No,No,No,No,No,No,No,No,No,No,No,No,No,No,No,No,No,No,No,No,No,No,No,No,No,No,No,No,Yes,No,No,90,90,47,0,0,0,0,0,0,0,1.25,96.744,105.255,93.126,10.186,0.914,150,175,104,0,0,99.6,99.3,99.4,99.6,99.7,99.8,99.7,99.8,99.8,99.5,99.6,99.7,99.7,99.8,99.8,99.8,99.8,99.3,99.5,99.5,99.5,0,0,0,0,0,0,0,0,0,0,0,0,0,0,0,0,0,0,0,0,0,0,0,0,0,0,0,0,0,0,0,0,0,0,0,2793.2,28,36,36,36,76,112,447,2,2,Yes,No,Yes,No,No,No,No,No,No,No,No,No,No,No,No,No,No,No,No,No,No,No,No,No,No,No,No,Yes,No,Yes,No,No,No,No,No,No,No,No,34,48,34,89,79,46,1.03,5.08,3.424,3.328,12.192,2.024,0.616,3.424,3.2,1.072,1.264,1.664,1.064,1,1,0.856,1.824,1804,2067,3409,45,47,42,1.095,60,41.2,1.26,1.26,1.8,1.8,1.11,4.97,2.25,No,No,No,40.8,1.26,1.26,1.8,1.815,1.11,4.97,1.625,No,No,No,51,51,61,100,100,No,No,14727,23930,35,35,No,No,1299,631,0,1.5,1.5,0.016,5.889,40940,65483,0,0,0,0,0,0,28.1,30,31,84,0.905,12.162,12.152,12.165,12.17,0,0,11.711,6.033,10.578,11.338,4.284,0.765,7.564,7.699,210,50.6,1185,93.8,1290,11,2,0,1,9.5,0.7,3.6,0,0,0,0,0,0,Yes,No,No,No,No,Yes,No,5.7,8.2,0,0,0,0,0,0,0,0,0,3,0,0,0,0,0,0,0,0,0,0,0,0,0,0,0,0,0,0,0,0,11113,1169,907,61,2.5,0,0,0,16.5,42.9,63.2,8.4,43.1,23.31,119.27,15.83,1.62,19.72,21.33,0,1887,32,0.3,0.1,0,0,0,0,0,0
14.10.2025,12:32.0,24984,44432,35.9,19427,45894,29.7,0,1.026,1.035,1.052,1.046,1.028,1.029,1.015,1.039,1.015,1.015,1.015,1.015,1.015,1.251,3516.4,3790.7,3790.7,3790.7,3691,3691,3691,3691,3691,3092.4,3092.4,3092.4,3092.4,99.8,3391.7,3617.6,3731.3,3733,3739,3741.8,3742.4,3742.7,3743,3744.1,3735.1,3740.2,3742.3,3741.8,3744.2,3743.8,3744.3,3744.1,3119.1,3125.9,3128.1,3126.2,3672.1,100,99.9,100,100,100,100,99.9,99.9,100,100,100,100,99.9,100,100,100,100,100,100,100,100,100,100,100,101.1,104.4,104.4,104.4,104.4,104.4,104.4,104.4,104.4,104.4,104.4,104.4,104.4,104.4,104.4,104.4,104.4,87.6,87.6,87.6,87.6,101.1,35.2,38,38,38,37,37,37,37,37,31,31,31,31,34,83,84,83,90,85,88,88,81,87,79,78,78,78,17,16,17,10,15,12,12,19,13,21,22,22,22,90,90,Yes,No,No,Yes,No,Yes,Yes,No,Yes,No,No,No,No,No,No,No,No,No,No,No,No,No,No,No,No,No,No,No,No,No,No,No,No,No,No,No,No,No,No,Yes,No,No,90,90,47,0,0,0,0,0,0,0,1.25,85.642,105.142,93.016,10.192,0.906,150,175,88,0,0,99.6,99.5,99.5,99.6,99.7,99.8,99.8,99.8,99.8,99.5,99.7,99.7,99.7,99.8,99.8,99.8,99.8,99.2,99.4,99.5,99.4,0,0,0,0,0,0,0,0,0,0,0,0,0,0,0,0,0,0,0,0,0,0,0,0,0,0,0,0,0,0,0,0,0,0,0,2793.2,28,36,36,36,76,112,447,2,2,Yes,No,Yes,No,No,No,No,No,No,No,No,No,No,No,No,No,No,No,No,No,No,No,No,No,No,No,No,Yes,No,Yes,No,No,No,No,No,No,No,No,34,48,34,90,79,46,1.066,5.08,3.424,3.328,12.192,2.024,0.616,3.424,3.2,1.072,1.264,1.648,1.064,1,1,0.856,1.824,1802,2070,3452,45,47,42,1.065,56,41.2,1.26,1.26,1.8,1.815,1.2,4.97,1.5,No,No,No,40.8,1.26,1.26,1.8,1.815,1.11,4.97,1.5,No,No,No,51,51,62,100,100,No,No,14727,23930,35,35,No,No,1299,631,0.8,1.8,2.6,0.331,8.012,40941,65498,0,0,0,0,0,0,28.1,30,31,84,0.905,12.163,12.152,12.167,12.171,0,0,11.218,5.745,10.155,10.573,3.797,0.419,7.58,7.688,210,50.6,1185,78.7,1290,0,7,0,0,9.5,0.3,1.3,0,0,0,0,0,0,Yes,No,No,No,No,Yes,No,5.3,7.2,0,0,0,0,0,0,0,0,0,3,0,0,0,0,0,0,0,0,0,0,0,0,0,0,0,0,0,0,0,0,11113,1169,906,61,2.5,0,0,0,16.5,31.9,62.6,4.4,32.2,31.31,226.22,15.98,1.82,35.43,37.26,0,1887,32,1,0.3,0,0,0,0,0,0
14.10.2025,12:34.0,25000,44416,36,19441,45879,29.7,0,1.072,1.065,1.036,1.057,1.063,1.058,1.088,1.084,1.105,1.101,1.072,1.078,1.063,1.251,3641.1,3890.5,3790.7,3790.7,3790.7,3790.7,3890.5,3890.5,3990.2,3291.9,3192.2,3192.2,3192.2,99.8,3491.5,3611.5,3725.7,3728.6,3734.4,3735.7,3738.3,3737.7,3738,3737.6,3727.6,3731.8,3736.5,3736.7,3738.8,3739.9,3740.8,3741.4,3107.8,3116.2,3119.1,3117.4,3666.3,100,100,100,100,100,100,100,100,100,100,100,100,100,100,100,100,100,100,100,100,100,100,100,100,100.9,104.2,104.2,104.3,104.3,104.3,104.3,104.3,104.3,104.3,104.2,104.3,104.2,104.3,104.3,104.3,104.3,87.3,87.3,87.3,87.3,100.9,36.5,39,38,38,38,38,39,39,40,33,32,32,32,35,83,85,86,88,85,87,85,82,89,76,78,78,79,17,15,14,12,15,13,15,18,11,24,22,22,21,91,89,Yes,No,No,Yes,Yes,Yes,Yes,No,Yes,No,No,No,No,No,No,No,No,No,No,No,No,No,No,No,No,No,No,No,No,No,No,No,No,No,No,No,No,No,No,Yes,No,No,91,91,47,0,0,0,0,0,0,0,1.25,88.814,103.9,91.774,10.184,0.908,150,175,88,0,0,99.6,99.5,99.6,99.7,99.7,99.8,99.8,99.8,99.8,99.5,99.6,99.7,99.7,99.8,99.8,99.8,99.8,99.1,99.3,99.4,99.3,0,0,0,0,0,0,0,0,0,0,0,0,0,0,0,0,0,0,0,0,0,0,0,0,0,0,0,0,0,0,0,0,0,0,0,2793.2,28,36,36,36,76,112,447,2,2,Yes,No,Yes,No,No,No,No,No,No,No,No,No,No,No,No,No,No,No,No,No,No,No,No,No,No,No,No,Yes,No,Yes,No,No,No,No,No,Yes,No,No,34,48,34,90,79,45,1.083,5.08,3.424,3.328,12.192,2.024,0.616,3.424,3.2,1.072,1.264,1.648,1.064,1,1,0.856,1.824,1804,2070,3497,46,47,42,1.06,54,41.2,1.26,1.26,1.8,1.815,1.11,4.97,2.5,No,No,No,40.8,1.26,1.26,1.8,1.815,1.11,5.04,2.25,No,No,No,51,51,63,100,100,No,No,14727,23930,35,35,No,No,1299,631,0.6,1.8,2.4,0.506,2.859,40942,65503,0,0,0,0,0,0,28.1,30,31.1,84,0.905,12.164,12.152,12.167,12.172,0,0,11.256,5.811,10.458,10.792,3.822,0.337,7.567,7.701,210,50.6,1185,56.7,1290,2,2,0,1,9.5,0.2,0.9,0,0,0,0,0,0,Yes,No,No,No,No,Yes,No,5.4,7.3,0,0,0,0,0,0,0,0,0,3,0,0,0,0,0,0,0,0,0,0,0,0,0,0,0,0,0,0,0,0,11113,1169,906,64,2.5,0,0,0,16.5,21.4,75.9,1.9,21.7,46.68,528.1,13.17,1.38,82.62,83.99,0,1887,32,2.7,2.6,0,0,0,0,0,0
14.10.2025,12:36.0,25104,44312,36.1,19492,45828,29.8,0,1.008,0.998,1.013,1.067,1.04,1.016,1.008,0.989,0.991,1.007,0.991,0.991,0.991,1.251,3483.1,3591.2,3691,3790.7,3790.7,3691,3691,3591.2,3591.2,3092.4,3092.4,3092.4,3092.4,99.8,3192.2,3618.8,3738.7,3739,3743.2,3744.8,3745.7,3746.1,3746.4,3747.7,3736.6,3740.9,3742.3,3742.5,3745.5,3743.8,3743.3,3743.9,3116.5,3122.4,3123.4,3122.7,3673.8,100,100,100,100,100,100,100,100,100,100,100,100,100,100,100,100,100,100,100,100,100,100,100,100,101.1,104.5,104.5,104.5,104.5,104.5,104.5,104.5,104.6,104.5,104.5,104.5,104.5,104.5,104.5,104.6,104.6,87.5,87.5,87.5,87.5,101.1,34.9,36,37,38,38,37,37,36,36,31,31,31,31,32,83,83,83,90,85,89,89,81,87,78,78,78,76,17,17,17,10,15,11,11,19,13,22,22,22,24,90,90,Yes,No,No,Yes,No,Yes,Yes,No,Yes,No,No,No,No,No,No,No,No,No,No,No,No,No,No,No,No,No,No,No,No,No,No,No,No,No,No,No,No,No,No,Yes,No,No,90,90,47,0,0,0,0,0,0,0,1.25,69.782,104.422,92.347,10.148,0.898,150,175,72,0,0,99.7,99.6,99.6,99.7,99.7,99.8,99.8,99.8,99.8,99.6,99.7,99.7,99.7,99.8,99.8,99.8,99.8,99.3,99.5,99.5,99.5,0,0,0,0,0,0,0,0,0,0,0,0,0,0,0,0,0,0,0,0,0,0,0,0,0,0,0,0,0,0,0,0,0,0,0,2793.2,28,36,36,36,76,112,447,2,2,Yes,No,Yes,No,No,No,No,No,No,No,No,No,No,No,No,No,No,No,No,No,No,No,No,No,No,No,No,Yes,No,Yes,No,No,No,No,No,Yes,No,No,34,48,34,89,78,45,1.057,5.04,3.424,3.328,12.192,2.024,0.616,3.424,3.2,1.072,1.264,1.664,1.064,1,1,0.848,1.824,1804,2057,3409,46,47,42,1.095,57,41.2,1.26,1.26,1.8,1.815,1.11,5.04,1.75,No,No,No,40.8,1.26,1.26,1.8,1.815,1.11,5.04,1.5,No,No,No,51,51,62,100,100,No,No,14727,23930,35,35,No,No,1299,631,1.9,0.2,2.1,0.643,0.962,40943,65505,0,0,0,0,0,0,28.1,32,31.1,84,0.905,12.164,12.154,12.167,12.171,0,0,10.975,5.762,10.563,10.707,3.664,0.143,7.565,7.696,210,50.6,1185,36.7,1290,0,1,0,0,9.5,0,0.1,0,0,0,0,0,0,Yes,No,No,No,No,Yes,No,5.4,7.2,0,0,0,0,0,0,0,0,0,3,0,0,0,0,0,0,0,0,0,0,0,0,0,0,0,0,0,0,0,0,11110,1172,909,64,2.5,0,0,0,16.5,14.3,62.2,1.2,14.4,69.97,802.62,16.09,1.47,198.49,199.99,0,1887,32,0.7,0.1,0,0,0,0,0,0
14.10.2025,12:38.0,25105,44311,36.1,19495,45825,29.8,0,1.031,1.042,1.047,1.04,1.057,1.014,0.977,1.011,1.028,1.031,1.043,1.043,1.043,1.251,3508.1,3790.7,3790.7,3790.7,3691,3691,3591.2,3691,3691,3092.4,3092.4,3092.4,3092.4,99.8,3391.7,3598.1,3711.8,3714.7,3719.7,3720.3,3722.2,3721.8,3721,3721.2,3713.5,3718.5,3719.4,3719.6,3721,3722.3,3723.8,3724.3,3107.4,3112.3,3114,3113.9,3651.9,100,100,100,100,100,100,100,100,100,100,100,100,100,100,100,100,100,100,100,100,100,100,100,100,100.5,103.8,103.8,103.8,103.8,103.8,103.8,103.8,103.8,103.8,103.8,103.8,103.8,103.8,103.8,103.8,103.8,87.1,87.1,87.1,87.1,100.5,35.2,38,38,38,37,37,36,37,37,31,31,31,31,34,83,84,82,91,87,86,88,83,81,78,78,78,77,17,16,18,9,13,14,12,17,19,22,22,22,23,91,91,Yes,No,No,Yes,No,Yes,Yes,No,Yes,No,No,No,No,No,No,No,No,No,No,No,No,No,No,No,No,No,No,No,No,No,No,No,No,No,No,No,No,No,No,Yes,No,No,90,90,47,0,0,0,0,0,0,0,1.25,96.744,104.399,92.319,10.154,0.896,150,175,104,0,0,99.7,99.6,99.6,99.7,99.7,99.8,99.8,99.8,99.8,99.6,99.7,99.8,99.8,99.8,99.8,99.8,99.8,99.3,99.5,99.5,99.5,0,0,0,0,0,0,0,0,0,0,0,0,0,0,0,0,0,0,0,0,0,0,0,0,0,0,0,0,0,0,0,0,0,0,0,2793.2,28,36,36,36,76,112,447,2,2,Yes,No,Yes,No,No,No,No,No,No,No,No,No,No,No,No,No,No,No,No,No,No,No,No,No,No,No,No,Yes,No,Yes,No,No,No,No,No,No,No,No,34,48,34,90,78,45,1.021,5.04,3.424,3.328,12.192,2.024,0.616,3.424,3.2,1.072,1.264,1.664,1.064,1,1,0.848,1.824,1804,2067,3409,46,47,42,1.05,55,41.2,1.26,1.26,1.8,1.815,1.11,5.04,2.375,No,No,No,40.8,1.26,1.26,1.8,1.815,1.11,5.04,1.5,No,No,No,51,51,63,100,100,No,No,14727,23930,35,35,No,No,1299,631,0.4,0.3,0.7,0.394,0.642,40944,65507,0,0,0,0,0,0,28.1,30,31,84,0.905,12.161,12.15,12.164,12.169,0,0,10.861,5.885,10.357,10.911,4.004,0.571,7.647,7.702,210,50.6,1185,33.6,1290,2,6,0,0,9.5,0.1,0.3,0,0,0,0,0,0,Yes,No,No,No,No,Yes,No,5.5,7.8,0,0,0,0,0,0,0,0,0,3,0,0,0,0,0,0,0,0,0,0,0,0,0,0,0,0,0,0,0,0,11113,1169,906,64,2.5,0,0,0,16.5,10.4,28.5,1,10.5,96.28,996.43,35.07,1.59,395.32,396.88,0,1887,32,12.5,4.9,0,0,0,0,0,0
14.10.2025,12:40.0,25049,44367,36,19488,45832,29.8,0,1.011,0.999,1.045,1,1.021,1.013,0.998,0.998,1.01,1.011,1.011,1.011,1.011,1.251,3499.8,3691,3790.7,3691,3691,3691,3691,3691,3691,3092.4,3092.4,3092.4,3092.4,99.8,3291.9,3593.1,3710,3709.5,3713.6,3714.6,3716.4,3716.3,3716,3716.8,3709.7,3713.2,3715.3,3715.7,3718.1,3717.4,3717.6,3718.2,3100.9,3106,3108.6,3108.4,3647,100,100,100,100,100,100,100,100,100,100,100,100,100,100,100,100,100,100,100,100,100,100,100,100,100.3,103.7,103.7,103.6,103.6,103.7,103.7,103.7,103.7,103.7,103.7,103.7,103.7,103.7,103.7,103.7,103.7,87,87,87,87,100.3,35.1,37,38,37,37,37,37,37,37,31,31,31,31,33,84,85,84,91,85,87,88,81,87,79,79,79,79,16,15,16,9,15,13,12,19,13,21,21,21,21,91,91,Yes,No,No,Yes,No,Yes,Yes,No,Yes,No,No,No,No,No,No,No,No,No,No,No,No,No,No,No,No,No,No,No,No,No,No,No,No,No,No,No,No,No,No,Yes,No,No,90,90,47,0,0,0,0,0,0,0,1.25,72.954,104.168,92.018,10.2,0.92,150,175,80,0,0,99.7,99.6,99.6,99.7,99.7,99.8,99.8,99.8,99.8,99.6,99.7,99.8,99.8,99.8,99.8,99.8,99.8,99.3,99.5,99.6,99.6,0,0,0,0,0,0,0,0,0,0,0,0,0,0,0,0,0,0,0,0,0,0,0,0,0,0,0,0,0,0,0,0,0,0,0,2793.2,28,36,36,36,76,112,447,2,2,Yes,No,Yes,No,No,No,No,No,No,No,No,No,No,No,No,No,No,No,No,No,No,No,No,No,No,No,No,Yes,No,Yes,No,No,No,No,No,No,No,No,34,48,34,89,78,45,1.057,5.04,3.424,3.328,12.192,2.024,0.616,3.424,3.2,1.072,1.264,1.648,1.064,1,1,0.848,1.824,1807,2070,3435,46,47,42,1.065,60,41.2,1.26,1.26,1.8,1.815,1.11,5.04,1.375,No,No,No,40.8,1.26,1.26,1.8,1.815,1.11,5.04,1.5,No,No,No,51,51,62,100,100,No,No,14727,23930,35,35,No,No,1299,631,0.2,0.4,0.6,0.224,0.766,40944,65508,0,0,0,0,0,0,28,32,30.9,84,0.905,12.164,12.153,12.166,12.171,0,0,10.742,5.734,10.452,10.596,3.627,0.148,7.629,7.688,210,50.6,1185,35.9,1290,0,1,0,0,9.5,0,0.2,0,0,0,0,0,0,Yes,No,No,No,No,Yes,No,5.3,7.9,0,0,0,0,0,0,0,0,0,3,0,0,0,0,0,0,0,0,0,0,0,0,0,0,0,0,0,0,0,0,11113,1169,906,63,2.5,0,0,0,16.5,8.8,160,1.2,8.9,113.75,822.38,6.25,1.4,218.93,220.33,0,1887,32,1.2,0.1,0,0,0,0,0,0
14.10.2025,12:42.0,25058,44358,36,19512,45808,29.8,0,1.021,1.012,1.01,1.033,1.044,1.024,1.039,1.034,1.011,1.012,1.012,1.013,1.013,1.251,3524.7,3691,3691,3691,3790.7,3790.7,3790.7,3790.7,3691,3092.4,3092.4,3092.4,3092.4,99.8,3291.9,3600.4,3713.8,3713.8,3720.9,3721.7,3720.5,3721.3,3724.3,3723.3,3719.1,3722.4,3724,3724.6,3725.4,3726.6,3727.1,3727.3,3107.6,3111.5,3115.8,3116.5,3654.2,100,99.9,99.9,100,100,99.9,99.9,100,99.9,100,100,99.9,100,100,100,100,100,99.9,99.9,100,100,100,100,100,100.5,103.8,103.8,103.9,103.9,103.8,103.8,103.9,103.9,103.9,103.9,103.8,103.9,103.9,103.9,103.9,103.9,87,87,87.1,87.1,100.5,35.3,37,37,37,38,38,38,38,37,31,31,31,31,33,84,84,83,90,85,89,88,81,89,79,79,78,79,16,16,17,10,15,11,12,19,11,21,21,22,21,90,90,Yes,Yes,No,Yes,Yes,Yes,Yes,No,Yes,No,No,No,No,No,No,No,No,No,No,No,No,No,No,No,No,No,No,No,No,No,No,No,No,No,No,No,No,No,No,Yes,No,No,90,90,47,0,0,0,0,0,0,0,1.25,45.993,104.304,92.479,9.967,0.831,150,175,48,0,0,99.7,99.5,99.6,99.7,99.8,99.7,99.7,99.8,99.8,99.6,99.7,99.7,99.8,99.8,99.8,99.8,99.8,99.3,99.4,99.6,99.6,0,0,0,0,0,0,0,0,0,0,0,0,0,0,0,0,0,0,0,0,0,0,0,0,0,0,0,0,0,0,0,0,0,0,0,2793.2,28,36,36,36,76,112,447,2,2,Yes,No,Yes,No,No,No,No,No,No,No,No,No,No,No,No,No,No,No,No,No,No,No,No,No,No,No,No,Yes,No,Yes,No,No,No,No,No,Yes,No,No,34,48,34,90,79,46,1.039,5.04,3.424,3.328,12.192,2.024,0.616,3.424,3.2,1.072,1.264,1.648,1.064,1,1,0.848,1.824,1802,2057,3452,45,47,43,1.065,51,41.2,1.26,1.26,1.8,1.8,1.11,5.04,2,No,No,No,40.8,1.26,1.26,1.8,1.815,1.11,5.04,1.375,No,No,No,52,52,62,100,100,No,No,14727,23930,35,35,No,No,1299,631,10,0.2,10.2,13.63,0.802,40970,65510,0,0,0,0,0,0,28,30,31,84,0.905,12.163,12.15,12.166,12.172,0,0,10.919,5.835,10.408,10.816,3.883,0.418,7.63,7.692,210,50.6,1185,33.5,1290,0,1,0,0,9.5,0.1,0.4,0,0,0,0,0,0,Yes,No,No,No,No,Yes,No,5.4,8.1,0,0,0,0,0,0,0,0,0,3,0,0,0,0,0,0,0,0,0,0,0,0,0,0,0,0,0,0,0,0,11113,1169,906,62,2.5,0,0,0,16.5,7.6,59.6,1.2,7.8,130.83,858.59,16.79,1.45,250.64,252.1,0,1887,32,3.1,0.6,0,0,0,0,0,0
14.10.2025,12:44.0,25058,44359,36,19511,45809,29.8,0,1.021,1.029,1.013,1.009,1.014,1.012,1.056,1.031,1.013,1.013,1.015,1.015,1.026,1.251,3516.4,3790.7,3691,3691,3691,3691,3790.7,3790.7,3691,3092.4,3092.4,3092.4,3092.4,99.8,3391.7,3577.6,3695.4,3694.6,3696.8,3699.2,3699.6,3702.2,3693.5,3698.1,3695.9,3698,3699.1,3697.6,3698.2,3701.6,3701,3701.7,3089.9,3094.7,3097.4,3097.7,3631,99.9,100,99.9,99.9,99.9,99.9,100,99.7,99.9,100,99.9,99.9,99.9,99.9,100,100,100,100,100,100,100,100,99.9,100,99.9,103.2,103.2,103.2,103.2,103.2,103.3,103,103.2,103.3,103.2,103.2,103.2,103.2,103.3,103.3,103.3,86.6,86.6,86.6,86.6,99.9,35.2,38,37,37,37,37,38,38,37,31,31,31,31,34,83,82,83,91,85,87,87,82,86,78,78,78,78,17,18,17,9,15,13,13,18,14,22,22,22,22,90,91,Yes,No,No,Yes,No,Yes,Yes,No,Yes,No,No,No,No,No,No,No,No,No,No,No,No,No,No,No,No,No,No,No,No,No,No,No,No,No,No,No,No,No,No,Yes,No,No,90,90,47,0,0,0,0,0,0,0,1.25,93.572,103.913,92.108,9.953,0.821,150,175,104,0,0,99.7,99.6,99.6,99.7,99.7,99.7,99.8,99.6,99.7,99.7,99.7,99.7,99.7,99.7,99.8,99.8,99.8,99.4,99.5,99.6,99.6,0,0,0,0,0,0,0,0,0,0,0,0,0,0,0,0,0,0,0,0,0,0,0,0,0,0,0,0,0,0,0,0,0,0,0,2793.2,28,36,36,36,76,112,447,2,2,Yes,No,Yes,No,No,No,No,No,No,No,No,No,No,No,No,No,No,No,No,No,No,No,No,No,No,No,No,Yes,No,Yes,No,No,No,No,No,No,No,No,34,48,34,89,79,45,1.057,5.04,3.424,3.328,12.192,2.024,0.616,3.424,3.2,1.072,1.264,1.664,1.064,1,1,0.848,1.824,1800,2064,3470,45,47,42,1.095,59,41.2,1.26,1.26,1.8,1.815,1.2,5.04,2,No,No,No,41,1.26,1.26,1.8,1.815,1.11,5.04,3.5,No,No,No,52,52,62,100,100,No,No,14727,23930,35,35,No,No,1299,631,6.1,0.1,6.1,3.815,0.348,40978,65510,0,0,0,0,0,0,28.1,30,31,84,0.905,12.166,12.157,12.169,12.173,0,0,10.935,5.7,10.439,10.514,3.555,0.082,7.619,7.69,210,50.6,1185,33.4,1290,0,1,0,0,9.5,0.1,0.3,0,0,0,0,0,0,Yes,No,No,No,No,Yes,No,5.5,8.5,0,0,0,0,0,0,0,0,0,3,0,0,0,0,0,0,0,0,0,0,0,0,0,0,0,0,0,0,0,0,11113,1169,906,62,2.5,0,0,0,16.5,7,86,1.2,7.1,143.28,852.6,11.62,1.52,222.47,224,0,1887,32,1.3,0.5,0,0,0,0,0,0
14.10.2025,12:46.0,25058,44358,36,19518,45802,29.8,0,1.042,1.036,1.016,1.017,1.055,1.015,1.035,1.034,1.06,1.059,1.059,1.059,1.059,1.251,3549.7,3790.7,3691,3691,3790.7,3691,3691,3691,3790.7,3192.2,3192.2,3192.2,3192.2,99.8,3391.7,3594.6,3702.8,3706.2,3716.6,3716.1,3717.7,3712.9,3716.7,3719.3,3715.4,3716.8,3719.2,3719.7,3718.5,3717.4,3720.2,3722.1,3105.9,3110.1,3110.9,3108.3,3648.5,99.9,99.8,99.8,99.9,99.9,99.9,99.8,99.9,100,100,99.9,99.9,99.9,99.9,99.9,100,100,99.9,100,99.9,99.8,100,99.9,100,100.3,103.5,103.6,103.7,103.7,103.7,103.6,103.7,103.7,103.8,103.7,103.7,103.7,103.7,103.7,103.8,103.8,87,87,87,86.9,100.3,35.6,38,37,37,38,37,37,37,38,32,32,32,32,34,84,85,86,90,84,88,88,82,86,78,78,81,81,16,15,14,10,16,12,12,18,14,22,22,19,19,90,90,Yes,No,No,Yes,No,Yes,Yes,No,Yes,No,No,No,No,No,No,No,No,No,No,No,No,No,No,No,No,No,No,No,No,No,No,No,No,No,No,No,No,No,No,Yes,No,No,91,91,47,0,0,0,0,0,0,0,1.25,87.228,104.581,92.63,10.052,0.865,150,175,96,0,0,99.6,99.3,99.4,99.7,99.7,99.7,99.6,99.7,99.8,99.6,99.7,99.7,99.8,99.7,99.7,99.8,99.8,99.3,99.5,99.5,99.4,0,0,0,0,0,0,0,0,0,0,0,0.1,0.1,0,0,0,0,0,0,0,0,0,0,0,0,0,0,0,0,0,0,0,0,0,0,2793.2,28,36,36,36,76,112,447,2,2,Yes,No,Yes,No,No,No,No,No,No,No,No,No,No,No,No,No,No,No,No,No,No,No,No,No,No,No,No,Yes,No,Yes,No,No,No,No,No,No,No,No,34,48,34,90,79,47,1.048,5.04,3.424,3.328,12.192,2.024,0.616,3.424,3.2,1.072,1.264,1.664,1.064,1,1,0.848,1.824,1802,2057,3452,46,47,43,1.065,58,41.2,1.26,1.26,1.8,1.815,1.11,5.04,2.125,No,No,No,41,1.26,1.26,1.8,1.815,1.11,5.04,2,No,No,No,52,52,63,100,100,No,No,14727,23930,35,35,No,No,1299,631,4.3,0.1,4.4,8.293,0.794,40993,65512,0,0,0,0,0,0,28.1,30,31,84,0.905,12.162,12.151,12.165,12.17,0,0,10.572,5.643,10.1,10.316,3.59,0.221,7.587,7.686,210,50.6,1185,31.8,1290,0,6,0,0,9.5,0,0.2,0,0,0,0,0,0,Yes,No,No,No,No,Yes,No,5.3,7.1,0,0,0,0,0,0,0,0,0,3,0,0,0,0,0,0,0,0,0,0,0,0,0,0,0,0,0,0,0,0,11113,1169,906,62,2.5,0,0,0,16.5,6.2,35.6,1,6.3,161.36,988.02,28.12,1.52,331.82,333.33,0,1887,32,0.5,0.4,0,0,0,0,0,0
14.10.2025,12:48.0,25052,44364,36,19517,45804,29.8,0,1.029,1.04,1.033,1.037,1.01,1.01,1.028,1.053,1.031,1.021,1.027,1.027,1.027,1.251,3574.6,3790.7,3790.7,3790.7,3691,3691,3790.7,3790.7,3790.7,3192.2,3192.2,3192.2,3192.2,99.8,3391.7,3587.9,3703.3,3703.4,3707,3709.9,3712.8,3710.9,3713.2,3711.2,3694,3703.6,3709.2,3708.9,3714.4,3715.8,3718.1,3718.5,3097.2,3098.3,3105.1,3102.7,3641.6,99.9,100,99.9,99.9,99.9,99.9,99.9,99.9,99.9,100,99.9,99.9,99.8,100,100,100,100,100,99.9,99.9,99.9,100,99.9,100,100.2,103.6,103.6,103.5,103.6,103.6,103.6,103.6,103.6,103.6,103.6,103.6,103.5,103.7,103.6,103.7,103.7,86.8,86.8,86.8,86.8,100.2,35.8,38,38,38,37,37,38,38,38,32,32,32,32,34,84,85,86,90,85,89,89,81,89,79,78,78,78,16,15,14,10,15,11,11,19,11,21,22,22,22,90,90,Yes,No,No,Yes,Yes,Yes,Yes,No,Yes,No,No,No,No,No,No,No,No,No,No,No,No,No,No,No,No,No,No,No,No,No,No,No,No,No,No,No,No,No,No,Yes,No,No,91,91,47,0,0,0,0,0,0,0,1.25,96.744,104.436,92.576,9.994,0.835,150,175,104,0,0,99.6,99.5,99.5,99.6,99.6,99.7,99.7,99.7,99.6,99.2,99.5,99.6,99.6,99.7,99.8,99.8,99.8,99.2,99.3,99.5,99.4,0,0,0,0,0,0,0,0,0,0,0,0,0.1,0,0,0,0,0,0,0,0,0,0,0,0,0,0,0,0,0,0,0,0,0,0,2793.2,28,36,36,36,76,112,447,2,2,Yes,No,Yes,No,No,No,No,No,No,No,No,No,No,No,No,No,No,No,No,No,No,No,No,No,No,No,No,Yes,No,Yes,No,No,No,No,No,No,No,No,34,48,34,90,79,45,1.057,5.08,3.424,3.328,12.192,2.024,0.616,3.424,3.2,1.072,1.264,1.664,1.064,1,1,0.848,1.824,1802,2054,3417,46,47,43,1.09,46,41.2,1.26,1.26,1.8,1.815,1.11,5.04,2,No,No,No,41,1.26,1.26,1.8,1.815,1.11,5.04,2.125,No,No,No,52,52,64,100,100,No,No,14727,23930,35,35,No,No,1299,631,3.3,0.1,3.4,6.318,0.345,41006,65512,0,0,0,0,0,0,28,30,31.1,84,0.905,12.165,12.157,12.167,12.172,0,0,10.817,5.734,10.529,10.634,3.615,0.109,7.562,7.686,210,50.6,1185,32.2,1290,0,1,0,0,9.5,0,0.2,0,0,0,0,0,0,Yes,No,No,No,No,Yes,No,5.3,8.1,0,0,0,0,0,0,0,0,0,3,0,0,0,0,0,0,0,0,0,0,0,0,0,0,0,0,0,0,0,0,11113,1169,906,62,2.5,0,0,0,16.5,5.6,59.3,1,5.7,177.39,977.3,16.86,1.55,329.06,330.62,0,1887,32,0.4,0.1,0,0,0,0,0,0
14.10.2025,12:50.0,25049,44367,36,19514,45806,29.8,0,1.006,1.015,0.987,0.99,1.018,0.986,1.018,1.028,1.01,1.001,0.999,1.005,1.011,1.251,3474.8,3691,3591.2,3591.2,3691,3591.2,3691,3790.7,3691,3092.4,3092.4,3092.4,3092.4,99.8,3291.9,3585.5,3702.3,3703.6,3705.9,3704.3,3708.7,3706.1,3709.5,3707.7,3705.4,3706.1,3707.4,3708.5,3708.5,3709.3,3709,3709,3094.4,3098.9,3103.2,3103.3,3639.1,99.9,99.9,99.9,99.9,99.8,99.9,99.9,99.9,99.9,100,99.9,99.9,100,100,100,100,100,99.8,99.9,99.9,99.9,100,99.9,100,100.1,103.4,103.5,103.4,103.4,103.5,103.4,103.5,103.5,103.5,103.5,103.5,103.5,103.5,103.5,103.6,103.6,86.7,86.7,86.8,86.8,100.1,34.8,37,36,36,37,36,37,38,37,31,31,31,31,33,83,84,83,90,85,87,85,82,86,78,79,79,79,17,16,17,10,15,13,15,18,14,22,21,21,21,91,90,Yes,No,No,Yes,No,Yes,Yes,No,Yes,No,No,No,No,No,No,No,No,No,No,No,No,No,No,No,No,No,No,No,No,No,No,No,No,No,No,No,No,No,No,Yes,No,No,90,90,47,0,0,0,0,0,0,0,1.25,98.33,104.294,92.337,10.062,0.867,150,175,104,0,0,99.7,99.5,99.6,99.6,99.6,99.7,99.7,99.7,99.7,99.7,99.7,99.7,99.8,99.8,99.8,99.8,99.8,99.3,99.4,99.6,99.6,0,0,0,0,0,0,0,0,0,0.1,0.1,0,0,0,0,0,0,0,0,0,0,0,0,0,0,0,0,0,0,0,0,0,0,0,0,2793.2,28,36,36,36,76,112,447,2,2,Yes,No,Yes,No,No,No,No,No,No,No,No,No,No,No,No,No,No,No,No,No,No,No,No,No,No,No,No,Yes,No,Yes,No,No,No,No,No,No,No,No,34,49,34,89,79,45,1.039,5.04,3.424,3.328,12.192,2.024,0.616,3.424,3.2,1.072,1.264,1.648,1.064,1,1,0.848,1.824,1802,2064,3400,46,47,43,1.045,55,41.5,1.26,1.26,1.8,1.815,1.11,5.04,3.625,No,No,No,41,1.26,1.26,1.8,1.815,1.11,5.04,1.5,No,No,No,52,52,64,100,100,No,No,14727,23930,35,35,No,No,1299,631,3.9,0.2,4.1,7.27,0.854,41020,65514,0,0,0,0,0,0,28.1,32,31,84,0.905,12.163,12.15,12.167,12.172,0,0,10.898,5.758,10.16,10.597,3.822,0.438,7.586,7.704,210,50.6,1185,32.5,1290,0,2,0,0,9.5,0,0.2,0,0,0,0,0,0,Yes,No,No,No,No,Yes,No,5.3,7.9,0,0,0,0,0,0,0,0,0,3,0,0,0,0,0,0,0,0,0,0,0,0,0,0,0,0,0,0,0,0,11113,1169,906,62,2.5,0,0,0,16.5,5.1,58.6,1,5.2,195.45,1004.99,17.07,1.46,398.74,400.16,0,1887,32,0.1,0.2,0,0,0,0,0,0
14.10.2025,12:50.8,25051,44365,36,19517,45803,29.8,0,1.019,1.022,1.009,0.995,1.008,1.061,1.04,1.018,1.011,1.016,1.016,1.016,1.016,1.251,3499.8,3691,3691,3691,3691,3691,3790.7,3691,3691,3092.4,3092.4,3092.4,3092.4,99.8,3291.9,3592.8,3706.5,3708.7,3712.1,3711.5,3714.5,3714.2,3716.4,3716.2,3709.6,3712.2,3714,3716.2,3718.3,3718.6,3718.2,3718.6,3103.9,3107.3,3110.5,3108.1,3646.5,100,99.9,100,99.9,99.9,99.9,99.9,100,100,100,100,99.9,100,100,100,100,100,99.9,99.9,100,100,100,100,100,100.3,103.6,103.6,103.6,103.5,103.6,103.6,103.6,103.6,103.6,103.6,103.6,103.6,103.6,103.6,103.6,103.6,86.9,86.9,87,87,100.3,35.1,37,37,37,37,37,38,37,37,31,31,31,31,33,83,83,84,90,85,86,87,81,87,79,79,79,79,17,17,16,10,15,14,13,19,13,21,21,21,21,88,90,Yes,No,No,Yes,No,Yes,Yes,No,Yes,No,No,No,No,No,No,No,No,No,No,No,No,No,No,No,No,No,No,No,No,No,No,No,No,No,No,No,No,No,No,Yes,No,No,90,90,47,0,0,0,0,0,0,0,1.25,98.33,104.294,92.337,10.062,0.867,150,175,104,0,0,99.7,99.6,99.6,99.7,99.7,99.8,99.8,99.8,99.8,99.6,99.7,99.7,99.8,99.8,99.8,99.8,99.8,99.3,99.5,99.6,99.5,0,0,0,0,0,0,0,0,0,0.1,0.1,0,0,0,0,0,0,0,0,0,0,0,0,0,0,0,0,0,0,0,0,0,0,0,0,2793.2,28,36,36,36,76,112,447,2,2,Yes,No,Yes,No,No,No,No,No,No,No,No,No,No,No,No,No,No,No,No,No,No,No,No,No,No,No,No,Yes,No,Yes,No,No,No,No,No,No,No,No,34,49,34,89,79,45,1.039,5.04,3.424,3.328,12.192,2.024,0.616,3.424,3.2,1.072,1.264,1.648,1.064,1,1,0.848,1.824,1802,2064,3400,45,47,43,1.045,55,41.5,1.26,1.26,1.8,1.815,1.11,5.04,3.625,No,No,No,41,1.26,1.26,1.8,1.815,1.11,5.04,1.5,No,No,No,52,52,64,100,100,No,No,14727,23930,35,35,No,No,1299,631,1.5,0.1,1.6,3.329,0.298,41026,65515,0,0,0,0,0,0,28.1,32,31,84,0.905,12.163,12.15,12.167,12.172,0,0,10.898,5.758,10.16,10.597,3.822,0.438,7.586,7.704,210,50.6,1185,32.5,1290,0,2,0,0,9.5,0,0.2,0,0,0,0,0,0,Yes,No,No,No,No,Yes,No,5.3,7.9,0,0,0,0,0,0,0,0,0,3,0,0,0,0,0,0,0,0,0,0,0,0,0,0,0,0,0,0,0,0,11113,1169,906,62,2.5,0,0,0,16.5,4.9,132.3,1.2,5,202.13,857.42,7.56,1.37,250.52,251.95,0,1887,32,1,0.1,0,0,0,0,0,0
14.10.2025,12:52.0,25051,44365,36,19517,45803,29.8,0,1.019,1.022,1.009,0.995,1.008,1.061,1.04,1.018,1.011,1.016,1.016,1.016,1.016,1.251,3499.8,3691,3691,3691,3691,3691,3790.7,3691,3691,3092.4,3092.4,3092.4,3092.4,99.8,3291.9,3592.8,3706.5,3708.7,3712.1,3711.5,3714.5,3714.2,3716.4,3716.2,3709.6,3712.2,3714,3716.2,3718.3,3718.6,3718.2,3718.6,3103.9,3107.3,3110.5,3108.1,3646.5,100,99.9,100,99.9,99.9,99.9,99.9,100,100,100,100,99.9,100,100,100,100,100,99.9,99.9,100,100,100,100,100,100.3,103.6,103.6,103.6,103.5,103.6,103.6,103.6,103.6,103.6,103.6,103.6,103.6,103.6,103.6,103.6,103.6,86.9,86.9,87,87,100.3,35.1,37,37,37,37,37,38,37,37,31,31,31,31,33,83,83,84,90,85,86,87,81,87,79,79,79,79,17,17,16,10,15,14,13,19,13,21,21,21,21,88,90,Yes,No,No,Yes,No,Yes,Yes,No,Yes,No,No,No,No,No,No,No,No,No,No,No,No,No,No,No,No,No,No,No,No,No,No,No,No,No,No,No,No,No,No,Yes,No,No,90,90,47,0,0,0,0,0,0,0,1.25,93.572,104.308,92.465,9.98,0.832,150,175,72,0,0,99.7,99.6,99.6,99.7,99.7,99.8,99.8,99.8,99.8,99.6,99.7,99.7,99.8,99.8,99.8,99.8,99.8,99.3,99.5,99.6,99.5,0,0,0,0,0,0,0,0,0,0.1,0.1,0,0,0,0,0,0,0,0,0,0,0,0,0,0,0,0,0,0,0,0,0,0,0,0,2793.2,28,36,36,36,76,112,447,2,2,Yes,No,Yes,No,No,No,No,No,No,No,No,No,No,No,No,No,No,No,No,No,No,No,No,No,No,No,No,Yes,No,Yes,No,No,No,No,No,No,No,No,34,49,34,89,79,46,1.066,5.04,3.424,3.328,12.192,2.024,0.616,3.424,3.2,1.072,1.264,1.664,1.064,1,1,0.848,1.824,1804,2057,3497,45,47,43,1.085,48,41.5,1.26,1.26,1.8,1.815,1.11,5.04,1.875,No,No,No,41,1.26,1.26,1.8,1.815,1.11,5.04,2.75,No,No,No,52,52,63,100,100,No,No,14727,23930,35,35,No,No,1299,631,1.5,0.1,1.6,3.329,0.298,41026,65515,0,0,0,0,0,0,28.2,32,31,84,0.905,12.165,12.159,12.169,12.168,0,0,10.917,7.298,11.793,14.456,6.595,2.676,7.749,7.816,210,50.6,1185,67.4,1290,1,23,0,0,9.5,0.2,0.8,0,0,0,0,0,0,Yes,No,No,No,No,Yes,No,7.2,9.1,0,0,0,0,0,0,0,0,0,3,0,0,0,0,0,0,0,0,0,0,0,0,0,0,0,0,0,0,0,0,11113,1169,906,62,2.5,0,0,0,16.5,4.9,132.3,1.2,5,202.13,857.42,7.56,1.37,250.52,251.95,0,1887,32,1,0.1,0,0,0,0,0,0
14.10.2025,12:54.0,25053,44363,36,19527,45793,29.8,0,1.012,0.992,1.012,1.011,1.011,1.015,1.012,1.01,1.01,1.017,1.017,1.017,1.017,1.251,3483.1,3591.2,3691,3691,3691,3691,3691,3691,3691,3092.4,3092.4,3092.4,3092.4,99.8,3192.2,3597.9,3691.9,3710.4,3716.4,3717.3,3726.1,3722.3,3725.9,3727.3,3716.1,3719.4,3717.6,3722.4,3726.3,3724.3,3728.6,3728.9,3101.5,3110.2,3115.1,3109.6,3651.8,99.9,99.4,99.9,99.8,99.8,100,99.9,99.9,100,99.9,99.9,99.8,99.9,100,99.9,100,100,99.9,99.9,99.9,99.7,100,99.9,100,100.5,103.4,103.9,103.8,103.8,103.9,103.8,103.9,104,103.9,103.9,103.7,103.9,103.9,103.9,104,104,87.1,87,87.1,86.9,100.5,34.9,36,37,37,37,37,37,37,37,31,31,31,31,32,84,85,83,88,87,87,88,81,89,79,79,78,78,16,15,17,12,13,13,12,19,11,21,21,22,22,90,89,Yes,Yes,No,Yes,No,Yes,Yes,No,Yes,No,No,No,No,No,No,No,No,No,No,No,No,No,No,No,No,No,No,No,No,No,No,No,No,No,No,No,No,No,No,Yes,No,No,88,88,47,0,0,0,0,0,0,0,1.25,87.228,104.484,92.689,9.945,0.821,150,175,96,0,0,99.6,98.9,99.4,99.5,99.6,99.8,99.7,99.7,99.8,99.5,99.6,99.6,99.7,99.8,99.7,99.8,99.8,99.1,99.3,99.5,99.3,0,0,0,0,0,0,0,0,0,0,0.1,0,0.2,0,0,0,0,0,0,0,0,0,0,0,0,0,0,0,0,0,0,0,0,0,0,2793.2,28,36,36,36,76,112,447,2,2,Yes,No,Yes,No,No,No,No,No,No,No,No,No,No,No,No,No,No,No,No,No,No,No,No,No,No,No,No,Yes,No,Yes,No,No,No,No,No,Yes,No,No,34,49,34,89,79,45,1.039,5.04,3.424,3.328,12.192,2.024,0.616,3.424,3.2,1.072,1.264,1.648,1.064,1,1,0.848,1.824,1802,2076,3417,45,47,43,1.09,57,41.5,1.26,1.26,1.8,1.8,1.11,5.04,1.875,No,No,No,41,1.26,1.26,1.8,1.815,1.11,5.04,1.375,No,No,No,52,52,62,100,100,No,No,14727,23930,35,35,No,No,1299,631,3.3,0.1,3.4,6.25,0.423,41037,65515,0,0,0,0,0,0,28.1,30,31,84,0.905,12.162,12.151,12.165,12.17,0,0,11.119,6.135,10.532,11.569,4.539,1.038,7.562,7.702,210,50.6,1185,56.3,1290,7,7,0,0,9.5,0.3,1.3,0,0,0,0,0,0,Yes,No,No,No,No,Yes,No,5.8,8.1,0,0,0,0,0,0,0,0,0,3,0,0,0,0,0,0,0,0,0,0,0,0,0,0,0,0,0,0,0,0,11113,1169,906,61,2.5,0,0,0,16.5,7.6,62.6,2.5,7.7,132.28,394.43,15.98,1.62,52.44,54.06,0,1887,32,4.4,6.7,0,0,0,0,0,0
14.10.2025,12:56.0,25051,44366,36,19531,45790,29.8,0,1.027,1.031,1.052,1.016,1.034,1.032,1.031,1.039,1.038,1.012,1.012,1.012,1.012,1.251,3549.7,3790.7,3890.5,3691,3691,3790.7,3790.7,3790.7,3790.7,3092.4,3092.4,3092.4,3092.4,99.8,3391.7,3590.3,3702.2,3702.3,3709.1,3711.3,3711.1,3710.7,3712.6,3714.4,3707.3,3712.2,3715,3713.8,3715.8,3714.2,3717.1,3716.8,3100.5,3104.1,3106.9,3108.2,3643.9,99.9,100,99.9,99.9,99.9,99.9,99.9,99.9,100,99.9,100,100,99.9,100,99.9,100,100,99.9,99.9,99.9,100,100,99.9,100,100.2,103.5,103.5,103.5,103.5,103.5,103.5,103.5,103.5,103.5,103.6,103.6,103.5,103.6,103.5,103.6,103.6,86.8,86.8,86.8,86.9,100.2,35.6,38,39,37,37,38,38,38,38,31,31,31,31,34,85,85,86,91,84,87,88,84,90,80,80,80,80,15,15,14,9,16,13,12,16,10,20,20,20,20,89,91,Yes,No,No,Yes,No,Yes,No,No,Yes,No,No,No,No,No,No,No,No,No,No,No,No,No,No,No,No,No,No,No,No,No,No,No,No,No,No,No,No,No,No,Yes,No,No,90,90,47,0,0,0,0,0,0,0,1.25,90.4,105.44,93.594,9.984,0.83,150,175,96,0,0,99.7,99.6,99.6,99.7,99.7,99.7,99.7,99.8,99.8,99.6,99.7,99.8,99.7,99.8,99.8,99.8,99.8,99.3,99.4,99.5,99.6,0,0,0,0,0,0,0,0,0,0.1,0.1,0.1,0,0,0,0,0,0,0,0,0,0,0,0,0,0,0,0,0,0,0,0,0,0,0,2793.2,28,36,36,36,76,112,447,2,2,Yes,No,Yes,No,No,No,No,No,No,No,No,No,No,No,No,No,No,No,No,No,No,No,No,No,No,No,No,Yes,No,Yes,No,No,No,No,No,No,No,No,34,49,34,90,79,45,1.03,5.04,3.424,3.328,12.192,2.024,0.616,3.424,3.2,1.072,1.264,1.648,1.064,1,1,0.848,1.824,1800,2070,3349,45,47,43,1.095,60,41.5,1.26,1.26,1.8,1.815,1.2,5.04,1.25,No,No,No,41,1.26,1.26,1.8,1.815,1.08,5.04,2.125,No,No,No,52,52,62,100,100,No,No,14727,23930,35,35,No,No,1299,631,2.3,0.2,2.5,5.411,0.734,41048,65517,0,0,0,0,0,0,28.1,30,30.9,84,0.905,12.164,12.152,12.168,12.172,0,0,10.838,5.79,10.554,10.732,3.7,0.184,7.656,7.703,210,50.6,1185,40.7,1290,0,1,0,0,9.5,0,0.2,0,0,0,0,0,0,Yes,No,No,No,No,Yes,No,5.4,7.7,0,0,0,0,0,0,0,0,0,3,0,0,0,0,0,0,0,0,0,0,0,0,0,0,0,0,0,0,0,0,11113,1169,906,61,2.5,0,0,0,16.5,8.4,62.1,1.7,8.5,118.89,591.33,16.1,1.3,84.94,86.24,0,1887,32,0.6,0.5,0,0,0,0,0,0
14.10.2025,12:58.0,25049,44367,36,19529,45791,29.8,0,1.044,1.033,1.045,1.013,1.036,1.058,1.056,1.045,1.039,1.061,1.061,1.041,1.041,1.251,3582.9,3790.7,3790.7,3691,3790.7,3790.7,3790.7,3790.7,3790.7,3192.2,3192.2,3192.2,3192.2,99.8,3391.7,3601.6,3716.2,3712.6,3722.1,3721.4,3723.7,3726,3727,3723.2,3716.8,3721.8,3723.2,3723.9,3726.4,3727.3,3727.5,3728.1,3113.1,3115.3,3117.9,3117.9,3655.3,100,100,99.9,100,99.9,99.9,100,100,99.9,99.9,100,99.9,99.9,100,100,100,100,100,100,99.9,100,100,100,100,100.6,103.9,103.8,103.9,103.9,103.9,103.9,103.9,103.9,103.9,103.9,103.9,103.9,103.9,104,104,104,87.2,87.2,87.1,87.2,100.5,35.9,38,38,37,38,38,38,38,38,32,32,32,32,34,84,85,82,90,85,87,84,82,89,82,82,81,81,16,15,18,10,15,13,16,18,11,18,18,19,19,91,90,Yes,No,No,Yes,No,Yes,Yes,No,Yes,No,No,No,No,No,No,No,No,No,No,No,No,No,No,No,No,No,No,No,No,No,No,No,No,No,No,No,No,No,No,Yes,No,No,90,90,47,0,0,0,0,0,0,0,1.25,74.54,105.223,93.255,10.068,0.867,150,175,80,0,0,99.7,99.6,99.5,99.7,99.7,99.7,99.8,99.8,99.7,99.5,99.7,99.7,99.7,99.8,99.8,99.8,99.8,99.4,99.5,99.6,99.6,0,0,0,0,0,0,0,0,0,0,0,0,0,0,0,0,0,0,0,0,0,0,0,0,0,0,0,0,0,0,0,0,0,0,0,2793.2,28,36,36,36,76,112,447,2,2,Yes,No,Yes,No,No,No,No,No,No,No,No,No,No,No,No,No,No,No,No,No,No,No,No,No,No,No,No,Yes,No,Yes,No,No,No,No,No,No,No,No,34,49,34,89,79,46,1.012,5.04,3.424,3.328,12.192,2.024,0.608,3.424,3.2,1.072,1.264,1.664,1.064,1,1,0.848,1.824,1804,2083,3391,46,47,43,1.09,62,41.5,1.26,1.26,1.8,1.815,1.08,5.04,1,No,No,No,41,1.26,1.26,1.8,1.815,1.08,5.04,1.125,No,No,No,52,52,64,100,100,No,No,14727,23930,35,35,No,No,1299,631,1.4,0.1,1.4,2.922,0.227,41054,65517,0,0,0,0,0,0,28.1,30,31,84,0.905,12.163,12.154,12.166,12.17,0,0,11.661,6.699,11.007,12.166,4.831,1.166,9.985,7.736,210,50.6,1185,44.1,1290,9,4,0,1,9.5,0.3,1.5,0,0,0,0,0,0,Yes,No,No,No,No,Yes,No,6.1,9.7,0,0,0,0,0,0,0,0,0,3,0,0,0,0,0,0,0,0,0,0,0,0,0,0,0,0,0,0,0,0,11113,1169,906,61,2.5,0,0,0,16.5,10.3,74.5,1.3,10.4,97.12,756.69,13.43,1.36,72.58,73.94,0,1887,32,0.6,0.3,0,0,0,0,0,0
14.10.2025,12:59.1,25057,44359,36,19536,45785,29.9,0,1.031,1.011,1.006,1.012,1.061,1.034,1.053,1.018,1.032,1.038,1.034,1.034,1.034,1.251,3549.7,3691,3691,3691,3790.7,3790.7,3790.7,3691,3691,3192.2,3192.2,3192.2,3192.2,99.8,3291.9,3610.4,3716.5,3720.6,3730,3732.8,3735.4,3736.1,3737.8,3737.3,3725.8,3729,3733.6,3735.3,3739.5,3739.6,3738.6,3738.8,3117.2,3119.7,3123.3,3120.3,3664.6,100,100,100,100,99.9,99.9,100,100,99.9,100,99.9,99.9,99.9,100,100,100,100,100,100,100,100,100,100,100,100.9,104.2,104.2,104.2,104.2,104.2,104.2,104.3,104.3,104.2,104.2,104.2,104.2,104.3,104.3,104.3,104.3,87.4,87.4,87.4,87.4,100.9,35.6,37,37,37,38,38,38,37,37,32,32,32,32,33,84,86,84,90,84,89,88,82,86,80,79,79,79,16,14,16,10,16,11,12,18,14,20,21,21,21,90,90,Yes,No,No,Yes,Yes,Yes,Yes,No,Yes,No,No,No,No,No,No,No,No,No,No,No,No,No,No,No,No,No,No,No,No,No,No,No,No,No,No,No,No,No,No,Yes,No,No,90,90,47,0,0,0,0,0,0,0,1.25,98.33,104.578,92.716,9.99,0.841,150,175,104,0,0,99.6,99.3,99.4,99.6,99.7,99.7,99.8,99.8,99.8,99.5,99.6,99.7,99.7,99.8,99.8,99.8,99.8,99.4,99.4,99.6,99.5,0,0,0,0,0,0,0,0,0,0,0,0,0,0,0,0,0,0,0,0,0,0,0,0,0,0,0,0,0,0,0,0,0,0,0,2793.2,28,36,36,36,76,112,447,2,2,Yes,No,Yes,No,No,No,No,No,No,No,No,No,No,No,No,No,No,No,No,No,No,No,No,No,No,No,No,Yes,No,Yes,No,No,No,No,No,No,No,No,34,49,34,89,79,45,1.048,5.04,3.424,3.328,12.192,2.024,0.608,3.424,3.2,1.072,1.264,1.648,1.064,1,1,0.848,1.824,1804,2064,3452,45,47,43,1.095,60,41.5,1.26,1.26,1.8,1.815,1.08,5.04,1.625,No,No,No,41,1.26,1.26,1.8,1.815,1.08,5.04,2.125,No,No,No,52,52,65,100,100,No,No,14727,23930,35,35,No,No,1299,631,0.4,0.5,0.9,0.917,3.277,41055,65523,0,0,0,0,0,0,28.2,32,31.1,84,0.905,12.166,12.155,12.17,12.173,0,0,12.732,5.97,10.544,11.135,4.102,0.593,7.646,7.768,210,50.6,1185,99.9,1290,10,11,0,1,9.5,0.8,4,0,0,0,0,0,0,Yes,No,No,No,No,Yes,No,5.6,9.8,0,0,0,0,0,0,0,0,0,3,0,0,0,0,0,0,0,0,0,0,0,0,0,0,0,0,0,0,0,0,11112,1170,907,61,2.5,0,0,0,16.5,30,64.5,12,30,33.34,83.44,15.51,1.59,18.04,19.64,0,1887,32,0.6,0.2,0,0,0,0,0,0
14.10.2025,13:00.0,25057,44359,36,19536,45785,29.9,0,1.031,1.011,1.006,1.012,1.061,1.034,1.053,1.018,1.032,1.038,1.034,1.034,1.034,1.251,3549.7,3691,3691,3691,3790.7,3790.7,3790.7,3691,3691,3192.2,3192.2,3192.2,3192.2,99.8,3291.9,3610.4,3716.5,3720.6,3730,3732.8,3735.4,3736.1,3737.8,3737.3,3725.8,3729,3733.6,3735.3,3739.5,3739.6,3738.6,3738.8,3117.2,3119.7,3123.3,3120.3,3664.6,100,100,100,100,99.9,99.9,100,100,99.9,100,99.9,99.9,99.9,100,100,100,100,100,100,100,100,100,100,100,100.9,104.2,104.2,104.2,104.2,104.2,104.2,104.3,104.3,104.2,104.2,104.2,104.2,104.3,104.3,104.3,104.3,87.4,87.4,87.4,87.4,100.9,35.6,37,37,37,38,38,38,37,37,32,32,32,32,33,84,86,84,90,84,89,88,82,86,80,79,79,79,16,14,16,10,16,11,12,18,14,20,21,21,21,90,90,Yes,No,No,Yes,Yes,Yes,Yes,No,Yes,No,No,No,No,No,No,No,No,No,No,No,No,No,No,No,No,No,No,No,No,No,No,No,No,No,No,No,No,No,No,Yes,No,No,90,90,47,0,0,0,0,0,0,0,1.25,98.33,104.578,92.716,9.99,0.841,150,175,104,0,0,99.6,99.3,99.4,99.6,99.7,99.7,99.8,99.8,99.8,99.5,99.6,99.7,99.7,99.8,99.8,99.8,99.8,99.4,99.4,99.6,99.5,0,0,0,0,0,0,0,0,0,0,0,0,0,0,0,0,0,0,0,0,0,0,0,0,0,0,0,0,0,0,0,0,0,0,0,2793.2,28,36,36,36,76,112,447,2,2,Yes,No,Yes,No,No,No,No,No,No,No,No,No,No,No,No,No,No,No,No,No,No,No,No,No,No,No,No,Yes,No,Yes,No,No,No,No,No,No,No,No,34,49,34,89,79,45,1.048,5.04,3.424,3.328,12.192,2.024,0.608,3.424,3.2,1.072,1.264,1.648,1.064,1,1,0.848,1.824,1804,2064,3452,45,47,43,1.095,60,41.5,1.26,1.26,1.8,1.815,1.08,5.04,1.625,No,No,No,41,1.26,1.26,1.8,1.815,1.08,5.04,2.125,No,No,No,52,52,65,100,100,No,No,14727,23930,35,35,No,No,1299,631,0.4,0.5,0.9,0.917,3.277,41055,65523,0,0,0,0,0,0,28.2,32,31.1,84,0.905,12.166,12.155,12.17,12.173,0,0,12.732,5.97,10.544,11.135,4.102,0.593,7.646,7.768,210,50.6,1185,99.9,1290,10,11,0,1,9.5,0.8,4,0,0,0,0,0,0,Yes,No,No,No,No,Yes,No,5.6,9.8,0,0,0,0,0,0,0,0,0,3,0,0,0,0,0,0,0,0,0,0,0,0,0,0,0,0,0,0,0,0,11112,1170,907,61,2.5,0,0,0,16.5,30,64.5,12,30,33.34,83.44,15.51,1.59,18.04,19.64,0,1887,32,0.6,0.2,0,0,0,0,0,0
14.10.2025,13:02.0,25062,44354,36.1,19535,45785,29.9,0,0.992,1.018,1.001,1.01,0.991,0.995,0.991,0.99,0.986,0.981,0.979,0.979,0.98,1.251,3449.9,3691,3691,3691,3591.2,3591.2,3591.2,3591.2,3591.2,3092.4,3092.4,3092.4,3092.4,99.8,3291.9,3626.4,3740.7,3742.9,3749.8,3750.1,3752.2,3753.1,3752.6,3752.7,3745.4,3748.9,3751.3,3752.8,3752.5,3751.4,3751,3750.8,3127.4,3133.3,3134.9,3133.6,3681.1,100,99.9,99.9,100,99.9,99.9,99.9,99.9,99.9,100,100,99.9,99.9,99.9,99.9,100,100,100,100,100,100,100,100,100,101.3,104.7,104.7,104.7,104.7,104.7,104.7,104.7,104.7,104.7,104.7,104.7,104.7,104.7,104.7,104.7,104.7,87.8,87.8,87.8,87.8,101.3,34.6,37,37,37,36,36,36,36,36,31,31,31,31,33,83,82,84,90,87,86,85,81,86,78,78,77,77,17,18,16,10,13,14,15,19,14,22,22,23,23,90,90,Yes,No,No,Yes,Yes,Yes,Yes,No,Yes,No,No,No,No,No,No,No,No,No,No,No,No,No,No,No,No,No,No,No,No,No,No,No,No,No,No,No,No,No,No,Yes,No,No,90,90,47,0,0,0,0,0,0,0,1.25,85.642,105.636,93.63,10.106,0.875,150,175,88,0,0,99.6,99.5,99.5,99.7,99.7,99.7,99.7,99.8,99.8,99.6,99.7,99.7,99.8,99.8,99.8,99.8,99.8,99.2,99.4,99.5,99.4,0,0,0,0,0,0,0,0,0,0,0,0,0,0,0,0,0,0,0,0,0,0,0,0,0,0,0,0,0,0,0,0,0,0,0,2793.2,28,36,36,36,76,112,447,2,2,Yes,No,Yes,No,No,No,No,No,No,No,No,No,No,No,No,No,No,No,No,No,No,No,No,No,No,No,No,Yes,No,Yes,No,No,No,No,No,No,No,No,34,49,34,90,79,46,1.039,5.04,3.424,3.328,12.192,2.024,0.608,3.424,3.2,1.072,1.264,1.648,1.064,1,1,0.848,1.824,1807,2061,3479,46,47,43,1.05,43,41.5,1.26,1.26,1.8,1.815,1.08,5.04,2,No,No,No,41,1.26,1.26,1.8,1.815,1.08,5.04,1.375,No,No,No,52,52,65,100,100,No,No,14727,23930,35,35,No,No,1299,631,0.8,0.9,1.6,0.451,7.146,41056,65537,0,0,0,0,0,0,28.1,32,31,84,0.905,12.165,12.154,12.169,12.172,0,0,11.564,6.487,10.848,11.779,4.54,0.942,9.264,8.021,210,50.6,1185,86.7,1290,6,9,0,1,9.5,0.3,1.4,0,0,0,0,0,0,Yes,No,No,No,No,Yes,No,5.9,7.7,0,0,0,0,0,0,0,0,0,3,0,0,0,0,0,0,0,0,0,0,0,0,0,0,0,0,0,0,0,0,11112,1170,907,64,2.5,0,0,0,16.5,26.8,62.2,3.3,26.7,37.28,299.16,16.07,1.79,37.59,39.37,0,1887,32,0.7,0.1,0,0,0,0,0,0.012
14.10.2025,13:04.0,25057,44359,36,19532,45788,29.9,0,1.023,1.041,1.036,1.013,1.013,1.019,1.02,1.043,1.036,1.022,1.012,1.011,1.011,1.251,3524.7,3790.7,3790.7,3691,3691,3691,3691,3790.7,3790.7,3092.4,3092.4,3092.4,3092.4,99.8,3391.7,3574.6,3686.3,3687.7,3691.4,3692,3695.1,3695.2,3695.7,3693.4,3689.5,3691.5,3693.7,3695.2,3696.8,3698.4,3699.1,3699.6,3094.1,3096.8,3100.3,3099.5,3627.3,100,100,100,100,100,100,100,100,99.9,100,100,100,100,100,100,100,100,100,99.9,100,100,100,100,100,99.7,103,103,103,103,103,103,103,103,103,103,103,103,103,103,103,103,86.6,86.6,86.6,86.6,99.7,35.3,38,38,37,37,37,37,38,38,31,31,31,31,34,84,84,86,90,87,88,87,81,87,80,80,79,79,16,16,14,10,13,12,13,19,13,20,20,21,21,90,90,Yes,No,No,Yes,No,Yes,Yes,No,Yes,No,No,No,No,No,No,No,No,No,No,No,No,No,No,No,No,No,No,No,No,No,No,No,No,No,No,No,No,No,No,Yes,No,No,90,90,47,0,0,0,0,0,0,0,1.25,42.821,103.883,91.898,10.083,0.868,150,175,48,0,0,99.7,99.6,99.6,99.7,99.7,99.8,99.8,99.8,99.7,99.6,99.7,99.8,99.8,99.8,99.8,99.8,99.8,99.4,99.5,99.6,99.6,0,0,0,0,0,0,0,0,0,0,0.1,0,0,0,0,0,0,0,0,0,0,0,0,0,0,0,0,0,0,0,0,0,0,0,0,2793.2,28,36,36,36,76,112,447,2,2,Yes,No,Yes,No,No,No,No,No,No,No,No,No,No,No,No,No,No,No,No,No,No,No,No,No,No,No,No,Yes,No,Yes,No,No,No,No,No,No,No,No,34,49,34,90,79,46,1.03,5.04,3.424,3.328,12.192,2.024,0.608,3.424,3.2,1.072,1.264,1.648,1.064,1,1,0.848,1.824,1800,2070,3426,46,47,43,1.045,54,41.5,1.26,1.26,1.8,1.815,1.08,5.04,1.625,No,No,No,41,1.26,1.26,1.8,1.815,1.08,5.04,2,No,No,No,52,52,65,100,100,No,No,14727,23930,35,35,No,No,1299,631,0,1.2,1.2,0.007,2.896,41056,65543,0,0,0,0,0,0,28.1,30,31,84,0.905,12.166,12.156,12.17,12.174,0,0,10.952,5.753,10.575,10.661,3.603,0.086,7.644,7.7,210,50.6,1185,36.8,1290,0,1,0,0,9.5,0.1,0.3,0,0,0,0,0,0,Yes,No,No,No,No,Yes,No,5.3,8.6,0,0,0,0,0,0,0,0,0,3,0,0,0,0,0,0,0,0,0,0,0,0,0,0,0,0,0,0,0,0,11112,1170,907,64,2.5,0,0,0,16.5,17.9,74.5,1.8,18.1,55.74,560.35,13.43,1.33,111.26,112.56,0,1887,32,3.2,2.8,0,0,0,0,0,0
14.10.2025,13:06.0,25053,44363,36,19529,45791,29.8,0,1.039,1.035,1.031,1.037,1.038,1.02,1.043,1.073,1.036,1.033,1.034,1.034,1.059,1.251,3558,3790.7,3790.7,3790.7,3790.7,3691,3790.7,3890.5,3790.7,3092.4,3092.4,3092.4,3092.4,99.8,3391.7,3616,3732.2,3731,3737.8,3738.6,3740.4,3739.1,3740.3,3739,3735.8,3738.2,3740.1,3739.5,3740.5,3741.7,3743.1,3742.2,3121,3125.5,3127,3126.8,3670.3,100,100,99.9,100,100,100,99.9,100,99.9,100,99.9,100,99.9,100,100,100,100,100,100,100,100,100,100,100,100.9,104.3,104.2,104.3,104.3,104.3,104.3,104.3,104.3,104.3,104.3,104.3,104.3,104.3,104.3,104.4,104.3,87.4,87.4,87.4,87.4,100.9,35.7,38,38,38,38,37,38,39,38,31,31,31,31,34,84,86,86,90,88,87,88,82,89,78,78,78,78,16,14,14,10,12,13,12,18,11,22,22,22,22,91,90,Yes,No,No,Yes,No,Yes,Yes,No,Yes,No,No,No,No,No,No,No,No,No,No,No,No,No,No,No,No,No,No,No,No,No,No,No,No,No,No,No,No,No,No,Yes,No,No,91,91,47,0,0,0,0,0,0,0,1.25,74.54,105.138,93.112,10.102,0.896,150,175,80,0,0,99.7,99.6,99.6,99.7,99.8,99.8,99.8,99.8,99.8,99.7,99.7,99.8,99.8,99.8,99.8,99.8,99.8,99.4,99.5,99.6,99.6,0,0,0,0,0,0,0,0,0,0,0,0,0,0,0,0,0,0,0,0,0,0,0,0,0,0,0,0,0,0,0,0,0,0,0,2793.2,28,36,36,36,76,112,447,2,2,Yes,No,Yes,No,No,No,No,No,No,No,No,No,No,No,No,No,No,No,No,No,No,No,No,No,No,No,No,Yes,No,Yes,No,No,No,No,No,No,No,No,34,49,34,89,79,45,1.057,5.04,3.424,3.328,12.192,2.024,0.608,3.424,3.2,1.072,1.264,1.664,1.064,1,1,0.848,1.824,1802,2061,3391,45,47,43,1.095,59,41.5,1.26,1.26,1.8,1.8,1.08,5.04,1.5,No,No,No,41,1.26,1.26,1.8,1.815,1.08,5.04,3.375,No,No,No,52,52,65,100,100,No,No,14727,23930,35,35,No,No,1299,631,0,0.1,0.1,0.028,0.859,41056,65545,0,0,0,0,0,0,28.1,30,31.1,84,0.905,12.165,12.153,12.169,12.173,0,0,11.225,5.834,10.693,10.903,3.774,0.212,7.562,7.697,210,50.6,1185,39.2,1290,0,7,0,0,9.5,0,0.2,0,0,0,0,0,0,Yes,No,No,No,No,Yes,No,5.5,8.7,0,0,0,0,0,0,0,0,0,3,0,0,0,0,0,0,0,0,0,0,0,0,0,0,0,0,0,0,0,0,11112,1170,907,63,2.5,0,0,0,16.5,12.4,140.1,1,12.5,80.76,986.4,7.14,1.41,284.05,285.56,0,1887,32,0.2,0.2,0,0,0,0,0,0
14.10.2025,13:08.0,25061,44355,36.1,19534,45786,29.9,0,1.013,1.017,1.039,1.007,1.012,1.019,1.012,1.009,0.998,1.011,1.011,1.011,1.011,1.251,3499.8,3691,3790.7,3691,3691,3691,3691,3691,3691,3092.4,3092.4,3092.4,3092.4,99.8,3291.9,3602.5,3719.4,3720.4,3726,3726.9,3726.9,3727.8,3728.3,3727.3,3722.5,3724.8,3726.3,3726.8,3727.3,3725.7,3724.5,3724,3107.4,3111.5,3113.9,3112.5,3656.9,100,100,100,100,100,99.9,100,100,100,100,100,100,100,100,100,100,100,100,100,100,100,100,100,100,100.6,103.9,103.9,104,104,103.9,104,104,104,104,104,104,104,104,104,104,104,87.1,87.1,87.1,87.1,100.6,35.1,37,38,37,37,37,37,37,37,31,31,31,31,33,84,84,86,91,88,88,88,83,89,79,79,79,79,16,16,14,9,12,12,12,17,11,21,21,21,21,90,91,Yes,No,No,Yes,Yes,Yes,Yes,No,Yes,No,No,No,No,No,No,No,No,No,No,No,No,No,No,No,No,No,No,No,No,No,No,No,No,No,No,No,No,No,No,Yes,No,No,90,90,47,0,0,0,0,0,0,0,1.25,69.782,105.255,93.205,10.126,0.891,150,175,72,0,0,99.7,99.6,99.6,99.7,99.8,99.8,99.8,99.8,99.8,99.6,99.7,99.8,99.8,99.8,99.8,99.8,99.8,99.4,99.5,99.6,99.6,0,0,0,0,0,0,0,0,0,0,0,0,0,0,0,0,0,0,0,0,0,0,0,0,0,0,0,0,0,0,0,0,0,0,0,2793.2,28,36,36,36,76,112,447,2,2,Yes,No,Yes,No,No,No,No,No,No,No,No,No,No,No,No,No,No,No,No,No,No,No,No,No,No,No,No,Yes,No,Yes,No,No,No,No,No,No,No,No,34,49,34,90,79,45,1.03,5.04,3.424,3.328,12.192,2.024,0.608,3.424,3.2,1.072,1.264,1.664,1.064,1,1,0.848,1.824,1802,2070,3452,45,47,43,1.095,45,41.5,1.26,1.26,1.8,1.815,1.185,5.04,2.125,No,No,No,41,1.26,1.26,1.8,1.815,1.11,5.04,1.875,No,No,No,52,52,63,100,100,No,No,14727,23930,35,35,No,No,1299,631,0,0.1,0.1,0,0.559,41056,65546,0,0,0,0,0,0,28.1,32,31.1,84,0.905,12.161,12.148,12.166,12.17,0,0,11.254,5.978,10.398,11.144,4.211,0.753,7.65,7.693,210,50.6,1185,42.1,1290,0,1,0,0,9.5,0.1,0.7,0,0,0,0,0,0,Yes,No,No,No,No,Yes,No,5.6,7.3,0,0,0,0,0,0,0,0,0,3,0,0,0,0,0,0,0,0,0,0,0,0,0,0,0,0,0,0,0,0,11112,1170,907,62,2.5,0,0,0,16.5,10.8,79.7,1.2,10.9,92.75,835.72,12.54,1.31,142.74,144.05,0,1887,32,0.5,0.2,0,0,0,0,0,0
14.10.2025,13:10.0,25049,44367,36,19525,45795,29.8,0,1.034,1.077,1.035,1.013,1.021,1.022,1.042,1.023,1.02,1.038,1.038,1.037,1.037,1.251,3558,3890.5,3790.7,3691,3691,3691,3790.7,3691,3691,3192.2,3192.2,3192.2,3192.2,99.8,3491.5,3595,3708.6,3711,3714.9,3716.8,3716.7,3717.6,3718.1,3718,3711.2,3714.5,3718.2,3718.5,3719.3,3719,3719.9,3721.1,3105.6,3109.1,3111.7,3109.1,3648.8,100,100,100,100,100,99.9,100,100,100,99.9,100,100,100,100,100,100,100,100,100,100,100,100,100,100,100.3,103.6,103.6,103.7,103.7,103.6,103.7,103.7,103.7,103.7,103.7,103.7,103.7,103.7,103.7,103.7,103.7,86.9,86.9,86.9,86.9,100.3,35.7,39,38,37,37,37,38,37,37,32,32,32,32,35,84,84,84,90,85,86,89,81,86,81,81,81,81,16,16,16,10,15,14,11,19,14,19,19,19,19,90,90,Yes,No,No,Yes,No,Yes,Yes,No,Yes,No,No,No,No,No,No,No,No,No,No,No,No,No,No,No,No,No,No,No,No,No,No,No,No,No,No,No,No,No,No,Yes,No,No,90,90,47,0,0,0,0,0,0,0,1.25,63.438,103.9,91.839,10.142,0.891,150,175,72,0,0,99.7,99.6,99.6,99.7,99.8,99.8,99.8,99.8,99.8,99.6,99.7,99.8,99.8,99.8,99.8,99.8,99.8,99.4,99.5,99.6,99.5,0,0,0,0,0,0,0,0,0,0,0,0,0,0,0,0,0,0,0,0,0,0,0,0,0,0,0,0,0,0,0,0,0,0,0,2793.2,28,36,36,36,76,112,447,2,2,Yes,No,Yes,No,No,No,No,No,No,No,No,No,No,No,No,No,No,No,No,No,No,No,No,No,No,No,No,Yes,No,Yes,No,No,No,No,No,Yes,No,No,34,49,34,90,79,46,1.083,5.04,3.424,3.328,12.192,2.024,0.608,3.424,3.2,1.072,1.264,1.648,1.064,1,1,0.848,1.824,1802,2070,3426,45,47,43,1.115,59,41.5,1.26,1.26,1.8,1.815,1.11,4.97,1.75,No,No,No,41.2,1.26,1.26,1.8,1.815,1.11,5.04,2.875,No,No,No,52,52,62,100,100,No,No,14727,23930,35,35,No,No,1299,631,0,0,0.1,0.003,0.331,41056,65546,0,0,0,0,0,0,28.1,32,31.1,84,0.905,12.164,12.152,12.168,12.172,0,0,10.821,5.789,10.398,10.696,3.773,0.307,7.644,7.701,210,50.6,1185,40,1290,0,1,0,0,9.5,0.1,0.3,0,0,0,0,0,0,Yes,No,No,No,No,Yes,No,5.4,8,0,0,0,0,0,0,0,0,0,3,0,0,0,0,0,0,0,0,0,0,0,0,0,0,0,0,0,0,0,0,11112,1170,907,62,2.5,0,0,0,16.5,9.3,91.6,1.2,9.4,107.39,869.18,10.92,1.51,178.94,180.39,0,1887,32,0.6,0.2,0,0,0,0,0,0
14.10.2025,13:12.0,25049,44367,36,19525,45795,29.8,0,1.028,1.026,1.062,1.034,1.036,1.013,1.013,1.013,1.011,1.035,1.033,1.04,1.027,1.251,3549.7,3790.7,3790.7,3790.7,3790.7,3691,3691,3691,3691,3192.2,3192.2,3192.2,3092.4,99.8,3391.7,3613.1,3730.1,3730.5,3735.1,3735.6,3736.5,3736.7,3737,3737.6,3727.7,3735.9,3736.1,3735.6,3736.6,3737.3,3739.2,3737.9,3121.1,3124.2,3126.5,3125.3,3667.3,100,100,100,100,100,100,100,100,100,99.8,100,100,100,100,100,100,100,100,100,100,100,100,100,100,100.9,104.2,104.2,104.3,104.2,104.2,104.2,104.2,104.3,104.2,104.3,104.2,104.2,104.2,104.3,104.3,104.3,87.4,87.4,87.4,87.4,100.9,35.6,38,38,38,38,37,37,37,37,32,32,32,31,34,84,86,81,88,88,88,88,82,89,78,79,79,78,16,14,19,12,12,12,12,18,11,22,21,21,22,90,89,Yes,No,No,Yes,No,Yes,Yes,No,Yes,No,No,No,No,No,No,No,No,No,No,No,No,No,No,No,No,No,No,No,No,No,No,No,No,No,No,No,No,No,No,Yes,No,No,90,90,47,0,0,0,0,0,0,0,1.25,69.782,104.968,92.761,10.24,0.937,150,175,72,0,0,99.7,99.6,99.6,99.7,99.8,99.8,99.8,99.8,99.8,99.5,99.7,99.8,99.8,99.8,99.8,99.8,99.8,99.4,99.5,99.6,99.5,0,0,0,0,0,0,0,0,0,0,0,0,0,0,0,0,0,0,0,0,0,0,0,0,0,0,0,0,0,0,0,0,0,0,0,2793.2,28,36,36,36,76,112,447,2,2,Yes,No,Yes,No,No,No,No,No,No,No,No,No,No,No,No,No,No,No,No,No,No,No,No,No,No,No,No,Yes,No,Yes,No,No,No,No,No,Yes,No,No,34,49,34,90,78,46,1.039,5.08,3.424,3.328,12.192,2.024,0.608,3.424,3.2,1.072,1.264,1.664,1.064,1,1,0.848,1.824,1802,2076,3497,45,47,43,1.03,55,41.8,1.26,1.26,1.8,1.815,1.11,5.04,1.5,No,No,No,41.2,1.26,1.26,1.8,1.815,1.11,5.04,2.875,No,No,No,52,52,62,100,100,No,No,14727,23930,35,35,No,No,1299,631,0,0.1,0.1,0,0.626,41056,65547,0,0,0,0,0,0,28.1,30,31,84,0.905,12.167,12.157,12.17,12.173,0,0,10.876,5.981,10.844,11.172,3.944,0.335,7.641,7.929,210,50.6,1185,48.9,1290,0,1,0,0,9.5,0.1,0.5,0,0,0,0,0,0,Yes,No,No,No,No,Yes,No,5.6,7.2,0,0,0,0,0,0,0,0,0,3,0,0,0,0,0,0,0,0,0,0,0,0,0,0,0,0,0,0,0,0,11112,1170,907,62,2.5,0,0,0,16.5,8.2,164.8,1.2,8.4,121.26,858.8,6.07,1.49,201.68,203.19,0,1887,32,0.4,0.1,0,0,0,0,0,0
14.10.2025,13:14.0,25048,44369,36,19520,45800,29.8,0,1.014,1.003,0.999,1.005,1.01,1.01,1.01,0.996,0.998,1.033,1.033,1.033,1.036,1.251,3508.1,3691,3691,3691,3691,3691,3691,3591.2,3591.2,3192.2,3192.2,3192.2,3192.2,99.8,3291.9,3586.1,3701.5,3703,3707.3,3707.3,3709,3708.6,3707.4,3708.1,3702.2,3704.7,3707.3,3707.4,3707.1,3707.7,3707,3707.6,3101,3103.4,3106.4,3107.6,3639.3,100,100,100,100,100,100,100,100,100,100,99.9,100,100,100,100,100,100,100,99.9,99.9,100,100,100,100,100.1,103.4,103.4,103.5,103.4,103.5,103.5,103.4,103.5,103.4,103.4,103.4,103.4,103.4,103.4,103.4,103.5,86.9,86.9,86.9,86.9,100.1,35.2,37,37,37,37,37,37,36,36,32,32,32,32,33,83,85,83,90,87,87,89,81,87,78,78,78,78,17,15,17,10,13,13,11,19,13,22,22,22,22,88,90,Yes,No,No,Yes,No,Yes,Yes,No,Yes,No,No,No,No,No,No,No,No,No,No,No,No,No,No,No,No,No,No,No,No,No,No,No,No,No,No,No,No,No,No,Yes,No,No,90,90,47,0,0,0,0,0,0,0,1.25,74.54,104.775,92.54,10.265,0.936,150,175,80,0,0,99.7,99.6,99.6,99.7,99.7,99.8,99.8,99.8,99.8,99.6,99.7,99.8,99.8,99.8,99.8,99.8,99.8,99.4,99.5,99.6,99.6,0,0,0,0,0,0,0,0,0,0,0,0,0,0,0,0,0,0,0,0,0,0,0,0,0,0,0,0,0,0,0,0,0,0,0,2793.2,28,36,36,36,76,112,447,2,2,Yes,No,Yes,No,No,No,No,No,No,No,No,No,No,No,No,No,No,No,No,No,No,No,No,No,No,No,No,Yes,No,Yes,No,No,No,No,No,No,No,No,34,49,34,90,79,45,1.039,5.04,3.424,3.328,12.192,2.024,0.608,3.424,3.2,1.072,1.264,1.664,1.064,1,1,0.848,1.824,1802,2076,3426,45,47,43,1.09,44,41.8,1.26,1.26,1.8,1.815,1.11,5.04,2.25,No,No,No,41.2,1.26,1.26,1.8,1.815,1.11,5.04,2.25,No,No,No,52,52,61,100,100,No,No,14727,23930,35,35,No,No,1299,631,0,0.1,0.1,0,0.533,41056,65548,0,0,0,0,0,0,28.1,30,31,84,0.905,12.165,12.154,12.168,12.173,0,0,10.761,5.689,10.224,10.453,3.64,0.239,7.564,7.702,210,50.6,1185,43,1290,0,10,0,0,9.5,0,0.1,0,0,0,0,0,0,Yes,No,No,No,No,Yes,No,5.4,8,0,0,0,0,0,0,0,0,0,3,0,0,0,0,0,0,0,0,0,0,0,0,0,0,0,0,0,0,0,0,11112,1170,907,62,2.5,0,0,0,16.5,7.3,62.4,1,7.4,136.83,954.85,16.03,1.49,246.39,247.95,0,1887,32,0.4,0.2,0,0,0,0,0,0
14.10.2025,13:16.0,25038,44378,36,19515,45805,29.8,0,1.019,1.012,1.036,1.011,1.01,1.016,1.04,1.03,1.011,1.006,1.02,1.02,1.02,1.251,3508.1,3691,3691,3691,3691,3691,3790.7,3790.7,3691,3092.4,3092.4,3092.4,3092.4,99.8,3291.9,3593.6,3706.2,3708.2,3711,3712.6,3713.9,3713.9,3715.3,3716,3710.2,3712.9,3714.3,3715.5,3717.7,3717.6,3718.1,3717.4,3108.4,3112.6,3114.7,3114.9,3646.8,100,99.9,100,100,100,100,100,100,100,100,100,100,100,100,100,100,100,100,100,100,100,100,100,100,100.3,103.5,103.6,103.6,103.6,103.6,103.6,103.6,103.7,103.7,103.6,103.6,103.6,103.7,103.6,103.7,103.6,87,87,87,87,100.3,35.2,37,37,37,37,37,38,38,37,31,31,31,31,33,85,83,82,90,87,88,88,83,89,82,81,81,81,15,17,18,10,13,12,12,17,11,18,19,19,19,88,90,Yes,No,No,Yes,No,Yes,Yes,No,Yes,No,No,No,No,No,No,No,No,No,No,No,No,No,No,No,No,No,No,No,No,No,No,No,No,No,No,No,No,No,No,Yes,No,No,89,89,47,0,0,0,0,0,0,0,1.25,91.986,103.985,91.764,10.26,0.935,150,175,104,0,0,99.7,99.6,99.6,99.7,99.8,99.8,99.8,99.8,99.8,99.7,99.7,99.8,99.8,99.8,99.8,99.8,99.8,99.4,99.5,99.6,99.6,0,0,0,0,0,0,0,0,0,0,0,0,0,0,0,0,0,0,0,0,0,0,0,0,0,0,0,0,0,0,0,0,0,0,0,2793.2,28,36,36,36,76,112,447,2,2,Yes,No,Yes,No,No,No,No,No,No,No,No,No,No,No,No,No,No,No,No,No,No,No,No,No,No,No,No,Yes,No,Yes,No,No,No,No,No,Yes,No,No,34,49,34,89,78,45,1.039,5.04,3.424,3.328,12.192,2.024,0.608,3.424,3.2,1.072,1.264,1.664,1.064,1,1,0.848,1.824,1800,2070,3400,46,47,43,1.1,57,41.8,1.26,1.26,1.8,1.815,1.11,5.04,1.75,No,No,No,41.2,1.26,1.26,1.8,1.815,1.11,5.04,2.25,No,No,No,52,52,61,100,100,No,No,14727,23930,35,35,No,No,1299,631,0,0.1,0.1,0.008,0.531,41056,65549,0,0,0,0,0,0,28.1,32,31,84,0.905,12.162,12.149,12.166,12.171,0,0,10.773,5.768,10.562,10.718,3.676,0.161,7.562,7.694,210,50.6,1185,37.8,1290,0,7,0,0,9.5,0,0.2,0,0,0,0,0,0,Yes,No,No,No,No,Yes,No,5.3,8.8,0,0,0,0,0,0,0,0,0,3,0,0,0,0,0,0,0,0,0,0,0,0,0,0,0,0,0,0,0,0,11112,1170,907,61,2.5,0,0,0,16.5,6.3,59.9,1,6.4,157.6,990.68,16.71,1.46,392.26,393.62,0,1887,32,0.4,0.2,0,0,0,0,0,0
14.10.2025,13:18.0,25038,44378,36,19508,45812,29.8,0,1.023,1,0.998,1.017,1.021,1.014,1.078,1.038,1.001,1.018,1.018,1.035,1.035,1.251,3516.4,3691,3691,3691,3691,3691,3890.5,3790.7,3691,3092.4,3092.4,3092.4,3092.4,99.8,3291.9,3619.6,3732.2,3738.1,3745.1,3743.6,3749.1,3748.2,3745.5,3745.2,3735.9,3737.8,3745.5,3743.7,3740.4,3740.5,3750.1,3749.4,3121.9,3125.8,3128.2,3126.7,3674.3,100,100,100,100,99.9,100,100,100,99.9,100,100,100,99.9,100,100,100,100,100,100,100,100,100,100,100,101.1,104.5,104.5,104.5,104.5,104.6,104.6,104.6,104.5,104.6,104.6,104.6,104.5,104.6,104.6,104.6,104.6,87.5,87.5,87.5,87.5,101.1,35.2,37,37,37,37,37,39,38,37,31,31,31,31,33,84,85,83,90,85,87,89,81,89,79,79,78,78,16,15,17,10,15,13,11,19,11,21,21,22,22,91,90,Yes,Yes,No,Yes,Yes,Yes,Yes,No,Yes,No,No,No,No,No,No,No,No,No,No,No,No,No,No,No,No,No,No,No,No,No,No,No,No,No,No,No,No,No,No,Yes,No,No,90,90,47,0,0,0,0,0,0,0,1.25,85.642,104.998,92.731,10.288,0.949,150,175,88,0,0,99.6,99.4,99.5,99.7,99.6,99.8,99.7,99.7,99.7,99.4,99.5,99.7,99.6,99.5,99.5,99.8,99.8,99.3,99.5,99.5,99.5,0,0,0,0,0,0,0,0,0,0,0,0,0,0,0,0,0,0,0,0,0,0,0,0,0,0,0,0,0,0,0,0,0,0,0,2793.2,28,36,36,36,76,112,447,2,2,Yes,No,Yes,No,No,No,No,No,No,No,No,No,No,No,No,No,No,No,No,No,No,No,No,No,No,No,No,Yes,No,Yes,No,No,No,No,No,Yes,No,No,34,49,34,89,79,46,1.03,5.04,3.424,3.328,12.192,2.024,0.608,3.424,3.2,1.072,1.264,1.664,1.064,1,1,0.848,1.824,1804,2070,3417,46,47,43,1.09,61,41.8,1.26,1.26,1.8,1.8,1.11,5.04,2.125,No,No,No,41.2,1.26,1.26,1.8,1.815,1.11,5.04,2.25,No,No,No,52,52,60,100,100,No,No,14727,23930,35,35,No,No,1299,631,0,0,0,0,0.349,41056,65550,0,0,0,0,0,0,28.1,30,31.1,84,0.905,12.163,12.154,12.166,12.17,0,0,10.891,5.913,10.488,10.901,3.907,0.425,7.559,8.115,210,50.6,1185,39.6,1290,2,2,0,1,9.5,0,0.2,0,0,0,0,0,0,Yes,No,No,No,No,Yes,No,5.5,7.2,0,0,0,0,0,0,0,0,0,3,0,0,0,0,0,0,0,0,0,0,0,0,0,0,0,0,0,0,0,0,11112,1170,907,61,2.5,0,0,0,16.5,5.7,57.8,1,5.8,174.56,988.72,17.29,1.53,334.47,336.01,0,1887,32,0.7,0.1,0,0,0,0,0,0
14.10.2025,13:20.0,25042,44374,36,19514,45806,29.8,0,1.025,1.014,1.04,1.017,1.034,1.042,1.049,1.057,1.006,1.011,1.011,1.011,1.011,1.251,3533,3691,3790.7,3691,3790.7,3691,3790.7,3890.5,3691,3092.4,3092.4,3092.4,3092.4,99.8,3291.9,3580.3,3691.7,3695.9,3698.8,3699.6,3702.5,3702.3,3702.6,3702.2,3696.3,3701.7,3701.8,3701.2,3702.4,3702.9,3703,3703.3,3095.2,3098.6,3101.7,3102.1,3633.4,100,99.9,100,100,100,100,100,100,100,100,100,100,100,100,100,100,100,100,100,100,100,100,100,100,99.9,103.1,103.3,103.2,103.2,103.3,103.3,103.3,103.2,103.2,103.3,103.3,103.3,103.3,103.3,103.3,103.3,86.7,86.7,86.7,86.7,99.9,35.4,37,38,37,38,37,38,39,37,31,31,31,31,33,84,85,83,90,85,88,85,81,87,81,81,80,80,16,15,17,10,15,12,15,19,13,19,19,20,20,90,90,Yes,No,No,Yes,No,Yes,Yes,No,Yes,No,No,No,No,No,No,No,No,No,No,No,No,No,No,No,No,No,No,No,No,No,No,No,No,No,No,No,No,No,No,Yes,No,No,90,90,47,0,0,0,0,0,0,0,1.25,90.4,103.843,91.724,10.185,0.904,150,175,96,0,0,99.7,99.5,99.6,99.7,99.7,99.8,99.8,99.8,99.8,99.6,99.7,99.8,99.8,99.8,99.8,99.8,99.8,99.4,99.5,99.6,99.6,0,0,0,0,0,0,0,0,0,0,0,0,0,0,0,0,0,0,0,0,0,0,0,0,0,0,0,0,0,0,0,0,0,0,0,2793.2,28,36,36,36,76,112,447,2,2,Yes,No,Yes,No,No,No,No,No,No,No,No,No,No,No,No,No,No,No,No,No,No,No,No,No,No,No,No,Yes,No,Yes,No,No,No,No,No,No,No,No,34,49,34,89,78,45,1.039,5.04,3.424,3.328,12.192,2.024,0.608,3.424,3.2,1.072,1.264,1.648,1.064,1,1,0.848,1.824,1804,2064,3452,47,47,43,1.065,54,41.8,1.26,1.26,1.8,1.815,1.215,5.04,1.5,No,No,No,41.2,1.26,1.26,1.8,1.815,1.095,5.04,1.75,No,No,No,52,52,60,100,100,No,No,14727,23930,35,35,No,No,1299,631,0,0.1,0.1,0.008,0.742,41056,65552,0,0,0,0,0,0,28.1,30,31,84,0.905,12.162,12.152,12.164,12.17,0,0,10.683,5.706,10.441,10.547,3.59,0.113,7.562,7.688,210,50.6,1185,38.4,1290,0,1,0,0,9.5,0,0.2,0,0,0,0,0,0,Yes,No,No,No,No,Yes,No,5.3,8,0,0,0,0,0,0,0,0,0,3,0,0,0,0,0,0,0,0,0,0,0,0,0,0,0,0,0,0,0,0,11112,1170,907,61,2.5,0,0,0,16.5,5.3,58.2,1,5.3,189.98,999.18,17.17,1.4,332.06,333.48,0,1887,32,1.5,0.2,0,0,0,0,0,0
14.10.2025,13:22.0,25038,44378,36,19505,45815,29.8,0,1.038,1.036,1.026,1.04,1.046,1.046,1.041,1.033,1.038,1.034,1.034,1.034,1.045,1.251,3582.9,3790.7,3691,3790.7,3790.7,3790.7,3790.7,3790.7,3790.7,3192.2,3192.2,3192.2,3192.2,99.8,3391.7,3603.3,3718.2,3717,3723.6,3723.5,3726,3724.8,3725.6,3725.3,3720.8,3724.4,3726.1,3726.9,3727.9,3727.9,3728.4,3728.5,3114,3117.4,3119.6,3119.4,3657,100,100,100,100,100,100,100,100,100,100,100,100,100,100,100,100,100,100,100,100,100,100,100,100,100.6,103.9,103.8,103.9,103.9,103.9,103.9,103.9,103.9,103.9,103.9,103.9,103.9,103.9,103.9,103.9,103.9,87.1,87.1,87.1,87.1,100.6,35.9,38,37,38,38,38,38,38,38,32,32,32,32,34,84,85,84,91,84,87,88,82,87,79,79,79,79,16,15,16,9,16,13,12,18,13,21,21,21,21,90,91,Yes,Yes,No,Yes,Yes,Yes,Yes,No,Yes,No,No,No,No,No,No,No,No,No,No,No,No,No,No,No,No,No,No,No,No,No,No,No,No,No,No,No,No,No,No,Yes,No,No,90,90,47,0,0,0,0,0,0,0,1.25,69.782,104.861,92.659,10.243,0.926,150,175,80,0,0,99.7,99.6,99.6,99.8,99.7,99.8,99.8,99.8,99.8,99.6,99.7,99.8,99.8,99.8,99.8,99.8,99.8,99.4,99.5,99.6,99.6,0,0,0,0,0,0,0,0,0,0,0,0,0,0,0,0,0,0,0,0,0,0,0,0,0,0,0,0,0,0,0,0,0,0,0,2793.2,28,36,36,36,76,112,447,2,2,Yes,No,Yes,No,No,No,No,No,No,No,No,No,No,No,No,No,No,No,No,No,No,No,No,No,No,No,No,Yes,No,Yes,No,No,No,No,No,Yes,No,No,34,49,34,90,79,45,1.048,5.08,3.424,3.328,12.192,2.024,0.608,3.424,3.2,1.072,1.264,1.664,1.064,1,1,0.848,1.824,1802,2070,3400,46,47,43,1.09,60,41.8,1.26,1.26,1.8,1.815,1.095,4.97,2.5,No,No,No,41.2,1.26,1.26,1.8,1.815,1.095,5.04,2,No,No,No,52,52,60,100,100,No,No,14727,23930,35,35,No,No,1299,631,0,0.1,0.1,0.008,0.351,41056,65552,0,0,0,0,0,0,28.1,30,31,84,0.905,12.167,12.159,12.169,12.173,0,0,10.738,5.72,10.295,10.526,3.664,0.234,7.631,7.693,210,50.6,1185,42.1,1290,0,6,0,0,9.5,0,0.2,0,0,0,0,0,0,Yes,No,No,No,No,Yes,No,5.3,8.4,0,0,0,0,0,0,0,0,0,3,0,0,0,0,0,0,0,0,0,0,0,0,0,0,0,0,0,0,0,0,11112,1170,907,61,2.5,0,0,0,16.5,4.9,136.2,1,5,203.35,988.95,7.34,1.53,329.16,330.65,0,1887,32,0.1,0.1,0,0,0,0,0,0
14.10.2025,13:24.0,22384,47032,32.2,17174,48146,26.2,0,1.296,1.298,1.302,1.307,1.281,1.281,1.291,1.291,1.316,1.296,1.296,1.296,1.296,1.251,4472.4,4888,4788.3,4788.3,4788.3,4788.3,4788.3,4788.3,4888,3790.7,3790.7,3790.7,3790.7,99.8,3591.2,2119.3,2248.9,2111.3,2151,2101.8,2132.8,2100.6,2096.7,2099.7,2425.5,2096.1,2075,2081.7,2080.9,2617.1,2135,2233.7,1861.4,1823.9,1804.5,2107.7,2137.4,58.2,59.5,52.2,57.3,56.3,57,53.8,56.2,56.3,63.7,52.2,53.8,56.3,54.6,68,54,60.3,61.4,59.9,59.6,71,71,58.2,100,60.1,62.9,59.2,60.4,59.2,60,59.2,59.1,59.2,68.5,59.2,58.7,59.2,59.3,74.1,61.2,64,53.6,52.5,52,60.2,60.1,44.8,49,48,48,48,48,48,48,49,38,38,38,38,36,68,72,64,69,65,68,63,68,74,67,67,67,67,32,28,36,31,35,32,37,32,26,33,33,33,33,72,74,Yes,No,No,Yes,No,Yes,Yes,No,Yes,No,No,No,No,No,No,No,No,No,No,No,No,No,No,No,No,No,No,No,No,No,No,No,No,No,No,No,No,No,No,Yes,No,No,73,73,47,0,0,0,0,0,0,0,1.25,30.133,72.673,61.462,9.432,0.759,150,175,56,2.4,0.6,58.3,59.3,56.3,57.1,56,56.7,56,55.9,56,63,55.9,55.4,55.5,55.4,66.9,56.6,58.6,59.5,58.3,58,69.5,4.7,3.5,3.7,3.3,1.5,23.4,1.5,8,5.1,1.5,1.6,1.6,1.6,12.8,0.8,0,0,0,0,0,5.5,0,38.4,39.7,40.2,28.4,32.6,35.3,38.3,39.4,42,12.1,42.5,18,33.3,2793.2,28,36,36,36,76,112,447,2,2,Yes,No,Yes,No,No,No,No,No,No,No,Yes,No,No,No,No,No,No,No,No,No,No,No,No,No,No,No,No,Yes,No,Yes,No,No,No,No,No,Yes,No,No,34,48,34,70,61,45,0.844,5.08,3.424,3.328,12.192,2.024,0.616,3.424,3.2,1.072,1.264,1.664,1.064,1,1,0.848,1.824,1804,2076,3479,45,47,43,1.275,13,41.8,1.26,1.26,1.8,1.815,1.095,5.04,0.75,No,No,No,41.2,1.26,1.26,1.8,1.815,1.095,5.04,1,No,No,No,52,52,60,100,100,No,No,14727,23930,35,35,No,No,1299,631,0,0.2,0.2,0.008,0.794,41056,65554,0,0,0,0,0,0,28.1,30,31,84,0.905,12.169,12.162,12.172,12.174,0,0,11.069,5.758,10.476,10.674,3.689,0.201,7.565,7.704,210,50.6,1185,34.3,1290,0,1,0,0,9.5,0.1,0.4,0,0,0,0,0,0,Yes,No,No,No,No,Yes,No,5.3,8.3,0,0,0,0,0,0,0,0,0,3,0,0,0,0,0,0,0,0,0,0,0,0,0,0,0,0,0,0,0,0,11112,1170,907,63,2.5,0,0,0,16.5,6.4,79.9,1.3,6.5,155.11,741.91,12.52,1.54,72.47,74.02,0,1887,32,2.7,3,0,0,0,0,0,0
14.10.2025,13:26.0,22385,47031,32.2,17179,48141,26.3,0,1.31,1.295,1.308,1.308,1.303,1.309,1.309,1.294,1.304,1.334,1.334,1.319,1.304,1.251,4522.3,4888,4888,4888,4888,4888,4888,4888,4888,3790.7,3790.7,3790.7,3790.7,99.8,4489,212.7,309.2,26.3,81.6,28.8,53.5,25.5,13.5,25.4,764.6,259.7,25.3,25.3,147.2,858.2,26.8,282.5,320.6,270.5,235.7,473.8,196.9,6.4,6.6,1,1.5,0.3,0.8,5.4,0,0.2,15.7,6,4.7,0.2,7.2,19.1,8.2,5.9,11,9.9,8.1,15.5,19.1,6.4,100,6.1,8.9,0.8,2.3,0.8,1.5,0.7,0.4,0.7,21.7,7.5,0.7,0.7,4.3,24.5,0.8,8.2,9.1,7.6,6.6,13.3,6.1,45.3,49,49,49,49,49,49,49,49,38,38,38,38,45,62,71,59,65,59,61,61,69,60,60,60,60,60,38,29,41,35,41,39,39,31,40,40,40,40,40,71,71,No,No,No,No,No,No,No,No,No,No,No,No,No,No,No,No,No,No,No,No,No,No,No,No,No,No,No,No,No,No,No,No,No,No,No,No,No,No,No,No,No,No,63,63,46,0,0,0,0,0,0,0,1.25,26.961,26.242,16.868,7.899,0.475,150,175,40,11.9,4.5,5.4,6.8,0.6,1.8,0.6,1.1,0.5,0.3,0.5,16,5.5,0.5,0.5,3.1,18.8,0.6,6.1,11.2,9.4,8.4,15.7,6.1,7.1,0,0,0,24.3,0,34.2,7.7,0,0,0,0,29.5,0,0,0,0,0,0,0,0,88.5,90.4,91.5,83.7,81.7,83.8,96.9,98.1,99.1,51.9,98.9,41,83.6,2793.2,28,36,36,36,76,112,447,2,2,Yes,No,No,No,No,No,No,No,No,No,Yes,No,No,No,No,No,No,No,No,No,No,No,No,No,No,No,No,Yes,No,No,No,No,No,No,No,Yes,No,No,34,48,34,65,56,45,1.092,5.08,3.424,3.328,12.192,2.024,0.624,3.424,3.2,1.072,1.264,1.664,1.064,1,1,0.848,1.824,1802,2057,3452,46,46,43,1.305,16,41.8,1.26,1.26,1.8,1.815,1.095,5.04,0.75,No,No,No,41.2,1.26,1.26,1.8,1.815,1.095,5.04,0.75,No,No,No,52,52,59,100,100,No,No,14727,23930,35,35,No,No,1299,631,0,0,0,0.016,0.281,41056,65554,0,0,0,0,0,0,28.1,30,31,84,0.905,12.165,12.157,12.168,12.172,0,0,9.804,5.668,10.072,10.379,3.664,0.308,7.557,7.698,210,50.6,1185,33,1290,0,2,0,0,9.5,0,0.1,0,0,0,0,0,0,Yes,No,No,No,No,Yes,No,5.2,8,0,0,0,0,0,0,0,0,0,3,0,0,0,0,0,0,0,0,0,0,0,0,0,0,0,0,0,0,0,0,11112,1170,907,63,2.5,0,0,0,16.5,5.6,220.1,0.5,5.7,177.56,1903.95,4.54,1.35,498.57,499.97,0,1887,32,3.9,4.2,0,0,0,0,0,0
14.10.2025,13:28.0,22217,47199,32,17003,48318,26,0,1.31,1.332,1.3,1.292,1.312,1.286,1.328,1.307,1.328,1.318,1.302,1.302,1.307,1.251,4505.6,4788.3,4788.3,4888,4888,4888,4888,4888,4888,3790.7,3790.7,3790.7,3790.7,99.8,3591.2,198.5,559.4,26.8,114.9,25.3,41.4,25.1,25.3,25,732.8,28.2,25,25,28.9,971.5,42.7,295.1,221.1,143.7,104.5,508.7,186.5,5.6,12.4,7.6,3.8,0.3,2,1.1,3.4,0.3,16,0.4,1.1,1.1,0,21.2,2.2,6.9,6.7,4.5,4,16.3,21.2,5.6,100,5.6,15.9,0.8,3.3,0.7,0.9,0.7,0.7,0.7,20.6,0.9,0.7,0.7,0.9,27.8,1.3,8.4,6.3,4.1,3,14.2,5.6,45.2,48,48,49,49,49,49,49,49,38,38,38,38,36,61,59,57,69,56,70,59,60,58,60,60,60,60,39,41,43,31,44,30,41,40,42,40,40,40,40,66,70,No,No,No,No,No,No,No,No,No,No,No,No,No,No,No,No,No,No,No,No,No,No,No,No,No,No,No,No,No,No,No,No,No,No,No,No,No,No,No,No,No,No,59,58,46,0,0,0,0,0,0,0,1.25,14.274,25.272,16.079,7.721,0.472,150,175,24,11.3,4.1,4.7,11.9,0.6,2.5,0.5,0.9,0.5,0.5,0.5,15.7,0.6,0.5,0.5,0.6,21.2,0.9,6.4,6.8,4.6,3.4,15.9,6.7,7.4,0.9,0,0,36.6,0,32.9,2.1,0,0,0,0,30.7,0,0,0,0,0,0,0,0,93,95.2,96.5,83.5,80.7,78.4,95.5,98.5,98.9,44.7,98.9,42.3,88.7,2793.2,28,36,36,36,76,112,447,2,2,Yes,No,No,No,No,No,No,No,No,No,Yes,No,No,No,No,No,No,No,No,No,No,No,No,No,No,No,No,Yes,No,No,No,No,No,No,No,Yes,No,No,34,47,34,62,53,46,0.852,5.08,3.424,3.328,12.192,2.024,0.632,3.424,3.2,1.072,1.264,1.664,1.064,1,1,0.848,1.824,1802,2076,3400,46,46,43,1.265,14,41.5,1.26,1.26,1.8,1.815,1.095,5.04,0.75,No,No,No,41,1.26,1.26,1.8,1.815,1.095,5.04,0.75,No,No,No,52,52,59,100,100,No,No,14727,23930,35,35,No,No,1299,631,0.2,0.1,0.2,0.256,0.327,41057,65555,0,0,0,0,0,0,28.1,30,31.1,84,0.905,12.167,12.158,12.169,12.173,0,0,10.912,5.783,10.418,10.721,3.774,0.307,7.57,7.694,210,50.6,1185,42.2,1290,0,1,0,0,9.5,0.1,0.3,0,0,0,0,0,0,Yes,No,No,No,No,Yes,No,5.4,7.7,0,0,0,0,0,0,0,0,0,3,0,0,0,0,0,0,0,0,0,0,0,0,0,0,0,0,0,0,0,0,11112,1170,907,63,2.5,0,0,0,16.5,5.1,60.6,0.5,5.2,195.83,1886.21,16.5,1.5,404.99,406.5,0,1887,32,0.4,0.2,0,0,0,0,0,0
14.10.2025,13:30.0,21654,47762,31.1,16467,48853,25.2,0,1.313,1.316,1.346,1.341,1.29,1.29,1.315,1.295,1.3,1.29,1.325,1.335,1.316,1.251,4489,4888,4888,4888,4888,4888,4888,4888,4888,3790.7,3790.7,3591.2,3591.2,99.8,3591.2,290.3,428.9,45.7,155.9,26.8,62.8,25.3,39.7,40.6,786.1,29.3,25.2,12.7,28,953.9,26.3,273.8,805.3,592,423.6,1023.9,242.1,8,9,1.4,1.5,1.8,0,0.2,0,2.1,16.7,6.8,0,0,1.8,20.4,0,5.7,27,19.5,14.3,32.5,32.5,8,100,8.3,12.8,1.3,4.9,0.8,2.1,0.7,1.1,1.2,22.8,1,0.7,0.4,0.9,27.1,0.8,7.9,22.6,16.5,11.8,28.9,8.3,45,49,49,49,49,49,49,49,49,38,38,36,36,36,57,54,54,56,54,56,55,57,55,60,60,60,60,43,46,46,44,46,44,45,43,45,40,40,40,40,58,60,No,No,No,No,No,No,No,No,No,No,No,No,No,No,No,No,No,No,No,No,No,No,No,No,No,No,No,No,No,No,No,No,No,No,No,No,No,No,No,No,No,No,64,64,45,0,0,0,0,0,0,0,1.25,33.305,28.82,19.536,7.795,0.489,150,175,56,5.4,2.3,7.8,9.3,1,3.4,0.6,1.4,0.5,0.8,0.9,16.7,0.6,0.5,0.3,0.6,20.6,0.6,6,26.6,19.2,13.9,32.5,8.1,14.9,3.8,1.2,0,34.5,0,36.6,5.8,0,0,0,0,25.7,0,0,0,0,2.3,0,0,0,72.9,80.4,85.8,66.7,78.2,72.3,90.9,96.4,98,43.4,99.1,39.5,85.9,2793.2,28,36,36,36,76,112,447,2,2,Yes,No,No,No,No,No,No,No,No,No,Yes,No,No,No,No,No,No,No,No,No,No,No,No,No,No,No,No,Yes,No,No,No,No,No,No,No,Yes,No,No,34,47,34,60,54,46,1.181,5.08,3.424,3.328,12.192,2.024,0.64,3.424,3.2,1.072,1.264,1.664,1.064,1,1,0.848,1.824,1804,1885,3461,46,45,42,1.285,22,41.5,1.26,1.26,1.8,1.8,1.095,5.04,1.375,No,No,No,41,1.26,1.26,1.8,1.815,1.095,5.04,1.75,No,No,No,52,52,59,100,100,No,No,14727,23930,35,35,No,No,1299,631,0.7,1.1,1.8,1.086,6.474,41059,65567,0,0,0,0,0,0,28.1,32,31.1,84,0.905,12.163,12.153,12.165,12.17,0,0,10.866,5.726,10.324,10.547,3.663,0.225,7.634,7.689,210,50.6,1185,36.8,1290,0,1,0,0,9.5,0,0.1,0,0,0,0,0,0,Yes,No,No,No,No,Yes,No,5.3,8.3,0,0,0,0,0,0,0,0,0,3,0,0,0,0,0,0,0,0,0,0,0,0,0,0,0,0,0,0,0,0,11112,1170,907,63,2.5,0,0,0,16.5,9.7,9.7,9.7,2.4,102.85,102.85,102.85,2.58,99.96,102.51,0.34,1887,32,0.2,0.2,0,0,0,0,0,0
14.10.2025,13:32.0,21886,47531,31.5,16572,48748,25.3,0,1.271,1.278,1.265,1.268,1.268,1.253,1.294,1.266,1.281,1.281,1.281,1.265,1.253,1.251,4322.8,4688.5,4688.5,4688.5,4688.5,4688.5,4688.5,4688.5,4688.5,3591.2,3591.2,3591.2,3591.2,99.8,3591.2,578.4,763.3,39.9,905.2,34.3,291.6,39.9,294.5,29.7,1264.7,54.6,155.4,28.2,39,1300.7,37.2,572.3,1538.5,1378.8,1048.4,1752.5,487.1,16.1,16.6,1.5,20.6,0.6,9.9,1.5,9.9,0.5,27.2,3.1,7.6,1.2,2.1,28.3,2.9,12.5,47.4,43.1,32.6,52.2,52.2,16.1,100,16.6,23.9,1.2,27.6,1.1,8.6,1.2,8.4,0.9,36.2,1.6,4.3,0.8,1.1,37.1,1.1,16.4,43.2,38.8,29.4,49.3,16.6,43.3,47,47,47,47,47,47,47,47,36,36,36,36,36,68,70,69,77,71,73,65,70,64,64,64,64,64,32,30,31,23,29,27,35,30,36,36,36,36,36,78,77,No,No,No,No,No,No,No,No,No,No,No,No,No,No,No,No,No,No,No,No,No,No,No,No,No,No,No,No,No,No,No,No,No,No,No,No,No,No,No,No,No,No,73,73,45,0,0,0,0,0,0,0,1.25,74.54,43.19,33.391,8.235,0.549,150,175,96,0,0,15.1,16.7,0.9,19.4,0.7,6.5,0.9,6.5,0.7,27.2,1.2,3.4,0.6,0.8,28.2,0.8,12.6,47.3,42.9,32.6,51.9,19,43.9,20,23.1,10.7,56.7,2.8,52.1,18.3,0,0,0,0,18.5,0,0,0,0,0.4,0,0.1,0,51.8,56.3,66.7,46.8,53.9,34.7,56.4,68.5,81.7,13.7,92.6,17.2,66.4,2793.2,28,36,36,36,76,112,447,2,2,Yes,No,No,No,No,No,No,No,No,No,Yes,No,No,No,No,No,No,No,No,No,No,No,No,No,No,No,No,Yes,No,No,No,No,No,No,No,Yes,No,No,34,47,34,74,62,46,1.296,5.04,3.424,3.328,12.192,2.024,0.64,3.424,3.2,1.072,1.264,1.648,1.064,1,1,0.848,1.808,1802,1831,3452,46,45,42,1.29,16,41.5,1.26,1.26,1.8,1.815,1.215,5.04,1.25,No,No,No,41,1.26,1.26,1.8,1.815,1.17,5.04,2,No,No,No,52,52,62,100,100,No,No,14727,23930,35,35,No,No,1299,631,100,1.5,100,143.605,8.164,41332,65583,0,0,0,0,0,0,29,32,31.7,84,0.96,12.153,12.135,12.174,12.151,0,0,13.911,14.429,19.211,29.363,16.55,12.465,10.532,10.577,2505,1312.7,2055,1232,2025,3,0,0,0,10.1,0.1,0.5,0,0,0,0,0,0,Yes,No,No,No,No,Yes,No,15.8,20.2,0,0,0,0,0,0,0,0,0,4,0,0,0,0,0,0,0,0,0,0,0,0,0,0,0,0,0,0,0,0,11047,1235,972,68,16,0,0,0,16.5,9.3,2.4,2.4,2.2,107.97,413.06,413.06,0.69,410.42,412.7,0.36,1887,32,0.3,0.1,0,0,0,0,0,2.306
14.10.2025,13:34.0,22164,47253,31.9,16787,48533,25.6,0,1.305,1.314,1.328,1.323,1.338,1.295,1.328,1.313,1.318,1.203,1.298,1.298,1.298,1.251,4522.3,4888,4888,4888,4888,4888,4888,4888,4888,3790.7,3790.7,3790.7,3790.7,99.8,3591.2,522.2,647.2,171.6,654.9,79.2,618.3,61.7,455.1,48.2,1189.2,259.6,456.2,28,344.9,1302.6,160.1,664.6,862.3,718.7,674,1048.1,484.6,11.6,14.5,2.2,14.5,0.2,13.7,0,10.2,0.3,26.4,0,9.5,0,3.8,28.4,0,14.7,24.1,20.3,19,30,30,11.6,100,15.2,18.9,5.1,19.1,2.5,18,1.9,13.2,1.5,34.5,7.9,13.4,0.9,10.2,37.5,4.8,19.2,24.6,20.7,19.4,30.1,15.2,45.3,49,49,49,49,49,49,49,49,38,38,38,38,36,56,57,52,56,54,61,55,58,55,57,57,57,57,44,43,48,44,46,39,45,42,45,43,43,43,43,59,61,No,No,No,No,No,No,No,No,No,No,No,No,No,No,No,No,No,No,No,No,No,No,No,No,No,No,No,No,No,No,No,No,No,No,No,No,No,No,No,No,No,No,65,65,45,0,0,0,0,0,0,0,1.25,30.133,44.014,33.451,8.993,0.555,150,175,48,0.5,0,12.4,14.3,3.7,14.2,1.7,13.4,1.3,10,1,26.2,5.6,9.9,0.6,7.4,28.2,3.5,14.5,24.3,20.3,18.9,29.3,22.9,36.4,18.8,15.6,13.2,65.6,11.5,58.5,43,4.4,3.4,1.1,3.8,24.4,0,0,0.3,0,0.7,0,0.4,0,70.4,75.5,79.3,65.6,46.7,43.6,63.7,67.9,74.9,1.7,77.6,6.1,37.7,2793.2,28,36,36,36,76,112,447,2,2,Yes,No,No,No,No,No,No,Yes,No,No,Yes,No,No,No,No,No,No,No,No,No,No,No,No,No,No,No,No,Yes,No,No,No,No,No,No,No,Yes,No,No,34,46,34,63,51,46,1.243,5.04,3.424,3.328,12.192,2.024,0.64,3.424,3.2,1.072,1.264,1.664,1.064,1,1,0.848,1.808,1800,1979,3426,46,45,42,1.26,16,41.5,1.26,1.26,1.8,1.815,1.17,5.04,1.25,No,No,No,41,1.26,1.26,1.8,1.815,1.17,5.04,0.75,No,No,No,52,52,62,100,100,No,No,14727,23930,35,35,No,No,1299,631,13.1,1.6,14.7,22.148,4.513,41374,65591,0,0,0,0,0,0,29.3,34,31.7,84,0.96,12.154,12.136,12.174,12.153,0,0,30.856,14.219,18.612,28.829,16.419,12.374,10.531,10.62,2505,1312.7,2055,2505,2025,0,0,0,0,10,0,0.1,0,0,0,0,0,0,Yes,No,No,No,No,Yes,No,15.5,19.6,0,0,0,0,0,0,0,0,0,4,0,0,0,0,0,0,0,0,0,0,0,0,0,0,0,0,0,0,0,0,11053,1229,967,67,16,0,0,0,16.5,76.7,63.3,59.5,59.9,13.04,16.82,15.8,8.17,27.93,31.46,0.16,1887,32,135.1,68.7,0,0,0,0,0,2.148
14.10.2025,13:36.0,22204,47212,31.9,16822,48499,25.7,0,1.298,1.309,1.329,1.314,1.304,1.304,1.299,1.299,1.299,1.279,1.28,1.28,1.28,1.251,4455.8,4888,4888,4888,4888,4888,4888,4888,4888,3591.2,3591.2,3591.2,3591.2,99.8,3591.2,324.4,615.4,48,412.4,25.9,169.1,27,200.8,25.6,717.9,425.6,61,43.4,986.6,258,27.7,697.1,510.1,286.5,240.4,709.8,307.7,8.7,13.3,1.7,9.1,2,3,6.3,3.6,0.4,15.7,14.6,1.3,6.7,20,5.4,3.5,15.1,15.7,9.5,7.8,20.6,20.6,8.7,100,9.3,17.9,1.4,11.9,0.8,5,0.8,5.8,0.8,20.9,12.3,1.8,1.2,28.4,7.5,0.9,19.9,14.7,8.1,6.8,20.1,9.3,44.7,49,49,49,49,49,49,49,49,36,36,36,36,36,54,53,53,53,52,51,51,53,53,58,58,58,58,46,47,47,47,48,49,49,47,47,42,42,42,42,56,58,No,No,No,No,No,No,No,No,No,No,No,No,No,No,No,No,No,No,No,No,No,No,No,No,No,No,No,No,No,No,No,No,No,No,No,No,No,No,No,No,No,No,55,55,45,0,0,0,0,0,0,0,1.25,30.133,32.832,23.089,8.227,0.511,150,175,32,3.2,1.2,7.7,13.4,1,9.1,0.6,3.8,0.6,4.4,0.6,15.5,9.3,1.4,1,21.3,5.5,0.6,15.1,14.8,8.8,7.2,20.5,18.3,28.9,22.8,10.7,6.2,61.3,4.1,50.1,33.7,1.6,0,0,0.6,28.6,0,0,0,0,0.1,0,0,0,82.9,90.7,92.4,77.7,58.4,54.7,66,83.7,88.1,12.3,93.2,21.2,48.3,2793.2,28,36,36,36,76,112,447,2,2,Yes,No,No,No,No,No,No,No,No,No,Yes,No,No,No,No,No,No,No,No,No,No,No,No,No,No,No,No,Yes,No,No,No,No,No,No,No,Yes,No,No,34,46,34,58,51,46,1.252,5.08,3.424,3.328,12.192,2.024,0.648,3.424,3.2,1.072,1.264,1.664,1.064,1,1,0.848,1.824,1802,2051,3375,46,45,42,1.245,35,41.5,1.245,1.26,1.8,1.815,1.17,5.04,0.75,No,No,No,41,1.26,1.26,1.8,1.815,1.17,5.04,1.25,No,No,No,52,52,63,100,100,No,No,14727,23930,35,35,No,No,1299,631,14.9,3.1,18,10.825,1.4,41395,65594,0,0,0,0,0,0,28.4,32,31.5,84,0.905,12.166,12.16,12.168,12.17,0,0,14.405,6.309,10.854,12.071,4.832,1.23,7.557,7.606,225,50.6,1185,140,1290,3,6,0,0,10,0.1,0.3,0,0,0,0,0,0,Yes,No,No,No,No,Yes,No,6,9.5,0,0,0,0,0,0,0,0,0,6,0,0,0,0,0,0,0,0,0,0,0,0,0,0,0,0,0,0,0,0,11048,1234,972,68,2.5,0,0,0,16.5,76.7,1435.2,2.8,36.3,13.04,359.16,0.7,0.27,38.25,38.74,0.06,1887,32,32.3,16.6,0,0,0,0,0,0.012
14.10.2025,13:38.0,22270,47146,32,16867,48453,25.8,0,1.293,1.318,1.278,1.288,1.298,1.286,1.243,1.268,1.276,1.316,1.321,1.321,1.306,1.251,3383.4,4688.5,798,798,798,4688.5,4688.5,4688.5,4688.5,3790.7,3591.2,3591.2,3790.7,99.8,3591.2,539.6,855.7,58.7,746.4,117,497.9,27.5,314.3,27.2,1763.7,70.7,171.1,39,83.1,1644.1,29.8,975.5,954.4,691.9,717.3,1006.3,503.8,13.6,19.4,1.6,16.8,2.1,12.1,1,8.2,0.9,38.1,1.1,4.8,1.2,6.5,35.7,5.4,21.7,26.9,19.4,19.9,28.6,38.1,13.6,100,15.6,24.8,1.8,21.7,3.4,14.6,0.9,9.1,0.8,51.4,2.3,4.8,1.2,2.6,47.7,1,28,27.1,19.8,20.4,28.6,15.6,33.9,47,8,8,8,47,47,47,47,38,36,36,38,36,58,57,57,57,55,60,66,60,55,55,56,56,56,42,43,43,43,45,40,34,40,45,45,44,44,44,68,66,No,No,No,No,No,No,No,No,No,No,No,No,No,No,No,No,No,No,No,No,No,No,No,No,No,No,No,No,No,No,No,No,No,No,No,No,No,No,No,No,No,No,62,62,45,0,0,0,0,0,0,0,1.25,65.024,45.243,35.38,8.296,0.559,150,175,88,0.1,0,12.8,19,1.3,16.4,2.6,11.1,0.6,7.2,0.6,37.8,1.5,3.9,0.9,1.8,35.4,0.6,21.3,26.3,19.4,19.9,28,25.3,53.2,34.9,31.1,20.7,56.5,14.9,48.5,42.5,0.4,0.7,0,0.7,25.1,0,0,0,0,0,0,0.1,0.1,72.4,79.1,79.4,69.9,40,24.5,43.9,55.2,70.2,1.8,79.4,11.7,33,2793.2,28,36,36,36,76,112,447,2,2,Yes,No,No,No,No,No,No,No,No,No,Yes,No,No,No,No,No,No,No,No,No,No,No,No,No,No,No,No,Yes,No,No,No,No,No,No,No,Yes,No,No,34,46,34,61,57,46,1.252,5.08,3.424,3.328,12.192,2.024,0.648,3.424,3.2,1.072,1.264,1.664,1.064,1,1,0.848,1.824,1732,1819,3461,47,45,42,1.305,26,41.2,1.26,1.26,1.8,1.815,1.17,5.04,1,No,No,No,41,1.26,1.26,1.8,1.815,1.17,5.04,1.125,No,No,No,52,52,63,100,100,No,No,14727,23930,35,35,No,No,1299,631,3.5,2.8,6.2,5.758,2.034,41406,65598,0,0,0,0,0,0,29.3,32,31.8,84,0.96,12.153,12.135,12.173,12.15,0,0,20.766,14.232,18.626,28.814,16.402,12.362,10.646,10.618,2505,1312.7,2055,2134.1,2025,0,0,0,0,10,0.2,1.2,0,0,0,0,0,0,Yes,No,No,No,No,Yes,No,15.5,19.2,0,0,0,0,0,0,0,0,0,7,0,0,0,0,0,0,0,0,0,0,0,0,0,0,0,0,0,0,0,0,11053,1229,967,68,16,0,0,0,16.5,19.4,113.9,2,18.2,51.51,510.35,8.78,2.36,76.02,96.69,0.08,1889,32,531.3,126.8,0,0,0,0,0,2.16
14.10.2025,13:40.0,22369,47047,32.2,16950,48370,25.9,0,1.299,1.343,1.305,1.314,1.314,1.287,1.307,1.277,1.312,1.275,1.275,1.275,1.3,1.251,4181.4,4888,4888,4888,4888,4888,4888,798,4888,3790.7,3790.7,3790.7,3790.7,99.8,3591.2,378.3,490,29.9,483.8,27.1,320.5,26.3,176.9,26,934.4,44.7,157.6,25.9,55.2,1088.6,27.5,503.5,874.6,644.3,507.4,1121.3,329.8,8.6,11.1,0,8.6,0,4.8,0.4,1.6,0,20.4,1.4,2,0,0,23.9,0,11.2,24,17.9,14.1,31.1,31.1,8.6,100,10.9,14.6,0.9,14.3,0.8,9.5,0.8,5.1,0.8,26.8,1.3,4.8,0.8,1.7,31.3,0.8,14.6,24.8,18.3,14.4,31.8,10.9,41.9,49,49,49,49,49,49,8,49,38,38,38,38,36,53,53,49,53,51,61,52,54,51,52,52,52,52,47,47,51,47,49,39,48,46,49,48,48,48,48,55,61,No,No,No,No,No,No,No,No,No,No,No,No,No,No,No,No,No,No,No,No,No,No,No,No,No,No,No,No,No,No,No,No,No,No,No,No,No,No,No,No,No,No,67,67,45,0,0,0,0,0,0,0,1.25,39.649,35.546,25.168,8.825,0.54,150,175,56,0.3,0,9.3,11.3,0.7,10.8,0.6,7.2,0.6,4,0.6,20.7,0.9,3.5,0.6,1.2,23.9,0.6,11.3,24.5,17.8,14,30.9,28.3,56,39.8,25.2,10.9,74.3,11.4,70.1,47.2,2.9,0.5,0.4,1.5,25.4,0,0,0,0,0,0,0,0,71.8,81,85,66.4,44.2,29.7,46.4,65.4,83.4,2.8,83.8,3.5,39,2793.2,28,36,36,36,76,112,447,2,2,Yes,No,No,No,No,No,No,No,No,No,Yes,No,No,No,No,No,No,No,No,No,No,No,No,No,No,No,No,Yes,No,No,No,No,No,No,No,Yes,No,No,34,46,34,59,50,47,1.27,5.08,3.424,3.328,12.192,2.024,0.648,3.424,3.2,1.072,1.264,1.664,1.064,1,1,0.848,1.824,1567,1681,3452,46,45,42,1.315,33,41.2,1.26,1.26,1.8,1.815,1.17,5.04,1.375,No,No,No,40.8,1.26,1.26,1.8,1.815,1.17,5.04,1.75,No,No,No,52,52,64,100,100,No,No,14727,23930,35,35,No,No,1299,631,1.6,0.7,2.3,1.778,3.625,41409,65605,0,0,0,0,0,0,29.5,34,32,84,0.96,12.152,12.135,12.173,12.15,0,0,31.006,14.307,18.844,29.02,16.451,12.419,10.535,10.644,2505,1312.7,2055,2505,2025,1,0,0,0,10,0,0.1,0,0,0,0,0,0,Yes,No,No,No,No,Yes,No,15.6,19.2,0,0,0,0,0,0,0,0,0,7,0,0,0,0,0,0,0,0,0,0,0,0,0,0,0,0,0,0,0,0,11051,1231,968,68,16,0,0,0,16.5,24.8,18.9,3.3,22.4,40.26,305.94,53.01,0.17,20.33,184.9,0.08,1890,32,744.5,69.5,0,0,0,0,0,2.233
14.10.2025,13:42.0,22527,46889,32.4,17109,48211,26.1,0,1.287,1.312,1.277,1.292,1.282,1.267,1.282,1.277,1.292,1.302,1.302,1.282,1.272,1.251,4514,4888,4788.3,4888,4888,4888,4888,4888,4888,3790.7,3790.7,3790.7,3790.7,99.8,4489,434.8,728.1,63,562.2,46.6,455.5,59.9,375.4,43.8,944,691.4,320,36.6,123.9,1519.5,57,884.7,515.7,321.9,227.3,720.4,430.5,10.4,16.1,0.4,13.8,2.4,11.4,1.2,9.6,3.8,20.6,14.1,7.7,3.7,0,33,1.1,19.1,14.5,9,6.7,20.1,33,10.4,100,12.5,20.9,1.9,16.1,1.4,13,1.8,10.7,1.3,27.4,19.9,9.1,1.1,3.8,43.4,1.8,25.2,14.7,9.2,6.5,20.5,12.5,45.2,49,48,49,49,49,49,49,49,38,38,38,38,45,51,52,47,52,50,52,50,52,55,50,50,50,50,49,48,53,48,50,48,50,48,45,50,50,50,50,53,55,No,No,No,No,No,No,No,No,No,No,No,No,No,No,No,No,No,No,No,No,No,No,No,No,No,No,No,No,No,No,No,No,No,No,No,No,No,No,No,No,No,No,53,52,44,0,0,0,0,0,0,0,1.25,31.719,40.853,30.932,8.361,0.549,150,175,56,0.1,0,10.1,16.2,1.4,12.5,1,10.1,1.3,8.3,0.9,20.4,14.8,7,0.8,2.7,33,1.2,19.2,14.4,9.1,6.8,20.1,24.6,46.1,27.4,19.4,13.2,62,14.3,60.7,43.3,4.4,0.7,1.1,2.8,28.2,0,0,0,0,0,0,0,0.5,80.5,89.6,91.7,75.9,44.2,34.8,58,68.3,76.9,1.6,77.3,2.6,34.2,2793.2,28,36,36,36,76,112,447,2,2,Yes,No,No,No,No,No,No,No,No,No,Yes,No,No,No,No,No,No,No,No,No,No,No,No,No,No,No,No,Yes,No,No,No,No,No,No,No,Yes,No,No,34,46,34,56,49,45,0.924,5.08,3.424,3.328,12.192,2.024,0.648,3.424,3.2,1.072,1.264,1.664,1.064,1,1,0.84,1.824,1575,1689,3358,46,44,42,1.25,13,41.2,1.26,1.26,1.8,1.8,1.17,5.04,0.75,No,No,No,40.8,1.26,1.26,1.8,1.815,1.17,5.04,0.75,No,No,No,52,52,64,100,100,No,No,14727,23930,35,35,No,No,1299,631,3.9,1.1,5,3.795,3.559,41416,65611,0,0,0,0,0,0,28.6,32,31.6,84,0.905,12.167,12.159,12.169,12.173,0,0,13.509,5.776,10.508,10.758,3.761,0.26,7.54,7.607,240,50.6,1185,84.5,1290,2,3,0,0,10.1,0,0.2,0,0,0,0,0,0,Yes,No,No,No,No,Yes,No,5.4,7.3,0,0,0,0,0,0,0,0,0,9,0,0,0,0,0,0,0,0,0,0,0,0,0,0,0,0,0,0,0,0,11042,1240,977,69,2.5,0,0,0,16.5,25.3,20,1.3,23.9,39.6,743.66,50.04,0.21,33.35,228.95,0.08,1890,33,154,163.3,0,0,0,0,0,0
14.10.2025,13:44.0,22532,46885,32.4,17120,48200,26.2,0,1.292,1.339,1.311,1.291,1.281,1.286,1.286,1.301,1.286,1.289,1.294,1.269,1.27,1.251,4522.3,4888,4888,4888,4888,4888,4888,4888,4888,3790.7,3790.7,3790.7,3790.7,99.8,3591.2,224.7,373,51.1,171.2,24.9,72.3,25,49.5,25.3,996.7,27.9,32.4,24.9,752.5,239.8,27.8,637.8,289.4,146.1,98.1,427.4,220.4,6,8.2,2.9,3.9,4.3,1.7,0.6,1.2,0.7,21.8,0.7,0.8,0.7,21.2,5.4,1.4,13.5,9.6,5.1,3.2,12.3,21.8,6,100,6.4,10.9,1.5,5.1,0.7,2.1,0.7,1.4,0.7,28.5,0.9,0.9,0.7,21.6,6.9,0.9,17.8,8.1,4.1,2.8,12.1,6.4,45.3,49,49,49,49,49,49,49,49,38,38,38,38,36,49,50,47,51,47,47,49,51,51,50,50,50,50,51,50,53,49,53,53,51,49,49,50,50,50,50,55,51,No,No,No,No,No,No,No,No,No,No,No,No,No,No,No,No,No,No,No,No,No,No,No,No,No,No,No,No,No,No,No,No,No,No,No,No,No,No,No,No,No,No,54,54,44,0,0,0,0,0,0,0,1.25,44.407,26.655,17.602,7.561,0.494,150,175,32,3.8,1.7,5.2,8,1.3,3.8,0.5,1.6,0.5,1.1,0.5,21.6,0.6,0.7,0.5,16.2,5.2,0.6,13.6,8.8,4.3,3.1,12.1,12.6,13.9,4.7,0.4,0,62.2,0,55,14.7,0,0,0,0,30.9,0,0,0,0,0,0,0,0,90.9,95.5,96.8,87.2,70.3,74.5,89.7,97.1,98.1,13.6,98.6,21.5,68.8,2793.2,28,36,36,36,76,112,447,2,2,Yes,No,No,No,No,No,No,No,No,No,Yes,No,No,No,No,No,No,No,No,No,No,No,No,No,No,No,No,Yes,No,No,No,No,No,No,No,Yes,No,No,34,46,34,53,48,45,0.799,5.08,3.424,3.328,12.192,2.024,0.648,3.424,3.2,1.072,1.264,1.664,1.064,1,1,0.84,1.824,1630,1693,3435,46,44,42,1.295,31,41.2,1.26,1.26,1.8,1.815,1.23,5.04,1.125,No,No,No,40.8,1.26,1.26,1.8,1.815,1.11,5.04,1,No,No,No,52,52,65,100,100,No,No,14727,23930,35,35,No,No,1299,631,0.6,0.7,1.4,0.796,1.914,41418,65615,0,0,0,0,0,0,28.6,30,31.6,84,0.905,12.168,12.162,12.17,12.171,0,0,10.98,6.388,11.007,12.279,4.941,1.284,7.573,7.627,210,50.6,1185,49.8,1290,5,5,0,0,10.1,0.1,0.4,0,0,0,0,0,0,Yes,No,No,No,No,Yes,No,6.1,8.6,0,0,0,0,0,0,0,0,0,9,0,0,0,0,0,0,0,0,0,0,0,0,0,0,0,0,0,0,0,0,11045,1237,975,68,2.5,0,0,0,16.5,13.7,0,0,13.4,72.99,0,0,1.05,48.74,242.07,0.08,1891,33,481.5,31.3,0,0,0,0,0,0
14.10.2025,13:46.0,22462,46954,32.3,17053,48267,26.1,0,1.286,1.312,1.238,1.278,1.289,1.264,1.261,1.276,1.306,1.314,1.314,1.299,1.284,1.251,4464.1,4788.3,4788.3,4788.3,4788.3,4788.3,4788.3,4788.3,4888,3790.7,3790.7,3790.7,3790.7,99.8,3591.2,226.4,444.9,26.3,149.9,25.3,59.6,25.2,42.3,24.9,910.2,28.5,33,24.6,28.5,1024.2,34.4,502.5,320.2,210.4,112.5,501.4,217.5,5.4,9.8,0,4,0,1.3,0,0.9,0.5,20.1,1.2,0.7,0.5,0,22.5,3.7,11.3,8.6,5.5,3.2,14.1,22.5,5.4,100,6.5,12.9,0.8,4.4,0.7,1.7,0.7,1.2,0.7,26.2,0.7,0.9,0.7,0.9,29.4,1,14.8,9.1,6,3.2,14.3,6.5,44.8,48,48,48,48,48,48,48,49,38,38,38,38,36,50,48,50,51,48,56,47,51,48,49,49,49,49,50,52,50,49,52,44,53,49,52,51,51,51,51,55,56,No,No,No,No,No,No,No,No,No,No,No,No,No,No,No,No,No,No,No,No,No,No,No,No,No,No,No,No,No,No,No,No,No,No,No,No,No,No,No,No,No,No,66,66,44,0,0,0,0,0,0,0,1.25,55.509,26.726,17.655,7.57,0.5,150,175,72,1.9,1,5.3,9.8,0.6,3.4,0.5,1.3,0.5,0.9,0.5,20.1,0.6,0.7,0.5,0.6,22.5,0.7,11,9.2,6.2,3.2,14,18.8,27.1,9.7,2.3,0,68.7,0,67.2,49.3,0,0,0,1.6,30.3,0,0,0,0,0,0,0,0,90.5,93.6,96.7,83.2,61.5,60.2,85.2,95.4,98.3,9,98.6,8.1,37.1,2793.2,28,36,36,36,76,112,447,2,2,Yes,No,No,No,No,No,No,No,No,No,Yes,No,No,No,No,No,No,No,No,No,No,No,No,No,No,No,No,Yes,No,No,No,No,No,No,No,Yes,No,No,34,46,34,56,49,46,1.217,5.08,3.424,3.328,12.192,2.024,0.656,3.424,3.2,1.072,1.264,1.664,1.064,1,1,0.84,1.824,1451,1620,3452,45,44,41,1.27,31,41.2,1.26,1.26,1.8,1.815,1.11,5.04,1.125,No,No,No,40.8,1.26,1.26,1.8,1.815,1.11,5.04,1.125,No,No,No,52,52,65,100,100,No,No,14727,23930,35,35,No,No,1299,631,0.1,0.8,0.9,0.139,2.005,41418,65619,0,0,0,0,0,0,28.5,32,31.7,84,0.905,12.165,12.159,12.166,12.17,0,0,11.48,5.894,10.349,11.01,4.101,0.666,7.52,7.615,210,50.6,1185,68.7,1290,2,7,0,0,10,0.1,0.6,0,0,0,0,0,0,Yes,No,No,No,No,Yes,No,5.5,7.3,0,0,0,0,0,0,0,0,0,9,0,0,0,0,0,0,0,0,0,0,0,0,0,0,0,0,0,0,0,0,11060,1222,960,68,2.5,0,0,0,16.5,15.2,71.1,4.7,13.8,65.8,211.18,14.07,1.38,33.84,35.22,0,1891,33,48.8,0.3,0,0,0,0,0,0
14.10.2025,13:48.0,22456,46960,32.3,17057,48263,26.1,0,1.285,1.328,1.333,1.294,1.259,1.264,1.259,1.264,1.284,1.274,1.289,1.289,1.289,1.251,4522.3,4888,4888,4888,4888,4888,4888,4888,4888,3790.7,3790.7,3790.7,3790.7,99.8,4489,435.1,716.9,41.3,632.4,29.9,384.6,29.2,273,27.7,1613.1,35.2,287.7,35.9,179.3,1521.9,41.2,1096.3,513.3,255.6,295.5,691.5,428.6,10.9,16.3,5.7,13.1,3.3,8.3,1.8,5.8,0.3,35.2,0,6.1,0.4,10.5,33.5,2,24,15.2,7.7,8.7,19.7,35.2,10.9,100,12.5,20.7,1.3,18.4,1,11.1,0.9,7.9,0.9,46.2,1.5,8.2,1.1,5.4,43.6,1.4,31.3,14.5,7.3,8.4,19.6,12.5,45.3,49,49,49,49,49,49,49,49,38,38,38,38,45,48,47,45,50,46,50,49,49,47,49,49,49,49,52,53,55,50,54,50,51,51,53,51,51,51,51,50,50,No,No,No,No,No,No,No,No,No,No,No,No,No,No,No,No,No,No,No,No,No,No,No,No,No,No,No,No,No,No,No,No,No,No,No,No,No,No,No,No,No,No,50,50,44,0,0,0,0,0,0,0,1.25,19.032,39.826,30.469,7.812,0.536,150,175,40,0.1,0,10,15.9,0.9,13.9,0.6,8.6,0.6,6,0.6,34.6,0.8,6.3,0.8,3.9,32.9,0.9,23.5,14.7,7.2,8.3,19.2,22.3,44.8,29.3,26.3,11.4,54.5,7.4,58.7,33.1,0.7,0.9,0.8,0,28.9,0,0,0,0,0.5,0,0.2,0.3,84,91.4,90.6,79.7,46.5,36.5,54.5,63.3,81,8.1,85.1,3.5,40.1,2793.2,28,36,36,36,76,112,447,2,2,Yes,No,No,No,No,No,No,No,No,No,Yes,No,No,No,No,No,No,No,No,No,No,No,No,No,No,No,No,Yes,No,No,No,No,No,No,No,Yes,No,No,34,46,34,54,54,46,1.092,5.08,3.424,3.328,12.192,2.024,0.656,3.424,3.2,1.072,1.264,1.664,1.064,1,1,0.84,1.824,1256,1582,3443,45,44,41,1.29,16,41.2,1.26,1.26,1.8,1.815,1.11,5.04,0.75,No,No,No,40.8,1.245,1.26,1.8,1.815,1.11,5.04,1,No,No,No,52,52,65,100,100,No,No,14727,23930,35,35,No,No,1299,631,0.2,0.3,0.5,0.271,0.908,41419,65621,0,0,0,0,0,0,28.5,30,31.5,84,0.905,12.167,12.161,12.168,12.172,0,0,11.02,5.767,10.352,10.683,3.786,0.338,7.607,7.606,210,50.6,1185,52.1,1290,2,19,0,0,10,0.1,0.5,0,0,0,0,0,0,Yes,No,No,No,No,Yes,No,5.3,7.3,0,0,0,0,0,0,0,0,0,9,0,0,0,0,0,0,0,0,0,0,0,0,0,0,0,0,0,0,0,0,11050,1232,970,69,2.5,0,0,0,16.5,36.3,59.4,2.5,20,27.55,397.51,16.83,1.16,1.34,165.59,0.09,1891,33,7.3,23.2,0,0,0,0,0,0
14.10.2025,13:50.0,22606,46810,32.5,17208,48112,26.3,0,1.308,1.341,1.302,1.302,1.303,1.303,1.303,1.282,1.321,1.31,1.31,1.31,1.31,1.251,4505.6,4888,4788.3,4788.3,4888,4888,4888,4888,4888,3790.7,3790.7,3790.7,3790.7,99.8,3591.2,484.1,868.9,32.9,594,27.4,430.3,27.4,300.7,25.4,2191.8,80.9,157.9,25.5,148.8,1953.4,72.3,824.8,507.5,357.3,359.6,695.5,479.3,10.8,18.6,0,12.1,0,9.2,0.8,6.3,0,46.3,1.4,3.3,0,2.2,40.9,0.5,17.7,15.1,10.9,10.8,19.8,46.3,10.8,100,13.7,24.8,1.1,17,0.8,12.2,0.5,8.6,0.8,61.9,2.6,4.5,0.7,4.5,54.7,2.2,23.5,14,10.1,10.1,19.5,13.7,45.2,49,48,48,49,49,49,49,49,38,38,38,38,36,53,52,48,56,49,55,50,63,50,52,52,52,52,47,48,52,44,51,45,50,37,50,48,48,48,48,68,63,No,No,No,No,No,No,No,No,No,No,No,No,No,No,No,No,No,No,No,No,No,No,No,No,No,No,No,No,No,No,No,No,No,No,No,No,No,No,No,No,No,No,66,66,44,0,0,0,0,0,0,0,1.25,26.961,44.585,35.07,7.954,0.556,150,175,40,0,0,11.1,18.7,0.7,13,0.6,9.4,0.6,6.6,0.6,46.2,1.7,3.5,0.5,3.2,41.3,1.5,17.8,14.8,11.1,11,20,18,32.2,23.8,11.7,5.5,49.3,5.7,44.9,38,0.4,0.9,0.9,2.3,28.2,0,0,0,0,1.7,0,0.3,0,84.2,87.6,87.9,76.6,51.1,46.4,60.3,76.9,86.1,0.3,89.5,9.2,40.4,2793.2,28,36,36,36,76,112,447,2,2,Yes,No,No,No,No,No,No,No,No,No,Yes,No,No,No,No,No,No,No,No,No,No,No,No,No,No,No,No,Yes,No,No,No,No,No,No,No,Yes,No,No,35,46,35,66,60,45,1.279,5.08,3.424,3.328,12.192,2.024,0.656,3.424,3.2,1.072,1.264,1.648,1.064,1,1,0.84,1.824,1184,1609,3452,45,44,41,1.27,21,41,1.245,1.26,1.8,1.815,1.11,5.04,1.125,No,No,No,40.5,1.245,1.26,1.8,1.815,1.11,5.04,1,No,No,No,52,52,65,100,100,No,No,14727,23930,35,35,No,No,1299,631,1.9,0.6,2.4,3.519,1.876,41426,65624,0,0,0,0,0,0,28.5,30,31.6,84,0.905,12.164,12.158,12.165,12.171,0,0,10.752,5.696,10.323,10.535,3.663,0.222,7.517,7.612,210,50.6,1185,36.2,1290,0,5,0,0,10.1,0.1,0.4,0,0,0,0,0,0,Yes,No,No,No,No,Yes,No,5.3,7.1,0,0,0,0,0,0,0,0,0,9,0,0,0,0,0,0,0,0,0,0,0,0,0,0,0,0,0,0,0,0,11040,1242,979,70,2.5,0,0,0,16.5,19.3,20,0.7,13.7,51.91,1453.75,49.97,1.11,0.16,527.72,0.09,1891,33,54.7,218.5,0,0,0,0,0,0
14.10.2025,13:52.0,22812,46604,32.8,17303,48017,26.4,0,1.293,1.308,1.266,1.291,1.286,1.286,1.311,1.286,1.286,1.286,1.306,1.306,1.306,1.251,4523.4,4889.2,4889.2,4889.2,4889.2,4889.2,4889.2,4889.2,4889.2,3791.6,3791.6,3791.6,3791.6,99.8,3592.1,453.5,781.8,58,638.1,73.6,360.8,90,279.9,78.3,1828.3,152.1,366.1,41.1,220.9,1732.3,43.5,935.4,437.9,216.8,155.5,580.2,463.1,11.1,17.1,6.8,15.9,1.3,8.5,1.2,6.7,7.9,39,2.9,8.4,4.3,5.1,37.4,1.4,19.3,12.3,5.8,4.1,16.2,39,11.1,100,13,22.5,1.7,18.4,2.1,10.4,2.9,8,2.2,51.9,4.5,10.4,1.2,6.5,49.7,1.4,26.5,12.7,6.2,4.5,16.7,13,45.3,49,49,49,49,49,49,49,49,38,38,38,38,36,48,53,45,51,48,47,47,48,48,48,48,48,48,52,47,55,49,52,53,53,52,52,52,52,52,52,53,53,No,No,No,No,No,No,No,No,No,No,No,No,No,No,No,No,No,No,No,No,No,No,No,No,No,No,No,No,No,No,No,No,No,No,No,No,No,No,No,No,No,No,51,51,44,0,0,0,0,0,0,0,1.25,33.305,42.24,32.75,7.928,0.558,150,175,40,0.9,0.4,10.2,17.3,1.3,14.1,1.6,8,2,6.2,1.7,39.1,3.2,7.9,0.9,4.7,37,0.9,20.2,12.2,6,4.3,16.1,23.4,44.4,38.1,25.1,10,50.9,9.2,52.8,40.9,3.7,1.1,1.4,3.5,29.5,0,0,2,0.9,0.6,0.9,0.6,0,83.6,92.5,94.1,79.3,43.6,35.2,44.9,61.4,80.7,5,80.8,4.6,36.5,2793.8,28,36,36,36,76,112,447,2,2,Yes,No,No,No,No,No,No,No,No,No,Yes,No,No,No,No,No,No,No,No,No,No,No,No,No,No,No,No,Yes,No,No,No,No,No,No,No,Yes,No,No,35,46,35,53,48,47,0.808,5.08,3.424,3.328,12.192,2.024,0.656,3.424,3.2,1.072,1.264,1.664,1.064,1,1,0.84,1.824,1200,1609,3409,47,44,41,1.265,13,41,1.245,1.26,1.8,1.815,1.11,5.04,1,No,No,No,40.5,1.245,1.26,1.8,1.815,1.11,5.04,0.75,No,No,No,52,52,66,100,100,No,No,14727,23930,35,35,No,No,1299,631,0.2,0.2,0.4,0.235,0.749,41426,65626,0,0,0,0,0,0,28.5,30,31.4,84,0.905,12.166,12.16,12.167,12.172,0,0,11.391,5.799,10.32,10.719,3.834,0.402,7.686,7.631,210,50.6,1185,51,1290,1,11,0,1,10.1,0.1,0.7,0,0,0,0,0,0,Yes,No,No,No,No,Yes,No,5.4,8.9,0,0,0,0,0,0,0,0,0,9,0,0,0,0,0,0,0,0,0,0,0,0,0,0,0,0,0,0,0,0,11041,1241,978,71,2.5,0,0,0,16.5,19.3,0,0,13.7,51.91,0,0,1.07,9.31,55.99,0.07,1892,33,414.2,15.4,0,0,0,0,0,0
14.10.2025,13:54.0,22805,46611,32.8,17294,48026,26.4,0,1.273,1.311,1.26,1.27,1.27,1.275,1.275,1.275,1.255,1.266,1.266,1.281,1.281,1.251,4439.1,4688.5,4788.3,4788.3,4788.3,4788.3,4688.5,4788.3,4788.3,3790.7,3790.7,3790.7,3790.7,99.8,4389.3,213.4,499.8,42.6,394.8,25.7,172.8,25.3,64.5,45.1,1120.9,30.5,67.8,27.4,658.3,142.2,40,24.6,373.1,224.8,158.5,129.8,221.1,5.2,10.8,0.3,8.6,4.4,4.6,0.6,2.2,1,24,0.7,2.3,0.7,15.1,1.7,0.9,0.6,10.4,6.6,3.9,3.9,24,5.2,100,6.1,14.3,1.3,11.4,0.7,5.1,0.7,1.8,1.3,31.9,1,1.9,0.8,18.9,4.1,1.1,0.7,10.6,6.4,4.5,3.8,6.1,44.5,47,48,48,48,48,47,48,48,38,38,38,38,44,47,47,45,48,45,49,46,48,46,47,47,47,47,53,53,55,52,55,51,54,52,54,53,53,53,53,49,49,No,No,No,No,No,No,No,No,No,No,No,No,No,No,No,No,No,No,No,No,No,No,No,No,No,No,No,No,No,No,No,No,No,No,No,No,No,No,No,No,No,No,55,55,44,0,0,0,0,0,0,0,1.25,26.961,25.274,16.329,7.467,0.485,150,175,40,5.6,2.9,4.9,10.7,1,8.5,0.5,3.8,0.5,1.4,1,24,0.6,1.5,0.6,14.4,3.1,0.8,0.5,10.9,6.5,4.6,3.8,12.8,25.9,13.2,3.1,0,55.2,3.8,52.1,0,0,0,0,0,31,0,0,0,0,0,0,0,0,88.6,93.3,95.3,95.3,70.3,60.2,75.8,91.3,97.1,18.3,93.7,27.9,98.5,2793.2,28,36,36,36,76,112,447,2,2,Yes,No,No,No,No,No,No,No,No,No,Yes,No,No,No,No,No,No,No,No,No,No,No,No,No,No,No,No,Yes,No,No,No,No,No,No,No,Yes,No,No,35,45,35,51,47,47,1.021,5.04,3.408,3.328,12.192,2.024,0.656,3.408,3.2,1.072,1.264,1.648,1.064,1,1,0.84,1.824,1229,1605,3479,46,44,41,1.3,13,41,1.245,1.26,1.8,1.8,1.11,5.04,0.75,No,No,No,40.5,1.245,1.26,1.8,1.815,1.11,5.04,0.75,No,No,No,52,52,66,100,100,No,No,14727,23930,35,35,No,No,1299,631,0.1,0.7,0.9,0.172,2.401,41426,65630,0,0,0,0,0,0,28.6,30,31.7,84,0.905,12.164,12.158,12.165,12.17,0,0,11.129,6.106,10.532,11.094,4.065,0.565,8.825,7.662,210,50.6,1185,67.5,1290,3,11,0,0,10.1,0.1,0.7,0,0,0,0,0,0,Yes,No,No,No,No,Yes,No,6.3,9.5,0,0,0,0,0,0,0,0,0,9,0,0,0,0,0,0,0,0,0,0,0,0,0,0,0,0,0,0,0,0,11040,1242,980,69,2.5,0,0,0,16.5,10.5,61,1.9,9.5,94.94,523.5,16.38,1.44,200.82,202.21,0.08,1893,33,480.6,0.8,0,0,0,0,0,0
14.10.2025,13:56.0,22796,46620,32.8,17294,48027,26.4,0,1.285,1.333,1.288,1.288,1.303,1.293,1.283,1.263,1.288,1.286,1.202,1.286,1.311,1.251,4505.6,4788.3,4888,4788.3,4888,4888,4888,4888,4888,3790.7,3790.7,3790.7,3790.7,99.8,3591.2,228,598.9,33.5,384.1,26,196.1,25.3,137.9,24.9,1173.1,30.8,83,25.2,424.9,345.9,33.5,25.1,365.1,286.2,205.4,134.2,234.4,5.2,13.3,0,8.5,4.3,4.4,0.5,2.3,1.3,25,2.1,1,0.5,0.9,9.1,0,0,10.6,8.4,6.9,3.9,25,5.2,100,6.5,17.4,1,11.1,0.8,5.8,0.7,4,0.7,33.3,1.1,2.4,0.7,12.3,9.9,1,0.7,10.2,7.9,5.8,3.9,6.5,45.2,48,49,48,49,49,49,49,49,38,38,38,38,36,48,47,43,48,45,51,46,49,44,48,50,50,50,52,53,57,52,55,49,54,51,56,52,50,50,50,48,51,No,No,No,No,No,No,No,No,No,No,No,No,No,No,No,No,No,No,No,No,No,No,No,No,No,No,No,No,No,No,No,No,No,No,No,No,No,No,No,No,No,No,56,56,44,0,0,0,0,0,0,0,1.25,15.86,26.222,17.215,7.509,0.499,150,175,24,3.3,1.4,5.4,13.3,0.7,8.5,0.5,4.4,0.5,3,0.5,25,0.6,1.8,0.5,9.4,7.7,0.7,0.5,10.6,8.5,6.1,3.9,16.8,61.1,16.5,9.2,5,45.5,2.1,61.3,0.8,0,0,0,0.6,30.7,0,0,0,0,0.1,0,0,0,88.9,91.1,93.7,94.7,63.6,22.7,72.4,84.3,90.5,26.7,95.2,19.5,97.7,2793.2,28,36,36,36,76,112,447,2,2,Yes,No,No,No,No,No,No,No,No,No,Yes,No,No,No,No,No,No,No,No,No,No,No,No,No,No,No,No,Yes,No,No,No,No,No,No,No,Yes,No,No,35,45,35,50,47,47,0.932,5.04,3.424,3.328,12.192,2.024,0.656,3.408,3.2,1.072,1.264,1.648,1.056,1,1,0.84,1.824,1235,1612,3409,46,44,41,1.265,8,41,1.245,1.26,1.8,1.815,1.185,5.04,0.75,No,No,No,40.5,1.245,1.26,1.8,1.815,1.11,5.04,0.75,No,No,No,52,52,66,100,100,No,No,14727,23930,35,35,No,No,1299,631,0,0,0.1,0.148,0.479,41427,65631,0,0,0,0,0,0,28.6,30,31.6,84,0.905,12.165,12.159,12.166,12.171,0,0,10.551,5.738,10.275,10.633,3.773,0.357,7.524,7.605,210,50.6,1185,39.1,1290,0,8,0,0,10.1,0.1,0.3,0,0,0,0,0,0,Yes,No,No,No,No,Yes,No,5.3,7.7,0,0,0,0,0,0,0,0,0,9,0,0,0,0,0,0,0,0,0,0,0,0,0,0,0,0,0,0,0,0,11041,1241,978,68,2.5,0,0,0,16.5,15,83,2,12.6,66.46,487.98,12.05,1.06,26.16,45.88,0.07,1893,33,0.3,0.4,0,0,0,0,0,0
14.10.2025,13:58.1,22669,46748,32.6,17277,48043,26.4,0,1.253,1.296,1.286,1.286,1.285,1.285,1.275,1.255,1.25,1.268,1.183,1.183,1.183,1.251,4522.3,4888,4888,4888,4888,4888,4888,4888,4888,3790.7,3790.7,3790.7,3790.7,99.8,3591.2,203.4,425.4,48.6,351.2,26.1,118.3,24.8,79.6,25.3,962.2,29.1,25.1,29,486.1,334,25.8,25,441.7,321.5,161.5,127.4,209.9,5.4,9.9,6.6,8.1,0,1.6,0.2,1.4,0,21.3,0,0.2,0.3,17.9,7.2,0,1,13.8,9.6,4.3,4.3,21.3,5.4,100,5.8,12.3,1.4,10,0.8,3.5,0.7,2.3,0.7,27.5,1,0.7,0.8,13.9,9.7,0.7,0.7,12.5,9.2,4.5,3.7,5.8,45.3,49,49,49,49,49,49,49,49,38,38,38,38,36,47,46,43,48,44,57,44,45,44,46,46,48,48,53,54,57,52,56,43,56,55,56,54,54,52,52,57,57,No,No,No,No,No,No,No,No,No,No,No,No,No,No,No,No,No,No,No,No,No,No,No,No,No,No,No,No,No,No,No,No,No,No,No,No,No,No,No,No,No,No,56,56,44,0,0,0,0,0,0,0,1.25,28.547,24.478,15.577,7.423,0.485,150,175,40,4.8,2.3,4.8,9.4,1.1,7.6,0.5,2.6,0.5,1.7,0.5,20.9,0.6,0.5,0.6,10.5,7.4,0.5,0.5,12.7,9,4.6,3.8,15.4,45.6,15.4,9.2,1.1,64.8,0,48.7,0,0,0,0,0,30.9,0,0,0,0,0,0,2.3,0,86.8,90.8,95.2,95.5,67.4,42.2,75,86.9,96.3,12,98.7,29.2,98.8,2793.2,28,36,36,36,76,112,447,2,2,Yes,No,No,No,No,No,No,No,No,No,Yes,No,No,No,No,No,No,No,No,No,No,No,No,No,No,No,No,Yes,No,No,No,No,No,No,No,Yes,No,No,35,45,35,49,48,47,1.092,5.04,3.408,3.328,12.192,2.024,0.664,3.408,3.2,1.072,1.264,1.648,1.064,1,1,0.84,1.824,1188,1546,3443,46,44,41,1.295,15,41,1.245,1.26,1.8,1.815,1.11,5.04,0.75,No,No,No,40.5,1.245,1.26,1.8,1.815,1.11,5.04,0.75,No,No,No,53,53,66,100,100,No,No,14727,23930,35,35,No,No,1299,631,0,0.1,0.1,0.008,0.543,41427,65632,0,0,0,0,0,0,28.6,30,31.7,84,0.905,12.167,12.162,12.168,12.171,0,0,11.095,5.868,10.433,10.963,4.017,0.536,7.524,7.606,210,50.6,1185,58,1290,0,9,0,0,10.1,0,0.2,0,0,0,0,0,0,Yes,No,No,No,No,Yes,No,5.5,7.3,0,0,0,0,0,0,0,0,0,9,0,0,0,0,0,0,0,0,0,0,0,0,0,0,0,0,0,0,0,0,11043,1239,976,68,2.5,0,0,0,16.5,10.4,1.9,1.9,9.2,96.1,535.3,516.74,1.33,264.3,526.75,0.07,1893,33,0.5,0.2,0,0,0,0,0,0
14.10.2025,14:00.0,22667,46749,32.6,17274,48046,26.4,0,1.302,1.309,1.314,1.309,1.286,1.271,1.301,1.326,1.326,1.271,1.285,1.313,1.308,1.251,4489,4888,4888,4888,4888,4888,4888,4888,4888,3790.7,3591.2,3790.7,3591.2,99.8,3591.2,278.5,453.1,37.9,281.2,93.8,152.1,25.5,62.1,24.9,624.4,356.2,28.7,24.8,575.3,14.5,25.3,24.6,836.8,872.8,627.3,428.7,250.8,7.9,10,0,5.9,5,3.2,1.2,1.3,1.2,11.9,15.5,0.5,1.2,12.7,0,4.9,0.4,25.3,25.8,19.2,13.1,25.8,7.9,100,7.9,13.2,1.1,8,2.9,4.4,0.7,1.8,0.7,17.8,10.3,0.8,0.7,16.6,0.5,0.7,0.7,23.3,24.3,17.4,12.2,7.9,45,49,49,49,49,49,49,49,49,38,36,38,36,36,47,46,41,47,45,47,45,46,44,50,52,50,50,53,54,59,53,55,53,55,54,56,50,48,50,50,52,52,No,No,No,No,No,No,No,No,No,No,No,No,No,No,No,No,No,No,No,No,No,No,No,No,No,No,No,No,No,No,No,No,No,No,No,No,No,No,No,No,No,No,56,56,44,0,0,0,0,0,0,0,1.25,31.719,26.96,17.986,7.486,0.492,150,175,40,3.8,1.6,7.2,10.1,0.9,6,2.1,3.3,0.5,1.4,0.5,13.3,7.6,0.6,0.5,12.8,0.3,0.5,0.5,25.4,25.3,18.8,13.1,14.1,34.2,12,5.2,2.5,58.9,0,55.4,0,0,0,0,0.7,26.2,0,0,0,0,0,0,0,0,74,74.2,80.9,85.4,70.1,52.5,77.9,89.7,95,18.4,98.7,29.3,98.8,2793.2,28,36,36,36,76,112,447,2,2,Yes,No,No,No,No,No,No,No,No,No,Yes,No,No,No,No,No,No,No,No,No,No,No,No,No,No,No,No,Yes,No,No,No,No,No,No,No,Yes,No,No,35,45,35,50,51,47,1.234,5.04,3.424,3.328,12.192,2.024,0.664,3.408,3.2,1.072,1.264,1.648,1.064,1,1,0.84,1.824,1094,1505,3383,46,44,41,1.25,22,41,1.26,1.26,1.8,1.815,1.11,5.04,0.875,No,No,No,40.5,1.26,1.26,1.8,1.815,1.11,5.04,0.875,No,No,No,53,53,67,100,100,No,No,14727,23930,35,35,No,No,1299,631,0,0.8,0.8,0,6.064,41427,65644,0,0,0,0,0,0,28.6,32,31.7,84,0.905,12.169,12.165,12.17,12.173,0,0,10.929,5.841,10.386,10.892,3.968,0.513,7.518,7.612,210,50.6,1185,48.9,1290,1,20,0,0,10,0,0.1,0,0,0,0,0,0,Yes,No,No,No,No,Yes,No,5.5,7.2,0,0,0,0,0,0,0,0,0,9,0,0,0,0,0,0,0,0,0,0,0,0,0,0,0,0,0,0,0,0,11056,1226,963,67,2.5,0,0,0,16.5,8.5,1.9,1.9,7.8,117.4,537.29,530.92,1.18,135.49,533.53,0.07,1893,33,0.3,0.3,0,0,0,0,0,0
14.10.2025,14:02.1,22854,46562,32.9,17287,48033,26.4,0,1.275,1.307,1.267,1.287,1.239,1.264,1.279,1.237,1.277,1.282,1.292,1.287,1.287,1.251,4065.1,4688.5,4688.5,798,4688.5,4688.5,4688.5,4688.5,4688.5,3790.7,3790.7,3790.7,3790.7,99.8,3591.2,492.6,449.2,26.5,550.9,26.2,247.4,25.5,292.7,25.3,29.3,1087.5,117.6,116.4,1152.7,39.2,128.8,24.7,1630.2,1485.1,1366,1031.6,414.2,14.1,10.7,6.5,12.1,0.7,7.4,0,6.6,0,0.7,23,3.9,1.9,24.7,7.2,2.9,0.7,51.2,46.4,42.7,31.8,51.2,14.1,100,13.7,13,0.8,15.4,0.8,7.3,0.8,6.5,0.7,1,30,2.9,3.3,32.2,0.9,2.7,0.7,46.5,42,38.3,28.7,13.7,40.8,47,47,8,47,47,47,47,47,38,38,38,38,36,53,58,58,51,60,51,51,57,53,48,48,48,48,47,42,42,49,40,49,49,43,47,52,52,52,52,59,60,No,No,No,No,No,No,No,No,No,No,No,No,No,No,No,No,No,No,No,No,No,No,No,No,No,No,No,No,No,No,No,No,No,No,No,No,No,No,No,No,No,No,51,51,44,0,0,0,0,0,0,0,1.25,25.375,36.116,26.744,7.834,0.536,150,175,40,0,0,13.3,10.6,0.6,12.3,0.6,5.9,0.5,6.5,0.5,0.6,23.6,2.6,2.4,25.1,0.8,2.8,0.5,50.1,45.8,42,31.9,20.7,65.9,32.8,27,6,56.9,2.8,55.2,0,0.7,0,0,1.6,18.7,0,0,0,0,0,0,0,0,48.3,53.4,57.4,65.5,55.7,20.9,52.3,64.8,85.6,17.2,91.4,17.5,96.3,2793.2,28,36,36,36,76,112,447,2,2,Yes,No,No,No,No,No,No,No,No,No,Yes,No,No,No,No,No,No,No,No,No,No,No,No,No,No,No,No,Yes,No,No,No,No,No,No,No,Yes,No,No,35,45,35,51,53,46,0.693,5.04,3.408,3.328,12.192,2.024,0.664,3.408,3.2,1.072,1.264,1.648,1.064,1,1,0.84,1.824,1107,1532,3375,46,44,41,1.245,13,41,1.26,1.26,1.8,1.815,1.11,5.04,0.875,No,No,No,40.5,1.26,1.26,1.8,1.815,1.11,5.04,0.75,No,No,No,53,53,67,100,100,No,No,14727,23930,36,36,No,No,1299,631,1.1,1.3,2.4,0.386,10.723,41427,65665,0,0,0,0,0,0,28.6,30,31.7,84,0.905,12.17,12.166,12.171,12.173,0,0,12.101,5.977,10.54,11.246,4.212,0.711,7.524,7.603,210,50.6,1185,89.5,1290,4,13,0,0,9.9,0.2,0.8,0,0,0,0,0,0,Yes,No,No,No,No,Yes,No,5.8,7.5,0,0,0,0,0,0,0,0,0,9,0,0,0,0,0,0,0,0,0,0,0,0,0,0,0,0,0,0,0,0,11064,1218,955,67,2.5,0,0,0,16.5,11.7,62.8,1.9,11.2,85.65,530.52,15.93,1.42,44.64,46.06,0,1893,33,0.9,0.8,0,0,0,0,0,0
14.10.2025,14:04.1,22666,46751,32.6,17268,48052,26.4,0,1.28,1.319,1.304,1.304,1.294,1.252,1.272,1.267,1.287,1.277,1.262,1.262,1.262,1.251,4522.3,4888,4888,4888,4888,4888,4888,4888,4888,3790.7,3790.7,3790.7,3790.7,99.8,3591.2,232.8,513.8,36,415.2,26.4,166,25.4,163,26,512,472.1,80.6,25.6,942,19,59.4,46.7,472,266.5,242.1,146.9,237.1,5.2,11.6,0,9.5,2,2.9,1.2,3.5,0.5,2.4,11.3,0.5,0.5,21.1,0,0,2.4,13.9,8.2,7.7,4.9,21.1,5.2,100,7.1,14.8,1.1,12.4,0.8,4.8,0.7,6.6,0.8,14.6,14.9,2.8,0.7,27.8,1,2.7,1.3,13.7,8.1,7.6,5.1,7.1,45.3,49,49,49,49,49,49,49,49,38,38,38,38,36,45,44,43,46,44,46,43,42,44,46,46,46,46,55,56,57,54,56,54,57,58,56,54,54,54,54,47,46,No,No,No,No,No,No,No,No,No,No,No,No,No,No,No,No,No,No,No,No,No,No,No,No,No,No,No,No,No,No,No,No,No,No,No,No,No,No,No,No,No,No,54,54,44,0,0,0,0,0,0,0,1.25,23.789,26.895,17.904,7.491,0.499,150,175,32,2.4,1.2,5.5,11.6,0.8,9.2,0.6,3.7,0.5,3.5,0.5,11.1,10.3,1.7,0.5,20.4,0.4,1.3,1,13.5,7.7,6.9,4.3,17.1,59.8,16.5,6.3,2.8,57.7,2.8,54.7,1.4,1.5,0.6,0,1.5,30.3,0,0.4,0,0,1.5,0,0,0,84.4,91.3,92.8,93.4,63.5,25.9,71.5,88.3,92.3,17.6,94.7,22.2,95.9,2793.2,28,36,36,36,76,112,447,2,2,Yes,No,No,No,No,No,No,No,No,No,Yes,No,No,No,No,No,No,No,No,No,No,No,No,No,No,No,No,Yes,No,No,No,No,No,No,No,Yes,No,No,35,45,35,48,46,47,0.852,5.04,3.424,3.328,12.192,2.024,0.664,3.408,3.2,1.072,1.264,1.648,1.056,1,1,0.84,1.824,1133,1539,3409,46,44,41,1.24,16,41,1.26,1.26,1.8,1.815,1.11,5.04,0.875,No,No,No,40.5,1.26,1.26,1.8,1.815,1.11,5.04,0.875,No,No,No,53,53,67,100,100,No,No,14727,23930,36,36,No,No,1299,631,0,0.8,0.8,0.016,1.846,41427,65668,0,0,0,0,0,0,28.6,32,31.6,84,0.905,12.17,12.165,12.171,12.174,0,0,11.543,5.826,10.395,10.856,3.932,0.469,7.521,7.608,210,50.6,1185,67.3,1290,0,15,0,0,10,0.1,0.6,0,0,0,0,0,0,Yes,No,No,No,No,Yes,No,5.4,8.7,0,0,0,0,0,0,0,0,0,9,0,0,0,0,0,0,0,0,0,0,0,0,0,0,0,0,0,0,0,0,11052,1230,968,69,2.5,0,0,0,16.5,18.7,73.4,4.2,18.3,53.39,237.28,13.62,1.52,32.7,34.23,0,1893,33,7.8,5.3,0,0,0,0,0,0
14.10.2025,14:06.1,22657,46759,32.6,17272,48048,26.4,0,1.283,1.302,1.317,1.272,1.292,1.255,1.29,1.29,1.285,1.275,1.28,1.27,1.27,1.251,4514,4788.3,4888,4888,4888,4888,4888,4888,4888,3790.7,3790.7,3790.7,3790.7,99.8,3591.2,196,483.9,36,309.6,25.9,66.1,25.4,81.3,37.6,487.6,447.8,79.2,24.8,846.2,28.8,25.7,25.1,354.4,270.1,134.3,131.2,203.1,5.1,10.4,0,6.7,0,2.3,0,1.7,0.8,13.1,9.7,1.7,0.5,18.2,1.4,7.8,0,11.5,8.2,4,4,18.2,5.1,100,5.7,14.5,1.1,9.4,0.8,1.9,0.7,2.3,1.1,14.2,13.5,2.2,0.7,24.3,0.9,0.7,0.7,9.9,7.6,3.8,3.8,5.7,45.2,48,49,49,49,49,49,49,49,38,38,38,38,36,43,44,43,44,42,41,44,44,43,44,44,44,44,57,56,57,56,58,59,56,56,57,56,56,56,56,46,44,No,No,No,No,No,No,No,No,No,No,No,No,No,No,No,No,No,No,No,No,No,No,No,No,No,No,No,No,No,No,No,No,No,No,No,No,No,No,No,No,No,No,47,47,44,0,0,0,0,0,0,0,1.25,25.375,23.86,15.038,7.357,0.477,150,175,32,7.3,2.9,4.7,10.4,0.8,6.7,0.5,1.5,0.5,1.7,0.8,10.4,9.7,1.7,0.5,18.2,0.6,0.6,0.5,11.5,8.9,4.7,4,9.2,18.6,5.6,2.7,4.5,42.8,0,35.6,0,0,0,0,0.6,30.9,0,0,0,0,0,0,1.9,0,88,90.8,95.1,94.5,76.4,67.7,85.2,94.7,92.4,34,97.5,41,98.7,2793.2,28,36,36,36,76,112,447,2,2,Yes,No,No,No,No,No,No,No,No,No,Yes,No,No,No,No,No,No,No,No,No,No,No,No,No,No,No,No,Yes,No,No,No,No,No,No,No,Yes,No,No,35,45,35,48,47,47,1.012,5.04,3.424,3.328,12.192,2.024,0.664,3.408,3.2,1.072,1.264,1.648,1.064,1,1,0.84,1.824,1112,1461,3316,47,44,41,1.26,19,41,1.26,1.26,1.8,1.8,1.11,5.04,0.75,No,No,No,40.2,1.26,1.26,1.8,1.815,1.11,5.04,0.875,No,No,No,53,53,68,100,100,No,No,14727,23930,36,36,No,No,1299,631,0,0.1,0.1,0.016,0.361,41427,65669,0,0,0,0,0,0,28.6,30,31.6,84,0.905,12.171,12.167,12.171,12.174,0,0,9.989,5.754,10.544,10.723,3.701,0.185,7.527,7.599,210,50.6,1185,33.5,1290,0,10,0,0,10,0,0.1,0,0,0,0,0,0,Yes,No,No,No,No,Yes,No,5.4,8.1,0,0,0,0,0,0,0,0,0,9,0,0,0,0,0,0,0,0,0,0,0,0,0,0,0,0,0,0,0,0,11052,1230,968,69,2.5,0,0,0,16.5,12.6,59.6,0.6,12.4,79.67,1683.56,16.78,1.22,582.42,583.72,0,1893,33,0.2,0.3,0,0,0,0,0,0
14.10.2025,14:08.1,22634,46782,32.6,17250,48070,26.4,0,1.282,1.331,1.305,1.255,1.283,1.288,1.263,1.298,1.283,1.268,1.269,1.269,1.269,1.251,4522.3,4888,4888,4888,4888,4888,4888,4888,4888,3790.7,3790.7,3790.7,3790.7,99.8,3591.2,201.5,413.6,144,270.3,28.8,77.8,31.3,84,25,28.6,990.8,42.7,25,741.3,28.4,25.2,25.1,436.3,310.5,175.8,124.7,207.2,5.3,9,10.7,4.3,2.9,0.3,0.7,1.9,0.6,0,21.4,1,1.3,16.1,0,0.6,1.9,13.9,10.8,5.3,4,21.4,5.3,100,5.9,11.8,4.9,8.5,0.8,2.4,0.9,2.4,0.7,0.9,29,1.2,0.7,21.3,0.9,0.7,0.4,12.4,8.8,5,3.7,5.9,45.3,49,49,49,49,49,49,49,49,38,38,38,38,36,44,43,41,45,42,43,44,46,49,43,43,43,43,56,57,59,55,58,57,56,54,51,57,57,57,57,49,49,No,No,No,No,No,No,No,No,No,No,No,No,No,No,No,No,No,No,No,No,No,No,No,No,No,No,No,No,No,No,No,No,No,No,No,No,No,No,No,No,No,No,54,54,43,0,0,0,0,0,0,0,1.25,36.477,24.108,15.237,7.391,0.486,150,175,48,4.6,1.3,4.9,9,3.1,5.7,0.6,1.7,0.7,1.8,0.5,0.6,21.4,0.9,0.5,16,0.6,0.5,0.5,13.7,10,5.9,3.9,9.6,18.4,4.6,3.7,1,49.3,0,38.2,0,0,0,0,0,30.6,2.4,0,0,0,0,0,0,0,85.9,89.6,93.8,95.2,75.8,64.1,87.2,93.1,96.2,25.7,98.4,42.8,98.9,2793.2,28,36,36,36,76,112,447,2,2,Yes,No,No,No,No,No,No,No,No,No,Yes,No,No,No,No,No,No,No,No,No,No,No,No,No,No,No,No,Yes,No,No,No,No,No,No,No,Yes,No,No,35,45,35,49,48,46,1.234,5.04,3.424,3.328,12.192,2.024,0.664,3.408,3.2,1.072,1.264,1.648,1.056,1,1,0.84,1.824,1044,1439,3383,46,43,41,1.25,16,40.8,1.26,1.26,1.8,1.815,1.2,5.04,0.75,No,No,No,40.2,1.26,1.26,1.8,1.815,1.155,5.04,0.75,No,No,No,53,53,66,100,100,No,No,14727,23930,36,36,No,No,1299,631,0.3,0.3,0.6,0.626,0.734,41429,65670,0,0,0,0,0,0,28.7,32,31.7,84,0.905,12.169,12.163,12.17,12.173,0,0,10.059,5.748,10.32,10.661,3.774,0.346,7.524,7.611,210,50.6,1185,38.4,1290,0,43,0,0,10,0,0.2,0,0,0,0,0,0,Yes,No,No,No,No,Yes,No,6.1,8.2,0,0,0,0,0,0,0,0,0,9,0,0,0,0,0,0,0,0,0,0,0,0,0,0,0,0,0,0,0,0,11052,1230,968,69,2.5,0,0,0,16.5,9.3,60.9,0.5,9.3,107.24,1907.6,16.42,1.54,502.64,503.91,0,1893,33,0.4,1.8,0,0,0,0,0,0
14.10.2025,14:10.1,22630,46786,32.6,17246,48074,26.4,0,1.276,1.313,1.328,1.259,1.259,1.239,1.274,1.254,1.295,1.285,1.27,1.27,1.27,1.251,4522.3,4888,4888,4888,4888,4888,4888,4888,4888,3790.7,3790.7,3790.7,3790.7,99.8,3591.2,217,344,218.1,310.7,25.9,99.2,25.2,123.2,36,32.2,1158.6,34.4,25.2,674.7,28.4,54.7,26.8,448,345.1,164.5,164.6,222.8,5.7,7.4,4.6,8,0.5,2.1,0.5,2.5,0.7,7.1,24.7,1.5,0,14.8,1.3,1.1,0,14.7,11.1,6.1,5,24.7,5.7,100,6.2,9.9,6.2,8.8,0.8,2.8,0.7,3.5,1,1.1,32.9,1,0.7,19.2,0.9,1.5,1.1,12.7,9.7,4.6,4.8,6.2,45.3,49,49,49,49,49,49,49,49,38,38,38,38,36,44,43,43,44,42,46,43,46,43,43,43,43,43,56,57,57,56,58,54,57,54,57,57,57,57,57,46,46,No,No,No,No,No,No,No,No,No,No,No,No,No,No,No,No,No,No,No,No,No,No,No,No,No,No,No,No,No,No,No,No,No,No,No,No,No,No,No,No,No,No,50,50,43,0,0,0,0,0,0,0,1.25,28.547,24.944,16.066,7.397,0.487,150,175,40,3.9,1.9,5.3,7.5,4.6,6.6,0.5,2.1,0.5,2.6,0.8,0.7,24.7,0.7,0.5,14.9,0.6,1.1,0.6,15.3,11.8,5.4,5.1,9.6,11.8,5.4,0.2,0,38.2,0,58.7,0,0,0,0,0.7,30.2,2.9,0,0,0,0,0,0,0,84.1,87.9,94.4,93.3,75.6,71.2,86.2,96.6,96.3,33.9,98.5,23.9,98,2793.2,28,36,36,36,76,112,447,2,2,Yes,No,No,No,No,No,No,No,No,No,Yes,No,No,No,No,No,No,No,No,No,No,No,No,No,No,No,No,Yes,No,No,No,No,No,No,No,Yes,No,No,35,45,35,49,47,46,1.092,5.04,3.424,3.328,12.192,2.024,0.672,3.408,3.2,1.072,1.264,1.648,1.064,1,1,0.84,1.824,1045,1428,3375,46,43,41,1.27,14,40.8,1.26,1.26,1.8,1.815,1.155,5.04,0.875,No,No,No,40.2,1.26,1.26,1.8,1.815,1.155,5.04,0.75,No,No,No,53,53,67,100,100,No,No,14727,23930,36,36,No,No,1299,631,0,0.1,0.1,0.035,0.348,41429,65671,0,0,0,0,0,0,28.6,32,31.8,84,0.905,12.166,12.16,12.167,12.172,0,0,10.524,5.706,10.068,10.5,3.798,0.442,7.527,7.607,210,50.6,1185,37.6,1290,0,7,0,0,10,0,0.1,0,0,0,0,0,0,Yes,No,No,No,No,Yes,No,5.4,8.2,0,0,0,0,0,0,0,0,0,9,0,0,0,0,0,0,0,0,0,0,0,0,0,0,0,0,0,0,0,0,11052,1230,968,69,2.5,0,0,0,16.5,7.9,62,0.9,7.9,127.35,1128.44,16.14,1.69,281.88,283.72,0,1893,33,0.6,0.7,0,0,0,0,0,0
14.10.2025,14:12.1,22561,46856,32.5,17176,48144,26.2,0,1.284,1.323,1.276,1.301,1.276,1.266,1.296,1.281,1.294,1.274,1.284,1.269,1.269,1.251,4522.3,4888,4888,4888,4888,4888,4888,4888,4888,3790.7,3790.7,3790.7,3790.7,99.8,3591.2,263.2,510.8,119.8,305.7,50.6,103.6,99.1,67,54.1,693.4,483.2,82.2,79.2,837.5,130,80.7,31.3,520.3,420.1,331.2,264.5,259.4,6,11.1,0,6.6,0,2.3,0,1.4,0,6.7,10.4,1.7,1.7,18,1.9,1.7,0.7,18,14.7,12.3,10,18,6,100,7.5,14.6,3.4,8.8,1.5,3,2.8,1.9,1.5,19.7,13.8,2.3,2.2,23.8,3.8,2.3,0.9,14.6,11.8,9.3,7.5,7.5,45.3,49,49,49,49,49,49,49,49,38,38,38,38,36,43,44,40,44,42,42,43,45,43,43,45,45,45,57,56,60,56,58,58,57,55,57,57,55,55,55,46,45,No,No,No,No,No,No,No,No,No,No,No,No,No,No,No,No,No,No,No,No,No,No,No,No,No,No,No,No,No,No,No,No,No,No,No,No,No,No,No,No,No,No,51,51,43,0,0,0,0,0,0,0,1.25,31.719,25.841,16.912,7.44,0.497,150,175,48,4.6,2.1,6.7,11,2.6,6.6,1.1,2.2,2.1,1.4,1.1,14.7,10.3,1.7,1.7,18,2.7,1.7,0.7,18,14.6,12.3,9.9,9,19.2,2.6,0,0.8,50.8,0,34.3,0,0,0,0,0,29.1,0,0,0,0,3.5,0,2.1,0,81.5,85,87.5,89.2,75.7,66.6,88.7,95.8,96.5,21.2,96.6,42.4,97.6,2793.2,28,36,36,36,76,112,447,2,2,Yes,No,No,No,No,No,No,No,No,No,Yes,No,No,No,No,No,No,No,No,No,No,No,No,No,No,No,No,Yes,No,No,No,No,No,No,No,Yes,No,No,35,45,35,47,47,47,0.773,5.04,3.424,3.328,12.192,2.024,0.672,3.408,3.2,1.072,1.264,1.648,1.056,1,1,0.832,1.824,1056,1430,3400,46,43,41,1.285,17,40.8,1.26,1.26,1.8,1.815,1.155,5.04,0.75,No,No,No,40.2,1.26,1.26,1.8,1.815,1.155,5.04,1,No,No,No,53,53,68,100,100,No,No,14727,23930,36,36,No,No,1299,631,0,0.2,0.2,0.008,1.019,41429,65673,0,0,0,0,0,0,28.6,30,31.7,84,0.905,12.167,12.161,12.169,12.172,0,0,10.076,5.788,10.127,10.709,3.956,0.584,7.527,7.617,210,50.6,1185,35.4,1290,0,26,0,0,10,0,0.1,0,0,0,0,0,0,Yes,No,No,No,No,Yes,No,5.4,8.3,0,0,0,0,0,0,0,0,0,9,0,0,0,0,0,0,0,0,0,0,0,0,0,0,0,0,0,0,0,0,11052,1230,968,69,2.5,0,0,0,16.5,6.5,65.9,0.5,6.5,154.4,1944.71,15.17,1.43,670.62,671.88,0,1893,33,0.7,3.1,0,0,0,0,0,0
14.10.2025,14:14.1,22552,46865,32.4,17166,48154,26.2,0,1.274,1.277,1.316,1.271,1.276,1.257,1.272,1.272,1.272,1.267,1.267,1.267,1.267,1.251,4522.3,4888,4888,4888,4888,4888,4888,4888,4888,3790.7,3790.7,3790.7,3790.7,99.8,3591.2,182.2,458.3,36.8,402,26,63,32.9,28.8,24.8,671.7,204.4,66.6,25,712.8,30.4,25,24.8,350.3,222.2,115,122.7,189.2,5.4,10,3.8,8.6,7.7,2.1,1.4,0.6,5.6,22.8,0,0.6,0,15.4,2.1,0.5,0.5,12.1,7.6,3,4.3,22.8,5.4,100,5.2,13.2,1.1,11.5,0.8,1.8,0.9,0.8,0.7,19.1,5.9,1.9,0.7,20.3,1,0.7,0.7,9.9,6.2,3.2,3.6,5.2,45.3,49,49,49,49,49,49,49,49,38,38,38,38,36,43,42,41,44,41,41,41,44,41,44,44,44,44,57,58,59,56,59,59,59,56,59,56,56,56,56,47,44,No,No,No,No,No,No,No,No,No,No,No,No,No,No,No,No,No,No,No,No,No,No,No,No,No,No,No,No,No,No,No,No,No,No,No,No,No,No,No,No,No,No,47,47,43,0,0,0,0,0,0,0,1.25,25.375,22.833,14.049,7.317,0.479,150,175,32,4.3,2.2,4.4,10,0.9,8.6,0.5,1.4,0.7,0.6,0.5,14.5,4.5,1.4,0.5,15.4,0.6,0.5,0.5,11.3,6.9,3.8,4.4,9.8,20.1,2.9,0.3,0,58.9,0,33.7,0,0,0,0,1.8,31,0,0,0,0,1.6,0,0,0,88.3,92.8,96,93,76.6,66.6,86.5,97.1,98.8,18.8,97.9,48,98.9,2793.2,28,36,36,36,76,112,447,2,2,Yes,No,No,No,No,No,No,No,No,No,Yes,No,No,No,No,No,No,No,No,No,No,No,No,No,No,No,No,Yes,No,No,No,No,No,No,No,Yes,No,No,35,45,35,47,47,47,0.861,5.04,3.424,3.328,12.192,2.024,0.672,3.424,3.2,1.072,1.264,1.664,1.064,1,1,0.84,1.824,1044,1397,3316,46,43,41,1.26,18,40.8,1.26,1.26,1.8,1.815,1.155,5.04,0.75,No,No,No,40.2,1.26,1.26,1.8,1.815,1.155,5.04,0.75,No,No,No,53,53,68,100,100,No,No,14727,23930,36,36,No,No,1299,631,0,0.1,0.1,0.008,0.658,41429,65674,0,0,0,0,0,0,28.7,30,31.7,84,0.905,12.167,12.161,12.169,12.173,0,0,9.87,5.808,10.692,10.867,3.749,0.187,7.524,7.637,210,50.6,1185,35,1290,0,27,0,0,10,0,0.1,0,0,0,0,0,0,Yes,No,No,No,No,Yes,No,5.4,8.5,0,0,0,0,0,0,0,0,0,9,0,0,0,0,0,0,0,0,0,0,0,0,0,0,0,0,0,0,0,0,11052,1230,968,69,2.5,0,0,0,16.5,5.6,64.8,0.5,5.7,177.15,1907.55,15.43,1.52,502.38,503.76,0,1893,33,0.5,0.2,0,0,0,0,0,0
14.10.2025,14:16.1,22542,46874,32.4,17159,48161,26.2,0,1.281,1.322,1.286,1.261,1.252,1.277,1.282,1.282,1.287,1.277,1.277,1.277,1.289,1.251,4522.3,4888,4888,4888,4888,4888,4888,4888,4888,3790.7,3790.7,3790.7,3790.7,99.8,3591.2,183.9,303.6,47,271.3,25.3,76.2,25,51.6,24.9,1272.2,31.1,49,25,609.6,88.1,25,24.9,315.3,152.2,127.3,133.5,189.8,4.9,6.6,2.7,5.9,1.3,1.7,5,1.1,0.5,26.9,0,1,2.1,13.1,4.9,0.5,0.5,10.3,4.7,5.3,4.5,26.9,4.9,100,5.3,8.7,1.4,7.7,0.7,2.2,0.7,1.5,0.7,36.1,1.1,1.4,0.7,17.4,2.6,0.7,0.7,8.9,4.3,3.6,3.9,5.3,45.3,49,49,49,49,49,49,49,49,38,38,38,38,36,43,42,40,44,42,43,41,43,42,44,44,44,44,57,58,60,56,58,57,59,57,58,56,56,56,56,44,44,No,No,No,No,No,No,No,No,No,No,No,No,No,No,No,No,No,No,No,No,No,No,No,No,No,No,No,No,No,No,No,No,No,No,No,No,No,No,No,No,No,No,61,61,43,0,0,0,0,0,0,0,1.25,50.751,22.872,14.11,7.295,0.479,150,175,72,4.3,2.3,4.3,6.5,1.2,5.9,0.5,1.7,0.5,1.1,0.5,26.9,0.6,1,0.5,13.2,1.9,0.5,0.5,10.2,4.6,3.9,4.5,7.9,5.8,0.5,0,0,51.5,0,36.5,0,0,0,0,0.7,31.2,0,0,0,0,0,0,0,0,89.3,95.2,95.9,94,79.2,84.5,91.7,97.3,98.2,19.2,98.2,45.6,98.9,2793.2,28,36,36,36,76,112,447,2,2,Yes,No,No,No,No,No,No,No,No,No,Yes,No,No,No,No,No,No,No,No,No,No,No,No,No,No,No,No,Yes,No,No,No,No,No,No,No,Yes,No,No,35,44,35,51,46,45,1.172,5.08,3.424,3.328,12.192,2.024,0.672,3.424,3.2,1.072,1.264,1.648,1.064,1,1,0.832,1.824,1015,1388,3308,47,43,41,1.28,34,40.8,1.26,1.26,1.8,1.815,1.155,5.04,0.875,No,No,No,40.2,1.26,1.26,1.8,1.815,1.155,5.04,1,No,No,No,54,54,68,100,100,No,No,14727,23930,36,36,No,No,1299,631,0,0.1,0.1,0.008,0.509,41429,65675,0,0,0,0,0,0,28.7,30,31.7,84,0.905,12.167,12.159,12.169,12.172,0,0,9.915,5.843,10.758,10.964,3.798,0.211,7.53,7.638,210,50.6,1185,35.3,1290,0,32,0,0,10,0,0.1,0,0,0,0,0,0,Yes,No,No,No,No,Yes,No,5.5,8.6,0,0,0,0,0,0,0,0,0,9,0,0,0,0,0,0,0,0,0,0,0,0,0,0,0,0,0,0,0,0,11052,1230,968,69,2.5,0,0,0,16.5,5,60,0.5,5.1,198.19,1891.19,16.66,2.03,497.97,500.03,0,1893,33,0.2,0.2,0,0,0,0,0,0
14.10.2025,14:18.1,22547,46869,32.4,17163,48157,26.2,0,1.295,1.307,1.328,1.328,1.289,1.289,1.304,1.284,1.304,1.289,1.274,1.274,1.278,1.251,4447.5,4788.3,4888,4888,4888,4888,4888,4888,4888,3591.2,3591.2,3591.2,3591.2,99.8,3591.2,356.9,557.2,43.8,591,27.6,312.1,26.9,243.2,26.6,1735.4,73,309.7,30.4,1530.3,185.6,257.6,26.9,444.4,295.3,214.2,206.9,373.2,8.7,12.1,0,12.9,0.6,7.6,0.6,6,2.1,36.8,7.9,7.4,0,32.6,4.6,5.5,0.6,14.4,8.9,6.2,6.5,36.8,8.7,100,10.2,16,1.4,16.8,0.9,9,0.8,7,0.8,49.2,2.4,8.8,1,43.6,5.7,7.4,0.8,12.5,8.3,6.1,5.9,10.2,44.6,48,49,49,49,49,49,49,49,36,36,36,36,36,45,44,40,43,44,43,43,44,43,48,48,48,48,55,56,60,57,56,57,57,56,57,52,52,52,52,47,48,No,No,No,No,No,No,No,No,No,No,No,No,No,No,No,No,No,No,No,No,No,No,No,No,No,No,No,No,No,No,No,No,No,No,No,No,No,No,No,No,No,No,51,51,43,0,0,0,0,0,0,0,1.25,36.477,33.911,24.971,7.46,0.495,150,175,56,6.9,2.9,8.2,12.1,1,12.8,0.6,6.8,0.6,5.3,0.6,36.6,1.5,6.6,0.7,32.3,3.9,5.5,0.6,14.3,8.9,6.9,6.5,10.5,20.7,10.6,14.2,6.4,41.6,3.6,28.6,0.5,0,0,0,0.1,30.5,0,0.3,0,0,1.9,0,2.4,0.9,84.9,90.7,92.7,92.4,66.4,64.1,74,77,86.8,17.2,88.6,31.5,92.1,2793.2,28,36,36,36,76,112,447,2,2,Yes,No,No,No,No,No,No,No,No,No,Yes,No,No,No,No,No,No,No,No,No,No,No,No,No,No,No,No,Yes,No,No,No,No,No,No,No,Yes,No,No,35,44,35,49,48,47,1.19,5.08,3.424,3.328,12.192,2.024,0.672,3.424,3.2,1.072,1.264,1.664,1.064,1,1,0.832,1.824,1015,1387,3400,47,43,40,1.225,21,40.8,1.26,1.26,1.8,1.815,1.155,5.04,1.875,No,No,No,40.2,1.26,1.26,1.8,1.815,1.155,5.04,1.375,No,No,No,54,54,68,100,100,No,No,14727,23930,36,36,No,No,1299,631,0,0.1,0.2,0.016,0.669,41429,65676,0,0,0,0,0,0,28.7,30,31.8,84,0.905,12.168,12.162,12.17,12.173,0,0,10.204,5.839,10.653,10.941,3.835,0.289,7.524,7.634,210,50.6,1185,39,1290,0,23,0,0,10,0,0.1,0,0,0,0,0,0,Yes,No,No,No,No,Yes,No,5.5,8.5,0,0,0,0,0,0,0,0,0,9,0,0,0,0,0,0,0,0,0,0,0,0,0,0,0,0,0,0,0,0,11052,1230,968,69,2.5,0,0,0,16.5,4.6,212.8,0.5,4.6,218.16,1921,4.7,1.6,502.61,504.4,0,1893,33,22.9,7.5,0,0,0,0,0,0
14.10.2025,14:20.1,22535,46881,32.4,17148,48172,26.2,0,1.283,1.299,1.316,1.316,1.299,1.289,1.279,1.279,1.279,1.269,1.201,1.286,1.286,1.251,4522.3,4888,4888,4888,4888,4888,4888,4888,4888,3790.7,3790.7,3790.7,3790.7,99.8,3591.2,325.6,295,101.7,324,34.1,152.8,49.9,129.6,38.3,979.4,129.6,52.7,37.8,828.4,94.2,99.6,25.6,869.3,829.7,763.3,676.3,281.8,8.8,6.4,6.4,6.1,0,2.3,1.5,2.5,0,20.8,0,0.8,4.9,17.6,0.1,2.6,1,28.1,27,25.3,21.8,28.1,8.8,100,9.3,8.5,2.9,9.4,1,4.4,1.6,3.7,1.1,27.9,3.8,1.5,1.1,23.6,2.8,2.8,0.7,24.5,23.3,21.5,19.2,9.3,45.3,49,49,49,49,49,49,49,49,38,38,38,38,36,43,42,40,43,41,47,42,41,42,44,45,45,45,57,58,60,57,59,53,58,59,58,56,55,55,55,47,47,No,No,No,No,No,No,No,No,No,No,No,No,No,No,No,No,No,No,No,No,No,No,No,No,No,No,No,No,No,No,No,No,No,No,No,No,No,No,No,No,No,No,44,44,43,0,0,0,0,0,0,0,1.25,34.891,27.782,18.696,7.577,0.513,150,175,48,2.9,1.2,8.7,6.6,2.3,7.1,0.7,3.4,1.1,2.8,0.8,21.1,2.7,1.1,0.8,17.9,2,2.1,0.5,28,27.1,24.7,21.9,10.5,18.8,2.3,6.6,1.1,56.7,0,39.4,0,0,0,0,1.5,25,0,0,2.9,0,0.5,0,2.3,0,71.2,72.4,74.9,75.7,73.8,71.1,88.3,84.8,94.8,18.9,97.6,37.4,97.1,2793.2,28,36,36,36,76,112,447,2,2,Yes,No,No,No,No,No,No,No,No,No,Yes,No,No,No,No,No,No,No,No,No,No,No,No,No,No,No,No,Yes,No,No,No,No,No,No,No,Yes,No,No,35,44,35,47,45,46,0.932,5.08,3.424,3.328,12.192,2.024,0.672,3.424,3.2,1.072,1.264,1.648,1.064,1,1,0.832,1.824,1022,1380,3316,46,43,41,1.23,19,40.8,1.26,1.26,1.8,1.815,1.17,5.04,0.875,No,No,No,40.2,1.26,1.26,1.8,1.815,1.17,5.04,1.25,No,No,No,54,54,69,100,100,No,No,14727,23930,36,36,No,No,1299,631,0,0.1,0.2,0.066,0.847,41429,65678,0,0,0,0,0,0,28.7,32,31.8,84,0.905,12.168,12.161,12.17,12.173,0,0,10.467,5.73,10.47,10.636,3.652,0.173,7.535,7.64,210,50.6,1185,38.6,1290,0,25,0,0,10,0,0.1,0,0,0,0,0,0,Yes,No,No,No,No,Yes,No,5.3,8.5,0,0,0,0,0,0,0,0,0,9,0,0,0,0,0,0,0,0,0,0,0,0,0,0,0,0,0,0,0,0,11052,1230,968,69,2.5,0,0,0,16.5,4.3,260.5,0.7,4.3,233.07,1502.58,3.84,1.38,398.69,400.06,0,1894,33,250.9,17,0,0,0,0,0,0
14.10.2025,14:22.1,22532,46884,32.4,17145,48175,26.2,0,1.267,1.325,1.252,1.272,1.272,1.252,1.242,1.242,1.257,1.275,1.275,1.26,1.28,1.251,4497.3,4788.3,4888,4888,4888,4888,4788.3,4788.3,4888,3790.7,3790.7,3790.7,3790.7,99.8,3591.2,206.4,361.7,88.1,307.4,26.3,40.2,67.8,91.9,25.4,700.3,137.2,25.1,24.9,766,27.9,24.9,37.6,451.8,391.3,308.3,224.3,199.8,5.3,8.1,2.3,7.7,3.1,1.9,1,3,0,3.4,13.9,0.1,0,16.7,0,0.1,0.3,14.3,12.2,9.7,7.3,16.7,5.3,100,5.9,10.4,2.6,8.9,0.8,1.2,2,2.6,0.7,20.1,4,0.7,0.7,21.8,0.9,0.7,1.1,12.8,11.1,8.7,6.5,5.9,45.1,48,49,49,49,49,48,48,49,38,38,38,38,36,42,42,40,44,42,45,43,44,41,42,42,42,42,58,58,60,56,58,55,57,56,59,58,58,58,58,44,45,No,No,No,No,No,No,No,No,No,No,No,No,No,No,No,No,No,No,No,No,No,No,No,No,No,No,No,No,No,No,No,No,No,No,No,No,No,No,No,No,No,No,49,49,43,0,0,0,0,0,0,0,1.25,33.305,23.468,14.618,7.371,0.486,150,175,40,5.1,1.5,5.2,7.8,2,6.6,0.5,0.9,1.4,1.9,0.5,15.1,3,0.5,0.5,16.5,0.6,0.5,0.8,14.6,12.4,10,7,9.2,5.6,1.6,1.8,0,62.6,0,38.5,0,0,0,0,0.6,29.5,0,0,0,0,0,0,0,0,84.9,87.3,89.7,91.5,77.7,82.4,89.6,95.3,97.2,17.5,98.9,42.1,98.5,2793.2,28,36,36,36,76,112,447,2,2,Yes,No,No,No,No,No,No,No,No,No,Yes,No,No,No,No,No,No,No,No,No,No,No,No,No,No,No,No,Yes,No,No,No,No,No,No,No,Yes,No,No,35,44,35,46,45,46,1.101,5.08,3.424,3.328,12.192,2.024,0.68,3.424,3.2,1.072,1.264,1.664,1.064,1,1,0.832,1.824,1009,1362,3308,47,43,40,1.265,25,40.8,1.26,1.26,1.8,1.815,1.17,5.04,0.875,No,No,No,40.2,1.26,1.26,1.8,1.815,1.17,5.04,0.75,No,No,No,54,54,69,100,100,No,No,14727,23930,36,36,No,No,1299,631,0,0,0,0,0.277,41429,65678,0,0,0,0,0,0,28.7,32,31.8,84,0.905,12.169,12.162,12.171,12.173,0,0,10.158,5.833,10.607,10.905,3.835,0.308,7.539,7.64,210,50.6,1185,36.8,1290,0,21,0,0,10,0,0.1,0,0,0,0,0,0,Yes,No,No,No,No,Yes,No,5.5,8.4,0,0,0,0,0,0,0,0,0,9,0,0,0,0,0,0,0,0,0,0,0,0,0,0,0,0,0,0,0,0,11052,1230,968,69,2.5,0,0,0,16.5,4,61.7,0.5,4,250.77,1905.11,16.21,1.42,502.58,503.88,0,1894,33,17.4,0.4,0,0,0,0,0,0
14.10.2025,14:24.1,22527,46889,32.4,17142,48178,26.2,0,1.276,1.307,1.311,1.291,1.266,1.251,1.279,1.284,1.279,1.269,1.269,1.254,1.254,1.251,4514,4788.3,4888,4888,4888,4888,4888,4888,4888,3790.7,3790.7,3790.7,3790.7,99.8,4389.3,191.8,30.4,578.4,167.2,53.1,47,34.6,53.2,25.1,27.9,865.1,80.1,29.4,803.4,46.2,26.5,37.6,80.8,465.3,231.6,152,191.8,5.5,0.7,12.3,3.6,0,1,0.7,0,10.3,1.3,18.7,1.6,8.4,17.3,1.7,0.5,0.8,2.6,16.3,7.5,5,18.7,5.5,100,5.5,0.9,16.4,4.8,1.5,1.4,1,1.5,0.7,0.9,24.7,2.2,0.8,23,1.4,0.8,1.1,2.3,13.1,6.5,4.4,5.5,45.2,48,49,49,49,49,49,49,49,38,38,38,38,44,43,40,41,48,40,42,40,45,42,44,44,44,44,57,60,59,52,60,58,60,55,58,56,56,56,56,46,48,No,No,No,No,No,No,No,No,No,No,No,No,No,No,No,No,No,No,No,No,No,No,No,No,No,No,No,No,No,No,No,No,No,No,No,No,No,No,No,No,No,No,45,44,43,0,0,0,0,0,0,0,1.25,23.789,23.5,14.714,7.318,0.48,150,175,40,6.7,2.4,4.7,0.7,12.3,3.6,1.1,1.1,0.8,1.1,0.5,0.6,18.7,1.7,0.6,17.3,1,0.6,0.8,2.7,15.7,7.5,5.1,8.9,6,2.7,2.5,0.3,44.2,0,50.1,0,0,0,0,1.2,30.5,0,0,0,0,0,0,0,0,97.1,83.8,92.2,92.9,77.8,78.7,91.4,95.1,97.8,33.9,97.5,29.3,98.3,2793.2,28,36,36,36,76,112,447,2,2,Yes,No,No,No,No,No,No,No,No,No,Yes,No,No,No,No,No,No,No,No,No,No,No,No,No,No,No,No,Yes,No,No,No,No,No,No,No,Yes,No,No,35,44,35,46,46,47,0.915,5.08,3.424,3.328,12.192,2.024,0.68,3.424,3.2,1.072,1.264,1.664,1.064,1,1,0.832,1.824,989,1352,3325,46,43,40,1.28,22,40.8,1.26,1.26,1.8,1.815,1.17,5.04,0.75,No,No,No,40.2,1.26,1.26,1.8,1.815,1.17,5.04,0.75,No,No,No,54,54,69,100,100,No,No,14727,23930,36,36,No,No,1299,631,0,0.4,0.4,0,1.562,41429,65681,0,0,0,0,0,0,28.7,32,31.8,84,0.905,12.169,12.162,12.171,12.173,0,0,10.918,5.807,10.611,10.832,3.762,0.224,7.583,7.641,210,50.6,1185,42.4,1290,0,19,0,0,10,0,0.1,0,0,0,0,0,0,Yes,No,No,No,No,Yes,No,5.4,8,0,0,0,0,0,0,0,0,0,9,0,0,0,0,0,0,0,0,0,0,0,0,0,0,0,0,0,0,0,0,11052,1230,968,68,2.5,0,0,0,16.5,3.7,60.4,0.5,3.7,271.3,1913.09,16.55,2.03,659.72,661.69,0,1894,33,3.7,5,0,0,0,0,0,0
14.10.2025,14:26.1,22528,46888,32.4,17140,48180,26.2,0,1.267,1.317,1.29,1.27,1.3,1.275,1.28,1.279,1.279,1.274,1.149,1.289,1.201,1.251,4489,4888,4888,4888,4888,4888,4888,4888,4888,3591.2,3591.2,3790.7,3790.7,99.8,3591.2,186.3,53.3,479.6,210.4,52.6,86,25.5,47.8,24.8,270.2,676.6,70.8,25.3,864.2,29,25.1,48.4,44.9,339.6,217.9,134.2,187.5,4.6,1.3,10.3,3.8,6.9,1.2,0.6,1.1,0.6,3.7,14.6,1.5,0.6,18.5,3.6,0.6,1.1,0.8,10.4,7.5,4.1,18.5,4.6,100,5.3,1.6,13.7,6.1,1.5,2.5,0.7,1.4,0.7,7.8,19.3,2,0.7,24.7,0.9,0.7,1.4,1.3,9.5,6,3.8,5.3,45,49,49,49,49,49,49,49,49,36,36,38,38,36,42,42,40,43,40,42,40,44,41,43,43,43,43,58,58,60,57,60,58,60,56,59,57,57,57,57,50,44,No,No,No,No,No,No,No,No,No,No,No,No,No,No,No,No,No,No,No,No,No,No,No,No,No,No,No,No,No,No,No,No,No,No,No,No,No,No,No,No,No,No,46,46,43,0,0,0,0,0,0,0,1.25,47.579,22.987,14.221,7.296,0.479,150,175,64,6.2,2.3,4.3,1.2,10.2,4.5,1.1,1.9,0.5,1,0.5,5.9,14.6,1.5,0.5,18.4,0.6,0.5,1,1.5,10.3,6.8,4.2,7.8,9.8,1.8,0.8,0,49.9,0,29.4,0,0,0,0,1.9,31.2,0,0,0,0,0,0,0,0,98.4,89.2,93,93.1,79.3,76.7,91.5,96.2,98.3,27.1,97.8,48.7,98.1,2793.2,28,36,36,36,76,112,447,2,2,Yes,No,No,No,No,No,No,No,No,No,Yes,No,No,No,No,No,No,No,No,No,No,No,No,No,No,No,No,Yes,No,No,No,No,No,No,No,Yes,No,No,35,44,35,45,45,47,1.003,5.08,3.424,3.328,12.192,2.024,0.68,3.424,3.2,1.072,1.264,1.664,1.064,1,1,0.832,1.824,1008,1350,3349,47,43,40,1.24,25,40.8,1.26,1.26,1.8,1.815,1.17,5.04,0.875,No,No,No,40.2,1.26,1.26,1.8,1.815,1.17,5.04,0.75,No,No,No,54,54,69,100,100,No,No,14727,23930,36,36,No,No,1299,631,0,0,0,0,0.304,41429,65682,0,0,0,0,0,0,28.7,32,31.8,84,0.905,12.165,12.156,12.168,12.172,0,0,10.022,5.781,10.391,10.732,3.81,0.347,7.532,7.658,210,50.6,1185,38.5,1290,0,28,0,0,10,0,0.1,0,0,0,0,0,0,Yes,No,No,No,No,Yes,No,5.4,8.1,0,0,0,0,0,0,0,0,0,9,0,0,0,0,0,0,0,0,0,0,0,0,0,0,0,0,0,0,0,0,11052,1230,968,68,2.5,0,0,0,16.5,3.5,296.2,0.5,3.5,286.26,1903.09,3.38,1.27,498.25,499.72,0,1894,33,0.4,0.4,0,0,0,0,0,0
14.10.2025,14:28.1,22527,46889,32.4,17145,48175,26.2,0,1.258,1.298,1.275,1.25,1.27,1.26,1.281,1.276,1.281,1.271,1.286,1.202,1.147,1.251,4497.3,4788.3,4888,4888,4888,4888,4888,4888,4888,3790.7,3790.7,3790.7,3591.2,99.8,3591.2,254.9,27.8,348.2,231.5,25.2,96.9,29.8,53.9,25.1,29.4,869.6,26.9,24.9,544.9,26.6,25.1,24.9,451.5,891.3,761,583.2,208.5,8.3,0.6,7.6,5.7,3.5,2.9,0.6,0,0.5,12.1,18.8,1.3,0,11.9,3.5,0,0.5,17.5,31.1,27,21.1,31.1,8.3,100,7.3,0.8,10.4,7,0.7,2.8,0.8,1.5,0.7,1,24.9,0.8,0.7,15.7,0.8,0.7,0.7,12.7,25.1,21.4,16.6,7.3,45.1,48,49,49,49,49,49,49,49,38,38,38,36,36,43,42,40,41,41,39,42,40,43,46,46,46,47,57,58,60,59,59,61,58,60,57,54,54,54,53,46,47,No,No,No,No,No,No,No,No,No,No,No,No,No,No,No,No,No,No,No,No,No,No,No,No,No,No,No,No,No,No,No,No,No,No,No,No,No,No,No,No,No,No,46,46,43,0,0,0,0,0,0,0,1.25,38.063,24.743,15.844,7.414,0.49,150,175,48,3.5,0.8,7.3,0.7,7.6,5,0.5,2.2,0.6,1.1,0.5,0.6,18.7,0.6,0.5,12,0.6,0.5,0.5,16.2,30.9,26.8,20.8,9.5,16,6.1,4.3,0,33.5,0,52.3,0,0,0,0,1.2,25.3,0,0,0,0,1.6,0,0,0,83.5,68.5,72.8,77.2,78,73.4,86.6,92.1,98.1,43,98.8,33.2,98.9,2793.2,28,36,36,36,76,112,447,2,2,Yes,No,No,No,No,No,No,No,No,No,Yes,No,No,No,No,No,No,No,No,No,No,No,No,No,No,No,No,Yes,No,No,No,No,No,No,No,Yes,No,No,35,44,35,48,46,47,1.19,5.08,3.424,3.328,12.192,2.024,0.68,3.424,3.2,1.072,1.264,1.648,1.064,1,1,0.832,1.824,1028,1347,3308,46,43,40,1.245,19,40.8,1.26,1.26,1.8,1.815,1.17,5.04,0.75,No,No,No,40.2,1.26,1.26,1.8,1.815,1.17,5.04,1.125,No,No,No,54,54,69,100,100,No,No,14727,23930,36,36,No,No,1299,631,0,1,1,0,8.012,41429,65697,0,0,0,0,0,0,28.8,30,31.8,84,0.905,12.166,12.158,12.168,12.173,0,0,9.943,5.704,10.067,10.477,3.773,0.419,7.532,7.659,210,50.6,1185,39.2,1290,0,28,0,0,10,0,0.1,0,0,0,0,0,0,Yes,No,No,No,No,Yes,No,5.2,8,0,0,0,0,0,0,0,0,0,9,0,0,0,0,0,0,0,0,0,0,0,0,0,0,0,0,0,0,0,0,11052,1230,968,68,2.5,0,0,0,16.5,3.3,194.7,0.5,3.4,300.28,1902.52,5.13,1.3,498.88,500.15,0,1894,33,0.3,0.2,0,0,0,0,0,0
14.10.2025,14:30.1,22538,46879,32.4,17158,48163,26.2,0,1.288,1.313,1.323,1.318,1.295,1.255,1.305,1.3,1.315,1.29,1.152,1.297,1.288,1.251,4489,4888,4888,4888,4888,4888,4888,4888,4888,3591.2,3591.2,3790.7,3790.7,99.8,3591.2,351.7,43.9,231,250.6,25.5,123.4,25.2,57.9,25.1,28.8,646.3,14.2,25.6,605.5,149.7,31,25.1,717.2,1434.7,1295.1,1278.9,247.8,11.7,1,4.4,5.4,2,2.8,0,2,0.5,0,13.8,0.3,9.1,13.1,8.2,5.8,1.3,25.1,49.2,45,45.3,49.2,11.7,100,10,1.3,6.8,7.2,0.7,3.6,0.7,1.7,0.7,0.9,18.7,0.4,0.7,17.5,4.3,0.9,0.7,20.2,40.3,36.3,35.8,10,45,49,49,49,49,49,49,49,49,36,36,38,38,36,43,42,40,43,41,41,43,40,43,47,47,47,47,57,58,60,57,59,59,57,60,57,53,53,53,53,46,47,No,No,No,No,No,No,No,No,No,No,No,No,No,No,No,No,No,No,No,No,No,No,No,No,No,No,No,No,No,No,No,No,No,No,No,No,No,No,No,No,No,No,52,52,43,0,0,0,0,0,0,0,1.25,28.547,27.98,18.97,7.505,0.499,150,175,40,0,0,10.7,1,5.2,5.4,0.5,2.8,0.5,1.3,0.5,0.6,13.8,0.3,0.5,13.1,3.2,0.7,0.5,25.5,48.9,45.2,45.2,8.3,15.3,3.2,8.2,0,21.5,0,51,0,0,0,0,0,19.7,0,2.8,0,0,0,0,1,0,74,50.4,54.2,54.1,79.6,76.8,86.7,87.3,97.7,61.3,98.9,29.7,98.7,2793.2,28,36,36,36,76,112,447,2,2,Yes,No,No,No,No,No,No,No,No,No,Yes,No,No,No,No,No,No,No,No,No,No,No,No,No,No,No,No,Yes,No,No,No,No,No,No,No,Yes,No,No,35,44,35,46,45,46,1.225,5.08,3.424,3.328,12.192,2.024,0.68,3.424,3.2,1.072,1.264,1.664,1.064,1,1,0.832,1.824,1053,1430,3435,47,43,40,1.275,16,40.8,1.26,1.26,1.8,1.8,1.17,5.04,1,No,No,No,40.2,1.26,1.26,1.8,1.815,1.17,5.04,1,No,No,No,54,54,69,100,100,No,No,14727,23930,36,36,No,No,1299,631,0,0.8,0.8,0,6.673,41429,65710,0,0,0,0,0,0,28.8,32,31.8,84,0.905,12.166,12.158,12.168,12.172,0,0,9.901,5.741,10.439,10.647,3.688,0.214,7.535,7.661,210,50.6,1185,36.1,1290,0,33,0,0,10,0,0.1,0,0,0,0,0,0,Yes,No,No,No,No,Yes,No,5.3,8.6,0,0,0,0,0,0,0,0,0,9,0,0,0,0,0,0,0,0,0,0,0,0,0,0,0,0,0,0,0,0,11052,1230,968,68,2.5,0,0,0,16.5,3.2,62.2,0.5,3.2,313.64,1904.83,16.08,1.33,502.56,503.89,0,1894,33,0.6,0.2,0,0,0,0,0,0
14.10.2025,14:32.1,22530,46886,32.4,17142,48178,26.2,0,1.287,1.31,1.283,1.283,1.273,1.258,1.293,1.293,1.298,1.299,1.284,1.284,1.284,1.251,4522.3,4888,4888,4888,4888,4888,4888,4888,4888,3790.7,3790.7,3790.7,3790.7,99.8,3591.2,395.1,29.7,437.7,345.5,164.3,152,55.4,52.7,25.1,28.8,948,28.7,44.4,623.6,205,31.9,24.9,712.4,1507.6,1333.4,1151.2,301,11.5,0.7,10.4,5.2,3.4,2.7,7.6,3.4,0.5,0,20.2,0,0.9,13.6,0,0,0,24.6,50.6,45.7,40.3,50.6,11.5,100,11.2,0.9,12.6,9.9,4.7,4.4,1.6,1.5,0.7,0.9,27,0.8,1.3,17.7,6.1,0.9,0.7,20.1,42.5,37.6,32.5,11.2,45.3,49,49,49,49,49,49,49,49,38,38,38,38,36,43,43,41,44,42,42,41,44,43,44,44,44,44,57,57,59,56,58,58,59,56,57,56,56,56,56,45,44,No,No,No,No,No,No,No,No,No,No,No,No,No,No,No,No,No,No,No,No,No,No,No,No,No,No,No,No,No,No,No,No,No,No,No,No,No,No,No,No,No,No,49,49,43,0,0,0,0,0,0,0,1.25,25.375,31.013,21.884,7.615,0.514,150,175,32,0,0,11.5,0.7,9.8,7.4,3.4,3.4,1.2,1.2,0.5,0.6,20.2,0.6,0.9,13.6,4.5,0.7,0.5,25,50.6,45.3,39.9,12.3,43.3,12.2,11.3,0.9,31.7,0.9,46.3,0.6,0.1,0,0,0,19.7,0,0,0,0,0,0,0,0,74.4,48.5,54,59.1,71.6,44,75.3,82.9,96.9,45,97.3,33.4,98,2793.2,28,36,36,36,76,112,447,2,2,Yes,No,No,No,No,No,No,No,No,No,Yes,No,No,No,No,No,No,No,No,No,No,No,No,No,No,No,No,Yes,No,No,No,No,No,No,No,Yes,No,No,35,44,35,47,44,47,0.702,5.08,3.424,3.328,12.192,2.024,0.68,3.424,3.2,1.072,1.264,1.664,1.064,1,1,0.832,1.824,1081,1456,3400,46,43,40,1.24,20,40.8,1.26,1.26,1.8,1.8,1.125,5.04,0.875,No,No,No,40,1.26,1.26,1.8,1.8,1.155,5.04,0.75,No,No,No,55,55,70,100,100,No,No,14727,23930,36,36,No,No,1299,631,6.1,1.4,7.5,1.801,8.894,41432,65727,0,0,0,0,0,0,28.8,32,31.8,84,0.905,12.165,12.156,12.167,12.171,0,0,10.829,5.782,10.493,10.755,3.761,0.267,7.535,7.663,210,50.6,1185,36.1,1290,0,26,0,0,10,0,0.1,0,0,0,0,0,0,Yes,No,No,No,No,Yes,No,5.4,8.1,0,0,0,0,0,0,0,0,0,9,0,0,0,0,0,0,0,0,0,0,0,0,0,0,0,0,0,0,0,0,11052,1230,968,68,2.5,0,0,0,16.5,3,60.3,0.5,3.1,331.12,1913.08,16.59,1.74,659.99,661.73,0,1894,33,11.6,12.4,0,0,0,0,0,0
14.10.2025,14:34.1,22642,46774,32.6,17163,48157,26.2,0,1.263,1.296,1.264,1.264,1.264,1.264,1.264,1.264,1.271,1.255,1.255,1.245,1.245,1.251,4322.8,4688.5,4688.5,4688.5,4688.5,4688.5,4688.5,4688.5,4688.5,3591.2,3591.2,3591.2,3591.2,99.8,3591.2,247.8,47.7,626.2,385.6,27.9,204.3,25.7,163.5,25,29.4,1218.8,52.7,113.7,929.2,28,54.4,50.6,91.2,486,258.2,137.3,253.3,7,1.2,13.5,10.5,0,5.3,0,5.1,0,5.1,26.3,6.3,2.5,20,7.8,2.7,0,4.4,15.9,8.7,4.2,26.3,7,100,7.1,1.5,17.9,11.1,0.8,5.9,0.7,4.7,0.7,1,34.8,1.5,3.2,26.7,0.9,1.6,1.4,2.5,13.7,7.2,4,7.1,43.3,47,47,47,47,47,47,47,47,36,36,36,36,36,49,50,48,55,53,52,48,56,44,46,46,46,46,51,50,52,45,47,48,52,44,56,54,54,54,54,57,56,No,No,No,No,No,No,No,No,No,No,No,No,No,No,No,No,No,No,No,No,No,No,No,No,No,No,No,No,No,No,No,No,No,No,No,No,No,No,No,No,No,No,57,57,43,0,0,0,0,0,0,0,1.25,47.579,26.365,17.549,7.336,0.488,150,175,64,7.7,1.8,5.8,1.2,13.4,8.3,0.6,4.4,0.5,3.5,0.5,0.6,26.2,1.1,2.4,19.9,0.6,1.2,1.1,2.9,15.1,8,4.2,9.4,10.6,4.7,5.7,2.7,50.3,0.7,35.2,2.3,0,0,0,1.1,30.7,0,0,0,0,0,0,1.7,0,97,84.3,91.7,93.9,73.8,72.4,84.9,88.5,93,20.6,95.6,40.2,95.2,2793.2,28,36,36,36,76,112,447,2,2,Yes,No,No,No,No,No,No,No,No,No,Yes,No,No,No,No,No,No,No,No,No,No,No,No,No,No,No,No,Yes,No,No,No,No,No,No,No,Yes,No,No,35,44,35,53,44,47,1.261,5.08,3.424,3.328,12.192,2.024,0.68,3.424,3.2,1.072,1.264,1.664,1.064,1,1,0.832,1.824,1048,1396,3308,47,43,40,1.285,39,40.8,1.26,1.26,1.8,1.8,1.125,5.04,1.125,No,No,No,40,1.26,1.26,1.8,1.8,1.125,5.04,1,No,No,No,55,55,70,100,100,No,No,14727,23930,36,36,No,No,1299,631,1.8,0.4,2.2,2.52,1.659,41437,65730,0,0,0,0,0,0,29.6,34,32.2,84,0.96,12.146,12.128,12.17,12.14,0,0,9.985,14.201,18.411,28.709,16.426,12.478,10.562,10.649,2505,1312.7,2055,494.3,2025,0,0,0,0,10.2,0,0.1,0,0,0,0,0,0,Yes,No,No,No,No,Yes,No,15.4,19.7,0,0,0,0,0,0,0,0,0,10,0,0,0,0,0,0,0,0,0,0,0,0,0,0,0,0,0,0,0,0,11030,1252,990,72,16,0,0,0,16.5,2.9,331.8,0.5,3,342.22,1905.53,3.01,1.31,498.43,499.73,0,1894,33,1.6,0.4,0,0,0,0,0,2.171
14.10.2025,14:36.1,22886,46530,32.9,17347,47973,26.5,0,1.283,1.312,1.309,1.324,1.273,1.278,1.288,1.303,1.289,1.137,1.303,1.286,1.298,1.251,4447.5,4788.3,4888,4888,4888,4888,4888,4888,4888,3591.2,3591.2,3591.2,3591.2,99.8,3591.2,754.8,32.4,1225.2,1371.7,34.5,1024.8,32.3,933.9,30.5,159.1,2465.7,955.6,30.6,2407.6,88.7,791.8,31.3,493.6,1201.8,1016.8,768.7,739.5,18.9,0.6,26.8,29.7,10.4,22.5,2.9,20.4,5,4.7,52.6,20.4,0.6,51.7,1,16.8,12.8,14.6,34.2,28.7,22.3,52.6,18.9,100,21.7,1.1,35.4,39.2,1.2,29.7,1.1,26.6,1.1,5,70.9,27.5,1.1,69,3,22.8,1.1,13.9,34,28.6,21.6,21.7,44.6,48,49,49,49,49,49,49,49,36,36,36,36,36,49,46,44,45,51,47,44,47,47,53,53,54,53,51,54,56,55,49,53,56,53,53,47,47,46,47,52,54,No,No,No,No,No,No,No,No,No,No,No,No,No,No,No,No,No,No,No,No,No,No,No,No,No,No,No,No,No,No,No,No,No,No,No,No,No,No,No,No,No,No,47,46,43,0,0,0,0,0,0,0,1.25,30.133,56.426,45.946,8.896,0.582,150,175,40,1.2,0,17.5,0.7,26.7,29.6,0.8,22.4,0.7,20.5,0.7,3.4,52.4,20.8,0.7,51.4,1.9,17.3,0.7,14.7,34.1,28.9,22.6,23.7,46.1,31.2,38.1,31,34.6,22.7,36.2,20.9,4.9,7.2,6.2,5.2,23,0,1.1,0.2,0.1,2.7,0,0,0.1,79.6,57.4,63.8,71,34,24.6,35.6,36.7,46.4,4.9,54.7,9.1,60.1,2793.2,28,36,36,36,76,112,447,2,2,Yes,No,No,No,No,No,No,No,No,No,Yes,No,No,No,No,No,No,No,No,No,No,No,No,No,No,No,No,Yes,No,No,No,No,No,No,No,Yes,No,No,35,44,35,50,52,47,1.181,5.08,3.424,3.328,12.192,2.024,0.68,3.424,3.2,1.072,1.264,1.664,1.064,1,1,0.832,1.824,1012,1381,3375,47,43,40,1.285,24,40.8,1.245,1.26,1.8,1.8,1.125,5.04,0.875,No,No,No,40.2,1.26,1.26,1.8,1.8,1.125,5.04,0.75,No,No,No,55,55,70,100,100,No,No,14727,23930,36,36,No,No,1299,631,22.3,3.9,26.2,19.27,1.796,41474,65734,0,0,0,0,0,0,30,36,32.7,84,0.96,12.149,12.131,12.171,12.145,0,0,31.103,14.23,18.464,28.747,16.444,12.56,10.458,10.685,2505,1312.7,2055,2505,2025,0,0,0,0,10.2,0,0,0,0,0,0,0,0,Yes,No,No,No,No,Yes,No,15.5,19.6,0,0,0,0,0,0,0,0,0,10,0,0,0,0,0,0,0,0,0,0,0,0,0,0,0,0,0,0,0,0,11029,1253,991,73,16,0,0,0,16.5,2.8,61.1,0.5,2.8,358.83,1943.87,16.37,0.99,671.11,672.3,0,1894,33,24.5,47.6,0,0,0,0,0,2.256
14.10.2025,14:38.1,22857,46559,32.9,17313,48008,26.5,0,1.284,1.327,1.305,1.305,1.29,1.27,1.28,1.265,1.285,1.27,1.27,1.27,1.27,1.251,4522.3,4888,4888,4888,4888,4888,4888,4888,4888,3790.7,3790.7,3790.7,3790.7,99.8,4489,238.6,58,434.6,253.4,43.2,139.8,25.5,74.2,25.5,31.3,1293.1,45.3,25.4,1160.5,35.9,29.3,25.2,150.5,418.1,284.8,219.3,237.1,5.7,1.4,8.1,5.6,0,2.4,8.5,1.2,0.6,0,27.6,0.3,0.6,24.7,0,0,0,3.7,13.1,8.8,7.6,27.6,5.7,100,6.9,1.7,12.4,7.3,1.2,4.1,0.7,2.4,0.7,1.1,36.9,1.3,0.7,33.1,1.1,0.8,0.7,4.5,12.1,8.4,6.8,6.9,45.3,49,49,49,49,49,49,49,49,38,38,38,38,45,44,43,44,44,42,51,44,47,42,43,43,43,43,56,57,56,56,58,49,56,53,58,57,57,57,57,52,51,No,No,No,No,No,No,No,No,No,No,No,No,No,No,No,No,No,No,No,No,No,No,No,No,No,No,No,No,No,No,No,No,No,No,No,No,No,No,No,No,No,No,56,56,43,0,0,0,0,0,0,0,1.25,34.891,27.165,17.816,7.847,0.499,150,175,48,5.7,0.7,5.7,1.3,9.4,5.5,1,3.1,0.5,1.6,0.5,0.7,27.5,1,0.5,24.7,0.8,0.6,0.5,4.8,13.3,9,7.1,10.7,21.5,7.6,7,2.3,38.7,0,49.8,0,0,0,0,1.8,30.3,0,0,0,0,0.5,0,0.8,0,95.1,86.3,90.7,90.3,72.8,65.6,84.2,88.3,95.1,30.2,98.2,21.9,98.7,2793.2,28,36,36,36,76,112,447,2,2,Yes,No,No,No,No,No,No,No,No,No,Yes,No,No,No,No,No,No,No,No,No,No,No,No,No,No,No,No,Yes,No,No,No,No,No,No,No,Yes,No,No,35,44,35,47,45,48,1.066,5.08,3.424,3.328,12.192,2.024,0.68,3.424,3.2,1.072,1.264,1.664,1.064,1,1,0.832,1.824,1075,1475,3443,47,43,40,1.28,23,40.8,1.245,1.275,1.8,1.8,1.125,5.04,0.875,No,No,No,40,1.245,1.275,1.8,1.8,1.125,5.04,1,No,No,No,55,55,70,100,100,No,No,14727,23930,36,36,No,No,1299,631,0.1,0.6,0.7,0.197,1.578,41475,65737,0,0,0,0,0,0,29.1,32,32,84,0.905,12.168,12.16,12.17,12.173,0,0,13.627,5.936,10.397,11.075,4.151,0.685,7.558,7.689,210,50.6,1185,64.5,1290,0,14,0,0,10.2,0,0,0,0,0,0,0,0,Yes,No,No,No,No,Yes,No,5.5,7.4,0,0,0,0,0,0,0,0,0,12,0,0,0,0,0,0,0,0,0,0,0,0,0,0,0,0,0,0,0,0,11029,1253,991,72,2.5,0,0,0,16.5,2.7,204.9,0.5,2.8,367.89,1888.07,4.88,0.64,495.29,495.75,0,1894,33,19.1,17,0,0,0,0,0,0
14.10.2025,14:40.1,22979,46437,33.1,17337,47983,26.5,0,1.291,1.312,1.311,1.291,1.291,1.306,1.284,1.284,1.284,1.274,1.274,1.274,1.308,1.251,4514,4788.3,4888,4888,4888,4888,4888,4888,4888,3790.7,3790.7,3790.7,3790.7,99.8,3591.2,243.1,28.6,571.5,356,26.5,140.2,25.2,98.5,25.5,155.3,1359.7,48.4,25,885.9,28.6,33.1,33.4,86.6,429,279.6,224.8,242.1,6.4,0.6,13.7,7.8,4.9,3.8,4.2,2.9,0.5,8.2,28.7,1.1,0.5,19.3,0,0.7,0.7,2.8,12.4,8.2,7.2,28.7,6.4,100,7,0.9,16.5,10.3,0.8,4.1,0.7,2.8,0.7,4.6,38.6,1.4,0.7,25.4,0.9,0.9,1,2.5,12.1,7.9,6.2,7,45.2,48,49,49,49,49,49,49,49,38,38,38,38,36,45,44,40,48,44,55,42,49,42,43,43,43,46,55,56,60,52,56,45,58,51,58,57,57,57,54,56,55,No,No,No,No,No,No,No,No,No,No,No,No,No,No,No,No,No,No,No,No,No,No,No,No,No,No,No,No,No,No,No,No,No,No,No,No,No,No,No,No,No,No,54,54,43,0,0,0,0,0,0,0,1.25,22.203,26.602,17.675,7.43,0.498,150,175,40,5.3,0.5,5.7,0.7,12.4,7.7,0.6,3.1,0.5,2.1,0.5,3.3,28.7,1.1,0.5,19.3,0.6,0.7,0.7,2.8,13,8.8,7.4,11.7,19.9,10.4,7.4,1.7,32.4,3.3,61.6,2.6,0,0,0,0.7,30.6,0,0,0,0,2.1,0,0.2,0,97.1,86.4,90.8,91,70.8,64.7,79.5,88.2,95.3,31.3,94.9,16.4,95.9,2793.2,28,36,36,36,76,112,447,2,2,Yes,No,No,No,No,No,No,No,No,No,Yes,No,No,No,No,No,No,No,No,No,No,No,No,No,No,No,No,Yes,No,No,No,No,No,No,No,Yes,No,No,35,44,35,47,43,47,1.181,5.08,3.424,3.328,12.192,2.024,0.68,3.424,3.2,1.072,1.264,1.664,1.064,1,1,0.832,1.824,1167,1488,3417,47,43,40,1.235,15,40.8,1.245,1.275,1.8,1.8,1.125,5.04,0.75,No,No,No,40,1.245,1.275,1.8,1.8,1.125,5.04,1,No,No,No,55,55,70,100,100,No,No,14727,23930,36,36,No,No,1299,631,1.4,0.2,1.6,1.401,0.446,41477,65738,0,0,0,0,0,0,29,32,32.2,84,0.905,12.169,12.162,12.172,12.174,0,0,10.408,5.916,10.988,11.174,3.859,0.196,7.552,7.641,210,50.6,1185,35,1290,0,27,0,0,10.2,0,0.1,0,0,0,0,0,0,Yes,No,No,No,No,Yes,No,5.5,8.6,0,0,0,0,0,0,0,0,0,12,0,0,0,0,0,0,0,0,0,0,0,0,0,0,0,0,0,0,0,0,11029,1253,991,71,2.5,0,0,0,16.5,2.7,180.9,0.5,2.7,376.66,1903.64,5.53,1.18,498.97,500.16,0,1894,33,1.6,16.3,0,0,0,0,0,0
14.10.2025,14:42.1,22920,46496,33,17336,47984,26.5,0,1.306,1.312,1.313,1.313,1.293,1.283,1.303,1.303,1.303,1.313,1.313,1.313,1.313,1.251,4464.1,4788.3,4888,4888,4788.3,4688.5,4788.3,4788.3,4788.3,3790.7,3790.7,3790.7,3790.7,99.8,3591.2,287,30.2,520,452.9,39.8,251.1,26.5,63.2,25,32.3,1408.2,61.1,25.4,962.6,28.7,29.1,24.9,218.5,627.4,511.5,400.5,268.2,7.5,0.7,11.2,8.9,1.5,5.3,0,0.6,1.3,0,29.8,0,2,20.7,10.4,0.6,0.5,7.3,20.3,16.7,12.1,29.8,7.5,100,8.3,0.9,15.4,13.2,1.2,7.2,0.8,1.8,0.7,1.1,40.4,1.7,0.7,27.8,0.9,0.8,0.7,6.2,17.7,14.4,11.7,8.3,44.8,48,49,49,48,47,48,48,48,38,38,38,38,36,44,44,42,45,44,45,44,46,44,45,45,45,45,56,56,58,55,56,55,56,54,56,55,55,55,55,47,46,No,No,No,No,No,No,No,No,No,No,No,No,No,No,No,No,No,No,No,No,No,No,No,No,No,No,No,No,No,No,No,No,No,No,No,No,No,No,No,No,No,No,46,44,43,0,0,0,0,0,0,0,1.25,30.133,29.137,20.114,7.51,0.506,150,175,40,1.5,0,6.9,0.7,11.2,9.6,0.8,5.3,0.6,1.4,0.5,0.7,29.8,1.3,0.5,20.7,0.6,0.6,0.5,6.5,19,15.4,11.8,12,22.1,10.6,5.4,0.8,45.3,0.4,58,0,0,1.4,0.4,0,28.6,0,0,0,0,0,0,0,0,93.2,78.9,83.8,87.3,70.1,63.1,77.1,87.9,96.9,21.6,97.5,18.4,98.7,2793.2,28,36,36,36,76,112,447,2,2,Yes,No,No,No,No,No,No,No,No,No,Yes,No,No,No,No,No,No,No,No,No,No,No,No,No,No,No,No,Yes,No,No,No,No,No,No,No,Yes,No,No,35,44,35,48,48,47,1.243,5.08,3.424,3.328,12.192,2.024,0.68,3.424,3.2,1.072,1.264,1.664,1.064,1,1,0.84,1.824,1119,1453,3316,47,43,40,1.265,20,40.8,1.245,1.275,1.8,1.8,1.125,5.04,1.25,No,No,No,40,1.245,1.275,1.8,1.815,1.125,5.04,0.75,No,No,No,55,55,70,100,100,No,No,14727,23930,36,36,No,No,1299,631,3.6,1,4.6,1.535,2.43,41480,65742,0,0,0,0,0,0,29,32,32.1,84,0.905,12.166,12.157,12.168,12.172,0,0,10.002,5.778,10.284,10.708,3.846,0.425,7.547,7.634,210,50.6,1185,35.4,1290,0,14,0,0,10.2,0,0.1,0,0,0,0,0,0,Yes,No,No,No,No,Yes,No,5.4,7.2,0,0,0,0,0,0,0,0,0,12,0,0,0,0,0,0,0,0,0,0,0,0,0,0,0,0,0,0,0,0,11030,1252,989,71,2.5,0,0,0,16.5,2.6,63,0.5,2.6,385.11,1905.59,15.86,1.41,502.43,503.88,0,1894,33,0.7,21.8,0,0,0,0,0,0
14.10.2025,14:44.2,22917,46499,33,17330,47990,26.5,0,1.291,1.301,1.312,1.312,1.297,1.297,1.307,1.307,1.307,1.292,1.292,1.211,1.259,1.251,4480.7,4788.3,4888,4888,4888,4888,4888,4888,4888,3591.2,3591.2,3790.7,3790.7,99.8,3591.2,307.4,28.2,369.5,95.8,169.1,90.8,25.1,92.1,12.8,429.3,663.9,31.8,27.5,531.4,26.3,25.4,28.7,631.4,1046,991.6,831.9,240.3,8.5,0.7,8.3,3,0,2.2,1.3,2,1.1,13.2,2.8,3,0,11.8,0,0,0,22,35.2,34.7,28.2,35.2,8.5,100,8.9,0.8,10.7,2.9,4.8,2.7,0.7,2.6,0.4,12.4,19.2,0.9,0.8,15.5,0.8,0.7,0.8,18.1,30.1,28.4,23.9,8.9,44.9,48,49,49,49,49,49,49,49,36,36,38,38,36,44,42,40,44,42,45,41,46,43,46,46,47,47,56,58,60,56,58,55,59,54,57,54,54,53,53,46,47,No,No,No,No,No,No,No,No,No,No,No,No,No,No,No,No,No,No,No,No,No,No,No,No,No,No,No,No,No,No,No,No,No,No,No,No,No,No,No,No,No,No,46,46,43,0,0,0,0,0,0,0,1.25,23.789,26.452,17.49,7.473,0.493,150,175,32,2.7,1.1,8.7,0.7,8.3,2.2,3.5,2.1,0.5,2,0.3,9.1,14,0.7,0.6,11.7,0.5,0.5,0.6,21.4,34.2,33.9,27.5,8.8,24.4,1.8,5.6,0,36.7,0.5,36.7,0,0,0,0,0,23.2,0,0,0,0,0.8,0,0,0,77.7,64.4,64.9,70.9,78.1,63.9,91,90.6,97.4,36.9,97.9,48.5,98.6,2793.2,28,36,36,36,76,112,447,2,2,Yes,No,No,No,No,No,No,No,No,No,Yes,No,No,No,No,No,No,No,No,No,No,No,No,No,No,No,No,Yes,No,No,No,No,No,No,No,Yes,No,No,35,44,35,47,44,46,1.154,5.08,3.424,3.328,12.192,2.024,0.68,3.424,3.2,1.072,1.264,1.664,1.064,1,1,0.832,1.824,1046,1427,3383,47,42,40,1.295,18,40.8,1.245,1.275,1.8,1.8,1.155,5.04,1,No,No,No,40,1.245,1.275,1.8,1.8,1.23,5.04,0.75,No,No,No,55,55,70,100,100,No,No,14727,23930,36,36,No,No,1299,631,0.2,0.2,0.4,0.111,0.809,41480,65744,0,0,0,0,0,0,29,32,32.1,84,0.905,12.17,12.163,12.171,12.174,0,0,10.277,5.882,10.614,10.942,3.871,0.34,7.759,7.645,210,50.6,1185,32.8,1290,0,24,0,0,10.2,0,0.1,0,0,0,0,0,0,Yes,No,No,No,No,Yes,No,5.5,8.1,0,0,0,0,0,0,0,0,0,12,0,0,0,0,0,0,0,0,0,0,0,0,0,0,0,0,0,0,0,0,11030,1252,989,71,2.5,0,0,0,16.5,2.5,267.3,0.5,2.6,392.5,1889.89,3.74,1.46,494.64,496.1,0,1894,33,0.5,0.3,0,0,0,0,0,0
14.10.2025,14:46.2,22914,46502,33,17320,48000,26.5,0,1.296,1.311,1.317,1.317,1.302,1.302,1.302,1.285,1.295,1.285,1.276,1.281,1.281,1.251,4514,4788.3,4888,4888,4888,4888,4888,4888,4888,3790.7,3790.7,3790.7,3790.7,99.8,3591.2,371.9,47.1,278.2,107.2,26.4,45.6,27.4,33.6,25.1,704.2,28.7,26.6,25.9,479.9,26.8,25.5,25.1,922.2,1650.9,1575.9,1355.5,250.4,13.1,1,6.4,0.9,4.3,0,14,1.6,0.5,15.4,2.1,0.6,0.6,11,15.1,11,2.8,30.6,51.3,49.6,43.5,51.3,13.1,100,10.6,1.4,8.4,3.3,0.8,1.4,0.8,1,0.7,20.3,0.9,0.8,0.7,13.9,0.8,0.7,0.7,26,46.3,44.5,38.3,10.6,45.2,48,49,49,49,49,49,49,49,38,38,38,38,36,44,43,40,44,42,43,43,43,44,47,48,48,48,56,57,60,56,58,57,57,57,56,53,52,52,52,46,48,No,No,No,No,No,No,No,No,No,No,No,No,No,No,No,No,No,No,No,No,No,No,No,No,No,No,No,No,No,No,No,No,No,No,No,No,No,No,No,No,No,No,61,61,43,0,0,0,0,0,0,0,1.25,47.579,27.763,18.713,7.548,0.499,150,175,64,0,0,10.8,1,6.4,2.5,0.6,1.1,0.6,0.8,0.5,15.4,0.6,0.6,0.5,11,0.6,0.5,0.5,29.8,51,49.5,43,13.8,25.7,3.7,2.3,0,71,0,62.2,0,0,0,0,0,18.7,0,0,0,0,0,0,0,0,69.7,48.2,49.8,56.2,72.8,64.1,91.7,94.8,98.2,11.3,98.7,24.3,98.8,2793.2,28,36,36,36,76,112,447,2,2,Yes,No,No,No,No,No,No,No,No,No,Yes,No,No,No,No,No,No,No,No,No,No,No,No,No,No,No,No,Yes,No,No,No,No,No,No,No,Yes,No,No,35,44,35,55,45,47,1.27,5.04,3.424,3.328,12.192,2.024,0.68,3.424,3.2,1.072,1.264,1.664,1.064,1,1,0.832,1.824,1019,1404,3409,48,42,40,1.29,36,40.8,1.245,1.275,1.8,1.8,1.155,5.04,0.875,No,No,No,40,1.245,1.275,1.8,1.8,1.155,5.04,1,No,No,No,55,55,70,100,100,No,No,14727,23930,36,36,No,No,1299,631,0,0.3,0.4,0.075,0.933,41481,65746,0,0,0,0,0,0,29,32,32.1,84,0.905,12.167,12.161,12.169,12.172,0,0,10.053,5.985,10.137,10.587,3.822,0.455,9.246,7.647,210,50.6,1185,32.8,1290,0,23,0,0,10.2,0,0.1,0,0,0,0,0,0,Yes,No,No,No,No,Yes,No,5.3,8.6,0,0,0,0,0,0,0,0,0,12,0,0,0,0,0,0,0,0,0,0,0,0,0,0,0,0,0,0,0,0,11030,1252,989,71,2.5,0,0,0,16.5,2.5,200.5,0.5,2.5,400.21,1935.74,4.99,1.5,506.85,508.3,0,1894,33,0.2,0.3,0,0,0,0,0,0
14.10.2025,14:48.2,22912,46504,33,17309,48011,26.4,0,1.252,1.306,1.286,1.286,1.271,1.269,1.273,1.294,1.274,1.19,1.19,1.19,1.19,1.251,4530.6,4888,4888,4888,4888,4888,4888,4987.8,4888,3790.7,3790.7,3790.7,3790.7,99.8,3591.2,500.9,31,475.2,61.7,282,242.6,27.8,259.2,27.6,1168.5,227.8,341.3,27.5,957.8,443.2,347.2,29.3,844.1,1494.2,1335.3,1393.9,404.9,12.6,0.6,10.4,1.2,6.2,6.1,0,4.9,0,25,13.5,6.5,0.4,20.2,0.3,7.4,1.2,24,43.5,39.2,40.8,43.5,12.6,100,14.4,1,14,1.8,8.4,7.2,0.8,7.5,0.9,33.5,6.8,9.9,0.9,27.1,13,9.9,1,23.9,42.4,37.7,39.4,14.4,45.4,49,49,49,49,49,49,50,49,38,38,38,38,36,44,43,41,44,42,50,43,49,43,43,43,43,43,56,57,59,56,58,50,57,51,57,57,57,57,57,46,50,No,No,No,No,No,No,No,No,No,No,No,No,No,No,No,No,No,No,No,No,No,No,No,No,No,No,No,No,No,No,No,No,No,No,No,No,No,No,No,No,No,No,46,44,43,0,0,0,0,0,0,0,1.25,19.032,36.861,27.726,7.629,0.509,150,175,32,1.5,0.5,12.7,0.7,10.6,1.4,6.3,5.5,0.6,5.7,0.6,25.1,4.8,7.3,0.6,20.3,9.9,7.4,0.7,24.5,43.4,38.8,40.4,16.1,30.8,25.4,19.2,2.6,49.9,9.5,52.4,2.5,0,0.5,0,0,21,0,0,0,0,0.5,0.8,0.8,0.7,75.1,55.2,60.5,58.8,60.6,55,64.9,73,90,17.6,81.1,15.1,88.2,2793.2,28,36,36,36,76,112,447,2,2,Yes,No,No,No,No,No,No,No,No,No,Yes,No,No,No,No,No,No,No,No,No,No,No,No,No,No,No,No,Yes,No,No,No,No,No,No,No,Yes,No,No,35,44,35,47,45,48,0.995,5.08,3.424,3.328,12.192,2.024,0.68,3.424,3.2,1.072,1.264,1.664,1.064,1,1,0.84,1.824,1013,1390,3358,47,43,40,1.265,21,40.8,1.26,1.275,1.8,1.8,1.155,5.04,0.75,No,No,No,40,1.26,1.275,1.8,1.8,1.155,5.04,0.75,No,No,No,55,55,71,100,100,No,No,14727,23930,36,36,No,No,1299,631,0,0.1,0.1,0.13,0.589,41481,65747,0,0,0,0,0,0,29,32,32.1,84,0.905,12.17,12.164,12.171,12.174,0,0,10.063,5.791,10.373,10.747,3.835,0.382,7.555,7.644,210,50.6,1185,31.2,1290,0,24,0,0,10.2,0,0.1,0,0,0,0,0,0,Yes,No,No,No,No,Yes,No,5.4,8.7,0,0,0,0,0,0,0,0,0,12,0,0,0,0,0,0,0,0,0,0,0,0,0,0,0,0,0,0,0,0,11030,1252,989,71,2.5,0,0,0,16.5,2.4,61.1,0.5,2.5,413.73,1928.69,16.37,1.4,665.75,667.06,0,1894,33,0.2,0.1,0,0,0,0,0,0
14.10.2025,14:50.2,22905,46511,32.9,17304,48017,26.4,0,1.283,1.318,1.295,1.3,1.285,1.265,1.285,1.264,1.284,1.274,1.274,1.274,1.274,1.251,4522.3,4888,4888,4888,4888,4888,4888,4888,4888,3790.7,3790.7,3790.7,3790.7,99.8,3591.2,187.5,49.2,479,117.5,62.4,83.1,25.1,40.6,32.5,18.5,1074.6,25,24.9,758.8,26.7,25.1,27.7,83.7,410,246.3,139.8,186.9,4.4,1.2,8.9,3.4,0.7,1.1,0.7,0.2,0,0.7,23.1,0.7,0.7,16.7,0,0.7,0,2.2,13.7,8.3,4.6,23.1,4.4,100,5.4,1.5,13.7,3.4,1.8,2.4,0.7,1.1,0.9,1,30.4,0.7,0.7,21.8,0.8,0.7,0.8,2.4,11.5,6.9,4.1,5.4,45.3,49,49,49,49,49,49,49,49,38,38,38,38,36,42,43,40,44,40,45,41,48,41,42,42,42,42,58,57,60,56,60,55,59,52,59,58,58,58,58,47,48,No,No,No,No,No,No,No,No,No,No,No,No,No,No,No,No,No,No,No,No,No,No,No,No,No,No,No,No,No,No,No,No,No,No,No,No,No,No,No,No,No,No,46,44,43,0,0,0,0,0,0,0,1.25,23.789,22.747,13.997,7.289,0.475,150,175,48,7.3,3.3,4.5,1.1,10.2,2.6,1.3,1.8,0.5,0.9,0.7,0.4,23,0.5,0.5,16.5,0.6,0.5,0.6,2.8,12.9,7.5,4.5,7.6,1,0,0,0,35.3,0,53.3,0.3,0,0,0,0.7,30.8,0,0,0,0,0,0,0,0,97,86.5,92.3,93.9,79.9,85.5,95,97.3,98.2,38.6,98.9,27.5,98.4,2793.2,28,36,36,36,76,112,447,2,2,Yes,No,No,No,No,No,No,No,No,No,Yes,No,No,No,No,No,No,No,No,No,No,No,No,No,No,No,No,Yes,No,No,No,No,No,No,No,Yes,No,No,35,44,35,46,45,46,1.243,5.08,3.424,3.328,12.192,2.024,0.68,3.424,3.2,1.072,1.264,1.664,1.064,1,1,0.84,1.824,1046,1388,3366,47,43,40,1.255,30,40.8,1.26,1.26,1.8,1.8,1.155,5.04,0.875,No,No,No,40,1.26,1.26,1.8,1.8,1.155,5.04,0.75,No,No,No,55,55,71,100,100,No,No,14727,23930,36,36,No,No,1299,631,0,0.2,0.2,0.212,1.322,41481,65749,0,0,0,0,0,0,29,32,32.2,84,0.905,12.17,12.165,12.171,12.173,0,0,10.138,5.78,10.764,10.808,3.64,0.052,7.552,7.641,210,50.6,1185,32.8,1290,0,7,0,0,10.2,0,0.1,0,0,0,0,0,0,Yes,No,No,No,No,Yes,No,5.4,8.5,0,0,0,0,0,0,0,0,0,12,0,0,0,0,0,0,0,0,0,0,0,0,0,0,0,0,0,0,0,0,11030,1252,989,71,2.5,0,0,0,16.5,2.4,142.2,0.5,2.4,419.55,1903.34,7.03,1.4,498.7,500.22,0,1894,33,0.4,0.2,0,0,0,0,0,0
14.10.2025,14:52.2,22919,46498,33,17317,48003,26.5,0,1.219,1.298,1.263,1.26,1.265,1.265,1.277,0.647,1.277,1.269,1.269,1.269,1.269,1.251,4173.1,4788.3,4888,4888,4888,4888,4888,798,4888,3790.7,3790.7,3790.7,3790.7,99.8,3591.2,224.7,29.4,377.7,242.3,26.9,84.5,26.1,73.1,25.8,192.8,694.1,54.7,26.3,549.9,105,26,25.6,236.1,632.3,537.6,527.8,190.5,6.5,0.6,8.1,5.8,1.8,3.4,0,1.5,0,4,11.7,1.9,0,0,14.9,0.5,7.7,9.1,20.9,18.1,19.3,20.9,6.5,100,6.4,0.9,10.8,6.8,0.4,2.5,0.7,2.1,0.7,5.5,20,1.6,0.8,16,3,0.7,0.7,6.7,17.9,15.2,15.1,6.4,41.8,48,49,49,49,49,49,8,49,38,38,38,38,36,42,42,49,44,40,43,40,40,42,42,42,42,42,58,58,51,56,60,57,60,60,58,58,58,58,58,44,49,No,No,No,No,No,No,No,No,No,No,No,No,No,No,No,No,No,No,No,No,No,No,No,No,No,No,No,No,No,No,No,No,No,No,No,No,No,No,No,No,No,No,51,51,42,0,0,0,0,0,0,0,1.25,25.375,24.055,15.193,7.378,0.487,150,175,32,2.5,1.1,6.2,0.7,8.1,5.3,0.6,1.9,0.5,1.6,0.5,4.1,15.1,1.2,0.6,11.9,2.3,0.5,0.5,8.4,21.9,18.5,19.1,9.5,4.1,3.2,4.9,1,53.2,0,47,0,0,0,0,0.6,27.5,0,0,0,0,0,0,0,0,91.4,77.6,81.2,79.4,77.8,85.5,89.7,91.8,96.5,25.7,98,36.4,98.9,2793.2,28,36,36,36,76,112,447,2,2,Yes,No,No,No,No,No,No,No,No,No,Yes,No,No,No,No,No,No,No,No,No,No,No,No,No,No,No,No,Yes,No,No,No,No,No,No,No,Yes,No,No,35,44,35,46,43,47,1.012,5.08,3.424,3.328,12.192,2.024,0.68,3.424,3.2,1.072,1.264,1.648,1.064,1,1,0.84,1.824,1066,1376,3435,47,43,40,1.28,16,40.5,1.26,1.26,1.8,1.8,1.155,5.04,1,No,No,No,40,1.26,1.26,1.8,1.8,1.155,5.04,1,No,No,No,55,55,71,100,100,No,No,14727,23930,36,36,No,No,1299,631,0,0,0,0.04,0.384,41481,65750,0,0,0,0,0,0,29,30,32.1,84,0.905,12.169,12.164,12.17,12.173,0,0,10.388,5.808,10.679,10.856,3.737,0.182,7.555,7.648,210,50.6,1185,33.6,1290,0,17,0,0,10.2,0,0.1,0,0,0,0,0,0,Yes,No,No,No,No,Yes,No,5.4,8.8,0,0,0,0,0,0,0,0,0,12,0,0,0,0,0,0,0,0,0,0,0,0,0,0,0,0,0,0,0,0,11030,1252,989,71,2.5,0,0,0,16.5,2.4,124.8,0.5,2.4,425.23,1917.1,8.01,1.19,502.57,503.75,0,1894,33,0.4,0.3,0,0,0,0,0,0
14.10.2025,14:54.2,22905,46512,32.9,17302,48018,26.4,0,1.272,1.298,1.263,1.263,1.263,1.263,1.263,1.265,1.265,1.28,1.28,1.28,1.28,1.251,4522.3,4888,4888,4888,4888,4888,4888,4888,4888,3790.7,3790.7,3790.7,3790.7,99.8,3591.2,184.4,65.1,30.2,371,15.3,229.2,26.8,133.3,26.5,848.9,50.8,108.1,26.8,359.7,466.1,40.6,35.1,133.3,138.2,345.4,237.4,172.5,4.6,1.4,0.7,8.4,0,4.3,0.6,2.9,1.3,16.1,4.8,1.5,2.9,18,0,1.7,0,3.5,4.9,11,7.3,18,4.6,100,5.3,1.9,0.9,10.9,0.8,6.6,0.8,3.8,0.8,24.1,1.6,3,0.8,10.2,13.2,1.2,1,3.8,3.9,9.7,6.8,5.3,45.3,49,49,49,49,49,49,49,49,38,38,38,38,36,41,43,38,42,40,41,40,42,41,41,41,41,41,59,57,62,58,60,59,60,58,59,59,59,59,59,45,43,No,No,No,No,No,No,No,No,No,No,No,No,No,No,No,No,No,No,No,No,No,No,No,No,No,No,No,No,No,No,No,No,No,No,No,No,No,No,No,No,No,No,44,43,42,0,0,0,0,0,0,0,1.25,12.688,22.755,13.996,7.293,0.479,150,175,24,6.2,2.5,4.4,1.4,0.7,8.2,0.3,5,0.6,2.9,0.6,18.1,1.1,2.3,0.6,7.9,10.2,0.9,0.8,4.2,4.9,11,7.3,9,2.6,13.2,5.6,0,32.9,0,53.8,0,0,0,0,0,31,0,0,0,0,1.4,0,0,0,95.6,94.9,88.5,91.9,77.4,94.8,76.1,87.2,95.9,44.1,96.9,25.9,98,2793.2,28,36,36,36,76,112,447,2,2,Yes,No,No,No,No,No,No,No,No,No,Yes,No,No,No,No,No,No,No,No,No,No,No,No,No,No,No,No,Yes,No,No,No,No,No,No,No,Yes,No,No,35,44,35,46,43,48,1.003,5.08,3.424,3.328,12.192,2.024,0.688,3.424,3.2,1.072,1.264,1.664,1.064,1,1,0.84,1.824,1044,1355,3375,46,42,40,1.265,12,40.5,1.26,1.26,1.8,1.8,1.155,5.04,1.25,No,No,No,40,1.26,1.26,1.8,1.815,1.155,5.04,0.75,No,No,No,55,55,71,100,100,No,No,14727,23930,36,36,No,No,1299,631,0,0.1,0.2,0.09,0.945,41481,65752,0,0,0,0,0,0,29,30,32,84,0.905,12.17,12.166,12.171,12.174,0,0,10.274,5.863,10.973,11.051,3.737,0.082,7.555,7.645,210,50.6,1185,33.9,1290,0,27,0,0,10.2,0,0.1,0,0,0,0,0,0,Yes,No,No,No,No,Yes,No,5.5,7.3,0,0,0,0,0,0,0,0,0,12,0,0,0,0,0,0,0,0,0,0,0,0,0,0,0,0,0,0,0,0,11030,1252,989,71,2.5,0,0,0,16.5,2.3,112.2,0.5,2.4,430.35,1902.82,8.91,1.33,499.49,500.79,0,1894,33,0.5,0.4,0,0,0,0,0,0
14.10.2025,14:56.2,22921,46495,33,17292,48028,26.4,0,1.276,1.319,1.258,1.268,1.278,1.263,1.248,1.248,1.297,1.287,1.287,1.277,1.287,1.251,4123.2,4788.3,798,4788.3,4788.3,4788.3,4788.3,4788.3,4788.3,3790.7,3790.7,3790.7,3790.7,99.8,3591.2,240.4,35.9,30.4,534.5,26.8,379.7,26.4,187,33.5,1129.3,30.4,107.1,25.3,402.8,816,63.8,43.9,154,98.7,421.5,261.4,229.2,5.6,0.3,1,11.3,1.6,8.7,0,5.1,0,25.7,0,2.6,0,0,26,0.9,0,5.1,3.5,13.1,7.6,26,5.6,100,6.9,1.1,0.9,15.3,0.8,10.9,0.8,5.3,1,32.3,1,3.1,0.7,11.6,23.3,1.8,1.3,4.4,2.8,11.8,7.6,6.9,41.3,48,8,48,48,48,48,48,48,38,38,38,38,36,44,42,43,51,42,50,41,47,41,43,43,43,43,56,58,57,49,58,50,59,53,59,57,57,57,57,52,51,No,No,No,No,No,No,No,No,No,No,No,No,No,No,No,No,No,No,No,No,No,No,No,No,No,No,No,No,No,No,No,No,No,No,No,No,No,No,No,No,No,No,44,44,42,0,0,0,0,0,0,0,1.25,34.891,26.787,17.854,7.429,0.504,150,175,48,2,0.6,5.6,0.8,0.7,11.7,0.6,8.4,0.6,4.1,0.7,24.3,0.6,2.4,0.5,8.6,17.7,1.4,0.9,4.8,3.2,12.8,8,14.8,0.8,17.8,24.8,7.7,55.8,2.4,63,1.9,0,0,0.7,2.5,30.6,0,0,0,0,0,0,0.7,0,95,96.6,85.9,88.5,66.4,97.3,67.6,64.4,86.6,17.5,94,8.3,95.3,2793.2,28,36,36,36,76,112,447,2,2,Yes,No,No,No,No,No,No,No,No,No,Yes,No,No,No,No,No,No,No,No,No,No,No,No,No,No,No,No,Yes,No,No,No,No,No,No,No,Yes,No,No,35,44,35,52,45,47,1.252,5.08,3.424,3.328,12.192,2.024,0.688,3.424,3.2,1.072,1.264,1.664,1.064,1,1,0.84,1.824,1018,1362,3366,47,42,40,1.27,28,40.5,1.26,1.26,1.8,1.8,1.11,5.04,1.375,No,No,No,40,1.26,1.26,1.8,1.8,1.155,5.04,0.75,No,No,No,56,56,71,100,100,No,No,14727,23930,36,36,No,No,1299,631,0,0.1,0.1,0.048,0.352,41482,65752,0,0,0,0,0,0,29.1,32,32.2,84,0.905,12.167,12.161,12.168,12.171,0,0,12.41,6.007,10.788,11.341,4.138,0.572,7.555,7.645,210,50.6,1185,112.4,1290,3,26,0,0,10.4,0.2,1,0,0,0,0,0,0,Yes,No,No,No,No,Yes,No,5.7,7.7,0,0,0,0,0,0,0,0,0,12,0,0,0,0,0,0,0,0,0,0,0,0,0,0,0,0,0,0,0,0,11004,1278,1016,74,2.5,0,0,0,16.5,84.1,84.1,84.1,0,11.9,11.9,11.9,1.05,0,11.84,0.05,1894,33,3.8,2.5,0,0,0,0,0,0.012
14.10.2025,14:58.2,22919,46498,33,17277,48044,26.4,0,1.279,1.315,1.29,1.31,1.29,1.29,1.287,1.287,1.278,1.273,1.288,1.291,1.149,1.251,4123.2,4788.3,4788.3,798,4788.3,4788.3,4788.3,4788.3,4788.3,3790.7,3790.7,3790.7,3790.7,99.8,3591.2,333.2,89.8,25.1,404.7,25.9,346.6,25.8,200.4,25.2,1244.5,28.6,91.2,25.2,27.3,1150.5,53.9,25,622.9,504.1,954.4,793.1,273.2,10.3,2.5,0.2,9.5,5.4,8.4,4.7,3.5,5.4,27.2,1.6,1.8,12.5,0,25.4,1,8.8,19.9,15,28.4,25.1,28.4,10.3,100,9.5,2.6,0.7,11.7,0.8,10.1,0.8,5.8,0.7,35.6,0.7,2.6,0.7,0.9,33,1.6,0.7,17.5,14.2,26.6,22.4,9.5,41.3,48,48,8,48,48,48,48,48,38,38,38,38,36,45,42,43,46,41,52,41,47,42,46,46,46,46,55,58,57,54,59,48,59,53,58,54,54,54,54,53,52,No,No,No,No,No,No,No,No,No,No,No,No,No,No,No,No,No,No,No,No,No,No,No,No,No,No,No,No,No,No,No,No,No,No,No,No,No,No,No,No,No,No,55,55,42,0,0,0,0,0,0,0,1.25,36.477,31.093,22.058,7.521,0.508,150,175,48,0.8,0.1,8.5,2,0.5,9,0.5,8,0.5,4.5,0.5,26.7,0.6,2.1,0.5,0.6,24.9,1.3,0.5,19.4,15.2,28.1,24.6,18.9,5.9,19.7,45.5,13.3,63.7,4.4,66.4,7.8,0,0,0.1,0,26,0,0,0,0,1.3,0,0.4,0,80.2,84.5,71.1,74.5,59.8,91,68.4,43.7,80.4,6.1,92.4,6.3,90,2793.2,28,36,36,36,76,112,447,2,2,Yes,No,No,No,No,No,No,No,No,No,Yes,No,No,No,No,No,No,No,No,No,No,No,No,No,No,No,No,Yes,No,No,No,No,No,No,No,Yes,No,No,35,44,35,49,43,48,1.217,5.08,3.424,3.328,12.192,2.024,0.688,3.424,3.2,1.072,1.264,1.648,1.064,1,1,0.84,1.824,1070,1495,3479,47,42,40,1.28,25,40.5,1.26,1.26,1.8,1.8,1.11,5.04,1,No,No,No,40,1.26,1.26,1.8,1.8,1.11,5.04,1.375,No,No,No,56,56,71,100,100,No,No,14727,23930,36,36,No,No,1299,631,0.6,2.6,3.1,2.753,19.091,41487,65789,0,0,0,0,0,0,29.1,30,32.2,84,0.905,12.17,12.166,12.172,12.173,0,0,11.622,6.387,10.998,12.086,4.76,1.116,7.555,8.181,210,50.6,1185,60.2,1290,3,14,0,0,10.4,0.1,0.5,0,0,0,0,0,0,Yes,No,No,No,No,Yes,No,6.1,8.6,0,0,0,0,0,0,0,0,0,12,0,0,0,0,0,0,0,0,0,0,0,0,0,0,0,0,0,0,0,0,11007,1275,1012,74,2.5,0,0,0,16.5,103.1,103.1,103.1,9.4,9.7,9.7,9.7,1.32,39.2,40.8,0,1894,33,6.5,2.1,0,0,0,0,0,0.012
14.10.2025,15:00.2,22920,46496,33,17279,48042,26.4,0,1.292,1.321,1.308,1.303,1.293,1.293,1.288,1.288,1.29,1.275,1.28,1.29,1.275,1.251,4455.8,4888,4888,4888,4888,4888,4888,4888,4888,3591.2,3591.2,3591.2,3591.2,99.8,3591.2,413.2,64.1,25.4,315.8,26.1,193,90.2,113,25.1,875.5,76.4,204.3,59.7,27.6,786.9,131,25.5,1037.3,829.6,1627.7,1729.4,272.6,12.8,1.4,1.3,7.1,9.7,4.6,0.4,4.1,9.7,19,0,5.8,1.2,5,17.3,3.6,0.5,34,26.6,49.7,54.5,54.5,12.8,100,11.8,2.1,0.7,9.6,0.8,6.2,2.6,3.4,0.7,25.2,2.6,5.8,1.7,0.9,22.7,3.8,0.7,29.1,23.2,45.9,48.5,11.8,44.7,49,49,49,49,49,49,49,49,36,36,36,36,36,43,40,40,43,41,43,41,42,43,47,47,47,47,57,60,60,57,59,57,59,58,57,53,53,53,53,46,47,No,No,No,No,No,No,No,No,No,No,No,No,No,No,No,No,No,No,No,No,No,No,No,No,No,No,No,No,No,No,No,No,No,No,No,No,No,No,No,No,No,No,48,48,42,0,0,0,0,0,0,0,1.25,39.649,31.979,22.857,7.608,0.51,150,175,32,0,0,11.5,1.5,0.5,7.2,0.5,4.7,2,2.7,0.5,19,1.6,4.4,1.3,0.6,17.4,2.9,0.5,33.3,25.4,49.2,54.4,17.8,7.3,11.2,40.3,7.2,69.3,5.4,65.3,6.1,0,0,0,1,19.7,0,0,0,0,0.2,0,2.4,0,66.1,74.1,50.1,43.9,63.1,90.1,77.7,50.2,88.1,8.2,88.1,12.7,90,2793.2,28,36,36,36,76,112,447,2,2,Yes,No,No,No,No,No,No,No,No,No,Yes,No,No,No,No,No,No,No,No,No,No,No,No,No,No,No,No,Yes,No,No,No,No,No,No,No,Yes,No,No,35,44,35,48,44,47,1.234,5.08,3.424,3.328,12.192,2.024,0.688,3.424,3.2,1.072,1.264,1.664,1.064,1,1,0.84,1.824,1236,1590,3452,48,42,40,1.215,14,40.5,1.26,1.26,1.8,1.8,1.11,5.04,1.5,No,No,No,40,1.26,1.26,1.8,1.8,1.11,5.04,1.375,No,No,No,56,56,71,100,100,No,No,14727,23930,36,36,No,No,1299,631,0,0.9,0.9,0,7.349,41487,65803,0,0,0,0,0,0,29.1,30,32.3,84,0.905,12.165,12.158,12.165,12.171,0,0,11.102,5.719,10.172,10.535,3.749,0.367,7.555,7.659,210,50.6,1185,65,1290,0,23,0,0,10.4,0.1,0.3,0,0,0,0,0,0,Yes,No,No,No,No,Yes,No,5.3,9,0,0,0,0,0,0,0,0,0,12,0,0,0,0,0,0,0,0,0,0,0,0,0,0,0,0,0,0,0,0,11007,1275,1012,74,2.5,0,0,0,16.5,103.1,0,0,12.9,9.7,0,0,1.29,45.19,46.47,0,1894,33,0.5,0.3,0,0,0,0,0,0
14.10.2025,15:02.2,22923,46493,33,17287,48033,26.4,0,1.282,1.311,1.273,1.288,1.293,1.293,1.302,1.282,1.268,1.263,1.263,1.263,1.288,1.251,4522.3,4888,4888,4888,4888,4888,4888,4888,4888,3790.7,3790.7,3790.7,3790.7,99.8,3591.2,436.1,43.1,25.8,327.8,101.3,263,27.4,191.5,25.3,950.7,28.4,66.5,24.8,48.2,765.7,71.6,24.9,1295.8,1185.4,1743.1,1512,303.7,12.7,1,0.6,7.3,0,6.2,3.6,4.3,0,20.4,0,0,0,0,16.8,2.2,0.6,43.6,39,57.6,50.1,57.6,12.7,100,12.5,1.2,0.7,9.4,3.2,8.7,0.8,6.4,0.7,27.3,0.9,2,0.7,1.4,22,1.8,0.7,36.6,33.4,49,42.7,12.5,45.3,49,49,49,49,49,49,49,49,38,38,38,38,36,43,42,41,44,41,42,43,45,51,43,43,43,43,57,58,59,56,59,58,57,55,49,57,57,57,57,45,51,No,No,No,No,No,No,No,No,No,No,No,No,No,No,No,No,No,No,No,No,No,No,No,No,No,No,No,No,No,No,No,No,No,No,No,No,No,No,No,No,No,No,45,44,42,0,0,0,0,0,0,0,1.25,23.789,31.936,22.756,7.661,0.516,150,175,32,0,0,12.7,1,0.5,7.3,2.2,6.2,0.6,4.3,0.5,20.4,0.6,1.6,0.5,1,16.8,1.6,0.5,43.1,38.6,57.1,49.7,17,2.4,23.8,47.6,7.9,55.8,6,53.5,6,0,0,0,0.7,17.5,0,0,0,0,2.7,0,0,0,56.2,60.9,42,48.6,64.4,95.8,64.2,42.5,85.1,18.5,91.1,27.1,91.3,2793.2,28,36,36,36,76,112,447,2,2,Yes,No,No,No,No,No,No,No,No,No,Yes,No,No,No,No,No,No,No,No,No,No,No,No,No,No,No,No,Yes,No,No,No,No,No,No,No,Yes,No,No,35,44,35,47,44,48,1.101,5.08,3.424,3.328,12.192,2.024,0.688,3.424,3.2,1.072,1.264,1.664,1.064,1,1,0.84,1.824,1171,1485,3358,47,42,40,1.29,27,40.5,1.26,1.26,1.8,1.8,1.11,5.04,1,No,No,No,40,1.26,1.26,1.8,1.8,1.11,5.04,0.75,No,No,No,56,56,71,100,100,No,No,14727,23930,36,36,No,No,1299,631,1.1,0.3,1.3,0.281,1.099,41487,65805,0,0,0,0,0,0,29.1,32,32.1,84,0.905,12.167,12.162,12.168,12.171,0,0,11.343,5.997,10.676,11.292,4.175,0.622,7.555,7.659,210,50.6,1185,54.5,1290,1,10,0,0,10.4,0,0.1,0,0,0,0,0,0,Yes,No,No,No,No,Yes,No,5.6,7.7,0,0,0,0,0,0,0,0,0,12,0,0,0,0,0,0,0,0,0,0,0,0,0,0,0,0,0,0,0,0,11007,1275,1012,74,2.5,0,0,0,16.5,10.2,60.5,1.2,10.2,97.81,856.87,16.54,1.25,246.75,248.04,0,1894,33,0.2,0.1,0,0,0,0,0,0
14.10.2025,15:04.2,22852,46564,32.9,17255,48065,26.4,0,1.296,1.321,1.316,1.301,1.288,1.303,1.298,1.283,1.298,1.288,1.288,1.287,1.287,1.251,4497.3,4788.3,4788.3,4788.3,4888,4888,4888,4888,4888,3790.7,3790.7,3790.7,3790.7,99.8,3591.2,197.1,53.9,26.5,443.6,44.9,183.3,26.8,145.3,26.1,1075.6,31,28.6,69,29.4,813,17.2,24.9,130.2,88.6,425.4,258.9,181,4.4,1.3,0,9.5,0,4.1,0.3,1.6,0,23,0,0.6,3,0.6,18.1,0.6,0.5,2.7,1.4,13.3,8.1,23,4.4,100,5.6,1.6,0.8,12.6,1.3,5.3,0.5,4.2,0.7,30.6,1.1,0.8,2,0.9,23.3,0.8,0.7,3.7,2.5,11.9,7.4,5.6,45.1,48,48,48,49,49,49,49,49,38,38,38,38,36,42,42,40,43,40,44,40,42,41,42,42,42,42,58,58,60,57,60,56,60,58,59,58,58,58,58,44,44,No,No,No,No,No,No,No,No,No,No,No,No,No,No,No,No,No,No,No,No,No,No,No,No,No,No,No,No,No,No,No,No,No,No,No,No,No,No,No,No,No,No,45,44,42,0,0,0,0,0,0,0,1.25,34.891,23.722,14.917,7.332,0.483,150,175,48,5.2,2.2,4.7,1.3,0.6,9.4,0.9,4.1,0.6,3.1,0.5,22.9,0.6,0.6,1.5,0.6,18,0.4,0.5,4.1,2.9,13.3,8.1,10.4,2.4,4.3,11.9,1.7,44.4,2.6,57.4,0,0,0,0,0.3,30.9,0,0,0,0,0.6,0,0.5,0,95.7,97,86.1,90.7,75,95.2,83.4,82.1,93.8,29.6,95,21.6,98.9,2793.2,28,36,36,36,76,112,447,2,2,Yes,No,No,No,No,No,No,No,No,No,Yes,No,No,No,No,No,No,No,No,No,No,No,No,No,No,No,No,Yes,No,No,No,No,No,No,No,Yes,No,No,35,44,35,46,42,46,0.773,5.08,3.424,3.328,12.192,2.024,0.688,3.424,3.2,1.072,1.264,1.664,1.064,1,1,0.84,1.824,1057,1437,3400,46,42,40,1.255,22,40.5,1.26,1.26,1.8,1.8,1.11,5.04,0.75,No,No,No,40,1.26,1.26,1.8,1.8,1.11,5.04,1.375,No,No,No,56,56,71,100,100,No,No,14727,23930,36,36,No,No,1299,631,0,0.2,0.3,0.05,1.204,41487,65807,0,0,0,0,0,0,29.1,32,32.2,84,0.905,12.168,12.163,12.169,12.172,0,0,11.446,5.988,10.697,11.28,4.151,0.586,7.552,7.647,210,50.6,1185,61.4,1290,1,8,0,0,10.4,0,0.1,0,0,0,0,0,0,Yes,No,No,No,No,Yes,No,5.6,7.5,0,0,0,0,0,0,0,0,0,12,0,0,0,0,0,0,0,0,0,0,0,0,0,0,0,0,0,0,0,0,11007,1275,1012,74,2.5,0,0,0,16.5,8.7,115.2,1.9,8.7,115.05,532.05,8.68,1.09,221,222.13,0,1894,33,0.7,0.5,0,0,0,0,0,0
14.10.2025,15:06.2,22836,46580,32.8,17237,48083,26.3,0,1.279,1.328,1.244,1.244,1.244,1.269,1.289,1.274,1.298,1.288,1.288,1.288,1.288,1.251,4514,4788.3,4888,4888,4888,4888,4888,4888,4888,3790.7,3790.7,3790.7,3790.7,99.8,3591.2,193.8,44.4,26.1,466.2,27.3,252.2,13.9,129.6,47.8,1043.5,31.9,35.5,25.4,28.1,927.6,42.8,29.9,109.6,63.5,314.4,216.9,185.8,5.9,0.9,1.3,10,11.6,5.4,0,4.2,11.4,22,1.4,1.5,1.3,1.3,20.3,0,2.1,4.4,2.7,8.7,6.6,22,5.9,100,5.6,1.3,0.7,13.3,0.8,7.3,0.7,3.7,1.4,30,1,1,0.7,0.9,26.7,1.2,0.9,3.1,1.8,9,6.2,5.6,45.2,48,49,49,49,49,49,49,49,38,38,38,38,36,42,42,39,42,41,45,40,41,42,42,42,42,42,58,58,61,58,59,55,60,59,58,58,58,58,58,44,45,No,No,No,No,No,No,No,No,No,No,No,No,No,No,No,No,No,No,No,No,No,No,No,No,No,No,No,No,No,No,No,No,No,No,No,No,No,No,No,No,No,No,45,43,42,0,0,0,0,0,0,0,1.25,52.337,23.761,14.995,7.3,0.48,150,175,56,6.1,2.6,4.5,1,0.5,10,0.6,5.4,0.3,2.8,1,22.1,0.7,0.8,0.5,0.6,20.3,0.9,0.6,3.6,2,9.3,6.6,10.3,3.7,11.5,10.4,2.9,44.3,0,49.4,0,0,0,0,1.3,31.5,0,0,0,0,2,0,0.7,0,96.2,97.9,90.1,91.4,74.6,94.3,76.1,82.2,92.6,28.6,98.5,26.3,98.1,2793.2,28,36,36,36,76,112,447,2,2,Yes,No,No,No,No,No,No,No,No,No,Yes,No,No,No,No,No,No,No,No,No,No,No,No,No,No,No,No,Yes,No,No,No,No,No,No,No,Yes,No,No,35,44,35,46,44,46,1.172,5.08,3.424,3.328,12.192,2.024,0.688,3.424,3.2,1.072,1.264,1.664,1.064,1,1,0.84,1.824,1008,1386,3358,48,42,40,1.24,27,40.5,1.26,1.26,1.8,1.8,1.11,5.04,1.125,No,No,No,40,1.26,1.26,1.8,1.815,1.11,5.04,1,No,No,No,56,56,71,100,100,No,No,14727,23930,36,36,No,No,1299,631,0.1,0.1,0.2,0.162,0.453,41488,65808,0,0,0,0,0,0,29.1,32,32.1,84,0.905,12.168,12.164,12.168,12.171,0,0,11.629,6.211,10.835,11.828,4.601,1.003,7.558,7.65,210,50.6,1185,61.6,1290,2,3,0,0,10.4,0,0.1,0,0,0,0,0,0,Yes,No,No,No,No,Yes,No,5.9,7.8,0,0,0,0,0,0,0,0,0,12,0,0,0,0,0,0,0,0,0,0,0,0,0,0,0,0,0,0,0,0,11007,1275,1012,74,2.5,0,0,0,16.5,7.7,114.9,2,7.7,129.71,508.07,8.71,1.15,221.11,222.24,0,1894,33,0.2,0.2,0,0,0,0,0,0
14.10.2025,15:08.2,22915,46502,33,17263,48057,26.4,0,1.28,1.324,1.319,1.319,1.262,1.262,1.277,1.277,1.277,1.267,1.252,1.252,1.274,1.251,4522.3,4888,4888,4888,4888,4888,4888,4888,4888,3790.7,3790.7,3790.7,3790.7,99.8,3591.2,258.1,100.7,33.9,625.3,27.6,251.4,25.2,209.3,24.9,1408.1,30.5,181.5,25.2,995.6,148.3,207.6,25.4,110,81.6,417.6,232.5,250.7,6.9,2.3,0,13.9,0,5,0.6,4,0,29.9,0.6,4.1,0.6,33.4,2.5,16.4,0,3,1.7,12.1,7,33.4,6.9,100,7.4,3,1,18.1,0.8,7.3,0.7,6.1,0.7,40.3,1,5.2,0.7,28.8,4.3,6,0.7,3.1,2.3,11.8,6.7,7.4,45.3,49,49,49,49,49,49,49,49,38,38,38,38,36,42,43,40,44,41,43,41,44,43,42,42,42,42,58,57,60,56,59,57,59,56,57,58,58,58,58,46,44,No,No,No,No,No,No,No,No,No,No,No,No,No,No,No,No,No,No,No,No,No,No,No,No,No,No,No,No,No,No,No,No,No,No,No,No,No,No,No,No,No,No,46,46,42,0,0,0,0,0,0,0,1.25,33.305,27.74,18.842,7.402,0.496,150,175,48,4.3,1.6,6,2.2,0.8,13.8,0.6,5.7,0.5,4.7,0.5,29.8,0.6,4.1,0.5,21.4,3.3,4.6,0.5,3.7,2.4,12.7,7,13.9,6.5,20.6,14.6,9.8,38.3,9.4,55.2,9.3,0,0,1.8,1.3,30.9,0,0,0,0,0.9,0,0.8,0,96.1,97.5,84.9,90.8,66.2,89.8,62.5,78,83.9,28,85.5,17,84.8,2793.2,28,36,36,36,76,112,447,2,2,Yes,No,No,No,No,No,No,No,No,No,Yes,No,No,No,No,No,No,No,No,No,No,No,No,No,No,No,No,Yes,No,No,No,No,No,No,No,Yes,No,No,35,43,35,47,45,47,0.852,5.08,3.424,3.328,12.192,2.024,0.688,3.424,3.2,1.072,1.264,1.664,1.064,1,1,0.84,1.824,979,1356,3349,47,42,40,1.225,27,40.5,1.26,1.26,1.8,1.8,1.095,5.04,1.125,No,No,No,40,1.26,1.26,1.8,1.8,1.155,5.04,0.875,No,No,No,56,56,71,100,100,No,No,14727,23930,36,36,No,No,1299,631,0.1,0.2,0.3,0.098,0.796,41488,65810,0,0,0,0,0,0,29.1,32,32.3,84,0.905,12.165,12.161,12.165,12.169,0,0,11.553,6.316,10.584,12.007,4.953,1.429,7.564,7.673,210,50.6,1185,59.6,1290,7,2,0,0,10.4,0.1,0.6,0,0,0,0,0,0,Yes,No,No,No,No,Yes,No,6,7.6,0,0,0,0,0,0,0,0,0,12,0,0,0,0,0,0,0,0,0,0,0,0,0,0,0,0,0,0,0,0,11007,1275,1012,74,2.5,0,0,0,16.5,8.7,62.6,1.9,8.7,115.49,525.84,15.96,1.5,91.84,93.34,0,1894,33,0.3,0.2,0,0,0,0,0,0
14.10.2025,15:10.2,22913,46503,33,17262,48058,26.4,0,1.292,1.302,1.317,1.312,1.297,1.297,1.302,1.302,1.302,1.292,1.292,1.2,1.29,1.251,4480.7,4788.3,4888,4888,4888,4888,4888,4888,4888,3591.2,3591.2,3790.7,3790.7,99.8,3591.2,217.6,39.7,33.7,447.4,32,299.5,30,171.8,25.2,1157.4,30.6,74.9,25,1016.2,15.1,34.9,24.9,117,110.1,422.7,243.9,204.7,5.4,0.9,0.8,10.1,5.2,7.3,0,3.8,0,25.2,0,1.7,0,22.2,0,0,0.6,5.1,3.6,14.2,7.3,25.2,5.4,100,6.3,1.1,1,12.9,0.9,8.7,0.9,5,0.7,33.2,1.1,2.2,0.7,29.3,0.5,1,0.7,3.3,3.1,11.8,7,6.3,44.9,48,49,49,49,49,49,49,49,36,36,38,38,36,43,42,43,50,41,44,40,44,41,44,44,43,43,57,58,57,50,59,56,60,56,59,56,56,57,57,51,50,No,No,No,No,No,No,No,No,No,No,No,No,No,No,No,No,No,No,No,No,No,No,No,No,No,No,No,No,No,No,No,No,No,No,No,No,No,No,No,No,No,No,49,49,42,0,0,0,0,0,0,0,1.25,31.719,25.475,16.583,7.395,0.497,150,175,40,1.3,0.7,5.1,0.9,0.8,10,0.7,6.5,0.6,3.8,0.5,25.1,0.6,1.7,0.5,22,0.3,0.8,0.5,3.6,3.5,12.8,7.3,15.3,1.1,27.8,11.7,5.7,63.8,3.8,67.6,1.3,0,0,0,0.7,30.9,0,0,0,0,0.1,0,0,0,96.2,96.3,86.7,91.2,66.5,97,59.2,79.1,88.9,8.8,93.6,8.3,97.2,2793.2,28,36,36,36,76,112,447,2,2,Yes,No,No,No,No,No,No,No,No,No,Yes,No,No,No,No,No,No,No,No,No,No,No,No,No,No,No,No,Yes,No,No,No,No,No,No,No,Yes,No,No,35,43,35,46,44,47,1.243,5.08,3.424,3.328,12.192,2.024,0.688,3.424,3.2,1.072,1.264,1.664,1.064,1,1,0.84,1.824,1023,1410,3383,47,42,40,1.225,12,40.5,1.26,1.26,1.8,1.8,1.095,5.04,0.75,No,No,No,40,1.26,1.26,1.8,1.8,1.095,5.04,0.75,No,No,No,56,56,71,100,100,No,No,14727,23930,36,36,No,No,1299,631,0,0.2,0.2,0.003,1.244,41488,65812,0,0,0,0,0,0,29.2,32,32.2,84,0.905,12.168,12.164,12.169,12.172,0,0,11.206,6.211,10.698,11.792,4.662,1.099,7.558,7.666,210,50.6,1185,54.7,1290,2,11,0,0,10.4,0,0.2,0,0,0,0,0,0,Yes,No,No,No,No,Yes,No,5.9,8,0,0,0,0,0,0,0,0,0,12,0,0,0,0,0,0,0,0,0,0,0,0,0,0,0,0,0,0,0,0,11007,1275,1012,74,2.5,0,0,0,16.5,9.3,63.4,1.4,9.4,107.35,707.69,15.76,1.24,84.98,86.21,0,1894,33,1.1,0.7,0,0,0,0,0,0
14.10.2025,15:12.2,22911,46505,33,17254,48066,26.4,0,1.25,1.287,1.264,1.259,1.259,1.234,1.264,1.264,1.269,1.237,1.212,1.227,1.227,1.251,4397.6,4788.3,4688.5,4688.5,4688.5,4688.5,4688.5,4688.5,4688.5,3790.7,3790.7,3790.7,3790.7,99.8,3591.2,233.4,36.9,35.7,657.8,28.1,259.4,25.9,172.7,25.5,1023.8,27.7,143.7,81.8,939,27.9,52.6,25.1,157,82.1,485,381,211.3,6.8,0.4,1.1,14.1,2.4,5.4,3.8,4.1,7.4,21.9,7.4,3.4,0,20.1,6,7.3,0.8,3.3,2.7,13.9,11,21.9,6.8,100,6.7,1.1,1,19,0.9,7.7,0.8,5,0.7,29.5,0.9,4.1,2.4,27.1,0.9,1.5,0.7,4.5,2.3,13.8,10.9,6.7,44.1,48,47,47,47,47,47,47,47,38,38,38,38,36,44,42,44,48,44,47,43,47,41,43,43,43,44,56,58,56,52,56,53,57,53,59,57,57,57,56,44,48,No,No,No,No,No,No,No,No,No,No,No,No,No,No,No,No,No,No,No,No,No,No,No,No,No,No,No,No,No,No,No,No,No,No,No,No,No,No,No,No,No,No,44,43,42,0,0,0,0,0,0,0,1.25,47.579,26.271,17.327,7.437,0.505,150,175,64,0.8,0.1,5.5,0.8,0.8,14.5,0.6,5.9,0.5,3.8,0.5,22.2,0.6,3.1,1.7,20.5,0.6,1.2,0.5,4.4,2.4,14.1,11.4,18.6,4.5,38.6,22.3,5.6,64.4,5.7,71.3,4.4,0,0,0.7,6,30,0,0,0,0,1.2,0,0,0,95.4,97.5,84.6,81.6,61.7,93.3,43.9,69.4,89.1,9.8,88.7,5.9,93.6,2793.2,28,36,36,36,76,112,447,2,2,Yes,No,No,No,No,No,No,No,No,No,Yes,No,No,No,No,No,No,No,No,No,No,No,No,No,No,No,No,Yes,No,No,No,No,No,No,No,Yes,No,No,35,43,35,46,44,47,0.781,5.08,3.424,3.328,12.192,2.024,0.688,3.424,3.2,1.072,1.264,1.664,1.064,1,1,0.84,1.824,1064,1427,3426,47,42,40,1.25,23,40.5,1.245,1.26,1.8,1.8,1.095,5.04,0.875,No,No,No,40,1.26,1.26,1.8,1.8,1.095,5.04,1.25,No,No,No,56,56,71,100,100,No,No,14727,23930,36,36,No,No,1299,631,0,0.4,0.4,0,1.11,41488,65814,0,0,0,0,0,0,29.2,32,32.3,84,0.905,12.168,12.164,12.169,12.171,0,0,12.472,6.439,10.454,12.266,5.294,1.817,7.573,7.67,210,50.6,1185,102.6,1290,7,2,0,0,10.1,0.2,0.9,0,0,0,0,0,0,Yes,No,No,No,No,Yes,No,6.2,8.8,0,0,0,0,0,0,0,0,0,12,0,0,0,0,0,0,0,0,0,0,0,0,0,0,0,0,0,0,0,0,11038,1244,981,74,2.5,0,0,0,16.5,30.6,30.6,30.6,60,32.65,32.65,32.65,1.55,32.11,35.07,0,1894,33,0.2,0.1,0,0,0,0,0,0
14.10.2025,15:14.2,22828,46588,32.8,17232,48088,26.3,0,1.277,1.313,1.318,1.279,1.264,1.259,1.274,1.259,1.264,1.285,1.27,1.27,1.27,1.251,4514,4788.3,4888,4888,4888,4888,4888,4888,4888,3790.7,3790.7,3790.7,3790.7,99.8,3591.2,217.2,104.4,27.1,364.5,34.8,245,25.9,188.1,32.9,279,881.7,113.6,25.1,578,445.5,34.1,26.9,139.2,108.4,404,284.9,203,6.3,2.8,1,8.7,0.4,6,8.8,4.5,1.1,6.5,18.9,1.4,9.5,0,18.9,7.7,0.2,4.8,4,12.5,9.3,18.9,6.3,100,6.3,3,0.8,10.6,1,7.1,0.8,5.4,0.9,8.1,25.5,3.3,0.7,16.9,12.7,1,0.8,3.9,3.1,11.4,8.2,6.3,45.2,48,49,49,49,49,49,49,49,38,38,38,38,36,42,42,39,43,41,42,41,42,41,43,43,42,42,58,58,61,57,59,58,59,58,59,57,57,58,58,44,43,No,No,No,No,No,No,No,No,No,No,No,No,No,No,No,No,No,No,No,No,No,No,No,No,No,No,No,No,No,No,No,No,No,No,No,No,No,No,No,No,No,No,44,44,42,0,0,0,0,0,0,0,1.25,52.337,25.092,16.175,7.415,0.501,150,175,40,0.6,0.3,5.2,2.3,0.6,8.2,0.7,5.6,0.5,4.1,0.7,6.1,19.1,2.5,0.5,12.7,9.7,0.7,0.6,4.4,3.5,12.6,8.7,16,6.8,20,21.5,7.9,62.5,5.8,65.6,0.1,0,0,0,1.7,30.6,0,0,0,0,0,0,0,0,95.5,96.3,86.9,88.8,65.6,89.5,68.7,71.1,86.2,10.5,90.5,10.3,98.4,2793.2,28,36,36,36,76,112,447,2,2,Yes,No,No,No,No,No,No,No,No,No,Yes,No,No,No,No,No,No,No,No,No,No,No,No,No,No,No,No,Yes,No,No,No,No,No,No,No,Yes,No,No,35,43,35,45,44,48,0.932,5.04,3.424,3.328,12.192,2.024,0.696,3.424,3.2,1.072,1.264,1.664,1.064,1,1,0.84,1.824,1055,1380,3333,48,42,39,1.27,32,40.5,1.245,1.26,1.8,1.8,1.095,5.04,1,No,No,No,40,1.245,1.26,1.8,1.8,1.095,5.04,0.75,No,No,No,56,56,71,100,100,No,No,14727,23930,36,36,No,No,1299,631,0,0.1,0.1,0,0.545,41488,65815,0,0,0,0,0,0,29.1,32,32.2,84,0.905,12.168,12.163,12.169,12.173,0,0,10.867,5.742,10.428,10.648,3.701,0.221,7.562,7.635,210,50.6,1185,51.2,1290,0,9,0,0,10.1,0.1,0.3,0,0,0,0,0,0,Yes,No,No,No,No,Yes,No,5.4,8.2,0,0,0,0,0,0,0,0,0,12,0,0,0,0,0,0,0,0,0,0,0,0,0,0,0,0,0,0,0,0,11038,1244,981,74,2.5,0,0,0,16.5,30.9,59.9,59.9,27.2,32.38,16.7,16.7,1.37,21.08,22.7,0,1894,33,1.9,0.3,0,0,0,0,0,0
14.10.2025,15:16.2,22796,46620,32.8,17227,48093,26.3,0,1.275,1.308,1.288,1.24,1.255,1.275,1.275,1.26,1.277,1.282,1.282,1.282,1.282,1.251,4522.3,4888,4888,4888,4888,4888,4888,4888,4888,3790.7,3790.7,3790.7,3790.7,99.8,3591.2,181.3,34.7,25,294.9,26.9,195.3,25.5,145.5,24.7,1068.8,60.1,50,24.9,27.1,857.6,40.2,24.9,84.4,57.1,361,196.5,170.4,4.8,0.8,0,6.4,10.9,4.2,0,3.1,0.5,22.4,0,1.1,0.5,0.5,19,0.8,0.5,3.5,2.5,12.1,6.4,22.4,4.8,100,5.2,1.1,0.7,8.5,0.8,5.6,0.7,4.2,0.7,30.4,1.9,1.4,0.7,0.8,24.6,1.1,0.7,2.4,1.6,10.2,5.7,5.2,45.3,49,49,49,49,49,49,49,49,38,38,38,38,36,42,41,39,44,40,41,41,42,42,43,43,42,42,58,59,61,56,60,59,59,58,58,57,57,58,58,44,44,No,No,No,No,No,No,No,No,No,No,No,No,No,No,No,No,No,No,No,No,No,No,No,No,No,No,No,No,No,No,No,No,No,No,No,No,No,No,No,No,No,No,57,57,42,0,0,0,0,0,0,0,1.25,49.165,22.813,14.047,7.295,0.48,150,175,64,5.7,2.1,4.3,0.9,0.5,6.4,0.6,4.2,0.5,3.1,0.5,22.4,1.3,1.1,0.5,0.6,18.9,0.9,0.5,2.8,1.8,11.4,6.4,7.6,3.4,2.2,6,0.7,25.4,0,53.3,0,0,0,0,0,31.3,0,0,0,0,0,0,0,0,97.1,98.1,88.2,92.8,79.5,94.5,88.6,88.2,95.1,48.6,98.1,24.6,98.4,2793.2,28,36,36,36,76,112,447,2,2,Yes,No,No,No,No,No,No,No,No,No,Yes,No,No,No,No,No,No,No,No,No,No,No,No,No,No,No,No,Yes,No,No,No,No,No,No,No,Yes,No,No,35,43,35,54,44,48,1.243,5.08,3.424,3.328,12.192,2.024,0.688,3.424,3.2,1.072,1.264,1.664,1.064,1,1,0.84,1.824,1015,1356,3284,47,42,39,1.25,26,40.5,1.245,1.26,1.8,1.8,1.095,5.04,1,No,No,No,40,1.245,1.26,1.8,1.8,1.095,5.04,1.25,No,No,No,56,56,71,100,100,No,No,14727,23930,36,36,No,No,1299,631,0,0.1,0.1,0,0.511,41488,65816,0,0,0,0,0,0,29.2,32,32.3,84,0.905,12.169,12.165,12.17,12.173,0,0,10.191,5.796,10.405,10.746,3.81,0.347,7.617,7.646,210,50.6,1185,34.3,1290,0,22,0,0,10.1,0,0.1,0,0,0,0,0,0,Yes,No,No,No,No,Yes,No,5.4,8.6,0,0,0,0,0,0,0,0,0,12,0,0,0,0,0,0,0,0,0,0,0,0,0,0,0,0,0,0,0,0,11038,1244,981,74,2.5,0,0,0,16.5,29.2,0,0,29,34.28,0,0,0,0,0,0,1894,33,0.1,0.2,0,0,0,0,0,0
14.10.2025,15:18.2,22796,46620,32.8,17227,48094,26.3,0,1.298,1.301,1.321,1.321,1.306,1.286,1.276,1.281,1.301,1.286,1.3,1.3,1.295,1.251,4148.2,4888,4888,4888,4888,4888,4888,798,4888,3790.7,3591.2,3591.2,3790.7,99.8,3591.2,343.7,185.3,26.3,595.9,26.7,392.6,27.3,304.6,26.2,1475.5,40.7,449.3,41.4,38.6,1727.7,368.9,28.7,191.6,128.4,442.8,356.3,337.5,8.1,4.1,0.6,12.2,0,7.9,3.6,5.2,0.6,31.3,1.6,9.6,1.6,5.2,37.1,7.9,1.4,4.7,2.4,13.5,10.9,37.1,8.1,100,9.8,5.3,0.8,17,0.8,11.4,0.8,8.9,0.8,41.9,1.5,12.9,1.3,1.5,49.1,10.5,0.9,5.4,3.7,12.5,10.1,9.8,41.6,49,49,49,49,49,49,8,49,38,36,36,38,36,43,43,39,44,41,52,43,46,41,43,43,43,43,57,57,61,56,59,48,57,54,59,57,57,57,57,51,52,No,No,No,No,No,No,No,No,No,No,No,No,No,No,No,No,No,No,No,No,No,No,No,No,No,No,No,No,No,No,No,No,No,No,No,No,No,No,No,No,No,No,44,44,42,0,0,0,0,0,0,0,1.25,23.789,33.426,24.483,7.456,0.498,150,175,32,5,1.8,7.9,4.1,0.6,12.8,0.6,8.6,0.6,6.6,0.6,31.1,0.9,9.5,0.9,0.8,36.7,7.8,0.6,6.2,3.9,13.5,10.9,10.7,1.7,15.1,21.5,8.6,37.1,0.8,42.8,0.9,0,0,0,0,30.4,0,0,0,0,1.1,0,0.2,0.1,93.5,95.9,86,88.2,67.1,93.3,69.4,67.6,82.7,27.9,88,17.8,89.9,2793.2,28,36,36,36,76,112,447,2,2,Yes,No,No,No,No,No,No,No,No,No,Yes,No,No,No,No,No,No,No,No,No,No,No,No,No,No,No,No,Yes,No,No,No,No,No,No,No,Yes,No,No,35,43,35,46,43,48,1.119,5.08,3.424,3.328,12.192,2.024,0.696,3.424,3.2,1.072,1.264,1.664,1.064,1,1,0.84,1.824,1068,1475,3470,47,42,39,1.275,23,40.5,1.245,1.26,1.8,1.8,1.095,5.04,0.75,No,No,No,40,1.245,1.26,1.8,1.815,1.095,5.04,0.75,No,No,No,56,56,71,100,100,No,No,14727,23930,36,36,No,No,1299,631,0,0.1,0.1,0,0.454,41488,65817,0,0,0,0,0,0,29.2,32,32.3,84,0.905,12.172,12.167,12.173,12.175,0,0,10.262,5.879,10.515,10.968,3.957,0.461,7.608,7.646,210,50.6,1185,37.4,1290,0,22,0,0,10.1,0,0.1,0,0,0,0,0,0,Yes,No,No,No,No,Yes,No,5.6,7.3,0,0,0,0,0,0,0,0,0,12,0,0,0,0,0,0,0,0,0,0,0,0,0,0,0,0,0,0,0,0,11038,1244,981,73,2.5,0,0,0,16.5,29.2,0,0,29,34.28,0,0,0,0,0,0,1894,33,0.3,0.2,0,0,0,0,0,0
14.10.2025,15:20.2,22795,46621,32.8,17225,48095,26.3,0,1.287,1.338,1.277,1.282,1.282,1.282,1.287,1.287,1.293,1.283,1.283,1.273,1.273,1.251,4522.3,4888,4888,4888,4888,4888,4888,4888,4888,3790.7,3790.7,3790.7,3790.7,99.8,3591.2,182.3,29.7,26.7,430.2,26.7,146.2,26.1,124.1,25.7,1016.9,30.3,92.7,25.6,27.5,837.5,27.8,25.2,88.5,66.4,367.1,206.1,170.8,4.4,0.7,1.3,9.9,0,3.1,0,3.3,1.2,21.5,0,2.6,0,0,18.5,1.3,0,4.4,2.9,11.6,6.7,21.5,4.4,100,5.2,0.9,0.8,12.3,0.8,4.2,0.8,3.5,0.7,29.1,1,2.6,0.7,0.8,24,0.8,0.7,2.5,1.9,10.3,6,5.2,45.3,49,49,49,49,49,49,49,49,38,38,38,38,36,42,41,38,42,41,42,40,43,42,42,42,43,43,58,59,62,58,59,58,60,57,58,58,58,57,57,44,43,No,No,No,No,No,No,No,No,No,No,No,No,No,No,No,No,No,No,No,No,No,No,No,No,No,No,No,No,No,No,No,No,No,No,No,No,No,No,No,No,No,No,45,45,42,0,0,0,0,0,0,0,1.25,28.547,22.936,14.205,7.275,0.476,150,175,40,6,2.9,4.3,0.8,0.6,9.2,0.6,3.2,0.6,2.6,0.5,21.5,0.6,2,0.5,0.6,18.5,0.6,0.5,2.9,2.2,11.6,6.7,8.3,2.2,2.2,4,0,36.3,1,52.2,0,0,0,0,1.3,31.1,0,0,0,0,0,0,0,0,96.9,97.7,87.9,91.2,78.8,95.9,86.3,91.4,96.4,39,96.3,26.4,98.7,2793.2,28,36,36,36,76,112,447,2,2,Yes,No,No,No,No,No,No,No,No,No,Yes,No,No,No,No,No,No,No,No,No,No,No,No,No,No,No,No,Yes,No,No,No,No,No,No,No,Yes,No,No,35,43,35,45,43,46,1.012,5.08,3.424,3.328,12.192,2.024,0.696,3.424,3.2,1.072,1.264,1.664,1.064,1,1,0.84,1.824,1137,1516,3435,47,42,39,1.26,33,40.5,1.245,1.26,1.8,1.8,1.125,5.04,0.875,No,No,No,40,1.245,1.26,1.8,1.8,1.155,5.04,0.75,No,No,No,56,56,71,100,100,No,No,14727,23930,36,36,No,No,1299,631,0,0.1,0.1,0.008,0.749,41488,65819,0,0,0,0,0,0,29.2,32,32.2,84,0.905,12.169,12.162,12.171,12.174,0,0,10.802,5.805,10.32,10.747,3.859,0.428,7.627,7.655,210,50.6,1185,37.9,1290,0,20,0,0,10.1,0,0.1,0,0,0,0,0,0,Yes,No,No,No,No,Yes,No,5.4,8.5,0,0,0,0,0,0,0,0,0,12,0,0,0,0,0,0,0,0,0,0,0,0,0,0,0,0,0,0,0,0,11038,1244,981,73,2.5,0,0,0,16.5,8.2,89.8,0.5,8.2,122.31,1898.29,11.14,1.38,499.08,500.42,0,1894,33,1.4,0.6,0,0,0,0,0,0
14.10.2025,15:22.2,22793,46623,32.8,17224,48096,26.3,0,1.292,1.333,1.308,1.323,1.288,1.323,1.28,1.265,1.285,1.29,1.27,1.27,1.27,1.251,4522.3,4888,4888,4888,4888,4888,4888,4888,4888,3790.7,3790.7,3790.7,3790.7,99.8,3591.2,185.8,42.9,29.7,385.4,70.4,184,26.1,155,25.1,913.1,71.4,50.9,24.9,452.1,586.5,33.3,25,118.4,63.7,280.9,177,181,5,1.1,0,0,17,3.3,2.1,2.6,0,19.4,0.8,0.4,10.3,11.9,12.7,0.8,0.6,2.2,1.1,7.3,5.6,19.4,5,100,5.3,1.2,0.9,11,2.1,5.3,0.8,4.4,0.7,26.2,2.2,1.4,0.7,12.9,16.9,0.9,0.7,3.4,1.8,8,5.1,5.3,45.3,49,49,49,49,49,49,49,49,38,38,38,38,36,41,42,38,42,41,40,40,41,41,41,41,41,41,59,58,62,58,59,60,60,59,59,59,59,59,59,43,42,No,No,No,No,No,No,No,No,No,No,No,No,No,No,No,No,No,No,No,No,No,No,No,No,No,No,No,No,No,No,No,No,No,No,No,No,No,No,No,No,No,No,51,51,42,0,0,0,0,0,0,0,1.25,33.305,23.183,14.435,7.284,0.479,150,175,48,6.2,2.4,4.3,1,0.7,8.3,1.6,4,0.5,3.3,0.5,19.3,1.5,1.1,0.5,9.8,12.6,0.7,0.5,3.6,1.8,8.6,5.5,8.5,0.7,9.3,5.4,1.5,43.1,0,41.8,0.7,0,0,0,0,31.6,0,0,0,0,0,0,0.3,0,96.2,98,91,93.6,77.8,97.2,78.9,89,94.1,33.8,98.2,32.9,97.9,2793.2,28,36,36,36,76,112,447,2,2,Yes,No,No,No,No,No,No,No,No,No,Yes,No,No,No,No,No,No,No,No,No,No,No,No,No,No,No,No,Yes,No,No,No,No,No,No,No,Yes,No,No,35,43,35,45,43,48,1.163,5.08,3.424,3.328,12.192,2.024,0.696,3.424,3.2,1.072,1.264,1.664,1.064,1,1,0.84,1.824,1105,1398,3316,47,42,39,1.245,19,40.5,1.245,1.26,1.8,1.8,1.125,5.04,0.875,No,No,No,40,1.245,1.26,1.8,1.8,1.125,5.04,1,No,No,No,56,56,71,100,100,No,No,14727,23930,36,36,No,No,1299,631,0,0,0.1,0.008,0.423,41488,65819,0,0,0,0,0,0,29.2,32,32.3,84,0.905,12.169,12.163,12.171,12.174,0,0,10.268,5.808,10.796,10.868,3.664,0.076,7.593,7.662,210,50.6,1185,35.3,1290,0,25,0,0,10.1,0,0.1,0,0,0,0,0,0,Yes,No,No,No,No,Yes,No,5.4,8.2,0,0,0,0,0,0,0,0,0,12,0,0,0,0,0,0,0,0,0,0,0,0,0,0,0,0,0,0,0,0,11038,1244,981,73,2.5,0,0,0,16.5,6.8,77.6,0.5,6.9,147.12,1912,12.88,1.24,502.42,503.7,0,1894,33,0.3,0.3,0,0,0,0,0,0
14.10.2025,15:24.2,22791,46625,32.8,17230,48091,26.3,0,1.277,1.312,1.312,1.287,1.277,1.262,1.273,1.273,1.273,1.263,1.263,1.263,1.263,1.251,4480.7,4888,4888,4788.3,4788.3,4788.3,4788.3,4788.3,4888,3790.7,3790.7,3790.7,3790.7,99.8,3591.2,195,28.2,41.8,25.6,451.6,242.6,128.9,135.1,29.2,716.2,217.5,50.8,25.1,169.6,613.5,25.4,46.7,275,157,90.8,428.5,187.8,4.9,0.6,10,0,9.8,5.1,0,2.8,0,0,20.3,0.3,0.5,0.5,13.3,0,0.9,10.2,6.2,4.3,13.1,20.3,4.9,100,5.6,0.8,1.2,0.7,13.7,7.1,4.2,3.9,0.9,20.4,6.4,1.4,0.7,4.9,17.4,0.7,1.3,7.8,4.4,2.5,12.1,5.6,44.9,49,49,48,48,48,48,48,49,38,38,38,38,36,43,42,43,42,41,43,41,46,41,43,43,43,43,57,58,57,58,59,57,59,54,59,57,57,57,57,49,46,No,No,No,No,No,No,No,No,No,No,No,No,No,No,No,No,No,No,No,No,No,No,No,No,No,No,No,No,No,No,No,No,No,No,No,No,No,No,No,No,No,No,47,47,42,0,0,0,0,0,0,0,1.25,17.446,23.742,15.002,7.284,0.475,150,175,24,6.5,3.1,4.7,0.7,0.9,0.5,9.8,5.2,2.7,2.9,0.6,15.2,4.8,1.1,0.5,3.7,13.3,0.5,1,8.8,4.8,2.9,13.1,9.8,2.5,21.4,6.9,2.8,51.7,0,29.8,1.4,0,0,0,0.7,30.8,0,0,0,0,0,0,1.7,0,90.9,95,97,85.4,75.9,95.3,65.4,83.2,93.2,26.3,98.2,48.7,96.9,2793.2,28,36,36,36,76,112,447,2,2,Yes,No,No,No,No,No,No,No,No,No,Yes,No,No,No,No,No,No,No,No,No,No,No,No,No,No,No,No,Yes,No,No,No,No,No,No,No,Yes,No,No,35,43,35,45,44,47,0.861,5.08,3.424,3.328,12.192,2.024,0.696,3.424,3.2,1.072,1.264,1.664,1.064,1,1,0.84,1.824,969,1330,3316,48,42,39,1.275,19,40.5,1.26,1.26,1.8,1.8,1.125,5.04,0.75,No,No,No,40,1.26,1.26,1.8,1.8,1.125,5.04,0.75,No,No,No,56,56,71,100,100,No,No,14727,23930,36,36,No,No,1299,631,1.6,0.1,1.6,2.765,0.626,41493,65821,0,0,0,0,0,0,29.2,32,32.2,84,0.905,12.17,12.164,12.171,12.174,0,0,10.27,5.931,11.138,11.173,3.762,0.047,7.748,7.648,210,50.6,1185,34.1,1290,0,21,0,0,10.1,0,0.1,0,0,0,0,0,0,Yes,No,No,No,No,Yes,No,5.6,8.6,0,0,0,0,0,0,0,0,0,12,0,0,0,0,0,0,0,0,0,0,0,0,0,0,0,0,0,0,0,0,11038,1244,981,73,2.5,0,0,0,16.5,5.9,83.6,0.5,5.9,170.09,1897.63,11.97,1.53,498.4,499.94,0,1894,33,0.5,0.2,0,0,0,0,0,0
14.10.2025,15:26.2,22793,46623,32.8,17235,48085,26.3,0,1.287,1.323,1.279,1.279,1.249,1.274,1.286,1.306,1.306,1.296,1.281,1.281,1.281,1.251,4522.3,4888,4888,4888,4888,4888,4888,4888,4888,3790.7,3790.7,3790.7,3790.7,99.8,3591.2,212.7,58.6,30.7,25.4,413.9,244,32,79.9,80.7,757.5,139.7,59.3,25.4,189.3,728.7,26.1,25.1,345,263.6,250.2,479.6,195.8,7.5,1.3,1.5,0.5,9.1,5.9,2.2,2.5,13.8,29.8,0,2,0.5,19.7,15.3,1.3,1.3,10.6,8.8,7.8,15.5,29.8,7.5,100,6.1,1.7,0.9,0.7,11.8,7,1,2.3,2.3,21.6,4.1,1.7,0.7,5.5,20.9,0.7,0.7,9.7,7.4,7.1,13.6,6.1,45.3,49,49,49,49,49,49,49,49,38,38,38,38,36,42,41,43,42,40,43,40,44,41,41,41,41,41,58,59,57,58,60,57,60,56,59,59,59,59,59,44,44,No,No,No,No,No,No,No,No,No,No,No,No,No,No,No,No,No,No,No,No,No,No,No,No,No,No,No,No,No,No,No,No,No,No,No,No,No,No,No,No,No,No,44,42,42,0,0,0,0,0,0,0,1.25,14.274,23.657,14.848,7.334,0.486,150,175,24,5.9,2.4,5.3,1.4,0.7,0.5,9.1,5.2,0.7,1.7,1.7,16.1,3,1.3,0.5,4.1,15.9,0.6,0.5,11.2,8.7,8.4,15.4,8.8,3.7,18.5,1.4,0.4,35.8,0.5,45.8,0,0,0,0,0,29.6,0,0,0,0,0,0,0,0,88.5,91.1,91.4,83.8,77.6,93.7,69.7,91.4,95.5,42.6,97.4,31.8,98.7,2793.2,28,36,36,36,76,112,447,2,2,Yes,No,No,No,No,No,No,No,No,No,Yes,No,No,No,No,No,No,No,No,No,No,No,No,No,No,No,No,Yes,No,No,No,No,No,No,No,Yes,No,No,35,43,35,45,44,46,1.163,5.08,3.424,3.328,12.192,2.024,0.696,3.424,3.2,1.072,1.264,1.648,1.064,1,1,0.84,1.824,989,1313,3349,48,42,39,1.28,14,40.5,1.26,1.26,1.8,1.8,1.125,5.04,1.125,No,No,No,40,1.26,1.26,1.8,1.8,1.125,5.04,0.75,No,No,No,56,56,71,100,100,No,No,14727,23930,36,36,No,No,1299,631,0,0.2,0.2,0,0.952,41493,65822,0,0,0,0,0,0,29.2,32,32.3,84,0.905,12.172,12.168,12.173,12.175,0,0,10.22,5.947,10.482,10.992,4.018,0.531,7.585,8.023,210,50.6,1185,35.2,1290,0,27,0,0,10.1,0,0.1,0,0,0,0,0,0,Yes,No,No,No,No,Yes,No,5.5,7.2,0,0,0,0,0,0,0,0,0,12,0,0,0,0,0,0,0,0,0,0,0,0,0,0,0,0,0,0,0,0,11038,1244,981,73,2.5,0,0,0,16.5,5.1,61.4,0.5,5.2,194.79,1927.02,16.28,1.3,665.32,666.51,0,1894,33,0.2,0.3,0,0,0,0,0,0
14.10.2025,15:28.2,22792,46624,32.8,17232,48088,26.3,0,1.281,1.321,1.314,1.275,1.295,1.28,1.275,1.275,1.28,1.206,1.281,1.281,1.293,1.251,4522.3,4888,4888,4888,4888,4888,4888,4888,4888,3790.7,3790.7,3790.7,3790.7,99.8,3591.2,250.5,30.3,25.6,25.2,223.8,119.8,60.4,58.1,25,830.8,29.6,29.7,24.9,35.2,813.4,29.3,26.2,719.6,623.9,441.1,838.2,207.3,8.7,0.8,0,13.9,5.1,3.4,14,2.1,1.3,17.6,4.3,2.2,0.6,0,18.3,0,0,25.8,20.9,15.2,27.8,27.8,8.7,100,7.1,0.9,0.7,0.7,6.5,3.4,1.7,1.7,0.7,23.7,1,0.9,0.7,1.1,23,0.8,0.7,20.1,17.4,12.4,23.4,7.1,45.3,49,49,49,49,49,49,49,49,38,38,38,38,36,43,42,40,43,41,40,40,43,41,47,47,47,46,57,58,60,57,59,60,60,57,59,53,53,53,54,44,47,No,No,No,No,No,No,No,No,No,No,No,No,No,No,No,No,No,No,No,No,No,No,No,No,No,No,No,No,No,No,No,No,No,No,No,No,No,No,No,No,No,No,54,54,42,0,0,0,0,0,0,0,1.25,22.203,24.46,15.633,7.356,0.483,150,175,32,3.7,1.7,7,0.8,0.5,0.5,5,2.6,1.3,1.3,0.5,17.6,0.6,0.6,0.5,0.7,17.7,0.6,0.6,25.2,20.9,14.5,27.8,7.9,2.3,17.6,2.6,0,25.5,0,46.7,0,0,0,0,0,25.9,0,0,0,0,0,0,1.6,0,74.3,78.8,85.2,71.3,80.4,95.8,75.1,92.4,97.7,53.7,98.6,31.2,98.7,2793.2,28,36,36,36,76,112,447,2,2,Yes,No,No,No,No,No,No,No,No,No,Yes,No,No,No,No,No,No,No,No,No,No,No,No,No,No,No,No,Yes,No,No,No,No,No,No,No,Yes,No,No,35,43,35,48,43,48,1.199,5.08,3.424,3.328,12.192,2.024,0.696,3.424,3.2,1.072,1.264,1.664,1.064,1,1,0.84,1.824,1023,1303,3358,48,42,39,1.255,19,40.5,1.26,1.26,1.8,1.8,1.125,5.04,1,No,No,No,40,1.26,1.26,1.8,1.8,1.125,5.04,1,No,No,No,56,56,71,100,100,No,No,14727,23930,36,36,No,No,1299,631,0,0.1,0.1,0,0.557,41493,65823,0,0,0,0,0,0,29.2,32,32.3,84,0.905,12.169,12.163,12.171,12.173,0,0,10.685,5.786,10.469,10.747,3.774,0.286,7.564,7.664,210,50.6,1185,38,1290,0,8,0,0,10.1,0,0.1,0,0,0,0,0,0,Yes,No,No,No,No,Yes,No,5.4,8.3,0,0,0,0,0,0,0,0,0,12,0,0,0,0,0,0,0,0,0,0,0,0,0,0,0,0,0,0,0,0,11038,1244,981,73,2.5,0,0,0,16.5,4.6,60.3,0.5,4.6,218.37,1931.58,16.59,1.32,666.87,668.18,0,1894,33,0.2,0.2,0,0,0,0,0,0
14.10.2025,15:30.2,22791,46625,32.8,17227,48093,26.3,0,1.286,1.332,1.3,1.265,1.272,1.272,1.281,1.281,1.266,1.286,1.275,1.295,1.313,1.251,4106.6,4788.3,798,4788.3,4788.3,4788.3,4788.3,4788.3,4788.3,3591.2,3790.7,3790.7,3790.7,99.8,3591.2,398.1,41.2,25.2,27.8,422.2,316.4,25.9,158.3,65.6,854.3,30.4,103.8,25.1,27.2,534.3,27.2,25.2,1356.2,1307.1,1036.2,1552.7,298.5,12.5,0.9,0,0,9.3,6.8,0,3.5,0,18.2,0,2.1,0.5,2.1,11.9,1.4,11,47.7,45.7,35.7,53.2,53.2,12.5,100,11.4,1.2,0.7,0.8,13.1,9.9,0.8,4.9,1.9,24.3,1,2.7,0.7,0.8,15.6,0.8,0.7,38.2,36.5,29,43.6,11.4,41.2,48,8,48,48,48,48,48,48,36,38,38,38,36,45,42,40,44,41,42,48,42,43,50,50,50,48,55,58,60,56,59,58,52,58,57,50,50,50,52,47,50,No,No,No,No,No,No,No,No,No,No,No,No,No,No,No,No,No,No,No,No,No,No,No,No,No,No,No,No,No,No,No,No,No,No,No,No,No,No,No,No,No,No,49,49,42,0,0,0,0,0,0,0,1.25,23.789,30.199,21.093,7.593,0.509,150,175,40,0,0,12,0.9,0.5,0.6,9.3,6.8,0.5,3.5,1.4,18.1,0.6,2.3,0.5,0.6,11.8,0.6,0.5,47.3,45.6,35.6,52.8,8.9,0.7,38.7,9.7,5.5,18.7,0.8,32.3,0,0,0,0,0,18.2,0,0,0,0,2.4,0,0,0,51.9,53.8,63.8,46.4,77.4,97.7,48.1,80.3,88.3,57.4,95.9,52.5,98.6,2793.2,28,36,36,36,76,112,447,2,2,Yes,No,No,No,No,No,No,No,No,No,Yes,No,No,No,No,No,No,No,No,No,No,No,No,No,No,No,No,Yes,No,No,No,No,No,No,No,Yes,No,No,35,43,35,48,43,47,1.217,5.08,3.424,3.328,12.192,2.024,0.696,3.424,3.2,1.072,1.264,1.648,1.064,1,1,0.84,1.824,1044,1331,3383,48,42,39,1.275,26,40.5,1.26,1.26,1.8,1.8,1.125,5.04,1,No,No,No,40,1.26,1.26,1.8,1.815,1.125,5.04,0.875,No,No,No,57,57,71,100,100,No,No,14727,23930,36,36,No,No,1299,631,0.2,1.9,2.1,0.026,13.794,41493,65850,0,0,0,0,0,0,29.2,32,32.3,84,0.905,12.17,12.164,12.172,12.175,0,0,10.213,5.83,10.559,10.87,3.835,0.32,7.561,7.665,210,50.6,1185,31.5,1290,0,29,0,0,10.1,0,0.1,0,0,0,0,0,0,Yes,No,No,No,No,Yes,No,5.4,8.3,0,0,0,0,0,0,0,0,0,12,0,0,0,0,0,0,0,0,0,0,0,0,0,0,0,0,0,0,0,0,11038,1244,981,73,2.5,0,0,0,16.5,4.2,77.1,0.5,4.2,240.71,1930.67,12.97,1.38,664.86,666.35,0,1894,33,0.5,0.3,0,0,0,0,0,0
14.10.2025,15:32.3,22865,46551,32.9,17246,48074,26.4,0,1.284,1.31,1.305,1.302,1.282,1.272,1.287,1.257,1.276,1.271,1.271,1.271,1.301,1.251,4364.3,4688.5,4788.3,4788.3,4688.5,4788.3,4788.3,4788.3,4688.5,3591.2,3591.2,3591.2,3591.2,99.8,3591.2,529.7,33.6,25.1,26.4,436,447.7,26.2,175.9,25.6,874.2,30.1,130,25.9,27.9,712.5,36.2,25.5,2028.4,1837.3,1508.1,2162.3,384.7,18.4,0.8,3.5,12.2,9.5,9.6,14,4,0,18.7,12.8,3.1,0,9.7,15.9,1.6,0.5,67.5,61.4,50.7,72.6,72.6,18.4,100,15.2,1,0.7,0.8,14.7,14.9,0.8,5.2,0.7,25,1,4.1,0.8,0.9,20.4,1.1,0.7,57.1,51.8,42.4,60.9,15.2,43.8,47,48,48,47,48,48,48,47,36,36,36,36,36,47,43,47,43,45,52,43,51,44,49,49,49,49,53,57,53,57,55,48,57,49,56,51,51,51,51,54,52,No,No,No,No,No,No,No,No,No,No,No,No,No,No,No,No,No,No,No,No,No,No,No,No,No,No,No,No,No,No,No,No,No,No,No,No,No,No,No,No,No,No,46,46,42,0,0,0,0,0,0,0,1.25,23.789,34.621,25.263,7.829,0.527,150,175,24,0,0,15.9,0.8,0.5,0.6,9.6,9.8,0.5,4,0.5,18.7,0.6,2.9,0.5,0.6,16,0.8,0.5,67,60.8,50.3,72,13.9,5,32.6,24.5,8.4,30.7,8.1,55.4,2.1,0,0,0,0,12.6,0,0,0,0,4.6,0,0.2,0,32,38.3,48.9,27,68.1,93.3,52.9,60.9,85.6,42.8,87.5,25.6,96,2793.2,28,36,36,36,76,112,447,2,2,Yes,No,No,No,No,No,No,No,No,No,Yes,No,No,No,No,No,No,No,No,No,No,No,No,No,No,No,No,Yes,No,No,No,No,No,No,No,Yes,No,No,35,43,35,50,45,47,1.243,5.08,3.424,3.328,12.192,2.024,0.696,3.424,3.2,1.072,1.264,1.664,1.064,1,1,0.84,1.824,1062,1347,3383,48,42,39,1.28,15,40.5,1.26,1.26,1.8,1.8,1.125,5.04,0.875,No,No,No,40,1.26,1.26,1.8,1.8,1.11,5.04,0.75,No,No,No,57,57,71,100,100,No,No,14727,23930,36,36,No,No,1299,631,1.3,2.4,3.7,0.522,12.002,41494,65873,0,0,0,0,0,0,30.1,34,32.8,84,0.96,12.157,12.143,12.174,12.154,0,0,15.579,14.31,18.729,28.95,16.456,12.489,10.615,10.67,2505,1312.7,2055,578.7,2025,0,0,0,0,10.1,0,0.1,0,0,0,0,0,0,Yes,No,No,No,No,Yes,No,15.6,19.5,0,0,0,0,0,0,0,0,0,13,0,0,0,0,0,0,0,0,0,0,0,0,0,0,0,0,0,0,0,0,11038,1244,981,73,16,0,0,0,16.5,3.9,112.5,0.5,3.9,257.88,1915.88,8.89,1.34,502.11,503.44,0,1894,33,0.3,0.2,0,0,0,0,0,2.259
14.10.2025,15:34.3,22793,46623,32.8,17226,48094,26.3,0,1.284,1.333,1.285,1.285,1.28,1.28,1.285,1.275,1.29,1.28,1.265,1.276,1.28,1.251,4514,4888,4788.3,4888,4888,4888,4888,4888,4888,3790.7,3790.7,3790.7,3790.7,99.8,3591.2,354.5,41.4,25.1,25.5,187.5,136.3,34.3,91,36.7,762.8,29.1,182.4,25.3,33.4,593,50.2,24.9,1240.1,1175,1005.9,1389.9,260.8,10.9,0.9,1.3,0,4.5,3.2,3.8,2.1,2.3,16.3,0,3.9,0,0,13.1,0,0.5,42.1,41,34.7,47.9,47.9,10.9,100,10.1,1.2,0.7,0.7,5.6,4.1,1,2.6,1.1,21.8,1,5.2,0.7,1,17.2,1.4,0.7,34.9,33.1,28.1,39.1,10.1,45.2,49,48,49,49,49,49,49,49,38,38,38,38,36,44,42,41,44,42,43,43,43,43,47,47,46,46,56,58,59,56,58,57,57,57,57,53,53,54,54,46,47,No,No,No,No,No,No,No,No,No,No,No,No,No,No,No,No,No,No,No,No,No,No,No,No,No,No,No,No,No,No,No,No,No,No,No,No,No,No,No,No,No,No,47,47,42,0,0,0,0,0,0,0,1.25,34.891,29.349,19.419,8.425,0.501,150,175,40,0,0,10.7,0.9,0.5,0.5,4.5,3.2,0.8,2.1,0.8,16.3,0.6,3.9,0.5,0.7,13.1,1.1,0.5,41.8,40.7,34.6,47.6,11,1.1,32.8,13.6,4.6,41.5,1.1,36.9,0.8,0,0,0,0,19.6,0,0,0,0,1.7,0,0,0,57.6,58.7,65,51.7,75.7,97.2,60.2,80.8,91.6,38.1,93.8,46.8,97.3,2793.2,28,36,36,36,76,112,447,2,2,Yes,No,No,No,No,No,No,No,No,No,Yes,No,No,No,No,No,No,No,No,No,No,No,No,No,No,No,No,Yes,No,No,No,No,No,No,No,Yes,No,No,35,43,35,50,42,48,1.172,5.08,3.424,3.328,12.192,2.024,0.696,3.424,3.2,1.072,1.264,1.648,1.064,1,1,0.84,1.824,1073,1437,3400,48,42,39,1.27,20,40.5,1.26,1.26,1.8,1.8,1.125,5.04,0.75,No,No,No,40,1.26,1.26,1.8,1.8,1.125,5.04,0.75,No,No,No,57,57,71,100,100,No,No,14727,23930,36,36,No,No,1299,631,0.1,6.4,6.5,0.016,7.708,41494,65887,0,0,0,0,0,0,30.1,36,33.1,84,0.93,12.165,12.157,12.175,12.161,0,0,31.366,11.856,17.219,23.803,12.319,7.978,9.86,10.428,555,101.2,1965,2505,1965,0,0,0,0,10.1,0,0,0,0,0,0,0,0,Yes,No,No,No,No,Yes,No,12.6,11.5,0,0,0,0,0,0,0,0,0,14,0,0,0,0,0,0,0,0,0,0,0,0,0,0,0,0,0,0,0,0,11038,1244,981,73,5,0,0,0,16.5,4.4,61.6,0.6,4.5,226.87,1576.93,16.23,0.41,134.9,135.35,0,1894,33,0.4,0.2,0,0,0,0,0,1.386
14.10.2025,15:36.3,22786,46630,32.8,17221,48099,26.3,0,1.292,1.319,1.287,1.292,1.292,1.292,1.297,1.277,1.282,1.288,1.303,1.288,1.288,1.251,4447.5,4888,4888,4888,4888,4888,4888,4888,4788.3,3591.2,3591.2,3591.2,3591.2,99.8,3591.2,351.5,27.4,25.8,25.4,246.7,142.3,25.3,122.3,25.5,754.2,29.6,191.8,25.4,26.7,452.8,32.9,25,1217,1224.2,936.5,1473,256.7,11.3,0.6,1.3,2.8,5.6,3.1,0,2.7,2,16.1,1.3,4,1.2,1.3,10.1,0.7,0.5,44.3,43,33.3,51.8,51.8,11.3,100,10,0.8,0.7,0.7,7.7,4.7,0.7,3.5,0.7,21.8,1,5.4,0.7,0.8,13.1,0.9,0.7,34.2,34.3,26.4,41.3,10,44.6,49,49,49,49,49,49,49,48,36,36,36,36,36,44,42,40,44,42,42,44,42,42,48,48,48,48,56,58,60,56,58,58,56,58,58,52,52,52,52,46,48,No,No,No,No,No,No,No,No,No,No,No,No,No,No,No,No,No,No,No,No,No,No,No,No,No,No,No,No,No,No,No,No,No,No,No,No,No,No,No,No,No,No,48,48,42,0,0,0,0,0,0,0,1.25,26.961,28.537,19.119,7.915,0.5,150,175,40,0,0,11,0.6,0.5,0.5,5.7,3.2,0.5,2.7,0.5,16.2,0.6,4.1,0.5,0.6,10.1,0.7,0.5,44.1,42.9,33,51.6,9.5,1.1,37.4,5.1,4,37.3,2.7,25.8,0,0,0,0,0,19,0,0,0,0,1.2,1.1,0,0,55.3,56.5,66.5,47.7,78.1,97.5,53.8,89.3,91.8,42,91.2,60.6,98.6,2793.2,28,36,36,36,76,112,447,2,2,Yes,No,No,No,No,No,No,No,No,No,Yes,No,No,No,No,No,No,No,No,No,No,No,No,No,No,No,No,Yes,No,No,No,No,No,No,No,Yes,No,No,35,43,35,49,42,48,1.199,5.08,3.424,3.328,12.192,2.024,0.696,3.424,3.2,1.072,1.264,1.648,1.064,1,1,0.84,1.824,1083,1453,3400,48,42,39,1.265,18,40.5,1.26,1.26,1.8,1.8,1.125,5.04,0.75,No,No,No,40,1.26,1.26,1.8,1.8,1.125,5.04,0.75,No,No,No,57,57,71,100,100,No,No,14727,23930,36,36,No,No,1299,631,0,1.8,1.9,0.008,14.559,41494,65915,0,0,0,0,0,0,29.5,34,32.6,84,0.905,12.169,12.164,12.171,12.173,0,0,12.325,6.056,11.127,11.514,4.09,0.392,7.587,7.682,210,50.6,1185,66.3,1290,0,16,0,0,10.1,0,0,0,0,0,0,0,0,Yes,No,No,No,No,Yes,No,5.8,7.4,1,0,0,0,0,0,0,0,0,15,0,0,0,0,0,0,0,0,0,0,0,0,0,0,0,0,0,0,0,0,11038,1244,981,73,2.5,0,0,0,16.5,4.1,57.7,0.6,4.1,246.13,1736.89,17.33,0.37,612.47,612.72,0,1894,33,0.2,0.2,0,0,0,0,0,0
14.10.2025,15:38.3,22771,46645,32.8,17198,48123,26.3,0,1.281,1.32,1.296,1.303,1.268,1.288,1.278,1.263,1.273,1.205,1.289,1.284,1.299,1.251,4505.6,4788.3,4888,4888,4788.3,4888,4888,4888,4888,3790.7,3790.7,3790.7,3790.7,99.8,3591.2,373.6,42.5,25.7,25.6,278.1,167.3,25.4,119.9,29.6,638.6,29.3,125.7,25.4,27,628.7,114.6,26.1,1346.6,1187.2,1064.5,1543.4,270.2,13.1,0.9,0,6.4,6.2,3.7,5,1.1,1.4,13.8,16.8,1.3,7.1,3.6,13.6,2.4,1.3,48,40.6,36.1,53.2,53.2,13.1,100,10.7,1.2,0.7,0.7,9.5,6,0.7,3.5,0.8,18.3,1,3.7,0.7,0.8,18,3.2,0.7,37.8,33.4,30,43.4,10.7,45.2,48,49,49,48,49,49,49,49,38,38,38,38,36,44,42,40,44,42,43,41,44,43,46,46,46,46,56,58,60,56,58,57,59,56,57,54,54,54,54,46,46,No,No,No,No,No,No,No,No,No,No,No,No,No,No,No,No,No,No,No,No,No,No,No,No,No,No,No,No,No,No,No,No,No,No,No,No,No,No,No,No,No,No,48,48,42,0,0,0,0,0,0,0,1.25,25.375,29.31,20.241,7.559,0.502,150,175,40,0,0,11.4,0.9,0.5,0.5,6.3,3.7,0.5,2.7,0.6,13.9,0.6,2.7,0.5,0.6,13.6,2.4,0.6,47.8,40.3,35.8,52.8,9.2,1.1,29.5,3.5,1.6,48.9,2.5,22.8,0,0,0,0,0,18.6,0,0,0,0,0,0,2.2,0,51.5,59.1,63.7,46.5,78,97.1,60.1,89.8,94,34.3,93.5,58.1,96.8,2793.2,28,36,36,36,76,112,447,2,2,Yes,No,No,No,No,No,No,No,No,No,Yes,No,No,No,No,No,No,No,No,No,No,No,No,No,No,No,No,Yes,No,No,No,No,No,No,No,Yes,No,No,34,43,34,47,42,48,1.261,5.08,3.424,3.328,12.192,2.024,0.696,3.424,3.2,1.072,1.264,1.664,1.064,1,1,0.84,1.824,1074,1450,3461,48,42,39,1.265,19,40.5,1.26,1.26,1.8,1.8,1.125,5.04,0.875,No,No,No,40,1.26,1.26,1.8,1.8,1.125,5.04,0.75,No,No,No,57,57,71,100,100,No,No,14727,23930,36,36,No,No,1299,631,0.1,1.2,1.2,0.05,8.446,41494,65931,0,0,0,0,0,0,29.4,32,32.5,84,0.905,12.169,12.163,12.171,12.174,0,0,10.35,6.132,10.69,10.93,3.798,0.241,9.593,7.67,210,50.6,1185,34.8,1290,0,19,0,0,10.1,0,0.1,0,0,0,0,0,0,Yes,No,No,No,No,Yes,No,5.5,8.4,1,0,0,0,0,0,0,0,0,15,0,0,0,0,0,0,0,0,0,0,0,0,0,0,0,0,0,0,0,0,11038,1244,981,73,2.5,0,0,0,16.5,3.7,76.8,0.5,3.8,267.16,1933.05,13.02,1.13,666.22,667.22,0,1894,33,20.8,11.3,0,0,0,0,0,0
14.10.2025,15:40.3,22772,46644,32.8,17203,48117,26.3,0,1.273,1.303,1.305,1.27,1.26,1.266,1.276,1.271,1.271,1.198,1.283,1.286,1.286,1.251,4522.3,4888,4888,4888,4888,4888,4888,4888,4888,3790.7,3790.7,3790.7,3790.7,99.8,3591.2,360.9,27.4,25.2,25.5,365.2,171.2,25,213.1,25.4,703.1,28.8,138.1,25.9,27.5,538.3,27.8,24.8,1346.2,1127.3,911.1,1441.5,270.3,11.7,0.7,0,8.4,8.2,3.8,8.4,6.1,0,15.2,0,3,0.6,0.6,11.9,0,0,46.9,38,32.1,50.7,50.7,11.7,100,10.3,0.8,0.7,0.7,11.7,5.9,0.7,6.1,0.7,20.3,0.9,3.9,0.7,0.8,15.5,0.8,0.7,37.8,31.7,25.6,40.5,10.3,45.3,49,49,49,49,49,49,49,49,38,38,38,38,36,43,42,40,44,42,39,43,41,42,46,46,46,46,57,58,60,56,58,61,57,59,58,54,54,54,54,47,46,No,No,No,No,No,No,No,No,No,No,No,No,No,No,No,No,No,No,No,No,No,No,No,No,No,No,No,No,No,No,No,No,No,No,No,No,No,No,No,No,No,No,45,44,42,0,0,0,0,0,0,0,1.25,26.961,29,19.951,7.546,0.5,150,175,40,0,0,10.9,0.6,0.5,0.5,8.1,3.8,0.5,4.6,0.5,15.1,0.6,2.9,0.5,0.6,11.8,0.6,0.5,46.6,37.8,31.9,50.3,9.1,1.1,38.3,4.5,0,40.9,1.3,23.4,0,0,0,0,0,19.3,0,0,0,0,0,0,0,0,52.7,61.7,67.7,49,78.2,97.6,49.7,88.8,93.9,40.7,94.8,61.4,98.6,2793.2,28,36,36,36,76,112,447,2,2,Yes,No,No,No,No,No,No,No,No,No,Yes,No,No,No,No,No,No,No,No,No,No,No,No,No,No,No,No,Yes,No,No,No,No,No,No,No,Yes,No,No,34,43,34,47,44,47,1.252,5.04,3.424,3.328,12.192,2.024,0.696,3.424,3.2,1.072,1.264,1.664,1.064,1,1,0.84,1.824,1057,1434,3383,47,42,39,1.265,19,40.5,1.26,1.26,1.8,1.8,1.125,5.04,0.75,No,No,No,40,1.26,1.26,1.8,1.8,1.125,5.04,0.75,No,No,No,57,57,71,100,100,No,No,14727,23930,36,36,No,No,1299,631,0,1.3,1.3,0.016,10.095,41495,65951,0,0,0,0,0,0,29.4,32,32.6,84,0.905,12.171,12.165,12.172,12.175,0,0,10.991,5.846,10.898,10.98,3.713,0.087,7.577,7.665,210,50.6,1185,33.9,1290,0,18,0,0,10.1,0,0.1,0,0,0,0,0,0,Yes,No,No,No,No,Yes,No,5.5,8.4,1,0,0,0,0,0,0,0,0,15,0,0,0,0,0,0,0,0,0,0,0,0,0,0,0,0,0,0,0,0,11038,1244,981,62,2.5,0,0,0,16.5,3.5,86.5,0.5,3.5,287.08,1928.78,11.56,1.47,663.87,665.39,0,1894,33,3.8,1.2,0,0,0,0,0,0
14.10.2025,15:42.3,22776,46640,32.8,17206,48114,26.3,0,1.292,1.3,1.304,1.319,1.305,1.29,1.29,1.294,1.274,1.274,1.294,1.279,1.279,1.251,4447.5,4888,4888,4888,4888,4888,4888,4888,4788.3,3591.2,3591.2,3591.2,3591.2,99.8,3591.2,352.6,45,25,26.7,270.3,128.4,26.2,139.3,31.2,674.7,28.6,134.7,25.1,27.2,590.8,25.6,25.3,1124,1317.2,961.6,1424.6,259.2,12.4,0.9,3.5,1.3,6.1,2.8,1.3,3,1.4,14.4,4.9,4.3,0.4,2,12.9,15.6,1.2,40.9,47.4,33.2,51.1,51.1,12.4,100,10,1.3,0.7,0.8,8,3.8,0.8,4,0.9,19.6,0.9,3.8,0.7,0.8,17,0.7,0.7,31.7,36.9,27,39.9,10,44.6,49,49,49,49,49,49,49,48,36,36,36,36,36,44,42,41,44,41,42,42,42,43,49,49,49,49,56,58,59,56,59,58,58,58,57,51,51,51,51,47,49,No,No,No,No,No,No,No,No,No,No,No,No,No,No,No,No,No,No,No,No,No,No,No,No,No,No,No,No,No,No,No,No,No,No,No,No,No,No,No,No,No,No,49,49,42,0,0,0,0,0,0,0,1.25,26.961,27.859,18.816,7.54,0.5,150,175,40,0,0,11,0.9,0.5,0.6,6.2,2.9,0.6,3,0.7,14.5,0.6,2.9,0.5,0.6,12.9,0.6,0.5,40.6,47.3,33.1,50.9,7.6,0.7,31.9,4,0.7,31.6,0.7,21.2,0,0,0,0,0,19,0,0,0,0,2.2,0.1,0,0,58.7,52.1,66.4,48.4,81,97.7,59,91.2,94.6,48.5,95.3,62.6,98.8,2793.2,28,36,36,36,76,112,447,2,2,Yes,No,No,No,No,No,No,No,No,No,Yes,No,No,No,No,No,No,No,No,No,No,No,No,No,No,No,No,Yes,No,No,No,No,No,No,No,Yes,No,No,34,43,34,49,42,47,1.225,5.08,3.424,3.328,12.192,2.024,0.696,3.424,3.2,1.072,1.264,1.664,1.064,1,1,0.84,1.824,1033,1396,3426,48,42,39,1.25,14,40.5,1.26,1.26,1.8,1.8,1.125,5.04,0.75,No,No,No,40,1.26,1.26,1.8,1.815,1.125,5.04,0.75,No,No,No,57,57,72,100,100,No,No,14727,23930,36,36,No,No,1299,631,0,1.5,1.6,0.04,11.605,41495,65973,0,0,0,0,0,0,29.4,32,32.6,84,0.905,12.168,12.162,12.17,12.173,0,0,10.628,6.158,10.83,11.695,4.467,0.866,7.575,7.67,210,50.6,1185,31.5,1290,11,3,0,0,10.1,0,0.2,0,0,0,0,0,0,Yes,No,No,No,No,Yes,No,5.8,7.9,1,0,0,0,0,0,0,0,0,15,0,0,0,0,0,0,0,0,0,0,0,0,0,0,0,0,0,0,0,0,11038,1244,981,62,2.5,0,0,0,16.5,3.3,63.1,0.5,3.3,306.12,1930.53,15.85,1.28,665.94,667.26,0,1894,33,0.3,0.2,0,0,0,0,0,0
14.10.2025,15:44.3,22777,46639,32.8,17204,48116,26.3,0,1.273,1.32,1.295,1.269,1.254,1.284,1.279,1.279,1.279,1.27,1.27,1.27,1.202,1.251,4522.3,4888,4888,4888,4888,4888,4888,4888,4888,3790.7,3790.7,3790.7,3790.7,99.8,3591.2,396.2,20.7,25.2,25.9,488,294.2,31.7,136.3,25.2,879.7,29,167.7,25.1,27.1,645.3,32.7,24.8,1339.8,1320.9,915.1,1469.1,307.7,11.4,0.5,0.5,0,10.7,6.1,0,3.1,0.5,18.9,0,3.6,0.5,4.3,14.4,0.7,0,43.8,43.2,29.6,48.2,48.2,11.4,100,11.3,0.6,0.7,0.8,15.1,9.2,0.9,4.1,0.7,25.4,0.9,4.9,0.7,0.8,18.8,0.9,0.7,37.7,37.1,25.8,41.2,11.3,45.3,49,49,49,49,49,49,49,49,38,38,38,38,36,44,42,40,51,42,40,43,42,43,47,47,47,49,56,58,60,49,58,60,57,58,57,53,53,53,51,46,51,No,No,No,No,No,No,No,No,No,No,No,No,No,No,No,No,No,No,No,No,No,No,No,No,No,No,No,No,No,No,No,No,No,No,No,No,No,No,No,No,No,No,46,46,42,0,0,0,0,0,0,0,1.25,30.133,31.186,22.101,7.579,0.506,150,175,48,0,0,11.3,0.5,0.5,0.5,10.8,6.3,0.7,3.1,0.5,18.9,0.6,3.6,0.5,0.6,14.3,0.7,0.5,43.5,42.9,29.4,48,14.2,1.1,43.1,9.6,6.8,53.1,3.2,52.1,1.2,0,0,0,0,19.5,0,0,0,0,0,0,0,0,55.8,56.5,70.1,51.2,69.3,97.7,42.3,80.5,88.3,25.2,92,30.9,97.3,2793.2,28,36,36,36,76,112,447,2,2,Yes,No,No,No,No,No,No,No,No,No,Yes,No,No,No,No,No,No,No,No,No,No,No,No,No,No,No,No,Yes,No,No,No,No,No,No,No,Yes,No,No,34,43,34,49,43,47,1.27,5.08,3.424,3.328,12.192,2.024,0.696,3.424,3.2,1.072,1.264,1.648,1.064,1,1,0.84,1.824,1015,1373,3375,47,42,39,1.28,28,40.5,1.26,1.26,1.8,1.8,1.17,5.04,0.875,No,No,No,39.8,1.26,1.26,1.8,1.8,1.095,5.04,0.75,No,No,No,57,57,72,100,100,No,No,14727,23930,36,36,No,No,1299,631,0,2,2.1,0.016,14.561,41495,66001,0,0,0,0,0,0,29.4,32,32.6,84,0.905,12.17,12.163,12.172,12.175,0,0,11.148,5.834,10.431,10.845,3.896,0.422,7.574,7.67,210,50.6,1185,42.4,1290,0,29,0,0,10.1,0,0.2,0,0,0,0,0,0,Yes,No,No,No,No,Yes,No,5.5,8.3,1,0,0,0,0,0,0,0,0,15,0,0,0,0,0,0,0,0,0,0,0,0,0,0,0,0,0,0,0,0,11038,1244,981,62,2.5,0,0,0,16.5,4.4,69.8,1.9,4.5,226.89,516.38,14.32,1.43,76.03,77.46,0,1894,33,3.6,3.5,0,0,0,0,0,0
14.10.2025,15:46.3,22774,46643,32.8,17205,48115,26.3,0,1.281,1.313,1.308,1.273,1.259,1.259,1.274,1.279,1.274,1.268,1.293,1.288,1.288,1.251,4497.3,4688.5,4788.3,4888,4888,4888,4888,4888,4888,3790.7,3790.7,3790.7,3790.7,99.8,3591.2,373.9,42.6,13.5,26,496.8,221.8,204.6,139.2,25.3,294.7,331.6,150.5,25.1,26.6,442.1,46.2,25,1208.1,1196.5,936.6,1624.5,273.1,11.7,1,1.9,0.6,10.7,5.1,0,3.1,1.4,4.2,18,3.3,0.6,0,9.8,0,2.9,41.8,40.9,32.1,56.7,56.7,11.7,100,10.9,1.2,0.4,0.8,17,8.2,7,4.1,0.7,8.5,9.6,4.2,0.7,0.8,12.7,1.3,0.7,33.9,33.7,26.3,45.7,10.9,45.1,47,48,49,49,49,49,49,49,38,38,38,38,36,44,43,41,46,42,41,43,43,43,47,47,47,47,56,57,59,54,58,59,57,57,57,53,53,53,53,46,47,No,No,No,No,No,No,No,No,No,No,No,No,No,No,No,No,No,No,No,No,No,No,No,No,No,No,No,No,No,No,No,No,No,No,No,No,No,No,No,No,No,No,66,66,42,0,0,0,0,0,0,0,1.25,42.821,30.067,20.999,7.563,0.502,150,175,64,0,0,11.2,0.9,0.3,0.5,10.7,4.9,4.3,3.1,0.5,6.4,7.2,3.2,0.5,0.6,9.8,1,0.5,41.6,40.5,31.9,56.2,9.4,1.4,33,16.9,5.7,39.2,0.9,16.2,0,0,0,0,0,18.9,0,0,0,0,0,0,0,0,57.7,58.9,67.6,43.1,77,97.1,50.7,69.4,89.6,45,95,70.7,98.2,2793.2,28,36,36,36,76,112,447,2,2,Yes,No,No,No,No,No,No,No,No,No,Yes,No,No,No,No,No,No,No,No,No,No,No,No,No,No,No,No,Yes,No,No,No,No,No,No,No,Yes,No,No,34,43,34,59,42,47,1.243,5.08,3.424,3.328,12.192,2.024,0.696,3.424,3.2,1.072,1.264,1.648,1.064,1,1,0.84,1.824,1039,1431,3391,48,42,39,1.295,26,40.5,1.26,1.26,1.8,1.8,1.17,5.04,1,No,No,No,40,1.26,1.26,1.8,1.8,1.17,5.04,1.25,No,No,No,57,57,72,100,100,No,No,14727,23930,36,36,No,No,1299,631,0.3,1.9,2.2,0.333,12.12,41495,66024,0,0,0,0,0,0,29.4,32,32.6,84,0.905,12.168,12.16,12.171,12.174,0,0,10.42,5.874,10.332,10.917,4.03,0.589,7.577,7.672,210,50.6,1185,32.8,1290,0,22,0,0,10.1,0,0.1,0,0,0,0,0,0,Yes,No,No,No,No,Yes,No,5.5,8.6,1,0,0,0,0,0,0,0,0,15,0,0,0,0,0,0,0,0,0,0,0,0,0,0,0,0,0,0,0,0,11038,1244,981,62,2.5,0,0,0,16.5,4,66.5,0.5,4.1,248.59,1915.22,15.03,2.36,659.65,661.98,0,1894,33,0.3,0.3,0,0,0,0,0,0
14.10.2025,15:48.3,22774,46642,32.8,17200,48120,26.3,0,1.291,1.321,1.322,1.307,1.297,1.292,1.297,1.268,1.293,1.283,1.283,1.268,1.258,1.251,4106.6,798,4888,4788.3,4788.3,4888,4888,4888,4788.3,3591.2,3591.2,3790.7,3591.2,99.8,3591.2,512.3,83.1,26.5,30,563.4,219.4,50.2,276.3,18.7,241,1303.3,388.1,16.4,28.4,1256.9,212.3,26.9,1448.9,1393.8,957,1704.6,421.3,15.7,1.8,0,2.8,12.2,5.1,15,6,0.3,7.2,27.5,7.6,1,0,26.7,18.6,1.3,47.6,46.5,31.3,54.7,54.7,15.7,100,14.6,2.4,0.8,1,16.2,6.6,1.5,8,0.6,7.2,37.2,11.1,0.6,1.2,35.9,6.1,0.8,40.9,39.1,26.7,48,14.6,41.2,8,49,48,48,49,49,49,48,36,36,38,36,36,44,43,41,44,41,40,43,43,43,46,48,47,47,56,57,59,56,59,60,57,57,57,54,52,53,53,46,48,No,No,No,No,No,No,No,No,No,No,No,No,No,No,No,No,No,No,No,No,No,No,No,No,No,No,No,No,No,No,No,No,No,No,No,No,No,No,No,No,No,No,46,51,42,0,0,0,0,0,0,0,1.25,26.961,37.431,28.216,7.695,0.517,150,175,32,0,0,14,1.9,0.6,0.6,12.2,5.2,1.1,6,0.4,5,27.4,8.3,0.4,0.6,26.5,4.6,0.6,47.2,46.4,31.4,54.2,9.2,5.3,26.6,29.4,4.1,20.6,3.5,18,2,0.5,0,0,0,18.6,0,0.9,0,0,2.2,0,2.5,0,51.5,52.9,68.1,44.9,71.5,91.6,57.8,61.8,88,44.3,86.8,50.2,92.1,2793.2,28,36,36,36,76,112,447,2,2,Yes,No,No,No,No,No,No,No,No,No,Yes,No,No,No,No,No,No,No,No,No,No,No,No,No,No,No,No,Yes,No,No,No,No,No,No,No,Yes,No,No,34,43,34,48,42,48,1.163,5.08,3.424,3.328,12.192,2.024,0.696,3.424,3.2,1.072,1.264,1.664,1.064,1,1,0.84,1.824,1082,1456,3479,48,42,39,1.27,15,40.5,1.26,1.26,1.8,1.8,1.17,5.04,0.75,No,No,No,39.8,1.26,1.26,1.8,1.8,1.17,5.04,0.75,No,No,No,57,57,72,100,100,No,No,14727,23930,36,36,No,No,1299,631,0,1.6,1.6,0.016,10.918,41495,66045,0,0,0,0,0,0,29.4,32,32.5,84,0.905,12.169,12.162,12.171,12.174,0,0,10.232,5.794,10.239,10.71,3.884,0.479,7.577,7.672,210,50.6,1185,30.1,1290,0,30,0,0,10.1,0,0.1,0,0,0,0,0,0,Yes,No,No,No,No,Yes,No,5.4,8.2,1,0,0,0,0,0,0,0,0,15,0,0,0,0,0,0,0,0,0,0,0,0,0,0,0,0,0,0,0,0,11038,1244,981,62,2.5,0,0,0,16.5,3.7,72.8,0.5,3.8,269.45,1928.82,13.73,1.4,664.58,666.04,0,1894,33,0.3,0.3,0,0,0,0,0,0
14.10.2025,15:50.3,22776,46640,32.8,17201,48119,26.3,0,1.272,1.319,1.279,1.294,1.289,1.244,1.268,1.248,1.263,1.258,1.258,1.263,1.278,1.251,4455.8,4788.3,4788.3,4788.3,4788.3,4788.3,4788.3,4788.3,4788.3,3790.7,3790.7,3790.7,3790.7,99.8,3591.2,419,44.7,25.3,25.5,292.9,163.1,25.2,239.1,25.5,28.6,983,105.9,25.1,27.6,904.1,31.1,24.4,1438.5,1365.9,1095.9,1507.8,320.9,13.7,1,9.7,2.1,6.9,4.2,2.1,5.4,0,0,21.2,3.1,0,18.3,19.7,1.5,0,47.9,45.1,36,50.4,50.4,13.7,100,11.9,1.3,0.7,0.7,8.6,5,0.7,6.9,0.7,0.9,28.3,3,0.7,0.9,26.1,0.9,0.7,40.5,38.4,30.9,42.4,11.9,44.7,48,48,48,48,48,48,48,48,38,38,38,38,36,46,43,41,47,42,49,44,49,44,49,49,49,49,54,57,59,53,58,51,56,51,56,51,51,51,51,51,49,No,No,No,No,No,No,No,No,No,No,No,No,No,No,No,No,No,No,No,No,No,No,No,No,No,No,No,No,No,No,No,No,No,No,No,No,No,No,No,No,No,No,48,48,42,0,0,0,0,0,0,0,1.25,25.375,31.988,22.846,7.625,0.511,150,175,40,0,0,12.2,1,0.5,0.5,6.9,4.2,0.5,5.4,0.5,0.6,21.2,2.4,0.5,0.6,19.6,0.7,0.5,47.5,44.8,35.7,50.1,14.1,2.7,47,41.5,8.8,33.7,2.5,33.2,0,0,0,0,0,18.3,0,0,0,0,0,0,0,0,51.8,54.6,63.9,49.2,69.1,95.3,43.9,51.5,83.8,42.1,93.9,44.3,98.4,2793.2,28,36,36,36,76,112,447,2,2,Yes,No,No,No,No,No,No,No,No,No,Yes,No,No,No,No,No,No,No,No,No,No,No,No,No,No,No,No,Yes,No,No,No,No,No,No,No,Yes,No,No,34,43,34,51,46,47,1.252,5.04,3.424,3.328,12.192,2.024,0.696,3.424,3.2,1.072,1.264,1.648,1.064,1,1,0.84,1.824,1076,1434,3375,47,42,39,1.285,17,40.5,1.26,1.26,1.8,1.8,1.17,5.04,1.25,No,No,No,39.8,1.26,1.275,1.8,1.8,1.17,5.04,0.75,No,No,No,57,57,69,100,100,No,No,14727,23930,36,36,No,No,1299,631,0,1.4,1.4,0.016,6.177,41495,66056,0,0,0,0,0,0,29.5,32,32.5,84,0.905,12.166,12.159,12.168,12.17,0,0,12.584,6.495,10.948,12.448,5.148,1.504,7.588,7.826,210,50.6,1185,95.8,1290,15,6,0,2,10.1,0.8,4,0,0,0,0,0,0,Yes,No,No,No,No,Yes,No,6.2,8.4,1,0,0,0,0,0,0,0,0,15,0,0,0,0,0,0,0,0,0,0,0,0,0,0,0,0,0,0,0,0,11037,1245,982,63,2.5,0,0,0,16.5,6.3,67.6,1,6.3,159.94,1029.4,14.78,2.35,56.15,58.49,0,1894,33,0.6,0.4,0,0,0,0,0,0
14.10.2025,15:52.3,22774,46642,32.8,17196,48124,26.3,0,1.265,1.31,1.295,1.268,1.273,1.258,1.273,1.263,1.268,1.253,1.243,1.238,1.243,1.251,4422.5,4788.3,4788.3,4788.3,4788.3,4788.3,4788.3,4788.3,4788.3,3790.7,3591.2,3790.7,3591.2,99.8,3591.2,486,86.3,32.6,25.9,333,348.3,90.2,292.8,25.9,1129.6,70.3,223.4,25.4,193.9,934.6,82.9,25.1,1629.9,1339.6,1264,1566.2,382.8,14.1,1.9,9.2,5.7,6.4,8,2.1,6.8,0,21.5,1.5,5.1,8.4,4.2,20.6,2,2.1,49.3,41,39.3,47.9,49.3,14.1,100,13.9,3,0.9,0.8,10,11.6,2.6,8.8,0.8,32.1,2.1,6.5,0.7,5.6,26.9,2.4,0.7,45.7,37.6,35.4,44,13.9,44.3,48,48,48,48,48,48,48,48,38,36,38,36,36,46,44,40,46,46,45,48,49,44,46,46,46,46,54,56,60,54,54,55,52,51,56,54,54,54,54,52,49,No,No,No,No,No,No,No,No,No,No,No,No,No,No,No,No,No,No,No,No,No,No,No,No,No,No,No,No,No,No,No,No,No,No,No,No,No,No,No,No,No,No,48,48,42,0,0,0,0,0,0,0,1.25,38.063,36.547,27.26,7.755,0.529,150,175,48,0,0,13.2,1.9,0.7,0.5,7.8,7.9,2.1,6.8,0.5,24.5,1.5,5.1,0.5,4.2,20.5,2,0.5,49.1,40.8,39.1,47.6,21.5,3.6,50.9,47.2,17.7,63.1,10.9,63.9,0.9,0,0,0,0,18.4,0,0,0,0,0,0,0,0,50.3,58.6,60.5,51.7,55,92.8,39,39.3,72.2,9.5,81.8,9.6,95.5,2793.2,28,36,36,36,76,112,447,2,2,Yes,No,No,No,No,No,No,No,No,No,Yes,No,No,No,No,No,No,No,No,No,No,No,No,No,No,No,No,Yes,No,No,No,No,No,No,No,Yes,No,No,34,43,34,49,46,47,1.19,5.04,3.424,3.328,12.192,2.024,0.688,3.424,3.2,1.072,1.264,1.664,1.064,1,1,0.84,1.824,1054,1428,3391,48,42,39,1.285,22,40.5,1.26,1.26,1.8,1.8,1.17,5.04,1.25,No,No,No,39.8,1.26,1.26,1.8,1.8,1.17,5.04,0.875,No,No,No,57,57,69,100,100,No,No,14727,23930,36,36,No,No,1299,631,0,2.1,2.2,0.016,15.715,41495,66086,0,0,0,0,0,0,29.5,32,32.6,84,0.905,12.17,12.166,12.17,12.173,0,0,12.645,6.28,10.983,12,4.674,1.023,7.582,7.697,210,50.6,1185,104.3,1290,6,17,0,0,10.1,0.5,2.4,0,0,0,0,0,0,Yes,No,No,No,No,Yes,No,6,7.9,1,0,0,0,0,0,0,0,0,15,0,0,0,0,0,0,0,0,0,0,0,0,0,0,0,0,0,0,0,0,11037,1245,982,63,2.5,0,0,0,16.5,19.5,68.6,8.3,19.7,51.22,120.48,14.58,2.14,17.85,20,0,1894,33,0.5,0.5,0,0,0,0,0,0
14.10.2025,15:54.3,22771,46645,32.8,17197,48123,26.3,0,1.286,1.331,1.316,1.331,1.296,1.279,1.269,1.269,1.269,1.269,1.269,1.269,1.269,1.251,4472.4,4888,4788.3,4888,4788.3,4788.3,4788.3,4788.3,4788.3,3790.7,3790.7,3790.7,3790.7,99.8,3591.2,390.8,68.5,27.2,25.3,25,221.7,26.1,184.7,25.3,29,836.8,370.3,25.7,684.9,27,88.3,24.9,1545.2,1381.4,1404.5,794.1,312.1,10.7,1.5,0.6,0.5,0.5,5.5,0,2.9,0,0,18.2,8.2,0,15.3,0,1.2,0,47.7,43.4,44.2,25,47.7,10.7,100,11.1,1.9,0.8,0.7,0.7,6.5,0.8,5.5,0.7,1,23.9,10.7,0.7,19.6,0.8,2.6,0.7,43.5,38.8,39.5,22.4,11.1,44.8,49,48,49,48,48,48,48,48,38,38,38,38,36,45,42,40,44,42,47,43,56,43,47,47,47,47,55,58,60,56,58,53,57,44,57,53,53,53,53,56,56,No,No,No,No,No,No,No,No,No,No,No,No,No,No,No,No,No,No,No,No,No,No,No,No,No,No,No,No,No,No,No,No,No,No,No,No,No,No,No,No,No,No,47,47,42,0,0,0,0,0,0,0,1.25,31.719,31.012,21.845,7.654,0.512,150,175,56,0,0,11,1.5,0.6,0.5,0.5,5.5,0.6,4.4,0.5,0.6,18.2,8.2,0.5,15.3,0.6,2,0.5,47.4,43.6,44.4,24.8,17.1,1.1,0,54.7,7.2,60.9,13.2,66.5,1.4,0,0,0,0,20.1,0,0,0,0,0,2.1,1.8,0,51.9,55.8,55.1,74.3,65,96.5,98.9,37.4,85.6,18.8,73.5,14.2,95.3,2793.2,28,36,36,36,76,112,447,2,2,Yes,No,No,No,No,No,No,No,No,No,Yes,No,No,No,No,No,No,No,No,No,No,No,No,No,No,No,No,Yes,No,No,No,No,No,No,No,Yes,No,No,34,43,34,50,43,47,1.234,5.08,3.424,3.328,12.192,2.024,0.696,3.424,3.2,1.072,1.264,1.664,1.064,1,1,0.84,1.824,1059,1450,3461,48,42,39,1.275,21,40.5,1.26,1.26,1.8,1.8,1.17,5.04,0.875,No,No,No,39.8,1.26,1.26,1.8,1.815,1.17,5.04,0.75,No,No,No,57,57,67,100,100,No,No,14727,23930,36,36,No,No,1299,631,0,2.3,2.3,0.024,17.884,41495,66120,0,0,0,0,0,0,29.4,32,32.6,84,0.905,12.171,12.167,12.173,12.175,0,0,11.633,5.906,10.712,11.077,3.933,0.37,7.578,7.673,210,50.6,1185,70.8,1290,1,29,0,0,10.1,0.1,0.3,0,0,0,0,0,0,Yes,No,No,No,No,Yes,No,5.5,7.3,1,0,0,0,0,0,0,0,0,15,0,0,0,0,0,0,0,0,0,0,0,0,0,0,0,0,0,0,0,0,11037,1245,982,63,2.5,0,0,0,16.5,24,92.4,3.4,23.9,41.62,295.31,10.83,1.51,34.71,36.22,0,1894,33,9.3,0.3,0,0,0,0,0,0
14.10.2025,15:56.3,22771,46645,32.8,17199,48121,26.3,0,1.264,1.318,1.291,1.307,1.276,1.276,1.276,1.274,1.274,1.274,1.289,1.154,1.154,1.251,4056.7,4788.3,4788.3,798,4788.3,4788.3,4788.3,4788.3,4788.3,3591.2,3591.2,3591.2,3591.2,99.8,3591.2,378.6,32.4,25.9,26.9,25.2,228.6,26,138.1,25.1,28.7,780.7,291.4,25.6,735.8,27.7,63.3,25.1,1408.7,1552,1295.8,809.6,303.7,13.3,0.7,0.6,0.6,0.6,5.4,0,4.7,8.4,1.4,16.9,6.5,16.8,16.1,2.1,2.9,14.6,46.4,51.4,43.4,26.7,51.4,13.3,100,10.7,0.9,0.7,0.8,0.7,6.7,0.8,4.1,0.7,0.9,22.4,8.6,0.7,21.1,0.8,1.9,0.7,39.6,43.5,36.2,22.7,10.7,40.7,48,48,8,48,48,48,48,48,36,36,36,36,36,44,42,40,45,42,43,44,43,43,47,47,49,49,56,58,60,55,58,57,56,57,57,53,53,51,51,47,49,No,No,No,No,No,No,No,No,No,No,No,No,No,No,No,No,No,No,No,No,No,No,No,No,No,No,No,No,No,No,No,No,No,No,No,No,No,No,No,No,No,No,46,46,42,0,0,0,0,0,0,0,1.25,42.821,29.979,20.834,7.632,0.508,150,175,40,0,0,11.1,0.7,0.5,0.6,0.5,5.3,0.5,3.2,0.5,0.6,16.8,6.5,0.5,16,0.6,1.4,0.5,46.1,50.8,42.9,26.6,13.4,0.8,0,31.5,2.8,46.2,21.9,53.8,2.3,0,0,0,1.1,19.3,0,0,0,0,0,0,1.7,0,53.1,48.6,56.6,71.5,71.6,97.7,98.7,60.6,91.7,34.2,69,26,95.2,2793.2,28,36,36,36,76,112,447,2,2,Yes,No,No,No,No,No,No,No,No,No,Yes,No,No,No,No,No,No,No,No,No,No,No,No,No,No,No,No,Yes,No,No,No,No,No,No,No,Yes,No,No,34,43,34,49,43,47,1.217,5.08,3.424,3.328,12.192,2.024,0.696,3.424,3.2,1.072,1.264,1.664,1.064,1,1,0.848,1.824,1079,1456,3461,48,42,39,1.27,19,40.5,1.26,1.26,1.8,1.815,1.2,5.04,0.875,No,No,No,39.8,1.26,1.26,1.8,1.815,1.17,5.04,0.75,No,No,No,57,57,67,100,100,No,No,14727,23930,36,36,No,No,1299,631,0,2.1,2.2,0.016,16.499,41495,66152,0,0,0,0,0,0,29.4,32,32.6,84,0.905,12.168,12.162,12.169,12.173,0,0,11.5,5.799,10.358,10.745,3.847,0.393,7.581,7.671,210,50.6,1185,63.7,1290,2,35,0,0,10.1,0.1,0.3,0,0,0,0,0,0,Yes,No,No,No,No,Yes,No,5.4,8.1,1,0,0,0,0,0,0,0,0,15,0,0,0,0,0,0,0,0,0,0,0,0,0,0,0,0,0,0,0,0,11037,1245,982,63,2.5,0,0,0,16.5,19.8,248.6,3.9,20,50.49,258.53,4.02,1.33,66.39,67.71,0,1894,33,0.4,0.4,0,0,0,0,0,0
14.10.2025,15:58.3,22775,46642,32.8,17199,48122,26.3,0,1.275,1.323,1.317,1.312,1.251,1.251,1.264,1.264,1.264,1.294,1.279,1.279,1.201,1.251,4480.7,4888,4888,4888,4788.3,4788.3,4788.3,4788.3,4788.3,3790.7,3790.7,3790.7,3790.7,99.8,3591.2,391.7,52.7,25.1,28.5,25,276.6,25.6,212.1,25.5,30.2,822.6,176.2,28.3,620.4,27.4,127.4,25.4,1404,1374.2,1484.8,1043.1,294.8,12.7,1.1,0.5,2.1,1.3,6.6,7.7,4.9,0,0.6,17.7,3.9,2.9,13.7,13.4,2,1.3,45.7,45.2,49.2,34.4,49.2,12.7,100,11.1,1.5,0.7,0.8,0.7,8.5,0.7,6.5,0.7,1,23.6,5.1,0.8,17.8,0.8,3.6,0.7,39.6,38.6,41.7,29.3,11.1,44.9,49,49,49,48,48,48,48,48,38,38,38,38,36,45,43,41,44,42,43,43,53,43,48,48,48,48,55,57,59,56,58,57,57,47,57,52,52,52,52,53,53,No,No,No,No,No,No,No,No,No,No,No,No,No,No,No,No,No,No,No,No,No,No,No,No,No,No,No,No,No,No,No,No,No,No,No,No,No,No,No,No,No,No,48,48,42,0,0,0,0,0,0,0,1.25,33.305,30.328,21.194,7.621,0.508,150,175,32,0,0,11.4,1.2,0.5,0.6,0.5,6.6,0.5,4.8,0.5,0.6,17.7,3.9,0.6,13.7,0.6,2.8,0.5,45.2,44.9,48.8,34.2,13.8,1.1,0,57,12.7,41.3,4.9,47,1.6,0,0,0,0,18.7,0,0,0,0,0,0,0,0,54,54.4,50.6,65,70.9,96.8,98.7,33.3,79.8,38.2,89.3,36.6,94.3,2793.2,28,36,36,36,76,112,447,2,2,Yes,No,No,No,No,No,No,No,No,No,Yes,No,No,No,No,No,No,No,No,No,No,No,No,No,No,No,No,Yes,No,No,No,No,No,No,No,Yes,No,No,34,43,34,50,43,47,1.181,5.08,3.424,3.328,12.192,2.024,0.696,3.424,3.2,1.072,1.264,1.664,1.064,1,1,0.848,1.824,1087,1453,3452,47,42,39,1.295,17,40.5,1.26,1.26,1.8,1.815,1.17,5.04,0.875,No,No,No,39.8,1.26,1.26,1.8,1.815,1.17,5.04,1,No,No,No,57,57,68,100,100,No,No,14727,23930,36,36,No,No,1299,631,0.1,1.3,1.4,0.101,7.256,41496,66166,0,0,0,0,0,0,29.4,32,32.6,84,0.905,12.168,12.162,12.17,12.174,0,0,11.641,5.886,10.472,10.965,3.981,0.502,7.576,7.706,210,50.6,1185,64.1,1290,0,29,0,0,10.1,0.1,0.5,0,0,0,0,0,0,Yes,No,No,No,No,Yes,No,5.5,9.4,1,0,0,0,0,0,0,0,0,15,0,0,0,0,0,0,0,0,0,0,0,0,0,0,0,0,0,0,0,0,11037,1245,982,64,2.5,0,0,0,16.5,18.5,236.3,2.1,18.6,53.98,485.82,4.23,1.61,61.82,63.45,0,1894,33,10.3,8.8,0,0,0,0,0,0
14.10.2025,16:00.3,22774,46642,32.8,17196,48124,26.3,0,1.286,1.287,1.325,1.27,1.27,1.295,1.295,1.295,1.277,1.267,1.267,1.294,1.289,1.251,4472.4,4888,4888,4888,4888,4888,4888,4888,4888,3591.2,3591.2,3790.7,3591.2,99.8,3591.2,438.6,176.5,98.2,68.4,12.7,417.9,25.8,270.6,25.5,28.2,726.7,392,25.5,602,26.4,51,25.1,1781.5,1431.2,1522.6,1064.8,343.6,13.9,3.8,2,0,0,9.4,0,6.1,12.7,15.6,15.8,8.5,0,13.5,0.5,1.2,0,58,47.1,49.7,34.5,58,13.9,100,12.6,5.5,3.5,2.4,0.4,13.9,0.8,8.7,0.7,0.9,20.8,11.1,0.7,17.2,0.8,1.5,0.7,50,40.2,42.6,30.1,12.6,44.8,49,49,49,49,49,49,49,49,36,36,38,36,36,45,42,39,46,42,42,43,43,43,48,49,49,49,55,58,61,54,58,58,57,57,57,52,51,51,51,46,49,No,No,No,No,No,No,No,No,No,No,No,No,No,No,No,No,No,No,No,No,No,No,No,No,No,No,No,No,No,No,No,No,No,No,No,No,No,No,No,No,No,No,52,55,42,0,0,0,0,0,0,0,1.25,30.133,32.883,23.685,7.68,0.515,150,175,40,0,0,12.7,3.7,2,1.5,0.3,9.4,0.5,6.1,0.5,0.6,15.8,8.5,0.5,13.5,0.6,1.2,0.5,57.6,46.9,49.5,34.2,14.9,5.5,3.3,57.2,8.3,45.7,5.5,53.2,0.5,0,0,0,0,17.6,0.6,0,0,0,0,2.2,0,0,41.5,52.5,49.9,65,67.2,86.5,94.2,29.1,82.1,35.9,81.8,30.8,96.9,2793.2,28,36,36,36,76,112,447,2,2,Yes,No,No,No,No,No,No,No,No,No,Yes,No,No,No,No,No,No,No,No,No,No,No,No,No,No,No,No,Yes,No,No,No,No,No,No,No,Yes,No,No,34,43,34,51,45,49,1.27,5.08,3.424,3.328,12.192,2.024,0.688,3.424,3.2,1.072,1.264,1.664,1.064,1,1,0.848,1.824,1083,1462,3452,48,42,39,1.3,25,40.2,1.26,1.26,1.8,1.815,1.17,5.04,1.125,No,No,No,39.8,1.26,1.26,1.8,1.815,1.17,5.04,1,No,No,No,57,57,69,100,100,No,No,14727,23930,36,36,No,No,1299,631,0.2,1,1.2,0.108,7.28,41496,66180,0,0,0,0,0,0,29.5,32,32.7,84,0.905,12.167,12.161,12.168,12.171,0,0,11.851,6.328,10.884,12.083,4.82,1.206,7.575,7.727,210,50.6,1185,70.2,1290,11,3,0,0,10.1,0.2,0.8,0,0,0,0,0,0,Yes,No,No,No,No,Yes,No,6,7.8,1,0,0,0,0,0,0,0,0,15,0,0,0,0,0,0,0,0,0,0,0,0,0,0,0,0,0,0,0,0,11037,1245,982,64,2.5,0,0,0,16.5,24.4,134.8,2.7,24.6,41.06,364.44,7.42,1.63,31.76,33.34,0,1894,33,0.5,0.3,0,0,0,0,0,0
14.10.2025,16:02.3,22773,46643,32.8,17198,48123,26.3,0,1.271,1.299,1.286,1.293,1.313,1.293,1.298,1.303,1.298,1.283,1.148,1.15,1.29,1.251,4455.8,4888,4888,4888,4888,4888,4888,4888,4888,3591.2,3591.2,3591.2,3591.2,99.8,3591.2,505.7,83.3,26,85.1,25.2,304.1,26.2,286.1,39.7,28.2,719.7,260,25.7,576.1,27.1,55.4,25.5,2273.7,2050.3,1747.9,1448.8,384.3,15.2,1.8,1.3,0,0.6,7.2,2.8,6.4,0,0,15.6,5.7,0,13.1,0,0.5,0.6,74,67.4,58.8,48.2,74,15.2,100,14.5,2.4,0.8,2.9,0.7,9.7,0.8,9.2,1.2,0.9,21.6,7.6,0.7,16.6,0.8,1.6,0.7,63.9,57.6,49.1,40.8,14.5,44.7,49,49,49,49,49,49,49,49,36,36,36,36,36,45,42,40,45,42,45,44,43,44,48,49,49,49,55,58,60,55,58,55,56,57,56,52,51,51,51,47,49,No,No,No,No,No,No,No,No,No,No,No,No,No,No,No,No,No,No,No,No,No,No,No,No,No,No,No,No,No,No,No,No,No,No,No,No,No,No,No,No,No,No,48,48,42,0,0,0,0,0,0,0,1.25,31.719,33.369,24.032,7.809,0.528,150,175,56,0,0,15.2,1.8,0.5,1.8,0.5,7.2,0.6,6.4,0.9,0.6,15.6,5.7,0.5,13.1,0.6,1.3,0.5,73.4,67,58.4,47.9,15.2,1.1,3.9,57.2,9.4,42.1,10.5,57.1,0.8,0,0,0,0,12.5,0,0,0,0,0,0,0,0,25.6,32.1,40.8,51.2,68.2,96.1,93.1,31.9,80.2,38.4,82,27,96.7,2793.2,28,36,36,36,76,112,447,2,2,Yes,No,No,No,No,No,No,No,No,No,Yes,No,No,No,No,No,No,No,No,No,No,No,No,No,No,No,No,Yes,No,No,No,No,No,No,No,Yes,No,No,34,43,34,48,44,48,1.27,5.08,3.424,3.328,12.192,2.024,0.688,3.424,3.2,1.072,1.264,1.664,1.064,1,1,0.848,1.824,1100,1508,3452,48,42,39,1.27,21,40.5,1.26,1.26,1.8,1.815,1.17,5.04,0.875,No,No,No,39.8,1.26,1.26,1.8,1.815,1.17,5.04,1.25,No,No,No,57,57,70,100,100,No,No,14727,23930,36,36,No,No,1299,631,1.5,3.5,5.1,0.143,9.509,41496,66198,0,0,0,0,0,0,29.4,32,32.6,84,0.905,12.169,12.163,12.17,12.174,0,0,11.085,5.92,10.628,11.075,3.993,0.454,7.584,7.706,210,50.6,1185,44.9,1290,0,38,0,0,10.1,0,0.2,0,0,0,0,0,0,Yes,No,No,No,No,Yes,No,5.5,7.4,1,0,0,0,0,0,0,0,0,15,0,0,0,0,0,0,0,0,0,0,0,0,0,0,0,0,0,0,0,0,11037,1245,982,64,2.5,0,0,0,16.5,20.2,360.6,1.7,20.4,49.6,581.5,2.77,1.68,60.78,62.52,0,1894,33,0.3,0.2,0,0,0,0,0,0
14.10.2025,16:04.3,22787,46629,32.8,17214,48106,26.3,0,1.284,1.31,1.312,1.312,1.302,1.282,1.287,1.272,1.287,1.272,1.285,1.275,1.205,1.251,4489,4888,4888,4888,4888,4888,4888,4888,4888,3790.7,3591.2,3591.2,3790.7,99.8,3591.2,391.2,34.1,39.5,25.6,25,243.7,32.2,316.8,25.4,28.1,868.1,292.2,67.3,753.2,27.1,40.1,25.1,1426.1,1284.7,1459.6,809.1,308.6,12.5,0.7,0,2.8,0.5,5.8,6.5,7,7.7,0,18.7,6.3,8.5,16.4,9.1,0.9,0.5,45.8,40.4,46.3,25.6,46.3,12.5,100,11.1,1,1.1,0.7,0.7,7.4,0.9,9.3,0.7,0.9,24.8,8.3,1.9,21.4,0.8,1.2,0.7,40.1,36.1,41,22.9,11.1,45,49,49,49,49,49,49,49,49,38,36,36,38,36,46,42,40,46,42,46,43,52,43,50,50,50,48,54,58,60,54,58,54,57,48,57,50,50,50,52,51,52,No,No,No,No,No,No,No,No,No,No,No,No,No,No,No,No,No,No,No,No,No,No,No,No,No,No,No,No,No,No,No,No,No,No,No,No,No,No,No,No,No,No,47,47,42,0,0,0,0,0,0,0,1.25,34.891,31.238,22.118,7.606,0.508,150,175,48,0,0,11,0.8,0.8,0.5,0.5,5.9,0.7,7,0.5,0.6,18.7,6.3,1.4,16.4,0.6,0.9,0.5,45.4,40.1,45.9,25.4,16.2,1.4,0,59.2,7.7,57.3,3.7,63.5,0,0,0,0,1.2,19.9,0,0,0,0,0,0,0,0,53.9,59.3,53.5,72.6,66.9,96.6,98.8,32,82.4,21.9,87.3,18.2,98,2793.2,28,36,36,36,76,112,447,2,2,Yes,No,No,No,No,No,No,No,No,No,Yes,No,No,No,No,No,No,No,No,No,No,No,No,No,No,No,No,Yes,No,No,No,No,No,No,No,Yes,No,No,34,43,34,51,43,48,1.234,5.08,3.424,3.328,12.192,2.024,0.688,3.424,3.2,1.072,1.264,1.664,1.064,1,1,0.848,1.824,1133,1534,3461,48,42,39,1.26,15,40.2,1.26,1.26,1.8,1.815,1.17,5.04,0.75,No,No,No,39.8,1.26,1.26,1.8,1.815,1.17,5.04,0.75,No,No,No,57,57,68,100,100,No,No,14727,23930,36,36,No,No,1299,631,0.1,1.7,1.8,0.032,11.643,41496,66220,0,0,0,0,0,0,29.4,32,32.6,84,0.905,12.167,12.16,12.169,12.173,0,0,11.627,5.955,10.766,11.196,4.017,0.43,7.578,7.7,210,50.6,1185,69.5,1290,0,16,0,0,10.1,0.1,0.4,0,0,0,0,0,0,Yes,No,No,No,No,Yes,No,5.6,7.8,1,0,0,0,0,0,0,0,0,15,0,0,0,0,0,0,0,0,0,0,0,0,0,0,0,0,0,0,0,0,11037,1245,982,64,2.5,0,0,0,16.5,20.5,63.3,1.9,20.7,48.74,537.62,15.8,1.43,53.2,54.63,0,1894,33,0.4,0.1,0,0,0,0,0,0
14.10.2025,16:06.3,22772,46644,32.8,17199,48121,26.3,0,1.271,1.316,1.288,1.273,1.273,1.258,1.298,1.273,1.248,1.279,1.194,1.279,1.279,1.251,4447.5,4688.5,4788.3,4788.3,4788.3,4788.3,4788.3,4788.3,4788.3,3790.7,3790.7,3790.7,3790.7,99.8,3591.2,389.7,192,25.4,25.4,24.9,408.6,217.1,356.9,25.6,28.4,752.2,341.8,24.6,524.4,26.5,30.2,25,1321.5,1299.3,1349.5,795.1,313.9,13.2,4,0.5,2.1,0.5,9,3.1,7.7,12.1,16.7,16.1,7.2,12.1,11.6,0,2,0.5,44,42,46.5,26.6,46.5,13.2,100,11.4,7,0.7,0.7,0.7,13.9,7.7,12.6,0.7,0.9,21.5,9.7,0.7,15.2,0.8,0.6,0.7,37.2,36.3,37.9,22.5,11.4,44.6,47,48,48,48,48,48,48,48,38,38,38,38,36,45,43,41,44,42,43,42,44,51,48,48,48,48,55,57,59,56,58,57,58,56,49,52,52,52,52,45,51,No,No,No,No,No,No,No,No,No,No,No,No,No,No,No,No,No,No,No,No,No,No,No,No,No,No,No,No,No,No,No,No,No,No,No,No,No,No,No,No,No,No,50,50,42,0,0,0,0,0,0,0,1.25,36.477,31.922,22.832,7.586,0.502,150,175,24,0,0,11.2,4,0.5,0.5,0.5,8.9,4.5,7.7,0.5,0.6,16.1,7.2,0.5,11.5,0.6,0.7,0.5,43.6,41.9,46.3,26.3,11.8,6,0,38.6,13.4,38.9,4.1,40.9,0,0,0,0,0,20,0,0,0,0,0,0,0,0,55.7,57.5,53.2,73,71.8,87.4,98.8,41.9,74.3,42.1,87,44.7,98.4,2793.2,28,36,36,36,76,112,447,2,2,Yes,No,No,No,No,No,No,No,No,No,Yes,No,No,No,No,No,No,No,No,No,No,No,No,No,No,No,No,Yes,No,No,No,No,No,No,No,Yes,No,No,34,43,34,48,43,48,1.225,5.08,3.424,3.328,12.192,2.024,0.696,3.424,3.2,1.072,1.264,1.664,1.064,1,1,0.848,1.824,1145,1527,3479,48,42,39,1.275,20,40.2,1.26,1.26,1.8,1.8,1.17,5.04,0.75,No,No,No,39.8,1.26,1.26,1.8,1.815,1.17,5.04,0.75,No,No,No,57,57,67,100,100,No,No,14727,23930,36,36,No,No,1299,631,0.1,1.9,1.9,0.024,11.187,41496,66242,0,0,0,0,0,0,29.4,32,32.5,84,0.905,12.167,12.16,12.168,12.172,0,0,10.377,5.815,10.346,10.769,3.871,0.43,7.584,7.702,210,50.6,1185,32.3,1290,0,17,0,0,10.1,0,0.1,0,0,0,0,0,0,Yes,No,No,No,No,Yes,No,5.4,8.2,1,0,0,0,0,0,0,0,0,15,0,0,0,0,0,0,0,0,0,0,0,0,0,0,0,0,0,0,0,0,11037,1245,982,64,2.5,0,0,0,16.5,13.6,59.1,0.6,13.8,73.35,1555.91,16.92,1.12,544.39,545.65,0,1894,33,0.2,0.3,0,0,0,0,0,0
14.10.2025,16:08.3,22773,46644,32.8,17202,48118,26.3,0,1.282,1.316,1.31,1.29,1.305,1.305,1.295,1.288,1.288,1.273,1.273,1.153,1.293,1.251,4106.6,4788.3,4888,798,4888,4888,4888,4888,4888,3591.2,3591.2,3591.2,3591.2,99.8,3591.2,373.3,44,26.4,26.1,25.1,257.8,25.9,205.8,25.4,28.3,839.6,309.5,25.2,599.6,26.6,48,25.5,1437,1359.1,1194.5,937.6,296.4,10.8,1,0.5,0,0.5,6,0.5,4.7,0,0,18.1,6.7,0,13.3,0,1.4,0.5,47.1,44.9,40.8,30.3,47.1,10.8,100,10.6,1.3,0.8,0.7,0.7,7.6,0.8,6,0.7,0.9,24,8.9,0.7,17.2,0.8,1.7,0.7,40.3,38.3,33.4,26.3,10.6,41.2,48,49,8,49,49,49,49,49,36,36,36,36,36,45,42,40,45,42,43,43,44,43,49,49,50,50,55,58,60,55,58,57,57,56,57,51,51,50,50,48,50,No,No,No,No,No,No,No,No,No,No,No,No,No,No,No,No,No,No,No,No,No,No,No,No,No,No,No,No,No,No,No,No,No,No,No,No,No,No,No,No,No,No,47,47,42,0,0,0,0,0,0,0,1.25,19.032,30.066,20.952,7.603,0.506,150,175,32,0,0,10.9,1,0.6,0.6,0.5,6,0.5,4.7,0.5,0.6,18.1,6.7,0.5,13.3,0.6,1.2,0.5,46.9,44.6,40.7,30.3,13.1,0.8,0,40.2,8.1,47.4,1.9,53.7,3.2,0,0,0,1.3,19.6,0,0,0,0,0,2,0,0,52.4,54.8,58.8,67.6,72,97.1,98.8,51,85,31.8,87.5,30.3,94.2,2793.2,28,36,36,36,76,112,447,2,2,Yes,No,No,No,No,No,No,No,No,No,Yes,No,No,No,No,No,No,No,No,No,No,No,No,No,No,No,No,Yes,No,No,No,No,No,No,No,Yes,No,No,34,43,34,51,44,47,1.234,5.08,3.424,3.328,12.192,2.024,0.688,3.424,3.2,1.072,1.264,1.664,1.064,1,1,0.848,1.824,1141,1539,3435,48,42,39,1.27,30,40.2,1.26,1.26,1.8,1.815,1.215,5.04,1.125,No,No,No,39.8,1.26,1.26,1.8,1.815,1.11,5.04,1.25,No,No,No,57,57,67,100,100,No,No,14727,23930,36,36,No,No,1299,631,0,1.3,1.3,0.024,10.326,41496,66261,0,0,0,0,0,0,29.5,32,32.7,84,0.905,12.17,12.166,12.172,12.172,0,0,10.925,6.754,11.132,13,5.575,1.939,7.583,7.991,210,50.6,1185,67.9,1290,12,13,0,0,10.2,0.2,1,0,0,0,0,0,0,Yes,No,No,No,No,Yes,No,6.5,9,1,0,0,0,0,0,0,0,0,15,0,0,0,0,0,0,0,0,0,0,0,0,0,0,0,0,0,0,0,0,11032,1250,988,65,2.5,0,0,0,16.5,13.7,66.9,0.7,13.8,73.21,1356.61,14.94,1.6,82.84,84.43,0,1894,33,0.2,1.8,0,0,0,0,0,0.061
14.10.2025,16:10.3,22796,46620,32.8,17213,48107,26.3,0,1.285,1.329,1.272,1.272,1.283,1.283,1.298,1.283,1.303,1.206,1.291,1.298,1.298,1.251,4505.6,4888,4788.3,4788.3,4888,4888,4888,4888,4888,3790.7,3790.7,3790.7,3790.7,99.8,3591.2,469.9,104.9,27.2,82,25.4,430.3,26.3,428.6,25.7,27.8,757.8,456,26,503.1,536.2,65.4,25.2,1604,1578.4,1465.5,1202.2,373.9,14.1,2.1,0,7.4,1.1,9.5,1.6,9.2,4.1,16.1,16.5,9.6,3.4,0,16.1,0.6,0.3,51.2,49.3,46.1,37.2,51.2,14.1,100,13.5,3.3,0.8,2.6,0.7,13.7,0.5,13.3,0.8,0.9,21.8,12.9,0.8,14.4,15.3,2,0.7,45,44.5,41.3,34,13.5,45.2,49,48,48,49,49,49,49,49,38,38,38,38,36,45,42,41,48,42,45,41,44,44,49,49,49,49,55,58,59,52,58,55,59,56,56,51,51,51,51,50,49,No,No,No,No,No,No,No,No,No,No,No,No,No,No,No,No,No,No,No,No,No,No,No,No,No,No,No,No,No,No,No,No,No,No,No,No,No,No,No,No,No,No,51,51,42,0,0,0,0,0,0,0,1.25,49.165,34.676,25.432,7.718,0.523,150,175,40,0,0,13,2.3,0.6,1.8,0.6,9.7,0.6,9.4,0.6,0.6,16.6,9.7,0.6,10.8,11.6,1.6,0.6,51.1,48.9,45.7,37,15.9,5,1.8,58.1,13.8,60.3,4.6,42.5,3.4,0.9,0,0,0.7,17.8,0,0,0,0,0,0,0.9,0,47.2,50.4,53.8,61.6,64.7,91.1,95.2,28.3,72.9,20.7,83.7,32,93.5,2793.2,28,36,36,36,76,112,447,2,2,Yes,No,No,No,No,No,No,No,No,No,Yes,No,No,No,No,No,No,No,No,No,No,No,No,No,No,No,No,Yes,No,No,No,No,No,No,No,Yes,No,No,34,43,34,50,44,47,1.279,5.08,3.424,3.328,12.192,2.024,0.688,3.424,3.2,1.072,1.264,1.664,1.064,1,1,0.848,1.824,1136,1530,3325,48,42,39,1.26,15,40.2,1.26,1.26,1.8,1.815,1.11,5.04,1,No,No,No,39.8,1.26,1.26,1.8,1.815,1.11,5.04,0.875,No,No,No,57,57,67,100,100,No,No,14727,23930,36,36,No,No,1299,631,0,2.3,2.3,0.16,17.996,41497,66296,0,0,0,0,0,0,29.5,30,32.5,84,0.905,12.168,12.164,12.17,12.171,0,0,12.551,6.657,10.98,12.766,5.441,1.825,7.585,7.963,210,50.6,1185,102.1,1290,8,3,0,0,10.2,0.2,0.8,0,0,0,0,0,0,Yes,No,No,No,No,Yes,No,6.4,9.7,1,0,0,0,0,0,0,0,0,15,0,0,0,0,0,0,0,0,0,0,0,0,0,0,0,0,0,0,0,0,11032,1250,987,65,2.5,0,0,0,16.5,26.1,74.6,4,26.3,38.37,250.84,13.4,1.79,26.76,28.55,0,1894,33,0.4,0.4,0,0,0,0,0,0.036
14.10.2025,16:12.3,22792,46624,32.8,17220,48100,26.3,0,1.283,1.321,1.326,1.326,1.28,1.27,1.255,1.265,1.29,1.277,1.203,1.288,1.288,1.251,4472.4,4888,4788.3,4788.3,4788.3,4888,4788.3,4788.3,4788.3,3790.7,3790.7,3790.7,3790.7,99.8,3591.2,486,230.9,25.6,52.7,25,468.6,13.9,351.9,25.2,30,1059.6,577.5,25.9,26.8,849.4,149.4,25.4,1752.5,1505.4,1412.3,1111,399.8,12.8,5.2,1.5,0.6,0,10.9,0,8.2,0,0,23.1,12.6,0,0,19.1,4.3,0,52.5,43.2,41.8,32.8,52.5,12.8,100,14,8.3,0.7,1.5,0.7,16,0.7,10.8,0.7,0.9,30.3,16.5,0.8,0.8,24.3,4.3,0.7,49.4,42.1,39.5,31.3,14,44.8,49,48,48,48,49,48,48,48,38,38,38,38,36,45,44,40,45,41,42,41,46,45,47,50,50,50,55,56,60,55,59,58,59,54,55,53,50,50,50,46,50,No,No,No,No,No,No,No,No,No,No,No,No,No,No,No,No,No,No,No,No,No,No,No,No,No,No,No,No,No,No,No,No,No,No,No,No,No,No,No,No,No,No,48,48,42,0,0,0,0,0,0,0,1.25,15.86,37.044,27.793,7.725,0.521,150,175,24,0,0,12.8,4.9,0.5,1.2,0.5,10.6,0.3,8,0.5,0.6,22.9,12.5,0.6,0.6,19,3.4,0.5,52,43.1,41.6,32.5,20.2,6.3,1.9,61.9,18,62.3,14,74.6,2.7,0.6,0.2,0,0,19.1,0,0,0,0,0,1.3,0,0,46.7,56.1,57.8,66.7,56.6,85.6,96.1,22.4,70,12.4,69.5,4.4,92.2,2793.2,28,36,36,36,76,112,447,2,2,Yes,No,No,No,No,No,No,No,No,No,Yes,No,No,No,No,No,No,No,No,No,No,No,No,No,No,No,No,Yes,No,No,No,No,No,No,No,Yes,No,No,34,43,34,51,47,47,1.172,5.08,3.424,3.328,12.192,2.024,0.688,3.424,3.2,1.072,1.264,1.664,1.064,1,1,0.848,1.824,1138,1530,3435,48,42,39,1.27,15,40.2,1.26,1.26,1.8,1.815,1.11,5.04,0.75,No,No,No,39.8,1.26,1.26,1.8,1.815,1.11,5.04,0.75,No,No,No,57,57,68,100,100,No,No,14727,23930,36,36,No,No,1299,631,0.3,3,3.3,0.226,17.963,41497,66330,0,0,0,0,0,0,29.4,32,32.6,84,0.905,12.17,12.164,12.171,12.174,0,0,11.817,5.893,10.341,10.966,4.066,0.627,7.578,7.675,210,50.6,1185,80,1290,0,1,0,0,10.2,0.1,0.7,0,0,0,0,0,0,Yes,No,No,No,No,Yes,No,5.5,8.1,1,0,0,0,0,0,0,0,0,15,0,0,0,0,0,0,0,0,0,0,0,0,0,0,0,0,0,0,0,0,11032,1250,987,65,2.5,0,0,0,16.5,34.2,75.4,5.3,34.4,29.23,187.28,13.26,1.64,24.19,25.84,0,1894,33,0.1,0.1,0,0,0,0,0,0
14.10.2025,16:14.3,22788,46629,32.8,17214,48106,26.3,0,1.265,1.326,1.288,1.273,1.288,1.288,1.268,1.273,1.272,1.147,1.257,1.213,1.281,1.251,4081.7,4788.3,4788.3,4688.5,4788.3,4788.3,798,4788.3,4788.3,3591.2,3591.2,3790.7,3790.7,99.8,3591.2,375.6,43.4,25.1,65.3,25.2,510.4,25.8,382.1,25.6,29.5,754.5,146.7,25.1,26.6,481.5,49.5,25,1388.5,1415.1,1299.8,766.8,302.5,11.4,0.9,0.5,1.3,0.5,11.2,0,8.1,6.4,0,16,3.2,0,0.5,10.4,0,4.2,46.1,49.1,44.5,25.5,49.1,11.4,100,10.9,1.3,0.7,2.2,0.7,17.7,0.8,12.9,0.8,1,21.8,4.3,0.7,0.8,13.7,1.4,0.7,39.1,39.7,36.2,21,10.9,40.9,48,48,47,48,48,8,48,48,36,36,38,38,36,46,42,41,48,45,52,47,47,44,48,47,47,49,54,58,59,52,55,48,53,53,56,52,53,53,51,52,52,No,No,No,No,No,No,No,No,No,No,No,No,No,No,No,No,No,No,No,No,No,No,No,No,No,No,No,No,No,No,No,No,No,No,No,No,No,No,No,No,No,No,48,48,42,0,0,0,0,0,0,0,1.25,17.446,30.219,21.141,7.574,0.5,150,175,24,0,0,11.1,1,0.5,1.4,0.5,11.2,0.5,8.2,0.5,0.6,16.1,3.2,0.5,0.6,10.6,1.1,0.5,45.8,48.9,44.5,25.9,8.3,0.5,2.3,45.3,9.5,22.4,2.5,16.9,0,0,0,0,0,19.4,0,0,0,0,0,0,0,0,53.5,50.5,55,73.4,78.3,97.7,95.3,37.7,78,58,92.7,69.2,98.1,2793.2,28,36,36,36,76,112,447,2,2,Yes,No,No,No,No,No,No,No,No,No,Yes,No,No,No,No,No,No,No,No,No,No,No,No,No,No,No,No,Yes,No,No,No,No,No,No,No,Yes,No,No,34,43,34,50,44,47,1.234,5.08,3.424,3.328,12.192,2.024,0.688,3.424,3.2,1.072,1.264,1.648,1.064,1,1,0.848,1.824,1137,1544,3452,48,42,39,1.28,20,40.2,1.26,1.26,1.8,1.815,1.11,5.04,1.125,No,No,No,39.8,1.26,1.26,1.8,1.815,1.11,5.04,1.125,No,No,No,57,57,67,100,100,No,No,14728,23930,36,36,No,No,1299,631,0,1.7,1.7,0.024,11.107,41497,66351,0,0,0,0,0,0,29.4,32,32.7,84,0.905,12.168,12.161,12.17,12.173,0,0,10.666,5.905,10.658,11.05,3.944,0.395,7.578,7.707,210,50.6,1185,34.6,1290,0,29,0,0,10.2,0,0.1,0,0,0,0,0,0,Yes,No,No,No,No,Yes,No,5.5,8.4,1,0,0,0,0,0,0,0,0,15,0,0,0,0,0,0,0,0,0,0,0,0,0,0,0,0,0,0,0,0,11032,1250,987,65,2.5,0,0,0,16.5,19.5,60.7,0.8,19.8,51.15,1322.64,16.47,1.36,174.71,176.08,0,1894,33,0.3,0.2,0,0,0,0,0,0
14.10.2025,16:16.3,22784,46632,32.8,17209,48111,26.3,0,1.275,1.308,1.308,1.283,1.263,1.263,1.278,1.256,1.271,1.266,1.276,1.266,1.256,1.251,4439.1,4788.3,4788.3,4788.3,4788.3,4788.3,4788.3,4788.3,4788.3,3790.7,3591.2,3790.7,3790.7,99.8,3591.2,410.4,98.8,26.5,27.3,24.9,385.7,26.1,330.6,25.9,29.4,810.8,248.8,26.2,280,373.4,61.8,25.2,1538.6,1460.7,1366.4,1041.6,322.3,12.9,1.7,0,0.9,0,8.4,6,6.8,0,8.1,17,5,0.8,21.2,0,2.5,0,50.9,49.1,45.5,34.5,50.9,12.9,100,11.8,2.9,0.8,0.8,0.7,12.8,0.8,10.6,0.8,1,23.3,7.1,0.8,8,11.1,1.8,0.7,43.3,41.1,38.6,29.8,11.8,44.5,48,48,48,48,48,48,48,48,38,36,38,38,36,47,43,41,47,45,50,46,46,45,50,50,50,50,53,57,59,53,55,50,54,54,55,50,50,50,50,50,50,No,No,No,No,No,No,No,No,No,No,No,No,No,No,No,No,No,No,No,No,No,No,No,No,No,No,No,No,No,No,No,No,No,No,No,No,No,No,No,No,No,No,66,66,42,0,0,0,0,0,0,0,1.25,36.477,31.365,22.175,7.67,0.516,150,175,48,0,0,12,2.1,0.6,0.6,0.5,8.8,0.6,7.2,0.5,0.6,17.4,5.4,0.6,6.1,8.2,1.4,0.5,50.8,49,45.3,34.3,11.9,3.1,0,47.7,14.3,40,6,31.6,0,0,0,0,0.3,18.4,0,0,0,0,0,2.9,0,0,48.4,50.3,54.2,64.6,72.3,93.6,98.7,39,75.2,39.8,83.8,51.4,97.2,2793.2,28,36,36,36,76,112,447,2,2,Yes,No,No,No,No,No,No,No,No,No,Yes,No,No,No,No,No,No,No,No,No,No,No,No,No,No,No,No,Yes,No,No,No,No,No,No,No,Yes,No,No,34,43,34,59,43,48,1.261,5.08,3.424,3.328,12.192,2.024,0.688,3.424,3.2,1.072,1.264,1.664,1.064,1,1,0.848,1.824,1136,1537,3461,48,42,39,1.29,30,40.2,1.26,1.26,1.8,1.815,1.11,5.04,1.25,No,No,No,39.8,1.26,1.26,1.815,1.815,1.11,5.04,1.375,No,No,No,56,56,68,100,100,No,No,14728,23930,36,36,No,No,1299,631,0,1.7,1.7,0.024,13.099,41497,66376,0,0,0,0,0,0,29.4,32,32.5,84,0.905,12.168,12.161,12.169,12.173,0,0,10.67,5.841,10.663,10.904,3.798,0.245,7.608,7.669,210,50.6,1185,60.6,1290,0,5,0,0,10.2,0.1,0.4,0,0,0,0,0,0,Yes,No,No,No,No,Yes,No,5.5,8.8,1,0,0,0,0,0,0,0,0,15,0,0,0,0,0,0,0,0,0,0,0,0,0,0,0,0,0,0,0,0,11032,1250,987,65,2.5,0,0,0,16.5,14.9,0,0,14.6,67.07,0,0,1.4,116.97,121.42,0,1894,33,0.8,0.3,0,0,0,0,0,0
14.10.2025,16:18.3,22830,46587,32.8,17223,48097,26.3,0,1.295,1.317,1.302,1.302,1.302,1.276,1.306,1.291,1.306,1.286,1.291,1.281,1.281,1.251,4455.8,4888,4888,4888,4888,4888,4888,4888,4888,3591.2,3591.2,3591.2,3591.2,99.8,3591.2,584.5,329.3,26.9,201.5,25.8,341.9,189.3,522.1,26.8,201.3,1233.8,792,30.7,1480.2,90.2,340.9,27.6,1803.2,1608.4,1408.6,1008.9,515.1,18.7,7.7,2.6,4.2,11.4,8.2,8.3,12,17.7,18.1,27.1,17.7,19.3,32.2,0.8,8.1,1.1,54.8,48.1,43.2,30.8,54.8,18.7,100,16.7,9.8,0.8,6.1,0.8,9.9,6,15.5,0.8,6,35.3,22.7,1.1,42.1,3,9.8,0.9,50.7,45.2,39.5,28.4,16.7,44.7,49,49,49,49,49,49,49,49,36,36,36,36,36,46,44,41,46,45,43,44,47,43,51,51,51,51,54,56,59,54,55,57,56,53,57,49,49,49,49,51,51,No,No,No,No,No,No,No,No,No,No,No,No,No,No,No,No,No,No,No,No,No,No,No,No,No,No,No,No,No,No,No,No,No,No,No,No,No,No,No,No,No,No,55,55,42,0,0,0,0,0,0,0,1.25,22.203,42.466,33.094,7.831,0.537,150,175,32,0,0,15.1,7.2,0.6,4.5,0.6,7.7,4.3,11.5,0.6,4.2,26.6,17.1,0.7,31.6,1.9,7.5,0.6,54.3,47.7,42.7,30.3,21.1,13.5,14.3,57.5,23.9,47.4,28.5,52.2,15.3,0.6,0.4,0.2,0,18.9,0,0,0,0,1.1,2.1,0.9,1.8,44.1,51.1,56.4,68.9,50.2,77.2,79.6,28.1,61.5,19.7,49.7,12.1,73.5,2793.2,28,36,36,36,76,112,447,2,2,Yes,No,No,No,No,No,No,No,No,No,Yes,No,No,No,No,No,No,No,No,No,No,No,No,No,No,No,No,Yes,No,No,No,No,No,No,No,Yes,No,No,34,43,34,50,42,48,1.225,5.08,3.424,3.328,12.192,2.024,0.688,3.424,3.2,1.072,1.264,1.664,1.064,1,1,0.848,1.824,1244,1626,3435,48,42,39,1.295,25,40.2,1.26,1.26,1.815,1.8,1.11,5.04,0.875,No,No,No,39.8,1.26,1.26,1.815,1.815,1.11,5.04,1.125,No,No,No,56,56,69,100,100,No,No,14728,23930,36,36,No,No,1299,631,0,2.7,2.7,0.083,16.185,41497,66407,0,0,0,0,0,0,29.4,32,32.5,84,0.905,12.17,12.164,12.172,12.175,0,0,11.734,5.965,10.506,11.15,4.139,0.649,7.613,7.7,210,50.6,1185,69.8,1290,0,5,0,0,10.4,0.2,0.8,0,0,0,0,0,0,Yes,No,No,No,No,Yes,No,5.6,8.3,1,0,0,0,0,0,0,0,0,15,0,0,0,0,0,0,0,0,0,0,0,0,0,0,0,0,0,0,0,0,11010,1272,1009,66,2.5,0,0,0,16.5,14.1,57.2,1.1,11.7,70.89,908.12,17.49,1.14,85.67,338.1,0,1894,33,3.7,1.6,0,0,0,0,0,0
14.10.2025,16:20.3,22816,46600,32.8,17214,48107,26.3,0,1.288,1.323,1.306,1.291,1.291,1.311,1.284,1.279,1.279,1.273,1.258,1.283,1.283,1.251,4464.1,4688.5,4688.5,4888,4888,4888,4788.3,4788.3,4788.3,3790.7,3790.7,3790.7,3790.7,99.8,3591.2,400.5,141.5,27.5,29.1,25.1,326.8,188.5,504.1,25.3,28.4,635.2,446.3,25.3,55,502.2,88.7,24.7,1607.8,1176.4,1231.7,920.4,325.4,12.1,3.1,0.5,0.6,0.5,7.2,1.8,10.7,2.8,0.5,13.8,9.6,0,0,24.7,0.4,1.8,53,39.1,40.9,32,53,12.1,100,11.6,4.5,0.8,0.8,0.7,11.5,6.2,16.7,0.7,0.9,18.4,12.8,0.7,1.6,14.5,2.6,0.4,45.1,33.1,34.7,25.9,11.6,44.8,47,47,49,49,49,48,48,48,38,38,38,38,36,44,43,41,43,43,43,44,43,50,46,46,46,46,56,57,59,57,57,57,56,57,50,54,54,54,54,46,50,No,No,No,No,No,No,No,No,No,No,No,No,No,No,No,No,No,No,No,No,No,No,No,No,No,No,No,No,No,No,No,No,No,No,No,No,No,No,No,No,No,No,48,48,42,0,0,0,0,0,0,0,1.25,25.375,32.164,23.042,7.614,0.505,150,175,40,0,0,11.6,3.2,0.6,0.6,0.5,7.2,4.1,10.7,0.5,0.6,13.9,9.7,0.5,1.2,11.2,2,0.5,52.7,38.9,40.6,31.9,13.6,10.1,1.2,35.4,10.1,53.3,8.8,42.8,1,0,0,0,0,19.4,0,0,0,0,0,0,0,0,46.5,60.4,58.8,67.4,69,84.8,97.4,48,74.3,30.3,78.9,42.7,95.8,2793.2,28,36,36,36,76,112,447,2,2,Yes,No,No,No,No,No,No,No,No,No,Yes,No,No,No,No,No,No,No,No,No,No,No,No,No,No,No,No,Yes,No,No,No,No,No,No,No,Yes,No,No,34,43,34,47,41,47,1.172,5.08,3.424,3.328,12.192,2.024,0.688,3.424,3.2,1.072,1.264,1.664,1.064,1,1,0.848,1.824,1569,1708,3443,48,42,39,1.29,22,40.2,1.26,1.26,1.815,1.815,1.2,5.04,0.875,No,No,No,39.8,1.26,1.26,1.815,1.815,1.08,5.04,0.875,No,No,No,56,56,69,100,100,No,No,14728,23930,36,36,No,No,1299,631,0,2.3,2.4,0.024,17.878,41497,66441,0,0,0,0,0,0,29.4,30,32.5,84,0.905,12.169,12.162,12.172,12.174,0,0,11.087,5.872,10.388,10.906,3.981,0.522,7.637,7.67,210,50.6,1185,38.9,1290,0,5,0,0,10.4,0.1,0.3,0,0,0,0,0,0,Yes,No,No,No,No,Yes,No,5.5,7.6,1,0,0,0,0,0,0,0,0,15,0,0,0,0,0,0,0,0,0,0,0,0,0,0,0,0,0,0,0,0,11010,1272,1009,64,2.5,0,0,0,16.5,11.7,62.5,0.6,10.3,85.36,1797.17,16,1.26,365.38,622.32,0,1894,33,0.6,0.3,0,0,0,0,0,0
14.10.2025,16:22.3,22815,46601,32.8,17216,48104,26.3,0,1.274,1.306,1.295,1.295,1.28,1.265,1.28,1.26,1.289,1.269,1.152,1.297,1.302,1.251,4480.7,4788.3,4888,4888,4888,4888,4888,4888,4888,3790.7,3591.2,3790.7,3591.2,99.8,3591.2,344.8,45,26.2,25.2,28.8,144.1,48.2,169,26.1,27.5,554.3,264.3,25.4,164.7,357.6,56.6,13.1,1348.9,1431.5,1203.8,935.4,264.3,11.6,0.6,0.2,0.9,1.1,0,3,3.4,0,0,11.8,5.3,11.2,17.4,0,1.6,0,48.4,50.1,44.4,32.5,50.1,11.6,100,9.8,1.3,0.7,0.7,0.8,4.3,1.4,4.8,0.8,0.9,15.9,7.5,0.7,4.7,10.3,1.6,0.7,38,40.1,33.6,26.5,9.8,44.9,48,49,49,49,49,49,49,49,38,36,38,36,36,45,42,40,43,42,43,43,47,44,48,49,49,49,55,58,60,57,58,57,57,53,56,52,51,51,51,48,49,No,No,No,No,No,No,No,No,No,No,No,No,No,No,No,No,No,No,No,No,No,No,No,No,No,No,No,No,No,No,No,No,No,No,No,No,No,No,No,No,No,No,47,47,42,0,0,0,0,0,0,0,1.25,33.305,27.543,18.441,7.597,0.501,150,175,48,0,0,10.9,1,0.6,0.5,0.6,3.5,1.1,3.7,0.6,0.6,12.2,5.6,0.5,3.6,7.8,1.2,0.3,48.1,50,44.5,32.5,9.5,3.9,2.9,29.4,0.2,44.8,3.3,28.1,0.6,0,0,0,0.6,18.5,0,0,0,0,0.6,0,0,0,51.1,49.2,54.9,66.1,79.1,94.2,95.6,64,94.3,39.6,89.6,58.1,97.4,2793.2,28,36,36,36,76,112,447,2,2,Yes,No,No,No,No,No,No,No,No,No,Yes,No,No,No,No,No,No,No,No,No,No,No,No,No,No,No,No,Yes,No,No,No,No,No,No,No,Yes,No,No,34,43,34,48,42,47,1.19,5.08,3.424,3.328,12.192,2.024,0.688,3.424,3.2,1.072,1.264,1.664,1.064,1,1,0.848,1.824,1434,1534,3426,48,42,39,1.28,15,40.2,1.26,1.26,1.815,1.815,1.08,5.04,0.75,No,No,No,39.8,1.26,1.26,1.815,1.815,1.08,5.04,0.75,No,No,No,56,56,68,100,100,No,No,14728,23930,36,36,No,No,1299,631,0,2,2.1,0.016,14.251,41497,66469,0,0,0,0,0,0,29.3,32,32.5,84,0.905,12.169,12.163,12.17,12.173,0,0,10.448,5.847,10.287,10.82,3.968,0.54,7.631,7.684,210,50.6,1185,37.8,1290,0,28,0,0,10.4,0,0.1,0,0,0,0,0,0,Yes,No,No,No,No,Yes,No,5.5,8,1,0,0,0,0,0,0,0,0,15,0,0,0,0,0,0,0,0,0,0,0,0,0,0,0,0,0,0,0,0,11010,1272,1009,64,2.5,0,0,0,16.5,8.9,0,0,8,111.8,0,0,1.43,755.1,756.37,0,1894,33,0.4,0.4,0,0,0,0,0,0
14.10.2025,16:24.3,22812,46605,32.8,17210,48111,26.3,0,1.289,1.316,1.306,1.281,1.281,1.266,1.296,1.296,1.286,1.281,1.268,1.293,1.293,1.251,4464.1,4788.3,4888,4888,4888,4888,4888,4888,4888,3591.2,3790.7,3591.2,3591.2,99.8,3591.2,345.8,27.5,25.7,25.2,25,25.6,264.1,264.7,25.2,27,583.7,214.1,25.5,525.8,27.4,34.2,40.4,926.3,1400.2,1350.8,1077.5,249.3,11.9,1,1.7,0,0.1,0,6.5,6.1,10.6,5.3,12.9,5,0,11.9,0,0.4,2.7,34.7,49.9,49.1,39.4,49.9,11.9,100,9.9,0.8,0.7,0.7,0.7,0.7,8,8.1,0.7,0.8,17.1,6.1,0.7,15.1,0.8,1,1.1,26.1,39.4,38,30.2,9.9,44.8,48,49,49,49,49,49,49,49,36,38,36,36,36,45,42,41,44,46,43,41,43,44,48,49,49,49,55,58,59,56,54,57,59,57,56,52,51,51,51,47,49,No,No,No,No,No,No,No,No,No,No,No,No,No,No,No,No,No,No,No,No,No,No,No,No,No,No,No,No,No,No,No,No,No,No,No,No,No,No,No,No,No,No,46,46,42,0,0,0,0,0,0,0,1.25,28.547,27.909,18.837,7.571,0.498,150,175,40,0,0,10.9,0.6,0.5,0.5,0.5,0.5,6.2,5.7,0.5,0.6,12.6,4.6,0.5,11.5,0.6,0.8,0.8,34.2,49.4,48.5,39,8.4,0.7,0,30.2,6.2,18.8,3.7,41.3,0,0,0,0,0,18.8,0,0,0,0,0,0,0,0,65.3,49.8,50.8,60.2,80.1,98,98.9,60.2,85.6,64.9,90.2,44.7,98,2793.2,28,36,36,36,76,112,447,2,2,Yes,No,No,No,No,No,No,No,No,No,Yes,No,No,No,No,No,No,No,No,No,No,No,No,No,No,No,No,Yes,No,No,No,No,No,No,No,Yes,No,No,34,43,34,48,44,48,1.243,5.08,3.424,3.328,12.192,2.024,0.688,3.424,3.2,1.072,1.264,1.664,1.064,1,1,0.848,1.824,1118,1461,3443,47,42,39,1.27,28,40.2,1.26,1.26,1.815,1.815,1.08,5.04,0.875,No,No,No,39.8,1.26,1.26,1.815,1.815,1.08,5.04,0.875,No,No,No,56,56,67,100,100,No,No,14728,23930,36,36,No,No,1299,631,0.1,2.3,2.4,0.032,17.802,41497,66503,0,0,0,0,0,0,29.3,32,32.6,84,0.905,12.168,12.16,12.17,12.173,0,0,10.352,5.913,10.695,11.075,3.956,0.388,7.61,7.666,210,50.6,1185,36.2,1290,0,25,0,0,10.4,0,0.1,0,0,0,0,0,0,Yes,No,No,No,No,Yes,No,5.5,8.1,1,0,0,0,0,0,0,0,0,15,0,0,0,0,0,0,0,0,0,0,0,0,0,0,0,0,0,0,0,0,11010,1272,1009,64,2.5,0,0,0,16.5,8.9,0,0,6.6,111.8,0,0,1.46,665.01,666.52,0,1894,33,0.2,0.1,0,0,0,0,0,0
14.10.2025,16:26.3,22813,46603,32.8,17211,48109,26.3,0,1.294,1.338,1.289,1.284,1.294,1.286,1.301,1.286,1.301,1.291,1.275,1.29,1.29,1.251,4148.2,798,4888,4888,4888,4888,4888,4888,4888,3591.2,3591.2,3790.7,3790.7,99.8,3591.2,368.2,47.8,26.1,25.9,25.1,26.7,169.6,117.3,25.3,27.3,459.4,383.9,29.9,587.6,27.9,73.8,25.3,1036.8,1469.7,1495.4,1284,254.7,12.6,1,0,0,0.5,0,4.1,2.6,9,0,10,6.6,0,12.8,17.3,0,0.5,36.9,50.6,52.1,47.5,52.1,12.6,100,10.4,1.4,0.7,0.7,0.7,0.8,5.1,3.4,0.7,0.8,13.4,10.9,0.9,16.9,0.9,2.1,0.7,29.2,41.3,41.9,36.2,10.4,41.6,8,49,49,49,49,49,49,49,36,36,38,38,36,44,42,43,44,42,42,41,43,43,46,48,48,48,56,58,57,56,58,58,59,57,57,54,52,52,52,46,48,No,No,No,No,No,No,No,No,No,No,No,No,No,No,No,No,No,No,No,No,No,No,No,No,No,No,No,No,No,No,No,No,No,No,No,No,No,No,No,No,No,No,46,47,42,0,0,0,0,0,0,0,1.25,30.133,28.345,19.262,7.576,0.501,150,175,40,0,0,11.6,1.1,0.6,0.6,0.5,0.6,4.2,2.7,0.5,0.6,10.1,8.1,0.6,12.8,0.6,1.6,0.5,37.1,50.2,51.9,47.1,9.7,3.1,0,34.1,3.6,21.7,4.9,48.2,1,0,0,0,0,17.6,0,0,0,0,0,0,0,0,62.4,49,47.4,52.1,78.3,94.7,98.8,58.5,92,64.8,85.2,36.2,96.3,2793.2,28,36,36,36,76,112,447,2,2,Yes,No,No,No,No,No,No,No,No,No,Yes,No,No,No,No,No,No,No,No,No,No,No,No,No,No,No,No,Yes,No,No,No,No,No,No,No,Yes,No,No,34,43,34,47,43,48,1.172,5.08,3.424,3.328,12.192,2.024,0.696,3.424,3.2,1.072,1.264,1.664,1.064,1,1,0.848,1.824,993,1428,3417,47,42,39,1.29,18,40.2,1.26,1.26,1.815,1.815,1.08,5.04,0.75,No,No,No,39.8,1.26,1.26,1.815,1.815,1.08,5.04,1,No,No,No,56,56,69,100,100,No,No,14728,23930,36,36,No,No,1299,631,0,2.7,2.7,0.008,21.223,41497,66543,0,0,0,0,0,0,29.3,32,32.6,84,0.905,12.169,12.161,12.171,12.174,0,0,10.387,5.939,10.566,11.088,4.042,0.526,7.692,7.659,210,50.6,1185,34.2,1290,0,14,0,0,10.4,0,0.1,0,0,0,0,0,0,Yes,No,No,No,No,Yes,No,5.5,7.4,1,0,0,0,0,0,0,0,0,15,0,0,0,0,0,0,0,0,0,0,0,0,0,0,0,0,0,0,0,0,11010,1272,1009,64,2.5,0,0,0,16.5,5.8,64.4,0.5,5.7,171.86,1945.47,15.54,1.39,670.78,672.21,0,1894,33,0.7,0.6,0,0,0,0,0,0
14.10.2025,16:28.3,22811,46606,32.8,17206,48114,26.3,0,1.276,1.316,1.289,1.274,1.274,1.274,1.274,1.264,1.264,1.274,1.274,1.264,1.271,1.251,4389.3,4788.3,4788.3,4788.3,4788.3,4788.3,4788.3,4788.3,4788.3,3591.2,3591.2,3591.2,3591.2,99.8,3591.2,387.9,28.7,25,25.1,25,25.9,351.6,268.5,25.4,27.8,703.4,405.6,25.9,609.3,27.2,55.9,25.6,934,1551.8,1460.8,1156.5,285.6,12.4,0.7,0,9.8,0.6,1.4,8.1,6,0,2.2,15.3,10.2,3.6,13.5,0,6.5,0.6,32.5,50.4,48.5,39,50.4,12.4,100,11.1,0.8,0.7,0.7,0.7,0.8,11.3,8.9,0.7,0.9,20.4,11.6,0.8,17.6,0.8,1.6,0.7,26.2,43.6,41,32.5,11.1,44,48,48,48,48,48,48,48,48,36,36,36,36,36,45,42,40,44,41,43,41,47,43,49,49,49,49,55,58,60,56,59,57,59,53,57,51,51,51,51,47,49,No,No,No,No,No,No,No,No,No,No,No,No,No,No,No,No,No,No,No,No,No,No,No,No,No,No,No,No,No,No,No,No,No,No,No,No,No,No,No,No,No,No,52,52,42,0,0,0,0,0,0,0,1.25,28.547,30.579,21.471,7.602,0.506,150,175,40,0.1,0,11.3,0.6,0.5,0.5,0.5,0.5,8.1,5.9,0.5,0.6,15.2,8.7,0.5,13.5,0.6,1.3,0.5,31.8,50,48.2,38.8,13.8,1.1,0,39.9,14.9,37.8,6.1,63.3,2.1,0,0,0,0,19.1,0,0,0,0,0,0,0,0,67.8,49.2,51.2,60.5,70.4,97.4,98.9,47.7,76,43.9,83.1,20.8,95.3,2793.2,28,36,36,36,76,112,447,2,2,Yes,No,No,No,No,No,No,No,No,No,Yes,No,No,No,No,No,No,No,No,No,No,No,No,No,No,No,No,Yes,No,No,No,No,No,No,No,Yes,No,No,34,43,34,47,44,47,1.19,5.08,3.424,3.328,12.192,2.024,0.696,3.424,3.2,1.072,1.264,1.664,1.064,1,1,0.848,1.824,1045,1422,3417,47,42,39,1.275,12,40.2,1.26,1.26,1.8,1.815,1.08,5.04,1.125,No,No,No,39.8,1.26,1.26,1.8,1.815,1.08,5.04,0.875,No,No,No,56,56,68,100,100,No,No,14728,23930,36,36,No,No,1299,631,0,3.3,3.4,0.032,21.335,41497,66584,0,0,0,0,0,0,29.3,32,32.5,84,0.905,12.171,12.164,12.173,12.175,0,0,11.539,5.869,10.701,10.98,3.847,0.287,7.601,7.665,210,50.6,1185,67.4,1290,0,12,0,0,10.4,0.1,0.5,0,0,0,0,0,0,Yes,No,No,No,No,Yes,No,5.5,8.3,1,0,0,0,0,0,0,0,0,15,0,0,0,0,0,0,0,0,0,0,0,0,0,0,0,0,0,0,0,0,11010,1272,1009,64,2.5,0,0,0,16.5,7.2,64.9,0.7,7.1,138.34,1377.74,15.4,1.52,88.53,90.04,0,1894,33,0.3,0.1,0,0,0,0,0,0
14.10.2025,16:30.3,22814,46602,32.8,17207,48113,26.3,0,1.294,1.305,1.312,1.312,1.297,1.282,1.303,1.288,1.303,1.288,1.288,1.278,1.278,1.251,4455.8,4888,4888,4888,4888,4888,4888,4888,4888,3591.2,3591.2,3591.2,3591.2,99.8,3591.2,420.4,62.1,25.4,26.5,25.2,25.9,404.5,303.1,25.6,28.1,752.6,254.6,33.9,542.6,26.8,55.6,26,1167.3,1835.7,1486.4,1300.3,312.3,14.8,1.4,0.5,0.6,0.5,6.4,9,6.5,11,10.4,16.2,5.5,11.1,12,4.3,1.3,0.6,40.6,62.2,51.3,45.3,62.2,14.8,100,12.1,1.8,0.7,0.7,0.7,0.8,13.4,10.1,0.7,0.9,21.6,7.3,1,15.7,0.8,1.7,0.7,32.8,51.6,41.8,36.6,12.1,44.7,49,49,49,49,49,49,49,49,36,36,36,36,36,45,42,41,44,42,43,43,43,44,50,50,50,50,55,58,59,56,58,57,57,57,56,50,50,50,50,47,50,No,No,No,No,No,No,No,No,No,No,No,No,No,No,No,No,No,No,No,No,No,No,No,No,No,No,No,No,No,No,No,No,No,No,No,No,No,No,No,No,No,No,47,47,42,0,0,0,0,0,0,0,1.25,33.305,31.066,21.899,7.653,0.511,150,175,40,0,0,12.7,1.3,0.5,0.6,0.5,0.5,9.1,6.5,0.5,0.6,16.1,5.5,0.7,12,0.6,1.3,0.6,40.3,61.8,50.9,45,11.3,1.8,0,28.5,6.7,30,4.8,60.9,2.7,0,0,0,0.7,16.6,0,0,0,0,1,0,0,0,59.1,37.3,48.3,53.4,74,95.9,98.8,57.3,83.2,49.7,87.9,24.5,94.8,2793.2,28,36,36,36,76,112,447,2,2,Yes,No,No,No,No,No,No,No,No,No,Yes,No,No,No,No,No,No,No,No,No,No,No,No,No,No,No,No,Yes,No,No,No,No,No,No,No,Yes,No,No,34,43,34,49,43,48,1.208,5.08,3.424,3.328,12.192,2.024,0.696,3.424,3.2,1.072,1.264,1.664,1.064,1,1,0.848,1.824,1053,1398,3325,47,42,39,1.235,23,40.2,1.26,1.26,1.8,1.8,1.08,5.04,1.125,No,No,No,39.8,1.26,1.26,1.8,1.815,1.08,5.04,1,No,No,No,56,56,68,100,100,No,No,14728,23930,36,36,No,No,1299,631,0.3,2.6,2.9,0.09,21.259,41498,66624,0,0,0,0,0,0,29.3,32,32.4,84,0.905,12.17,12.164,12.173,12.174,0,0,10.967,5.851,10.396,10.882,3.944,0.49,7.577,7.667,210,50.6,1185,41.8,1290,0,18,0,0,10.4,0,0.1,0,0,0,0,0,0,Yes,No,No,No,No,Yes,No,5.4,8.1,1,0,0,0,0,0,0,0,0,15,0,0,0,0,0,0,0,0,0,0,0,0,0,0,0,0,0,0,0,0,11010,1272,1009,64,2.5,0,0,0,16.5,7.5,60.8,0.9,7.4,133.09,1095.04,16.46,1.25,103.23,104.51,0,1894,33,0.8,0.3,0,0,0,0,0,0
14.10.2025,16:32.3,22812,46604,32.8,17205,48116,26.3,0,1.266,1.323,1.309,1.194,1.259,1.284,1.289,1.284,1.289,1.276,1.281,1.2,1.201,1.251,3807.4,798,4888,798,4888,4888,4888,4888,4888,3591.2,3591.2,3790.7,3790.7,99.8,3591.2,484,34.9,25,25.3,25.3,25.9,330,212.7,25.5,182.4,543.3,284.2,25.6,608.8,26.8,63.5,25,1528.8,2121.6,1920.1,1646.2,339.7,15.7,0.7,3.4,0.4,1.2,5.6,7.4,4.7,1.2,11.4,11.7,6.1,0,13.4,0,2.2,0,52.6,70.8,65.1,56,70.8,15.7,100,13.8,1.1,0.7,0.7,0.7,0.8,10.3,6.8,0.7,5.3,15.8,8.1,0.7,17.6,0.8,1.9,0.7,43.1,59.7,54,46.3,13.8,38.2,8,49,8,49,49,49,49,49,36,36,38,38,36,44,42,40,45,42,41,44,44,44,48,48,47,47,56,58,60,55,58,59,56,56,56,52,52,53,53,47,48,No,No,No,No,No,No,No,No,No,No,No,No,No,No,No,No,No,No,No,No,No,No,No,No,No,No,No,No,No,No,No,No,No,No,No,No,No,No,No,No,No,No,46,46,42,0,0,0,0,0,0,0,1.25,36.477,32.393,23.108,7.762,0.521,150,175,48,0,0,14.9,0.8,0.5,0.5,0.5,0.5,7.6,4.8,0.5,3.9,11.8,6.2,0.5,13.5,0.6,1.5,0.5,52.5,70.2,64.6,55.8,13.9,2.3,0,30.5,17.5,42.9,6.8,64.7,2,0,0,0,0,12.7,0,0,0,0,0,0,0,0,46.7,28.7,34.4,43.2,70.8,96,98.8,58.1,74.9,38.8,85.1,19.2,95.2,2793.2,28,36,36,36,76,112,447,2,2,Yes,No,No,No,No,No,No,No,No,No,Yes,No,No,No,No,No,No,No,No,No,No,No,No,No,No,No,No,Yes,No,No,No,No,No,No,No,Yes,No,No,34,43,34,49,43,47,1.163,5.08,3.424,3.328,12.192,2.024,0.688,3.424,3.2,1.072,1.264,1.664,1.064,1,1,0.848,1.824,1024,1396,3417,48,42,39,1.24,27,40.2,1.26,1.26,1.8,1.815,1.2,5.04,0.75,No,No,No,39.8,1.26,1.26,1.8,1.815,1.11,5.04,1.125,No,No,No,56,56,69,100,100,No,No,14728,23930,36,36,No,No,1299,631,4.6,3.6,8.2,0.583,23.731,41499,66670,0,0,0,0,0,0,29.3,32,32.6,84,0.905,12.169,12.162,12.171,12.174,0,0,10.619,5.854,10.908,11.003,3.725,0.095,7.577,7.667,210,50.6,1185,46.2,1290,0,25,0,0,10.4,0.1,0.4,0,0,0,0,0,0,Yes,No,No,No,No,Yes,No,5.5,7.7,1,0,0,0,0,0,0,0,0,15,0,0,0,0,0,0,0,0,0,0,0,0,0,0,0,0,0,0,0,0,11010,1272,1009,64,2.5,0,0,0,16.5,7.2,61,0.6,7.2,139.03,1755.42,16.39,1.46,171.12,172.54,0,1894,33,0.7,0.2,0,0,0,0,0,0
14.10.2025,16:34.3,22813,46604,32.8,17205,48115,26.3,0,1.292,1.338,1.312,1.257,1.282,1.287,1.302,1.282,1.302,1.272,1.277,1.296,1.296,1.251,4447.5,4788.3,4888,4888,4888,4888,4888,4888,4888,3591.2,3591.2,3591.2,3591.2,99.8,3591.2,366,113.8,26.9,26.4,24.5,25.5,393.5,223.7,25.9,785.3,37.9,195.7,25.4,410.8,26,47.2,24.9,976,1402.4,1450.7,1077.4,266.2,13.1,2.4,0.6,0,0,0,8.6,4.9,0.6,16.8,0,4.3,6.4,9.1,18.4,0.3,15.7,35.4,49,49.8,39,49.8,13.1,100,10.5,3.4,0.8,0.8,0.7,0.7,12.6,7.3,0.7,23.3,1.3,5.7,0.7,12,0.8,1.4,0.7,27.4,39.5,40.7,30.5,10.5,44.6,48,49,49,49,49,49,49,49,36,36,36,36,36,43,42,40,45,41,40,43,40,42,47,47,47,46,57,58,60,55,59,60,57,60,58,53,53,53,54,46,47,No,No,No,No,No,No,No,No,No,No,No,No,No,No,No,No,No,No,No,No,No,No,No,No,No,No,No,No,No,No,No,No,No,No,No,No,No,No,No,No,No,No,48,48,42,0,0,0,0,0,0,0,1.25,26.961,29.095,20.022,7.568,0.5,150,175,40,0,0,11.2,2.4,0.6,0.6,0.5,0.5,8.6,4.9,0.5,16.8,0.9,4.3,0.5,9.1,0.5,1.1,0.5,35.2,48.7,49.6,38.6,8.5,2.6,1.4,10.3,5.1,57.6,5.9,16.9,1.8,0,0,0,0,18.8,0,0,0,0,0,0,0,0,64.3,50.5,49.8,60.6,79,94,97.4,76.9,87.1,22,88.3,70.4,96.2,2793.2,28,36,36,36,76,112,447,2,2,Yes,No,No,No,No,No,No,No,No,No,Yes,No,No,No,No,No,No,No,No,No,No,No,No,No,No,No,No,Yes,No,No,No,No,No,No,No,Yes,No,No,34,43,34,48,42,48,1.234,5.08,3.424,3.328,12.192,2.024,0.696,3.424,3.2,1.072,1.264,1.664,1.064,1,1,0.848,1.824,1031,1422,3479,47,42,39,1.29,20,40.2,1.26,1.26,1.8,1.815,1.11,5.04,0.75,No,No,No,39.8,1.26,1.26,1.8,1.815,1.11,5.04,0.875,No,No,No,56,56,69,100,100,No,No,14728,23930,36,36,No,No,1299,631,0,2.6,2.6,0.016,17.483,41499,66703,0,0,0,0,0,0,29.3,32,32.5,84,0.905,12.169,12.162,12.171,12.174,0,0,10.618,5.837,10.62,10.893,3.823,0.283,7.577,7.663,210,50.6,1185,34.5,1290,0,15,0,0,10.4,0,0.1,0,0,0,0,0,0,Yes,No,No,No,No,Yes,No,5.5,7.3,1,0,0,0,0,0,0,0,0,15,0,0,0,0,0,0,0,0,0,0,0,0,0,0,0,0,0,0,0,0,11010,1272,1009,64,2.5,0,0,0,16.5,6.6,57.6,0.8,6.6,152.09,1301.99,17.35,1.19,265.56,266.85,0,1894,34,4.5,2.3,0,0,0,0,0,0
14.10.2025,16:36.3,22812,46604,32.8,17203,48118,26.3,0,1.283,1.309,1.299,1.324,1.29,1.275,1.3,1.3,1.29,1.289,1.289,1.147,1.287,1.251,4439.1,4788.3,4788.3,4888,4888,4888,4888,4888,4888,3591.2,3591.2,3591.2,3591.2,99.8,3591.2,358.3,46.4,28,33.2,24.9,25.3,305.3,223,25.2,628.9,29.1,144.2,27.8,472,41.6,56.7,25.2,1009.6,1513.6,1352.8,1153.7,258.9,11.9,1.1,0.7,11.1,0.6,8.4,6.9,4.9,0,13.7,0,3.2,1.4,10.4,0,0.5,0.6,35.7,51.9,46.5,40.4,51.9,11.9,100,10.2,1.3,0.8,0.9,0.7,0.7,9.4,7,0.7,18,0.9,4.1,0.8,13.7,1.2,1.6,0.7,28.2,42.5,38,32.6,10.2,44.5,48,48,49,49,49,49,49,49,36,36,36,36,36,44,42,40,44,40,46,42,44,43,47,47,48,47,56,58,60,56,60,54,58,56,57,53,53,52,53,46,48,No,No,No,No,No,No,No,No,No,No,No,No,No,No,No,No,No,No,No,No,No,No,No,No,No,No,No,No,No,No,No,No,No,No,No,No,No,No,No,No,No,No,57,57,42,0,0,0,0,0,0,0,1.25,34.891,28.409,19.339,7.566,0.501,150,175,48,0,0,11,1,0.6,0.7,0.5,0.5,6.9,4.8,0.5,13.7,0.6,3.2,0.6,10.4,0.9,1.2,0.5,35.1,51.5,46.1,40,9.3,1.1,0,19.4,5.4,66.1,1.8,17.5,0,0,0,0,0,18.7,0,0,0,0,0,0,0,0,64.4,47.7,53.2,59.2,78.8,97,98.6,70.1,87.4,17.8,93.5,68.4,97.9,2793.2,28,36,36,36,76,112,447,2,2,Yes,No,No,No,No,No,No,No,No,No,Yes,No,No,No,No,No,No,No,No,No,No,No,No,No,No,No,No,Yes,No,No,No,No,No,No,No,Yes,No,No,34,43,34,47,42,48,1.154,5.08,3.424,3.328,12.192,2.024,0.696,3.424,3.2,1.072,1.264,1.664,1.064,1,1,0.848,1.824,1089,1456,3400,47,42,39,1.225,29,40.2,1.26,1.26,1.8,1.815,1.11,5.04,0.75,No,No,No,39.8,1.26,1.26,1.8,1.815,1.11,5.04,0.875,No,No,No,56,56,67,100,100,No,No,14728,23930,36,36,No,No,1299,631,0.1,3.2,3.3,0.032,15.843,41499,66733,0,0,0,0,0,0,29.3,32,32.4,84,0.905,12.167,12.159,12.169,12.172,0,0,10.25,5.863,10.58,10.952,3.895,0.372,7.571,7.67,210,50.6,1185,33.7,1290,0,15,0,0,10.4,0,0.1,0,0,0,0,0,0,Yes,No,No,No,No,Yes,No,5.5,7.3,1,0,0,0,0,0,0,0,0,15,0,0,0,0,0,0,0,0,0,0,0,0,0,0,0,0,0,0,0,0,11010,1272,1009,64,2.5,0,0,0,16.5,5.6,61.3,0.5,5.6,177.67,1927.92,16.31,1.45,665.37,666.71,0,1894,34,3,0.3,0,0,0,0,0,0
14.10.2025,16:38.3,22810,46606,32.8,17204,48116,26.3,0,1.289,1.326,1.301,1.301,1.291,1.291,1.291,1.291,1.291,1.271,1.271,1.271,1.271,1.251,4455.8,4888,4888,4888,4888,4888,4888,4888,4888,3591.2,3591.2,3591.2,3591.2,99.8,3591.2,373.6,53.8,27.7,31.5,25,25.7,350.6,271,46.2,729.7,28.9,271.6,25.6,792.8,27,65.6,25.3,751.2,1493.9,1248.9,1179.5,280.2,12,1.1,0.5,1.4,0.4,0,7.8,5.8,0.9,15.7,2,5.8,1.2,16.9,16.2,2.9,1.2,26.2,48.9,44.5,39.7,48.9,12,100,10.7,1.6,0.8,1,0.7,0.8,11.5,8.9,1.3,21,0.9,7.7,0.7,22.6,0.8,1.9,0.7,21.2,42,35.1,33.1,10.7,44.7,49,49,49,49,49,49,49,49,36,36,36,36,36,44,42,40,43,41,43,40,43,43,47,47,47,47,56,58,60,57,59,57,60,57,57,53,53,53,53,46,47,No,No,No,No,No,No,No,No,No,No,No,No,No,No,No,No,No,No,No,No,No,No,No,No,No,No,No,No,No,No,No,No,No,No,No,No,No,No,No,No,No,No,45,43,42,0,0,0,0,0,0,0,1.25,33.305,30.27,21.223,7.547,0.5,150,175,48,0,0,10.9,1.2,0.6,0.7,0.5,0.5,7.9,5.9,1,15.7,0.6,5.8,0.5,17,0.6,1.4,0.5,26,48.6,44.3,39.6,10.3,2.1,1.3,23.7,14.5,56.9,1.3,22.3,1.8,0,0,0,0,20.2,0,0,0,0,0.8,0,3.1,0,73.6,50.7,55,59.6,74.8,95.8,97.3,64,75.9,24.1,91.2,54.7,95.8,2793.2,28,36,36,36,76,112,447,2,2,Yes,No,No,No,No,No,No,No,No,No,Yes,No,No,No,No,No,No,No,No,No,No,No,No,No,No,No,No,Yes,No,No,No,No,No,No,No,Yes,No,No,34,43,34,46,43,48,1.217,5.08,3.424,3.328,12.192,2.024,0.696,3.424,3.2,1.072,1.264,1.664,1.064,1,1,0.848,1.824,1078,1409,3391,48,42,39,1.25,34,40.2,1.26,1.26,1.8,1.815,1.11,5.04,0.875,No,No,No,39.8,1.26,1.26,1.8,1.815,1.11,5.04,1.125,No,No,No,56,56,67,100,100,No,No,14728,23930,36,36,No,No,1299,631,0.1,1.6,1.7,0.049,9.278,41499,66751,0,0,0,0,0,0,29.3,32,32.5,84,0.905,12.17,12.163,12.172,12.175,0,0,10.329,5.923,10.932,11.162,3.884,0.241,7.574,7.667,210,50.6,1185,33.5,1290,0,23,0,0,10.4,0,0.1,0,0,0,0,0,0,Yes,No,No,No,No,Yes,No,5.6,7.3,1,0,0,0,0,0,0,0,0,15,0,0,0,0,0,0,0,0,0,0,0,0,0,0,0,0,0,0,0,0,11010,1272,1009,64,2.5,0,0,0,16.5,5,160.8,0.5,5,198.97,1920.35,6.22,1.43,503.04,504.53,0,1894,34,1.6,0.3,0,0,0,0,0,0
14.10.2025,16:40.3,22792,46624,32.8,17183,48137,26.3,0,1.277,1.313,1.276,1.266,1.271,1.286,1.276,1.271,1.271,1.276,1.273,1.273,1.273,1.251,4447.5,4688.5,4888,4888,4688.5,4788.3,4788.3,4788.3,4688.5,3790.7,3790.7,3790.7,3790.7,99.8,3591.2,246.6,27.9,27.1,25.2,25.4,25.4,256.7,408.9,42.5,179,785.1,218.4,39.6,773.2,27.6,54.7,25.3,275.3,694.2,575.7,444.4,217.3,7,0.6,0,0,0.5,2,5.9,8.6,1.6,0,30.8,4.6,0.8,16.6,0,1.2,0,8.2,22.8,18.6,16.3,30.8,7,100,7,0.8,0.8,0.7,0.7,0.7,7.5,11.6,1.2,5.2,22.4,6.2,1.1,22.2,0.9,1.6,0.7,7.8,19.6,16.3,12.7,7,44.6,47,49,49,47,48,48,48,47,38,38,38,38,36,41,41,39,44,42,39,41,40,43,41,41,41,41,59,59,61,56,58,61,59,60,57,59,59,59,59,45,44,No,No,No,No,No,No,No,No,No,No,No,No,No,No,No,No,No,No,No,No,No,No,No,No,No,No,No,No,No,No,No,No,No,No,No,No,No,No,No,No,No,No,49,49,42,0,0,0,0,0,0,0,1.25,41.235,25.339,16.426,7.423,0.492,150,175,56,4.6,1.7,6.6,0.6,0.6,0.5,0.5,0.5,6,8.6,0.9,3.8,16.7,4.6,0.8,16.7,0.6,1.2,0.5,9.5,23.1,19.1,16.2,10,2,0,24.7,0.4,45.7,2.8,43.8,0,0,0,0,0.7,27.8,0,0,0,2.2,1.5,0,0,0,90.3,76.3,80.5,82.3,75.5,96.6,98.8,66.2,86.6,30.2,91,36.5,97.7,2793.2,28,36,36,36,76,112,447,2,2,Yes,No,No,No,No,No,No,No,No,No,Yes,No,No,No,No,No,No,No,No,No,No,No,No,No,No,No,No,Yes,No,No,No,No,No,No,No,Yes,No,No,34,43,34,46,42,47,0.702,5.08,3.424,3.328,12.192,2.024,0.696,3.424,3.2,1.072,1.264,1.664,1.064,1,1,0.848,1.824,1057,1400,3400,47,42,39,1.28,26,40.2,1.26,1.26,1.8,1.815,1.11,5.04,1.125,No,No,No,39.8,1.26,1.26,1.8,1.815,1.11,5.04,1.125,No,No,No,56,56,65,100,100,No,No,14728,23930,36,36,No,No,1299,631,0.1,0.6,0.7,0.065,3.77,41499,66758,0,0,0,0,0,0,29.4,32,32.6,84,0.905,12.169,12.163,12.171,12.174,0,0,10.335,5.824,10.43,10.82,3.871,0.399,7.577,7.674,210,50.6,1185,32.7,1290,0,32,0,0,10.4,0,0.1,0,0,0,0,0,0,Yes,No,No,No,No,Yes,No,5.4,8.6,1,0,0,0,0,0,0,0,0,15,0,0,0,0,0,0,0,0,0,0,0,0,0,0,0,0,0,0,0,0,11010,1272,1009,64,2.5,0,0,0,16.5,4.6,68.3,0.5,4.6,218.84,1906.76,14.63,1.66,501.99,503.51,0,1894,34,0.5,0.2,0,0,0,0,0,0
