Date,Time,"Virtual Memory Committed [MB]","Virtual Memory Available [MB]","Virtual Memory Load [%]","Physical Memory Used [MB]","Physical Memory Available [MB]","Physical Memory Load [%]","Page File Usage [%]","Core VIDs (avg) [V]","P-core 0 VID [V]","P-core 1 VID [V]","P-core 2 VID [V]","P-core 3 VID [V]","P-core 4 VID [V]","P-core 5 VID [V]","P-core 6 VID [V]","P-core 7 VID [V]","E-core 8 VID [V]","E-core 9 VID [V]","E-core 10 VID [V]","E-core 11 VID [V]","SA VID [V]","Core Clocks (avg) [MHz]","P-core 0 Clock [MHz]","P-core 1 Clock [MHz]","P-core 2 Clock [MHz]","P-core 3 Clock [MHz]","P-core 4 Clock [MHz]","P-core 5 Clock [MHz]","P-core 6 Clock [MHz]","P-core 7 Clock [MHz]","E-core 8 Clock [MHz]","E-core 9 Clock [MHz]","E-core 10 Clock [MHz]","E-core 11 Clock [MHz]","Bus Clock [MHz]","Ring/LLC Clock [MHz]","Core Effective Clocks (avg) [MHz]","P-core 0 T0 Effective Clock [MHz]","P-core 0 T1 Effective Clock [MHz]","P-core 1 T0 Effective Clock [MHz]","P-core 1 T1 Effective Clock [MHz]","P-core 2 T0 Effective Clock [MHz]","P-core 2 T1 Effective Clock [MHz]","P-core 3 T0 Effective Clock [MHz]","P-core 3 T1 Effective Clock [MHz]","P-core 4 T0 Effective Clock [MHz]","P-core 4 T1 Effective Clock [MHz]","P-core 5 T0 Effective Clock [MHz]","P-core 5 T1 Effective Clock [MHz]","P-core 6 T0 Effective Clock [MHz]","P-core 6 T1 Effective Clock [MHz]","P-core 7 T0 Effective Clock [MHz]","P-core 7 T1 Effective Clock [MHz]","E-core 8 T0 Effective Clock [MHz]","E-core 9 T0 Effective Clock [MHz]","E-core 10 T0 Effective Clock [MHz]","E-core 11 T0 Effective Clock [MHz]","Average Effective Clock [MHz]","Core Usage (avg) [%]","P-core 0 T0 Usage [%]","P-core 0 T1 Usage [%]","P-core 1 T0 Usage [%]","P-core 1 T1 Usage [%]","P-core 2 T0 Usage [%]","P-core 2 T1 Usage [%]","P-core 3 T0 Usage [%]","P-core 3 T1 Usage [%]","P-core 4 T0 Usage [%]","P-core 4 T1 Usage [%]","P-core 5 T0 Usage [%]","P-core 5 T1 Usage [%]","P-core 6 T0 Usage [%]","P-core 6 T1 Usage [%]","P-core 7 T0 Usage [%]","P-core 7 T1 Usage [%]","E-core 8 T0 Usage [%]","E-core 9 T0 Usage [%]","E-core 10 T0 Usage [%]","E-core 11 T0 Usage [%]","Max CPU/Thread Usage [%]","Total CPU Usage [%]","On-Demand Clock Modulation [%]","Core Utility (avg) [%]","P-core 0 T0 Utility [%]","P-core 0 T1 Utility [%]","P-core 1 T0 Utility [%]","P-core 1 T1 Utility [%]","P-core 2 T0 Utility [%]","P-core 2 T1 Utility [%]","P-core 3 T0 Utility [%]","P-core 3 T1 Utility [%]","P-core 4 T0 Utility [%]","P-core 4 T1 Utility [%]","P-core 5 T0 Utility [%]","P-core 5 T1 Utility [%]","P-core 6 T0 Utility [%]","P-core 6 T1 Utility [%]","P-core 7 T0 Utility [%]","P-core 7 T1 Utility [%]","E-core 8 T0 Utility [%]","E-core 9 T0 Utility [%]","E-core 10 T0 Utility [%]","E-core 11 T0 Utility [%]","Total CPU Utility [%]","Core Ratios (avg) [x]","P-core 0 Ratio [x]","P-core 1 Ratio [x]","P-core 2 Ratio [x]","P-core 3 Ratio [x]","P-core 4 Ratio [x]","P-core 5 Ratio [x]","P-core 6 Ratio [x]","P-core 7 Ratio [x]","E-core 8 Ratio [x]","E-core 9 Ratio [x]","E-core 10 Ratio [x]","E-core 11 Ratio [x]","Uncore Ratio [x]","Core Temperatures (avg) [°C]","P-core 0 [°C]","P-core 1 [°C]","P-core 2 [°C]","P-core 3 [°C]","P-core 4 [°C]","P-core 5 [°C]","P-core 6 [°C]","P-core 7 [°C]","E-core 8 [°C]","E-core 9 [°C]","E-core 10 [°C]","E-core 11 [°C]","Core Distance to TjMAX (avg) [°C]","P-core 0 Distance to TjMAX [°C]","P-core 1 Distance to TjMAX [°C]","P-core 2 Distance to TjMAX [°C]","P-core 3 Distance to TjMAX [°C]","P-core 4 Distance to TjMAX [°C]","P-core 5 Distance to TjMAX [°C]","P-core 6 Distance to TjMAX [°C]","P-core 7 Distance to TjMAX [°C]","E-core 8 Distance to TjMAX [°C]","E-core 9 Distance to TjMAX [°C]","E-core 10 Distance to TjMAX [°C]","E-core 11 Distance to TjMAX [°C]","CPU Package [°C]","Core Max [°C]","Core Thermal Throttling (avg) [Yes/No]","P-core 0 Thermal Throttling [Yes/No]","P-core 1 Thermal Throttling [Yes/No]","P-core 2 Thermal Throttling [Yes/No]","P-core 3 Thermal Throttling [Yes/No]","P-core 4 Thermal Throttling [Yes/No]","P-core 5 Thermal Throttling [Yes/No]","P-core 6 Thermal Throttling [Yes/No]","P-core 7 Thermal Throttling [Yes/No]","E-core 8 Thermal Throttling [Yes/No]","E-core 9 Thermal Throttling [Yes/No]","E-core 10 Thermal Throttling [Yes/No]","E-core 11 Thermal Throttling [Yes/No]","Core Critical Temperature (avg) [Yes/No]","P-core 0 Critical Temperature [Yes/No]","P-core 1 Critical Temperature [Yes/No]","P-core 2 Critical Temperature [Yes/No]","P-core 3 Critical Temperature [Yes/No]","P-core 4 Critical Temperature [Yes/No]","P-core 5 Critical Temperature [Yes/No]","P-core 6 Critical Temperature [Yes/No]","P-core 7 Critical Temperature [Yes/No]","E-core 8 Critical Temperature [Yes/No]","E-core 9 Critical Temperature [Yes/No]","E-core 10 Critical Temperature [Yes/No]","E-core 11 Critical Temperature [Yes/No]","Core Power Limit Exceeded (avg) [Yes/No]","P-core 0 Power Limit Exceeded [Yes/No]","P-core 1 Power Limit Exceeded [Yes/No]","P-core 2 Power Limit Exceeded [Yes/No]","P-core 3 Power Limit Exceeded [Yes/No]","P-core 4 Power Limit Exceeded [Yes/No]","P-core 5 Power Limit Exceeded [Yes/No]","P-core 6 Power Limit Exceeded [Yes/No]","P-core 7 Power Limit Exceeded [Yes/No]","E-core 8 Power Limit Exceeded [Yes/No]","E-core 9 Power Limit Exceeded [Yes/No]","E-core 10 Power Limit Exceeded [Yes/No]","E-core 11 Power Limit Exceeded [Yes/No]","Package/Ring Thermal Throttling [Yes/No]","Package/Ring Critical Temperature [Yes/No]","Package/Ring Power Limit Exceeded [Yes/No]","CPU Package [°C]","CPU IA Cores [°C]","VR VCC Temperature (SVID) [°C]","Voltage Offsets (avg) [V]","IA Voltage Offset [V]","GT Voltage Offset [V]","CLR (CBo/LLC/Ring) Voltage Offset [V]","GT Media Voltage Offset [V]","SA Voltage Offset [V]","L2 E-core Voltage Offset [V]","VDDQ TX Voltage [V]","VR VCC Current (SVID IOUT) [A]","CPU Package Power [W]","IA Cores Power [W]","System Agent Power [W]","Rest-of-Chip Power [W]","PL1 Power Limit (Static) [W]","PL2 Power Limit (Static) [W]","VR VCC Power (SVID POUT) [W]","Package C2 Residency [%]","Core C0 Residency (avg) [%]","P-core 0 T0 C0 Residency [%]","P-core 0 T1 C0 Residency [%]","P-core 1 T0 C0 Residency [%]","P-core 1 T1 C0 Residency [%]","P-core 2 T0 C0 Residency [%]","P-core 2 T1 C0 Residency [%]","P-core 3 T0 C0 Residency [%]","P-core 3 T1 C0 Residency [%]","P-core 4 T0 C0 Residency [%]","P-core 4 T1 C0 Residency [%]","P-core 5 T0 C0 Residency [%]","P-core 5 T1 C0 Residency [%]","P-core 6 T0 C0 Residency [%]","P-core 6 T1 C0 Residency [%]","P-core 7 T0 C0 Residency [%]","P-core 7 T1 C0 Residency [%]","E-core 8 T0 C0 Residency [%]","E-core 9 T0 C0 Residency [%]","E-core 10 T0 C0 Residency [%]","E-core 11 T0 C0 Residency [%]","Core C1 Residency (avg) [%]","P-core 0 C1 Residency [%]","P-core 1 C1 Residency [%]","P-core 2 C1 Residency [%]","P-core 3 C1 Residency [%]","P-core 4 C1 Residency [%]","P-core 5 C1 Residency [%]","P-core 6 C1 Residency [%]","P-core 7 C1 Residency [%]","E-core 8 C1 Residency [%]","E-core 9 C1 Residency [%]","E-core 10 C1 Residency [%]","E-core 11 C1 Residency [%]","Core C6 Residency (avg) [%]","P-core 0 C6 Residency [%]","P-core 1 C6 Residency [%]","P-core 2 C6 Residency [%]","P-core 3 C6 Residency [%]","P-core 4 C6 Residency [%]","P-core 5 C6 Residency [%]","P-core 6 C6 Residency [%]","P-core 7 C6 Residency [%]","E-core 8 C6 Residency [%]","E-core 9 C6 Residency [%]","E-core 10 C6 Residency [%]","E-core 11 C6 Residency [%]","Core C7 Residency (avg) [%]","P-core 0 C7 Residency [%]","P-core 1 C7 Residency [%]","P-core 2 C7 Residency [%]","P-core 3 C7 Residency [%]","P-core 4 C7 Residency [%]","P-core 5 C7 Residency [%]","P-core 6 C7 Residency [%]","P-core 7 C7 Residency [%]","Memory Clock [MHz]","Memory Clock Ratio [x]","Tcas [T]","Trcd [T]","Trp [T]","Tras [T]","Trc [T]","Trfc [T]","Command Rate [T]","Gear Mode []","IA Limit Reasons (avg) [Yes/No]","IA: PROCHOT [Yes/No]","IA: Thermal Event [Yes/No]","IA: Residency State Regulation [Yes/No]","IA: Running Average Thermal Limit [Yes/No]","IA: VR Thermal Alert [Yes/No]","IA: VR TDC [Yes/No]","IA: Electrical Design Point/Other (ICCmax,PL4,SVID,DDR RAPL) [Yes/No]","IA: Package-Level RAPL/PBM PL1 [Yes/No]","IA: Package-Level RAPL/PBM PL2,PL3 [Yes/No]","IA: Max Turbo Limit [Yes/No]","IA: Turbo Attenuation (MCT) [Yes/No]","IA: Thermal Velocity Boost [Yes/No]","GT Limit Reasons (avg) [Yes/No]","GT: PROCHOT [Yes/No]","GT: Thermal Event [Yes/No]","GT: DDR RAPL [Yes/No]","GT: Residency State Regulation [Yes/No]","GT: Running Average Thermal Limit [Yes/No]","GT: VR Thermal Alert [Yes/No]","GT: VR TDC [Yes/No]","GT: Max VR Voltage, ICCmax, PL4 [Yes/No]","GT: Domain-Level PBM PLGT [Yes/No]","GT: Package-Level RAPL/PBM PL1 [Yes/No]","GT: Package-Level RAPL/PBM PL2,PL3 [Yes/No]","GT: Inefficient Operation [Yes/No]","GT: Fuses limit [Yes/No]","Ring Limit Reasons (avg) [Yes/No]","RING: PROCHOT [Yes/No]","RING: Thermal Event [Yes/No]","RING: DDR RAPL [Yes/No]","RING: Residency State Regulation [Yes/No]","RING: Running Average Thermal Limit [Yes/No]","RING: VR Thermal Alert [Yes/No]","RING: VR TDC [Yes/No]","RING: Max VR Voltage, ICCmax, PL4 [Yes/No]","RING: Package-Level RAPL/PBM PL1 [Yes/No]","RING: Package-Level RAPL/PBM PL2,PL3 [Yes/No]","Motherboard [°C]","VRM Thermistor [°C]","CPU (Weighted Value) [°C]","CPU Package [°C]","CPU [°C]","PCH [°C]","Vcore [V]","+5V [V]","AVSB [V]","3VCC [V]","+12V [V]","VIN8 [V]","VIN4 [V]","3VSB [V]","BAT_3V [V]","VTT [V]","IMC VDD [V]","VIN6 [V]","VIN2 [V]","VIN3 [V]","VIN7 [V]","VIN9 [V]","VHIF [V]","Chassis1 [RPM]","CPU [RPM]","AIO Pump [RPM]","PCH Temperature [°C]","Vcore VR Temperature [°C]","IGPU VR Temperature [°C]","VR VOUT (Vcore) [V]","VR IOUT (Vcore Current) [A]","SPD Hub Temperature [°C]","VDD (SWA) Voltage [V]","VDDQ (SWB) Voltage [V]","VPP (SWC) Voltage [V]","1.8V VOUT Voltage [V]","1.0V VOUT Voltage [V]","VIN Voltage [V]","Total Power [W]","PMIC High Temperature [Yes/No]","PMIC Over Voltage [Yes/No]","PMIC Under Voltage [Yes/No]","VDD (SWA) Voltage [V]","VDDQ (SWB) Voltage [V]","VPP (SWC) Voltage [V]","1.8V VOUT Voltage [V]","1.0V VOUT Voltage [V]","VIN Voltage [V]","Total Power [W]","PMIC High Temperature [Yes/No]","PMIC Over Voltage [Yes/No]","PMIC Under Voltage [Yes/No]","Drive Temperature [°C]","Drive Temperature 2 [°C]","Drive Temperature 3 [°C]","Drive Remaining Life [%]","Drive Available Spare [%]","Drive Failure [Yes/No]","Drive Warning [Yes/No]","Total Host Writes [GB]","Total Host Reads [GB]","Drive Temperature [°C]","Drive Airflow Temperature [°C]","Drive Failure [Yes/No]","Drive Warning [Yes/No]","Total Host Writes [GB]","Total Host Reads [GB]","Read Activity [%]","Write Activity [%]","Total Activity [%]","Read Rate [MB/s]","Write Rate [MB/s]","Read Total [MB]","Write Total [MB]","Read Activity [%]","Write Activity [%]","Total Activity [%]","Read Rate [MB/s]","Write Rate [MB/s]","Read Total [MB]","GPU Temperature [°C]","GPU Memory Junction Temperature [°C]","GPU Hot Spot Temperature [°C]","GPU Thermal Limit [°C]","GPU Core Voltage [V]","GPU Rail Voltages (avg) [V]","GPU PCIe +12V Input Voltage [V]","GPU 8-pin #1 Input Voltage [V]","GPU Misc0 Input Voltage [V]","GPU Fan1 [RPM]","GPU Fan2 [RPM]","GPU Power [W]","GPU Rail Powers (avg) [W]","GPU Core (NVVDD) Input Power (sum) [W]","GPU 8-pin #1 Input Power [W]","GPU Misc0 Input Power [W]","GPU Input PP Source Power (sum) [W]","GPU Core (NVVDD) Output Power [W]","GPU Core (NVVDD) Output Power [W]","GPU Clock [MHz]","GPU Memory Clock [MHz]","GPU Video Clock [MHz]","GPU Effective Clock [MHz]","GPU Crossbar Clock [MHz]","GPU Core Load [%]","GPU Memory Controller Load [%]","GPU Video Engine Load [%]","GPU Bus Load [%]","GPU Memory Usage [%]","GPU D3D Usages (avg) [%]","GPU D3D Usage [%]","GPU Video Decode 0 Usage [%]","GPU Video Encode 0 Usage [%]","GPU Video Encode 1 Usage [%]","GPU VR Usage [%]","GPU Fan1 [%]","GPU Fan2 [%]","GPU Performance Limiters (avg) [Yes/No]","Performance Limit - Power [Yes/No]","Performance Limit - Thermal [Yes/No]","Performance Limit - Reliability Voltage [Yes/No]","Performance Limit - Max Operating Voltage [Yes/No]","Performance Limit - Utilization [Yes/No]","Performance Limit - SLI GPUBoost Sync [Yes/No]","Total GPU Power [% of TDP] [%]","Total GPU Power (normalized) [% of TDP] [%]","PCI Express Error Counters (avg) []","Receiver Errors []","Replay Count []","Replay Rollover Count []","Bad DLLP Count []","Bad TLP Count []","LCRC Error Count []","NAKs Sent Count []","NAKs Received Count []","Recovery Count []","Correctable Error Count []","Non-Fatal Error Count []","Fatal Error Count []","Unsupported Request Count []","PCIe Lane 0 Errors []","PCIe Lane 1 Errors []","PCIe Lane 2 Errors []","PCIe Lane 3 Errors []","PCIe Lane 4 Errors []","PCIe Lane 5 Errors []","PCIe Lane 6 Errors []","PCIe Lane 7 Errors []","PCIe Lane 8 Errors []","PCIe Lane 9 Errors []","PCIe Lane 10 Errors []","PCIe Lane 11 Errors []","PCIe Lane 12 Errors []","PCIe Lane 13 Errors []","PCIe Lane 14 Errors []","PCIe Lane 15 Errors []","GPU Memory Available [MB]","GPU Memory Allocated [MB]","GPU D3D Memory Dedicated [MB]","GPU D3D Memory Dynamic [MB]","PCIe Link Speed [GT/s]","Framerate [FPS]","Framerate 1% Low [FPS]","Framerate 0.1% Low [FPS]","Frame Time [ms]","Framerate Presented (avg) [FPS]","Framerate Presented (99%) [FPS]","Framerate Presented (1%) [FPS]","Framerate Displayed (avg) [FPS]","Frame Time Presented (avg) [ms]","Frame Time Presented (99%) [ms]","Frame Time Presented (1%) [ms]","GPU Busy (avg) [ms]","GPU Wait (avg) [ms]","CPU Busy (avg) [ms]","CPU Wait (avg) [ms]","Total DL [MB]","Total UP [MB]","Current DL rate [KB/s]","Current UP rate [KB/s]","Total DL [MB]","Total UP [MB]","Current DL rate [KB/s]","Current UP rate [KB/s]","Total Errors []","SPD Hub Temperature [°C]","GPU PCIe +12V Input Power [W]",
14.10.2025,11:53:52.612,21289,48127,30.6,15827,49493,24.2,0.0,1.276,1.279,1.274,1.274,1.274,1.274,1.286,1.286,1.286,1.281,1.266,1.266,1.266,1.251,4522.3,4888.0,4888.0,4888.0,4888.0,4888.0,4888.0,4888.0,4888.0,3790.7,3790.7,3790.7,3790.7,99.8,4489.0,403.7,397.0,34.5,198.5,26.4,107.7,26.6,54.5,545.0,1574.7,29.9,929.0,28.2,721.5,1150.0,574.2,27.9,523.7,355.3,289.8,479.0,405.8,9.4,9.0,1.1,6.2,0.0,1.4,0.9,4.5,10.8,33.9,0.0,20.4,0.0,18.8,18.4,13.1,0.0,15.0,11.0,9.5,13.6,33.9,9.4,100.0,11.7,11.5,1.0,6.0,0.8,3.6,0.8,1.7,15.6,45.2,1.0,26.6,0.9,20.9,33.1,16.7,0.9,14.9,10.2,8.6,13.8,11.7,45.3,49.0,49.0,49.0,49.0,49.0,49.0,49.0,49.0,38.0,38.0,38.0,38.0,45.0,42,47,43,42,41,42,41,43,39,41,41,41,41,58,53,57,58,59,58,59,57,61,59,59,59,59,47,47,No,No,No,No,No,No,No,No,No,No,No,No,No,No,No,No,No,No,No,No,No,No,No,No,No,No,No,No,No,No,No,No,No,No,No,No,No,No,No,No,No,No,44,43,37,0.000,0.000,0.000,0.000,0.000,0.000,0.000,1.250,31.719,45.328,36.041,7.743,0.542,150.0,175.0,40.000,0.0,9.2,8.6,0.8,4.3,0.6,2.4,0.6,1.2,11.9,33.8,0.6,20.1,0.6,15.5,24.3,12.6,0.6,14.5,9.9,8.1,13.2,23.5,24.0,5.6,4.3,43.2,62.6,47.4,48.6,33.4,4.7,3.2,2.2,2.3,28.4,0.0,0.0,0.0,0.0,0.7,0.0,1.4,0.0,80.0,86.4,89.3,83.4,47.2,65.4,88.5,92.2,42.6,0.3,29.7,7.9,51.3,2793.2,28.00,36,36,36,76,112,447,2,2,Yes,No,No,No,No,No,No,No,No,No,Yes,No,No,No,No,No,No,No,No,No,No,No,No,No,No,No,No,Yes,No,No,No,No,No,No,No,Yes,No,No,29,37,29,47,36,44,1.252,5.040,3.408,3.312,12.192,2.024,0.792,3.408,3.184,1.072,1.264,1.648,1.064,1.000,1.000,0.944,1.808,1025,1341,3417,43.0,37.0,34.0,1.275,16.000,33.8,1.260,1.260,1.800,1.800,1.170,5.040,0.875,No,No,No,1.260,1.260,1.800,1.800,1.170,5.040,0.875,No,No,No,54,54,69,100.0,100.0,No,No,14698,23903,29,29,No,No,1299,631,5.5,2.2,7.7,8.344,6.887,15522,37819,0.0,0.0,0.0,0.000,0.000,0,29.8,34.0,32.4,84.0,0.960,12.153,12.137,12.174,12.149,0,0,22.218,14.233,18.776,28.974,16.461,12.026,10.571,11.002,2505.0,1312.7,2055.0,2504.9,2025.0,1.0,0.0,0.0,0.0,10.6,0.0,0.0,0.0,0.0,0.0,0.0,0,0,Yes,No,No,No,No,Yes,No,15.4,20.1,2,0,0,0,0,0,0,0,0,71,0,0,0,0,0,0,0,0,0,0,0,0,0,0,0,0,0,0,0,0,10977,1305,1042,74,16.0,0,0,0,15.0,5.8,76.8,1.8,5.9,173.34,546.91,13.03,0.45,147.84,148.31,0.00,767,17,7.9,4.2,0,0,0.0,0.0,0,33.5,1.820,
14.10.2025,11:53:54.610,21368,48048,30.7,15851,49469,24.2,0.0,1.276,1.328,1.293,1.266,1.266,1.266,1.291,1.266,1.266,1.291,1.291,1.291,1.198,1.251,4506.7,4689.7,4889.2,4889.2,4889.2,4889.2,4889.2,4889.2,4889.2,3791.6,3791.6,3791.6,3791.6,99.8,3592.1,261.1,268.4,35.7,205.7,26.5,150.9,26.2,63.9,25.3,1132.3,29.4,539.1,80.0,1144.2,28.1,449.6,27.2,417.6,259.7,157.5,155.3,272.8,5.7,5.5,3.4,4.2,2.5,4.4,0.0,1.0,0.9,24.3,0.0,11.4,0.0,24.3,0.0,9.4,0.0,10.3,5.6,3.5,4.1,24.3,5.7,100.0,7.6,8.4,1.1,6.3,0.8,4.6,0.8,1.8,0.7,32.6,1.0,15.6,2.3,32.7,0.9,12.9,0.8,11.9,7.4,4.5,4.5,7.6,45.2,47.0,49.0,49.0,49.0,49.0,49.0,49.0,49.0,38.0,38.0,38.0,38.0,36.0,40,40,38,40,39,40,41,40,40,40,40,40,42,60,60,62,60,61,60,59,60,60,60,60,60,58,41,42,No,No,No,No,No,No,No,No,No,No,No,No,No,No,No,No,No,No,No,No,No,No,No,No,No,No,No,No,No,No,No,No,No,No,No,No,No,No,No,No,No,No,42,42,36,0.000,0.000,0.000,0.000,0.000,0.000,0.000,1.250,45.993,38.832,29.237,8.073,0.518,150.0,175.0,48.000,0.6,6.0,5.9,0.8,4.5,0.6,3.3,0.6,1.4,0.5,24.8,0.6,11.7,1.7,24.5,0.6,9.7,0.6,11.9,7.3,4.5,4.6,20.0,21.8,11.8,7.2,2.9,69.8,41.0,52.9,18.5,2.2,0.0,0.0,11.8,29.6,0.0,0.0,0.0,0.0,0.0,0.0,1.0,0.0,84.9,92.1,95.1,82.3,58.6,69.7,81.9,88.1,94.9,2.7,43.5,18.8,69.2,2793.8,28.00,36,36,36,76,112,447,2,2,Yes,No,No,No,No,No,No,No,No,No,Yes,No,No,No,No,No,No,No,No,No,No,No,No,No,No,No,No,Yes,No,No,No,No,No,No,No,Yes,No,No,29,37,29,45,36,43,0.648,5.080,3.424,3.328,12.192,2.024,0.792,3.424,3.184,1.072,1.264,1.648,1.064,1.000,1.000,0.944,1.824,1055,1396,3426,42.0,37.0,34.0,1.275,19.000,33.8,1.260,1.260,1.800,1.800,1.170,5.040,0.875,No,No,No,1.260,1.260,1.800,1.800,1.170,5.040,0.750,No,No,No,54,54,69,100.0,100.0,No,No,14698,23903,29,29,No,No,1299,631,0.2,0.2,0.4,0.252,0.733,15523,37821,13.8,0.0,13.8,0.014,0.000,0,29.2,34.0,32.3,84.0,0.930,12.161,12.161,12.166,12.156,0,0,24.659,8.400,14.084,16.363,6.977,2.295,9.482,9.602,390.0,101.2,1965.0,560.7,1965.0,0.0,4.0,0.0,0.0,10.6,0.0,0.1,0.0,0.0,0.0,0.0,0,0,Yes,No,No,No,No,Yes,No,8.2,9.4,2,0,0,0,0,0,0,0,0,72,0,0,0,0,0,0,0,0,0,0,0,0,0,0,0,0,0,0,0,0,10977,1305,1042,74,5.0,0,0,0,15.0,6.6,113.0,3.2,6.1,152.23,313.12,8.85,0.25,58.07,58.33,0.00,767,17,3.1,5.1,0,0,0.0,0.0,0,33.5,0.000,
14.10.2025,11:53:56.605,21352,48065,30.7,15833,49487,24.2,0.0,1.276,1.314,1.286,1.271,1.256,1.256,1.271,1.271,1.251,1.281,1.296,1.271,1.281,1.251,4397.6,4788.3,4788.3,4788.3,4788.3,4788.3,4788.3,4788.3,4688.5,3591.2,3591.2,3591.2,3790.7,99.8,3591.2,235.9,188.8,34.2,89.8,25.3,30.0,24.8,25.4,25.1,999.3,28.2,656.4,27.7,1170.3,28.4,463.1,26.7,381.2,203.5,178.2,112.5,246.0,6.3,4.2,0.0,1.2,5.0,0.0,4.3,1.3,0.6,22.1,0.6,14.6,0.6,25.2,6.4,10.1,0.6,12.3,7.2,6.0,3.6,25.2,6.3,100.0,6.9,5.9,1.0,3.0,0.7,0.9,0.7,0.7,0.7,28.9,0.9,19.0,0.9,33.5,0.9,13.3,0.8,10.8,5.7,5.0,3.5,6.8,44.1,48.0,48.0,48.0,48.0,48.0,48.0,48.0,47.0,36.0,36.0,36.0,38.0,36.0,40,40,36,39,40,41,43,41,44,39,39,39,42,60,60,64,61,60,59,57,59,56,61,61,61,58,47,44,No,No,No,No,No,No,No,No,No,No,No,No,No,No,No,No,No,No,No,No,No,No,No,No,No,No,No,No,No,No,No,No,No,No,No,No,No,No,No,No,No,No,45,45,36,0.000,0.000,0.000,0.000,0.000,0.000,0.000,1.250,36.477,29.957,20.569,7.891,0.496,150.0,175.0,48.000,0.0,5.5,4.2,0.8,2.0,0.5,0.7,0.5,0.5,0.5,22.2,0.6,14.5,0.6,25.2,0.6,10.1,0.6,10.8,5.8,5.3,3.4,21.8,23.9,10.9,0.6,0.0,73.2,53.1,59.0,29.6,0.2,0.0,0.0,10.6,30.2,0.0,0.0,0.0,0.0,0.0,0.1,0.4,0.0,88.3,93.9,94.5,84.8,56.8,69.6,85.6,98.0,98.8,1.9,29.6,12.9,57.8,2793.2,28.00,36,36,36,76,112,447,2,2,Yes,No,No,No,No,No,No,No,No,No,Yes,No,No,No,No,No,No,No,No,No,No,No,No,No,No,No,No,Yes,No,No,No,No,No,No,No,Yes,No,No,29,37,29,44,37,43,1.021,5.080,3.424,3.328,12.192,2.024,0.792,3.424,3.184,1.072,1.264,1.648,1.064,1.000,1.000,0.944,1.824,1088,1370,3443,42.0,36.0,34.0,1.235,22.000,33.8,1.260,1.260,1.800,1.800,1.170,5.040,0.750,No,No,No,1.260,1.260,1.800,1.800,1.170,5.040,1.250,No,No,No,54,54,69,100.0,100.0,No,No,14698,23903,29,29,No,No,1299,631,0.5,0.6,1.1,0.440,1.735,15524,37824,0.0,0.0,0.0,0.000,0.000,0,29.0,32.0,32.1,84.0,0.910,12.167,12.159,12.169,12.172,0,0,11.838,5.820,10.439,10.757,3.798,0.319,7.633,7.792,210.0,50.6,1185.0,65.6,1290.0,0.0,1.0,0.0,0.0,10.6,0.3,1.3,0.0,0.0,0.0,0.0,0,0,Yes,No,No,No,No,Yes,No,5.4,8.5,3,0,0,0,0,0,0,0,0,73,0,0,0,0,0,0,0,0,0,0,0,0,0,0,0,0,0,0,0,0,10977,1305,1043,74,2.5,0,0,0,15.0,9.3,68.9,1.0,9.4,108.10,963.95,14.52,1.85,71.11,72.95,0.00,767,17,4.4,1.1,0,0,0.0,0.0,0,33.5,0.000,
14.10.2025,11:53:58.611,21294,48123,30.6,15826,49494,24.2,0.0,1.279,1.323,1.293,1.293,1.248,1.263,1.283,1.302,1.282,1.201,1.286,1.286,1.286,1.251,3491.5,798.0,4888.0,4888.0,798.0,4788.3,4888.0,4888.0,798.0,3790.7,3790.7,3790.7,3790.7,99.8,3591.2,290.1,389.5,29.1,195.3,26.3,57.1,25.2,33.2,25.3,501.9,472.6,570.8,27.5,1037.1,28.7,465.8,27.8,631.2,418.7,431.9,406.2,275.7,6.7,8.4,3.6,3.4,0.0,0.0,0.0,0.0,0.0,2.0,17.0,12.4,0.6,22.2,0.0,10.1,0.0,18.3,11.8,12.4,12.0,22.2,6.7,100.0,8.5,12.6,0.9,6.2,0.8,1.7,0.7,1.0,0.7,14.5,14.5,16.6,0.8,29.9,0.9,13.4,0.9,17.7,12.0,12.3,11.7,8.5,35.0,8.0,49.0,49.0,8.0,48.0,49.0,49.0,8.0,38.0,38.0,38.0,38.0,36.0,40,40,38,41,40,41,41,41,40,41,41,41,41,60,60,62,59,60,59,59,59,60,59,59,59,59,42,41,No,No,No,No,No,No,No,No,No,No,No,No,No,No,No,No,No,No,No,No,No,No,No,No,No,No,No,No,No,No,No,No,No,No,No,No,No,No,No,No,No,No,47,47,36,0.000,0.000,0.000,0.000,0.000,0.000,0.000,1.250,28.547,28.286,19.458,7.332,0.495,150.0,175.0,40.000,0.3,7.0,8.4,0.6,4.2,0.6,1.3,0.5,0.7,0.5,11.3,10.1,12.4,0.6,22.3,0.6,10.0,0.6,18.3,12.3,12.9,11.7,17.4,21.3,7.4,3.0,1.9,74.1,35.1,45.6,14.5,0.6,0.5,0.0,4.4,28.1,0.0,0.0,0.0,0.0,0.0,0.0,0.0,0.0,80.3,86.8,86.7,82.9,62.4,67.2,86.7,94.8,96.5,1.7,49.8,29.1,73.2,2793.2,28.00,36,36,36,76,112,447,2,2,Yes,No,No,No,No,No,No,No,No,No,Yes,No,No,No,No,No,No,No,No,No,No,No,No,No,No,No,No,Yes,No,No,No,No,No,No,No,Yes,No,No,29,37,29,44,36,42,0.693,5.040,3.424,3.328,12.192,2.024,0.792,3.424,3.184,1.072,1.264,1.648,1.064,1.000,1.000,0.944,1.824,1004,1230,3333,42.0,36.0,34.0,1.260,23.000,33.8,1.260,1.260,1.800,1.800,1.170,5.040,0.875,No,No,No,1.260,1.260,1.800,1.815,1.170,5.040,1.000,No,No,No,54,54,69,100.0,100.0,No,No,14698,23903,29,29,No,No,1299,631,2.9,0.1,2.9,1.408,0.323,15526,37825,0.0,0.0,0.0,0.000,0.000,0,29.0,32.0,32.1,84.0,0.910,12.166,12.161,12.167,12.171,0,0,10.122,5.981,10.310,11.084,4.211,0.785,7.704,7.771,210.0,50.6,1185.0,36.9,1290.0,1.0,24.0,0.0,0.0,10.6,0.0,0.1,0.0,0.0,0.0,0.0,0,0,Yes,No,No,No,No,Yes,No,5.5,7.2,3,0,0,0,0,0,0,0,0,73,0,0,0,0,0,0,0,0,0,0,0,0,0,0,0,0,0,0,0,0,10977,1305,1043,74,2.5,0,0,0,15.0,7.7,110.3,0.5,7.5,129.76,1863.52,9.07,1.33,337.61,338.84,0.00,767,17,6.6,2.7,0,0,0.0,0.0,0,33.5,0.000,
14.10.2025,11:54:0.617,21289,48127,30.6,15821,49500,24.2,0.0,1.286,1.317,1.302,1.304,1.289,1.259,1.289,1.289,1.284,1.274,1.274,1.274,1.274,1.251,4447.5,4788.3,4888.0,4888.0,4888.0,4888.0,4888.0,4888.0,4888.0,3591.2,3591.2,3591.2,3591.2,99.8,3591.2,222.2,216.7,26.1,138.3,25.7,30.5,25.3,26.0,26.0,28.3,763.2,527.5,27.2,845.7,27.5,331.9,27.3,510.0,341.9,298.2,199.8,219.2,6.4,4.6,0.0,4.3,4.1,2.0,5.5,0.0,4.8,1.9,16.7,11.3,3.4,18.4,1.9,7.0,1.9,14.9,10.6,9.1,5.9,18.4,6.4,100.0,6.4,6.3,0.8,4.0,0.7,0.9,0.7,0.7,0.7,0.9,21.8,15.2,0.8,24.3,0.8,9.6,0.8,14.7,9.7,8.4,5.9,6.4,44.6,48.0,49.0,49.0,49.0,49.0,49.0,49.0,49.0,36.0,36.0,36.0,36.0,36.0,40,39,36,39,38,38,40,40,39,43,43,43,43,60,61,64,61,62,62,60,60,61,57,57,57,57,42,43,No,No,No,No,No,No,No,No,No,No,No,No,No,No,No,No,No,No,No,No,No,No,No,No,No,No,No,No,No,No,No,No,No,No,No,No,No,No,No,No,No,No,41,41,36,0.000,0.000,0.000,0.000,0.000,0.000,0.000,1.250,33.305,29.752,20.896,7.358,0.497,150.0,175.0,40.000,0.0,5.4,4.8,0.6,3.0,0.5,0.7,0.5,0.6,0.5,0.6,16.9,11.5,0.6,18.6,0.6,7.1,0.6,14.7,10.1,8.6,6.0,19.0,16.5,8.8,0.0,0.0,69.9,41.5,66.3,12.4,2.9,1.3,0.3,7.8,28.8,0.0,0.0,0.0,0.0,0.2,0.4,0.0,0.0,81.5,88.1,90.6,85.0,63.3,77.0,87.0,98.6,98.7,10.6,44.1,12.5,78.1,2793.2,28.00,36,36,36,76,112,447,2,2,Yes,No,No,No,No,No,No,No,No,No,Yes,No,No,No,No,No,No,No,No,No,No,No,No,No,No,No,No,Yes,No,No,No,No,No,No,No,Yes,No,No,29,37,29,43,35,43,1.154,5.080,3.424,3.328,12.192,2.024,0.800,3.424,3.184,1.072,1.264,1.648,1.064,1.000,1.000,0.944,1.824,920,1202,3316,42.0,36.0,34.0,1.300,21.000,33.8,1.260,1.260,1.800,1.800,1.170,5.040,0.875,No,No,No,1.260,1.260,1.800,1.800,1.110,5.040,1.750,No,No,No,54,54,69,100.0,100.0,No,No,14698,23903,29,29,No,No,1299,631,0.2,0.3,0.5,0.100,1.106,15526,37827,0.0,0.0,0.0,0.000,0.000,0,28.9,32.0,31.9,84.0,0.910,12.169,12.163,12.170,12.173,0,0,10.536,5.944,10.474,11.038,4.054,0.571,7.704,7.767,210.0,50.6,1185.0,43.2,1290.0,0.0,16.0,0.0,0.0,10.6,0.0,0.1,0.0,0.0,0.0,0.0,0,0,Yes,No,No,No,No,Yes,No,5.5,7.9,3,0,0,0,0,0,0,0,0,73,0,0,0,0,0,0,0,0,0,0,0,0,0,0,0,0,0,0,0,0,10977,1305,1043,74,2.5,0,0,0,15.0,6.4,5.9,0.7,6.5,155.69,1446.67,169.99,1.13,654.86,656.18,0.00,767,17,2.7,1.0,0,0,0.0,0.0,0,33.5,0.000,
14.10.2025,11:54:2.611,21414,48003,30.8,15867,49453,24.2,0.0,1.277,1.299,1.299,1.299,1.253,1.273,1.272,1.258,1.273,1.283,1.268,1.288,1.253,1.251,4331.1,4688.5,4688.5,4688.5,4688.5,4688.5,4788.3,4688.5,4688.5,3591.2,3591.2,3591.2,3591.2,99.8,3591.2,439.9,275.4,26.7,315.6,28.9,171.4,56.4,85.9,26.0,123.6,1119.9,681.8,30.2,1090.8,141.6,632.7,29.6,1006.8,1118.4,1040.3,795.6,386.8,11.7,6.6,0.0,7.3,0.0,4.9,0.0,5.1,0.2,5.9,24.5,15.0,2.5,23.8,7.0,13.6,4.7,29.1,31.7,29.7,22.8,31.7,11.7,100.0,12.5,8.2,0.8,9.1,0.9,5.0,1.7,2.3,0.8,3.7,32.3,19.4,1.0,30.8,4.2,17.6,1.0,28.5,31.5,29.2,22.5,12.5,43.4,47.0,47.0,47.0,47.0,47.0,48.0,47.0,47.0,36.0,36.0,36.0,36.0,36.0,50,42,48,59,46,54,50,47,61,47,47,47,47,50,58,52,41,54,46,50,53,39,53,53,53,53,60,61,No,No,No,No,No,No,No,No,No,No,No,No,No,No,No,No,No,No,No,No,No,No,No,No,No,No,No,No,No,No,No,No,No,No,No,No,No,No,No,No,No,No,59,59,36,0.000,0.000,0.000,0.000,0.000,0.000,0.000,1.250,60.267,25.827,17.052,7.286,0.490,150.0,175.0,80.000,0.5,10.8,6.3,0.6,6.9,0.6,3.8,1.2,1.9,0.6,2.6,24.3,14.9,0.7,23.7,3.0,13.6,0.6,28.7,31.3,29.3,22.4,21.8,27.7,22.1,10.3,3.3,62.8,43.5,61.5,16.1,5.8,0.9,0.0,7.7,22.5,0.0,0.0,0.0,0.0,0.0,0.0,0.7,0.0,64.3,66.8,69.9,68.7,54.5,63.8,69.4,83.9,93.8,9.5,38.8,9.4,67.7,2793.2,28.00,36,36,36,76,112,447,2,2,Yes,No,No,No,No,No,No,No,No,No,Yes,No,No,No,No,No,No,No,No,No,No,No,No,No,No,No,No,Yes,No,No,No,No,No,No,No,Yes,No,No,29,37,29,47,39,43,1.243,5.040,3.424,3.328,12.192,2.024,0.800,3.424,3.184,1.072,1.264,1.664,1.064,1.000,1.000,0.944,1.824,887,1183,3268,43.0,36.0,34.0,1.280,27.000,33.8,1.260,1.260,1.800,1.800,1.170,5.040,1.000,No,No,No,1.260,1.260,1.800,1.800,1.170,4.970,1.000,No,No,No,54,54,69,100.0,100.0,No,No,14698,23903,29,29,No,No,1299,631,0.2,0.3,0.5,0.407,0.782,15527,37828,0.0,0.0,0.0,0.000,0.000,0,28.9,32.0,31.9,84.0,0.910,12.165,12.159,12.166,12.171,0,0,10.915,5.914,10.481,10.962,3.980,0.490,7.712,7.771,210.0,50.6,1185.0,42.1,1290.0,0.0,20.0,0.0,0.0,10.6,0.0,0.1,0.0,0.0,0.0,0.0,0,0,Yes,No,No,No,No,Yes,No,5.5,7.2,3,0,0,0,0,0,0,0,0,73,0,0,0,0,0,0,0,0,0,0,0,0,0,0,0,0,0,0,0,0,10977,1305,1043,74,2.5,0,0,0,15.0,5.7,66.9,0.7,5.8,175.83,1382.05,14.95,1.55,404.72,406.18,0.00,767,17,8.8,4.3,0,0,0.0,0.0,0,33.5,0.000,
14.10.2025,11:54:4.612,21313,48104,30.7,15825,49495,24.2,0.0,1.278,1.313,1.303,1.283,1.268,1.253,1.283,1.268,1.268,1.278,1.278,1.272,1.272,1.251,4472.4,4788.3,4888.0,4788.3,4788.3,4788.3,4888.0,4788.3,4788.3,3790.7,3790.7,3790.7,3790.7,99.8,3591.2,430.3,387.8,28.5,295.8,27.3,99.1,30.3,44.8,26.4,33.0,1242.9,552.9,28.2,1424.2,34.9,862.7,29.9,1096.6,1025.1,754.7,580.6,403.9,10.2,8.4,0.0,4.8,0.0,0.4,4.1,0.0,1.0,0.0,26.7,11.9,0.3,30.8,0.0,18.6,0.0,30.8,28.8,21.6,16.8,30.8,10.2,100.0,12.5,11.4,0.9,8.7,0.8,2.9,0.9,1.5,0.8,1.2,35.7,16.3,0.9,41.2,1.3,25.0,1.0,31.2,29.1,21.7,16.8,12.5,44.8,48.0,49.0,48.0,48.0,48.0,49.0,48.0,48.0,38.0,38.0,38.0,38.0,36.0,40,41,36,42,38,43,42,41,39,39,39,39,39,60,59,64,58,62,57,58,59,61,61,61,61,61,42,43,No,No,No,No,No,No,No,No,No,No,No,No,No,No,No,No,No,No,No,No,No,No,No,No,No,No,No,No,No,No,No,No,No,No,No,No,No,No,No,No,No,No,45,45,36,0.000,0.000,0.000,0.000,0.000,0.000,0.000,1.250,38.063,34.757,25.776,7.471,0.508,150.0,175.0,48.000,0.0,10.5,8.7,0.6,6.5,0.6,2.2,0.7,1.0,0.6,0.7,26.9,12.0,0.6,30.5,0.8,18.5,0.7,31.1,29.2,22.0,16.7,22.4,39.3,14.6,11.3,3.2,69.8,27.7,59.3,29.3,4.0,2.0,1.7,6.2,23.9,0.0,0.1,0.0,0.0,0.0,0.0,0.3,2.8,63.9,68.0,75.7,75.9,52.3,49.6,76.8,85.1,94.8,0.9,57.3,7.3,46.7,2793.2,28.00,36,36,36,76,112,447,2,2,Yes,No,No,No,No,No,No,No,No,No,Yes,No,No,No,No,No,No,No,No,No,No,No,No,No,No,No,No,Yes,No,No,No,No,No,No,No,Yes,No,No,29,37,29,44,42,43,1.270,5.040,3.424,3.328,12.192,2.024,0.792,3.424,3.184,1.072,1.264,1.648,1.064,1.000,1.000,0.936,1.824,884,1179,3341,43.0,36.0,34.0,1.275,17.000,33.8,1.260,1.260,1.800,1.800,1.170,5.040,1.000,No,No,No,1.260,1.260,1.800,1.800,1.170,5.040,0.875,No,No,No,54,54,69,100.0,100.0,No,No,14698,23903,29,29,No,No,1299,631,0.6,0.6,1.2,2.429,5.035,15532,37838,0.0,0.0,0.0,0.000,0.000,0,29.9,34.0,32.6,84.0,0.960,12.158,12.145,12.175,12.153,0,0,27.277,14.101,18.411,28.721,16.443,12.108,10.586,10.656,2505.0,1312.7,2055.0,2160.7,2025.0,0.0,0.0,0.0,0.0,10.6,0.0,0.0,0.0,0.0,0.0,0.0,0,0,Yes,No,No,No,No,Yes,No,15.3,19.2,3,0,0,0,0,0,0,0,0,74,0,0,0,0,0,0,0,0,0,0,0,0,0,0,0,0,0,0,0,0,10977,1305,1043,74,16.0,0,0,0,15.0,5.0,60.8,0.5,5.1,199.73,1896.73,16.45,1.12,654.61,656.02,0.00,767,17,28.3,11.1,0,0,0.0,0.0,0,33.5,1.785,
14.10.2025,11:54:6.616,21297,48119,30.6,15807,49513,24.1,0.0,1.270,1.293,1.323,1.290,1.265,1.250,1.265,1.270,1.245,1.250,1.265,1.265,1.265,1.251,4173.1,4788.3,4888.0,4888.0,4888.0,4888.0,4888.0,4888.0,798.0,3790.7,3790.7,3790.7,3790.7,99.8,3591.2,254.1,200.2,26.2,128.7,26.3,27.0,26.3,26.5,26.3,28.6,742.9,554.6,27.8,989.0,29.4,643.4,28.5,595.9,446.2,326.1,182.4,254.1,6.5,4.5,2.0,2.7,5.6,0.5,0.0,2.0,0.0,1.3,16.4,11.8,0.0,21.3,0.5,13.6,1.3,18.0,13.6,9.7,5.3,21.3,6.5,100.0,7.3,5.9,0.8,3.8,0.8,0.8,0.8,0.8,0.8,0.9,21.3,16.0,0.9,28.3,0.9,18.3,0.9,16.8,12.6,9.2,5.4,7.3,41.8,48.0,49.0,49.0,49.0,49.0,49.0,49.0,8.0,38.0,38.0,38.0,38.0,36.0,39,37,36,41,38,41,40,40,40,39,39,39,39,61,63,64,59,62,59,60,60,60,61,61,61,61,42,41,No,No,No,No,No,No,No,No,No,No,No,No,No,No,No,No,No,No,No,No,No,No,No,No,No,No,No,No,No,No,No,No,No,No,No,No,No,No,No,No,No,No,44,44,36,0.000,0.000,0.000,0.000,0.000,0.000,0.000,1.250,26.961,36.883,27.348,8.022,0.516,150.0,175.0,56.000,0.3,6.1,4.4,0.6,2.8,0.6,0.6,0.6,0.6,0.6,0.6,16.6,11.9,0.6,21.4,0.6,13.6,0.6,17.3,13.0,9.7,5.4,19.4,14.3,8.5,1.6,1.6,75.3,35.3,64.0,14.7,3.2,1.7,1.6,10.5,28.0,0.0,0.0,0.0,0.0,0.0,0.4,1.1,0.0,78.8,84.7,88.3,83.0,62.1,79.3,87.3,97.1,97.1,5.8,49.7,11.0,69.1,2793.2,28.00,36,36,36,76,112,447,2,2,Yes,No,No,No,No,No,No,No,No,No,Yes,No,No,No,No,No,No,No,No,No,No,No,No,No,No,No,No,Yes,No,No,No,No,No,No,No,Yes,No,No,29,37,29,44,38,43,1.039,5.080,3.424,3.328,12.192,2.024,0.792,3.424,3.184,1.072,1.264,1.648,1.064,1.000,1.000,0.936,1.824,1005,1318,3417,43.0,36.0,34.0,1.255,21.000,33.8,1.260,1.260,1.800,1.800,1.170,5.040,0.750,No,No,No,1.260,1.260,1.800,1.800,1.170,5.040,0.875,No,No,No,54,54,69,100.0,100.0,No,No,14698,23903,29,29,No,No,1299,631,0.2,0.4,0.5,0.042,1.310,15532,37840,0.0,0.0,0.0,0.000,0.000,0,30.1,34.0,32.8,84.0,0.960,12.156,12.142,12.175,12.150,0,0,30.491,14.062,18.201,28.575,16.439,12.178,10.577,10.680,2505.0,1312.7,2055.0,2505.0,2025.0,0.0,0.0,0.0,0.0,10.6,0.0,0.0,0.0,0.0,0.0,0.0,0,0,Yes,No,No,No,No,Yes,No,15.2,19.0,3,0,0,0,0,0,0,0,0,74,0,0,0,0,0,0,0,0,0,0,0,0,0,0,0,0,0,0,0,0,10977,1305,1043,74,16.0,0,0,0,15.0,5.2,66.0,59.4,4.5,193.71,16.82,15.16,0.21,15.79,15.99,0.00,767,17,11.4,1.2,0,0,0.0,0.0,0,33.5,1.785,
14.10.2025,11:54:8.613,21288,48128,30.6,15804,49516,24.1,0.0,1.254,1.308,1.288,1.258,1.228,1.228,1.233,1.218,1.248,1.268,1.268,1.253,1.243,1.251,4106.6,4788.3,798.0,4788.3,4688.5,4688.5,4788.3,4788.3,4788.3,3790.7,3790.7,3790.7,3790.7,99.8,3591.2,214.5,278.9,26.2,78.1,42.7,70.0,36.3,25.9,25.5,28.8,813.7,421.4,27.6,721.1,255.2,283.7,26.8,418.1,347.4,229.9,132.7,218.2,5.3,6.1,1.3,3.1,0.0,1.4,1.5,1.3,1.3,0.5,17.9,9.1,2.8,8.4,12.8,6.1,0.5,11.7,9.9,7.3,3.8,17.9,5.3,100.0,6.2,8.5,0.8,2.6,1.3,2.0,1.1,0.7,0.7,0.9,23.3,12.2,0.8,20.9,7.3,8.2,0.8,11.9,9.9,6.6,4.0,6.2,41.2,48.0,8.0,48.0,47.0,47.0,48.0,48.0,48.0,38.0,38.0,38.0,38.0,36.0,39,39,36,41,38,42,38,41,40,39,39,39,39,61,61,64,59,62,58,62,59,60,61,61,61,61,41,42,No,No,No,No,No,No,No,No,No,No,No,No,No,No,No,No,No,No,No,No,No,No,No,No,No,No,No,No,No,No,No,No,No,No,No,No,No,No,No,No,No,No,45,45,36,0.000,0.000,0.000,0.000,0.000,0.000,0.000,1.250,38.063,28.855,19.161,8.195,0.494,150.0,175.0,56.000,0.4,5.1,6.1,0.6,1.7,0.9,1.5,0.8,0.6,0.5,0.6,18.1,9.2,0.6,15.7,5.4,6.1,0.6,12.3,10.5,7.3,3.9,18.1,21.6,6.6,2.6,0.0,73.4,34.2,54.4,13.8,2.9,0.6,0.0,6.6,29.4,0.0,0.0,0.0,0.0,0.0,0.0,0.3,0.0,84.0,88.4,92.3,88.4,64.1,69.9,89.8,94.7,98.8,6.1,53.7,21.8,77.8,2793.2,28.00,36,36,36,76,112,447,2,2,Yes,No,No,No,No,No,No,No,No,No,Yes,No,No,No,No,No,No,No,No,No,No,No,No,No,No,No,No,Yes,No,No,No,No,No,No,No,Yes,No,No,29,37,29,43,36,43,0.835,5.080,3.424,3.328,12.192,2.024,0.800,3.424,3.184,1.072,1.264,1.648,1.064,1.000,1.000,0.936,1.824,1045,1320,3435,42.0,36.0,34.0,1.240,18.000,33.8,1.260,1.260,1.800,1.800,1.170,5.040,0.750,No,No,No,1.260,1.260,1.800,1.800,1.170,5.040,0.875,No,No,No,54,54,69,100.0,100.0,No,No,14698,23903,29,29,No,No,1299,631,0.1,0.1,0.3,0.025,0.686,15532,37842,0.0,0.0,0.0,0.000,0.000,0,29.2,34.0,32.2,84.0,0.910,12.169,12.164,12.170,12.173,0,0,12.243,5.813,10.212,10.661,3.847,0.448,7.723,7.799,210.0,50.6,1185.0,50.0,1290.0,0.0,26.0,0.0,0.0,10.6,0.0,0.1,0.0,0.0,0.0,0.0,0,0,Yes,No,No,No,No,Yes,No,5.3,7.3,3,0,0,0,0,0,0,0,0,76,0,0,0,0,0,0,0,0,0,0,0,0,0,0,0,0,0,0,0,0,10977,1305,1043,74,2.5,0,0,0,15.0,4.1,92.0,0.5,4.1,244.84,1983.16,10.87,0.55,995.57,995.99,0.00,767,17,4.6,1.1,0,0,0.0,0.0,0,33.5,0.000,
14.10.2025,11:54:10.604,21272,48144,30.6,15786,49534,24.1,0.0,1.281,1.304,1.305,1.300,1.280,1.265,1.279,1.279,1.299,1.269,1.264,1.264,1.269,1.251,4489.0,4888.0,4888.0,4888.0,4888.0,4888.0,4888.0,4888.0,4888.0,3591.2,3790.7,3790.7,3591.2,99.8,3591.2,219.3,171.7,25.5,57.1,25.5,41.9,25.4,25.6,25.3,28.6,901.7,500.1,27.9,871.2,54.5,304.6,26.9,489.2,340.2,240.7,202.4,219.0,5.8,3.9,1.4,1.4,0.6,1.8,0.0,0.6,0.6,2.2,19.8,10.8,0.0,24.9,0.0,6.8,1.4,15.1,11.1,7.9,5.9,24.9,5.8,100.0,6.3,5.0,0.7,1.6,0.7,1.2,0.7,0.7,0.7,0.9,25.7,14.4,0.9,24.9,1.7,8.8,0.8,13.9,9.6,6.8,5.9,6.3,45.0,49.0,49.0,49.0,49.0,49.0,49.0,49.0,49.0,36.0,38.0,38.0,36.0,36.0,39,40,36,39,37,37,38,40,38,42,42,42,42,61,60,64,61,63,63,62,60,62,58,58,58,58,41,42,No,No,No,No,No,No,No,No,No,No,No,No,No,No,No,No,No,No,No,No,No,No,No,No,No,No,No,No,No,No,No,No,No,No,No,No,No,No,No,No,No,No,41,39,36,0.000,0.000,0.000,0.000,0.000,0.000,0.000,1.250,28.547,26.198,17.278,7.431,0.489,150.0,175.0,48.000,0.2,5.3,3.8,0.5,1.3,0.5,0.9,0.5,0.5,0.5,0.6,19.9,10.7,0.6,19.0,1.2,6.7,0.6,14.2,10.3,7.1,5.8,17.6,13.6,4.2,0.0,0.0,71.7,28.2,64.7,19.5,1.0,0.8,0.0,7.1,29.2,0.0,0.0,0.0,0.0,0.0,0.0,0.0,0.0,84.0,88.4,92.5,86.1,65.1,81.0,93.7,98.4,98.8,6.2,58.6,13.2,71.2,2793.2,28.00,36,36,36,76,112,447,2,2,Yes,No,No,No,No,No,No,No,No,No,Yes,No,No,No,No,No,No,No,No,No,No,No,No,No,No,No,No,Yes,No,No,No,No,No,No,No,Yes,No,No,29,37,29,42,37,43,1.101,5.080,3.424,3.328,12.192,2.024,0.800,3.424,3.184,1.072,1.264,1.648,1.064,1.000,1.000,0.936,1.824,967,1211,3358,43.0,36.0,34.0,1.280,22.000,33.8,1.260,1.260,1.800,1.800,1.170,5.040,0.875,No,No,No,1.260,1.260,1.800,1.815,1.170,5.040,0.875,No,No,No,54,54,69,100.0,100.0,No,No,14698,23903,29,29,No,No,1299,631,0.0,0.3,0.4,0.008,2.188,15532,37846,0.0,0.0,0.0,0.000,0.000,0,29.1,32.0,32.3,84.0,0.910,12.169,12.164,12.170,12.173,0,0,10.260,5.847,10.175,10.758,3.968,0.587,7.647,7.797,210.0,50.6,1185.0,38.3,1290.0,0.0,25.0,0.0,0.0,10.6,0.0,0.1,0.0,0.0,0.0,0.0,0,0,Yes,No,No,No,No,Yes,No,5.4,8.3,3,0,0,0,0,0,0,0,0,76,0,0,0,0,0,0,0,0,0,0,0,0,0,0,0,0,0,0,0,0,10977,1305,1043,73,2.5,0,0,0,15.0,3.9,65.6,0.5,3.9,257.47,1874.25,15.24,1.18,402.09,403.19,0.00,767,17,2.6,3.7,0,0,0.0,0.0,0,33.5,0.000,
14.10.2025,11:54:12.612,21273,48143,30.6,15791,49530,24.1,0.0,1.285,1.316,1.306,1.321,1.288,1.283,1.311,1.271,1.287,1.142,1.296,1.306,1.296,1.251,3765.8,4688.5,4788.3,798.0,4788.3,4788.3,4888.0,798.0,4888.0,3591.2,3790.7,3591.2,3790.7,99.8,3591.2,399.7,340.8,26.1,178.9,26.4,74.5,25.9,26.9,25.8,27.3,583.5,320.9,26.8,852.6,29.1,416.8,28.0,1363.8,1476.0,1141.2,1003.2,325.0,13.0,7.6,3.7,4.0,7.2,2.5,6.5,0.7,0.7,5.8,13.3,7.1,7.2,18.6,7.9,9.1,6.5,41.2,45.3,34.6,29.8,45.3,13.0,100.0,11.3,9.8,0.8,5.1,0.8,2.1,0.7,0.8,0.7,0.8,16.6,9.4,0.8,24.3,0.9,11.9,0.9,38.4,41.5,32.3,28.2,11.3,37.8,47.0,48.0,8.0,48.0,48.0,49.0,8.0,49.0,36.0,38.0,36.0,38.0,36.0,42,40,38,42,38,45,40,43,39,46,45,45,45,58,60,62,58,62,55,60,57,61,54,55,55,55,46,46,No,No,No,No,No,No,No,No,No,No,No,No,No,No,No,No,No,No,No,No,No,No,No,No,No,No,No,No,No,No,No,No,No,No,No,No,No,No,No,No,No,No,43,43,36,0.000,0.000,0.000,0.000,0.000,0.000,0.000,1.250,23.789,25.889,17.126,7.275,0.489,150.0,175.0,32.000,0.0,10.8,7.5,0.6,3.9,0.6,1.6,0.5,0.6,0.5,0.6,13.5,7.0,0.6,18.4,0.6,8.9,0.6,40.8,44.9,34.6,29.6,15.2,18.8,5.6,1.7,0.6,84.1,10.0,55.4,4.6,0.0,0.0,0.5,0.7,20.5,0.0,0.0,0.0,0.0,0.1,0.0,0.0,0.0,58.3,54.3,64.3,68.6,67.8,71.4,88.9,95.6,98.1,0.2,80.4,23.8,84.3,2793.2,28.00,36,36,36,76,112,447,2,2,Yes,No,No,No,No,No,No,No,No,No,Yes,No,No,No,No,No,No,No,No,No,No,No,No,No,No,No,No,Yes,No,No,No,No,No,No,No,Yes,No,No,29,37,29,45,38,42,1.261,5.080,3.424,3.328,12.192,2.024,0.800,3.424,3.184,1.072,1.264,1.648,1.064,1.000,1.000,0.944,1.824,914,1191,3308,42.0,36.0,34.0,1.245,11.000,33.8,1.260,1.260,1.800,1.800,1.125,5.040,0.875,No,No,No,1.260,1.260,1.800,1.800,1.185,5.040,0.750,No,No,No,54,54,69,100.0,100.0,No,No,14698,23903,29,29,No,No,1299,631,0.1,3.9,4.0,0.064,14.503,15532,37874,0.0,0.0,0.0,0.000,0.000,0,29.1,32.0,32.3,84.0,0.910,12.168,12.162,12.170,12.173,0,0,10.322,5.865,10.266,10.819,3.968,0.552,7.654,7.798,210.0,50.6,1185.0,37.5,1290.0,0.0,24.0,0.0,0.0,10.6,0.0,0.1,0.0,0.0,0.0,0.0,0,0,Yes,No,No,No,No,Yes,No,5.4,8.9,3,0,0,0,0,0,0,0,0,76,0,0,0,0,0,0,0,0,0,0,0,0,0,0,0,0,0,0,0,0,10977,1305,1043,73,2.5,0,0,0,15.0,3.7,185.3,0.5,3.7,272.81,1872.11,5.40,1.33,490.47,491.89,0.00,767,17,5.2,3.2,0,0,0.0,0.0,0,33.5,0.000,
14.10.2025,11:54:14.622,21274,48142,30.6,15795,49525,24.1,0.0,1.288,1.310,1.304,1.294,1.294,1.284,1.277,1.277,1.277,1.272,1.276,1.296,1.291,1.251,4397.6,4788.3,4888.0,4788.3,4788.3,4788.3,4788.3,4788.3,4788.3,3591.2,3591.2,3591.2,3591.2,99.8,3591.2,394.3,347.7,26.8,59.5,25.7,58.7,25.9,41.5,25.9,27.6,417.2,248.2,27.0,831.8,27.9,307.0,27.3,1374.7,1450.0,1203.7,1331.8,297.2,10.6,7.6,0.0,1.4,0.0,0.0,0.0,0.0,0.0,0.0,9.6,5.4,0.0,18.1,0.0,6.5,0.0,42.0,43.8,37.6,40.6,43.8,10.6,100.0,11.2,10.1,0.8,1.9,0.7,1.7,0.7,1.2,0.7,0.8,12.3,7.2,0.8,23.6,0.9,8.7,0.8,38.8,40.8,33.6,37.7,11.2,44.1,48.0,49.0,48.0,48.0,48.0,48.0,48.0,48.0,36.0,36.0,36.0,36.0,36.0,42,38,36,39,38,37,40,41,46,46,46,46,46,58,62,64,61,62,63,60,59,54,54,54,54,54,46,46,No,No,No,No,No,No,No,No,No,No,No,No,No,No,No,No,No,No,No,No,No,No,No,No,No,No,No,No,No,No,No,No,No,No,No,No,No,No,No,No,No,No,43,43,36,0.000,0.000,0.000,0.000,0.000,0.000,0.000,1.250,28.547,31.723,22.814,7.409,0.496,150.0,175.0,40.000,0.0,10.9,7.6,0.6,1.5,0.5,1.3,0.5,0.9,0.5,0.6,9.8,5.5,0.6,18.3,0.6,6.7,0.6,41.7,43.6,37.2,40.3,14.0,19.2,5.5,2.7,0.0,72.1,4.8,58.5,4.1,1.0,0.0,0.0,0.0,19.4,0.0,0.0,0.0,0.0,0.0,0.0,0.1,0.0,56.5,55.7,62.2,58.6,70.7,70.6,91.3,95.0,98.3,15.7,87.4,20.5,87.1,2793.2,28.00,36,36,36,76,112,447,2,2,Yes,No,No,No,No,No,No,No,No,No,Yes,No,No,No,No,No,No,No,No,No,No,No,No,No,No,No,No,Yes,No,No,No,No,No,No,No,Yes,No,No,29,37,29,45,36,43,1.225,5.080,3.424,3.328,12.192,2.024,0.800,3.424,3.184,1.072,1.264,1.648,1.064,1.000,1.000,0.936,1.824,924,1216,3333,43.0,36.0,34.0,1.250,14.000,34.0,1.260,1.260,1.800,1.800,1.125,5.040,0.875,No,No,No,1.260,1.260,1.800,1.800,1.125,5.040,0.875,No,No,No,54,54,69,100.0,100.0,No,No,14698,23903,29,29,No,No,1299,631,0.7,0.7,1.4,0.726,7.256,15533,37888,0.0,0.0,0.0,0.000,0.000,0,29.1,32.0,32.0,84.0,0.910,12.170,12.164,12.171,12.174,0,0,10.430,5.994,10.691,11.185,4.066,0.503,7.715,7.796,210.0,50.6,1185.0,37.0,1290.0,0.0,16.0,0.0,0.0,10.6,0.0,0.1,0.0,0.0,0.0,0.0,0,0,Yes,No,No,No,No,Yes,No,5.6,8.9,3,0,0,0,0,0,0,0,0,76,0,0,0,0,0,0,0,0,0,0,0,0,0,0,0,0,0,0,0,0,10977,1305,1043,73,2.5,0,0,0,15.0,3.4,61.4,0.5,3.5,292.52,1928.15,16.30,1.36,665.55,666.83,0.00,767,17,2.5,1.7,0,0,0.0,0.0,0,33.5,0.000,
14.10.2025,11:54:16.629,21276,48140,30.6,15797,49523,24.1,0.0,1.278,1.325,1.310,1.306,1.281,1.266,1.286,1.293,1.293,1.278,1.302,1.132,1.267,1.251,4447.5,4788.3,4888.0,4888.0,4888.0,4888.0,4888.0,4888.0,4888.0,3591.2,3591.2,3591.2,3591.2,99.8,3591.2,400.8,445.4,26.5,183.6,25.6,71.3,25.7,37.3,25.7,28.1,564.7,374.9,27.8,717.5,27.7,345.3,27.2,1541.2,1416.5,1278.2,826.2,328.5,11.3,9.6,1.3,4.0,0.0,4.5,1.3,4.5,0.0,0.0,12.5,8.3,0.0,15.7,0.0,7.5,2.1,46.4,43.8,39.4,24.7,46.4,11.3,100.0,11.5,13.6,0.8,6.1,0.7,2.2,0.7,1.1,0.7,0.9,16.4,10.9,0.9,20.5,0.8,9.9,0.8,43.4,39.9,35.9,23.5,11.5,44.6,48.0,49.0,49.0,49.0,49.0,49.0,49.0,49.0,36.0,36.0,36.0,36.0,36.0,43,42,36,41,37,43,38,50,40,46,47,47,47,57,58,64,59,63,57,62,50,60,54,53,53,53,46,50,No,No,No,No,No,No,No,No,No,No,No,No,No,No,No,No,No,No,No,No,No,No,No,No,No,No,No,No,No,No,No,No,No,No,No,No,No,No,No,No,No,No,44,44,36,0.000,0.000,0.000,0.000,0.000,0.000,0.000,1.250,20.618,30.695,21.799,7.402,0.494,150.0,175.0,32.000,0.0,10.9,9.6,0.6,4.0,0.5,1.6,0.5,0.8,0.5,0.6,12.6,8.4,0.6,15.8,0.6,7.5,0.6,46.1,43.4,39.1,24.4,15.9,20.1,5.5,6.3,2.6,64.7,30.6,57.0,2.1,0.0,0.0,0.0,2.2,20.1,0.0,0.0,0.0,0.0,0.0,0.0,0.0,0.0,53.0,55.8,60.3,72.2,66.7,67.0,88.1,90.9,95.7,20.1,58.7,24.5,88.2,2793.2,28.00,36,36,36,76,112,447,2,2,Yes,No,No,No,No,No,No,No,No,No,Yes,No,No,No,No,No,No,No,No,No,No,No,No,No,No,No,No,Yes,No,No,No,No,No,No,No,Yes,No,No,29,37,29,44,36,43,1.190,5.080,3.424,3.328,12.192,2.024,0.800,3.424,3.184,1.072,1.264,1.648,1.064,1.000,1.000,0.936,1.824,942,1236,3349,43.0,36.0,35.0,1.270,14.000,33.8,1.260,1.260,1.800,1.800,1.125,5.040,1.000,No,No,No,1.260,1.260,1.800,1.800,1.125,5.040,1.125,No,No,No,54,54,69,100.0,100.0,No,No,14698,23903,29,29,No,No,1299,631,0.1,1.8,1.9,0.034,11.058,15534,37909,0.0,0.0,0.0,0.000,0.000,0,29.1,32.0,32.1,84.0,0.910,12.166,12.157,12.169,12.172,0,0,10.303,6.140,10.457,10.928,3.956,0.475,9.375,7.791,210.0,50.6,1185.0,33.5,1290.0,0.0,11.0,0.0,0.0,10.6,0.0,0.1,0.0,0.0,0.0,0.0,0,0,Yes,No,No,No,No,Yes,No,5.5,8.8,3,0,0,0,0,0,0,0,0,76,0,0,0,0,0,0,0,0,0,0,0,0,0,0,0,0,0,0,0,0,10977,1305,1043,73,2.5,0,0,0,15.0,3.3,220.2,0.5,3.3,306.39,1920.23,4.54,1.28,502.73,504.05,0.00,767,17,2.7,1.3,0,0,0.0,0.0,0,33.5,0.000,
14.10.2025,11:54:18.620,21275,48141,30.6,15798,49523,24.1,0.0,1.297,1.311,1.311,1.321,1.301,1.271,1.286,1.281,1.296,1.306,1.269,1.301,1.311,1.251,4514.0,4888.0,4788.3,4888.0,4888.0,4888.0,4888.0,4888.0,4888.0,3790.7,3790.7,3790.7,3790.7,99.8,3591.2,470.6,706.1,27.5,326.1,26.5,47.8,25.1,48.1,25.3,28.9,823.9,639.3,27.3,1727.3,30.4,550.7,27.4,1545.5,1095.6,812.9,870.2,429.4,11.7,15.7,1.7,6.7,0.0,0.0,0.0,0.0,0.0,0.0,18.6,14.4,0.0,37.2,0.0,12.5,1.0,45.2,32.1,24.3,25.4,45.2,11.7,100.0,13.5,20.6,0.9,9.3,0.8,1.4,0.7,1.4,0.7,0.9,24.3,18.4,0.9,49.1,1.0,15.8,0.8,43.5,31.0,23.2,24.9,13.5,45.2,49.0,48.0,49.0,49.0,49.0,49.0,49.0,49.0,38.0,38.0,38.0,38.0,36.0,42,41,38,41,39,43,41,42,44,44,44,44,44,58,59,62,59,61,57,59,58,56,56,56,56,56,43,44,No,No,No,No,No,No,No,No,No,No,No,No,No,No,No,No,No,No,No,No,No,No,No,No,No,No,No,No,No,No,No,No,No,No,No,No,No,No,No,No,No,No,49,49,36,0.000,0.000,0.000,0.000,0.000,0.000,0.000,1.250,30.133,32.026,23.122,7.408,0.494,150.0,175.0,40.000,0.0,11.8,15.3,0.6,7.0,0.6,1.1,0.5,1.1,0.5,0.6,18.4,14.1,0.6,36.8,0.6,12.2,0.6,44.6,31.5,23.5,25.3,21.4,34.9,10.2,2.5,1.4,75.3,45.4,48.8,35.4,0.5,0.4,0.0,2.4,22.4,0.0,0.0,0.0,0.0,0.0,0.0,0.7,0.0,54.0,67.2,75.8,71.2,52.8,46.6,81.2,95.4,96.7,3.3,38.0,11.2,49.8,2793.2,28.00,36,36,36,76,112,447,2,2,Yes,No,No,No,No,No,No,No,No,No,Yes,No,No,No,No,No,No,No,No,No,No,No,No,No,No,No,No,Yes,No,No,No,No,No,No,No,Yes,No,No,29,37,29,47,38,43,1.208,5.080,3.424,3.328,12.192,2.024,0.792,3.424,3.184,1.072,1.264,1.664,1.064,1.000,1.000,0.936,1.824,957,1259,3409,43.0,36.0,34.0,1.245,21.000,34.0,1.260,1.260,1.800,1.800,1.125,5.040,1.125,No,No,No,1.260,1.260,1.800,1.800,1.125,5.040,1.000,No,No,No,54,54,69,100.0,100.0,No,No,14698,23903,29,29,No,No,1299,631,5.0,2.2,7.2,1.889,13.400,15537,37935,0.0,0.0,0.0,0.000,0.000,0,29.1,32.0,32.1,84.0,0.910,12.164,12.155,12.167,12.171,0,0,10.459,6.042,10.724,11.339,4.199,0.621,7.627,7.783,210.0,50.6,1185.0,34.4,1290.0,0.0,15.0,0.0,0.0,10.6,0.0,0.1,0.0,0.0,0.0,0.0,0,0,Yes,No,No,No,No,Yes,No,5.7,9.1,3,0,0,0,0,0,0,0,0,76,0,0,0,0,0,0,0,0,0,0,0,0,0,0,0,0,0,0,0,0,10977,1305,1043,73,2.5,0,0,0,15.0,3.1,61.3,0.5,3.1,324.75,1945.03,16.31,1.32,671.31,672.57,0.00,767,17,4.8,2.1,0,0,0.0,0.0,0,33.5,0.000,
14.10.2025,11:54:20.624,21277,48139,30.6,15799,49522,24.1,0.0,1.271,1.289,1.260,1.255,1.242,1.232,1.262,1.272,1.272,1.277,1.277,1.322,1.292,1.251,3425.0,4688.5,798.0,4688.5,4688.5,4688.5,798.0,4788.3,798.0,3790.7,3790.7,3790.7,3790.7,99.8,3591.2,453.7,578.8,26.3,636.4,26.9,94.9,25.4,25.8,24.8,28.8,1031.6,831.8,28.2,1955.2,29.0,415.6,27.6,1129.5,812.0,685.4,659.9,429.4,12.0,12.4,0.6,13.7,0.9,3.9,4.6,1.6,8.0,0.9,22.2,17.7,7.4,41.2,0.9,9.0,0.0,32.1,22.8,19.9,19.3,41.2,12.0,100.0,13.1,17.7,0.5,19.0,0.8,2.8,0.7,0.7,0.7,0.9,30.3,23.9,0.9,55.2,1.0,12.0,0.9,32.0,23.2,19.5,18.9,13.1,34.3,47.0,8.0,47.0,47.0,47.0,8.0,48.0,8.0,38.0,38.0,38.0,38.0,36.0,42,41,40,44,41,42,41,50,41,42,42,42,42,58,59,60,56,59,58,59,50,59,58,58,58,58,46,50,No,No,No,No,No,No,No,No,No,No,No,No,No,No,No,No,No,No,No,No,No,No,No,No,No,No,No,No,No,No,No,No,No,No,No,No,No,No,No,No,No,No,45,45,37,0.000,0.000,0.000,0.000,0.000,0.000,0.000,1.250,19.032,37.806,28.718,7.575,0.515,150.0,175.0,40.000,0.0,10.9,12.7,0.6,13.5,0.6,2.1,0.5,0.6,0.5,0.6,22.5,18.1,0.6,41.6,0.6,9.4,0.6,32.0,22.7,20.0,18.8,23.3,40.6,16.2,4.8,0.0,65.7,54.2,53.0,39.3,0.8,0.5,0.0,4.0,24.9,0.0,0.0,0.0,0.0,0.3,0.0,0.7,0.0,66.3,76.0,79.4,75.8,48.3,43.4,67.3,91.9,98.7,8.4,25.2,2.6,48.7,2793.2,28.00,36,36,36,76,112,447,2,2,Yes,No,No,No,No,No,No,No,No,No,Yes,No,No,No,No,No,No,No,No,No,No,No,No,No,No,No,No,Yes,No,No,No,No,No,No,No,Yes,No,No,29,37,29,49,38,43,1.261,5.080,3.424,3.328,12.192,2.024,0.792,3.424,3.184,1.072,1.264,1.648,1.064,1.000,1.000,0.936,1.824,964,1275,3349,43.0,37.0,34.0,1.260,21.000,34.0,1.260,1.260,1.800,1.800,1.125,5.040,1.250,No,No,No,1.260,1.260,1.800,1.800,1.125,5.040,0.750,No,No,No,54,54,69,100.0,100.0,No,No,14698,23903,29,29,No,No,1299,631,5.8,5.0,10.8,3.749,16.320,15544,37966,0.0,0.0,0.0,0.000,0.000,0,29.0,32.0,32.1,84.0,0.910,12.167,12.158,12.169,12.173,0,0,10.202,5.946,10.688,11.098,3.980,0.417,7.638,7.801,210.0,50.6,1185.0,34.6,1290.0,0.0,9.0,0.0,0.0,10.6,0.0,0.1,0.0,0.0,0.0,0.0,0,0,Yes,No,No,No,No,Yes,No,5.6,8.9,3,0,0,0,0,0,0,0,0,76,0,0,0,0,0,0,0,0,0,0,0,0,0,0,0,0,0,0,0,0,10977,1305,1043,73,2.5,0,0,0,15.0,3.0,120.1,0.5,3.0,336.02,1885.79,8.33,1.20,494.62,495.91,0.00,767,17,5.6,2.1,0,0,0.0,0.0,0,33.5,0.000,
14.10.2025,11:54:22.623,21274,48142,30.6,15783,49537,24.1,0.0,1.274,1.306,1.265,1.265,1.250,1.240,1.285,1.270,1.295,1.275,1.275,1.265,1.295,1.251,4514.0,4788.3,4888.0,4888.0,4888.0,4888.0,4888.0,4888.0,4888.0,3790.7,3790.7,3790.7,3790.7,99.8,3591.2,269.7,221.1,14.0,198.4,26.0,56.4,25.7,29.0,25.7,28.6,974.2,372.9,309.2,1075.6,27.9,283.9,26.7,374.1,474.9,521.6,327.4,252.4,6.3,5.1,0.0,3.8,1.5,0.7,3.7,0.9,0.0,0.0,21.3,0.0,8.3,23.6,0.0,6.5,2.3,9.6,14.1,15.3,9.9,23.6,6.3,100.0,7.8,6.8,0.7,6.1,0.7,1.6,0.7,0.8,0.7,0.9,28.0,10.7,9.0,30.9,0.9,8.3,0.8,10.6,13.5,14.7,9.4,7.8,45.2,48.0,49.0,49.0,49.0,49.0,49.0,49.0,49.0,38.0,38.0,38.0,38.0,36.0,40,40,38,40,38,45,40,40,39,39,39,40,40,60,60,62,60,62,55,60,60,61,61,61,60,60,42,45,No,No,No,No,No,No,No,No,No,No,No,No,No,No,No,No,No,No,No,No,No,No,No,No,No,No,No,No,No,No,No,No,No,No,No,No,No,No,No,No,No,No,42,41,37,0.000,0.000,0.000,0.000,0.000,0.000,0.000,1.250,33.305,39.067,30.001,7.550,0.512,150.0,175.0,48.000,0.2,6.5,4.9,0.3,4.3,0.5,1.3,0.5,0.6,0.5,0.6,21.3,8.1,6.7,23.3,0.6,6.3,0.6,10.7,13.8,15.1,9.7,19.0,16.3,9.4,5.7,0.6,70.2,39.9,54.7,25.2,0.0,0.2,0.0,6.0,28.5,0.0,0.0,0.0,0.0,0.1,0.0,0.1,0.0,88.8,85.3,84.5,83.2,60.7,76.7,84.6,92.2,98.0,5.8,43.3,19.1,66.1,2793.2,28.00,36,36,36,76,112,447,2,2,Yes,No,No,No,No,No,No,No,No,No,Yes,No,No,No,No,No,No,No,No,No,No,No,No,No,No,No,No,Yes,No,No,No,No,No,No,No,Yes,No,No,29,37,29,44,33,44,1.261,5.080,3.424,3.328,12.192,2.024,0.792,3.424,3.184,1.072,1.264,1.648,1.064,1.000,1.000,0.936,1.824,1001,1319,3470,43.0,36.0,34.0,1.275,21.000,34.0,1.260,1.260,1.800,1.800,1.125,5.040,0.750,No,No,No,1.260,1.260,1.800,1.815,1.125,5.040,0.750,No,No,No,54,54,69,100.0,100.0,No,No,14698,23903,29,29,No,No,1299,631,0.6,0.4,1.0,0.375,2.151,15545,37970,0.0,0.0,0.0,0.000,0.000,0,29.0,32.0,32.1,84.0,0.910,12.166,12.158,12.168,12.172,0,0,10.312,5.967,10.575,11.109,4.053,0.533,7.709,7.791,210.0,50.6,1185.0,39.9,1290.0,0.0,22.0,0.0,0.0,10.6,0.0,0.1,0.0,0.0,0.0,0.0,0,0,Yes,No,No,No,No,Yes,No,5.6,8.0,3,0,0,0,0,0,0,0,0,76,0,0,0,0,0,0,0,0,0,0,0,0,0,0,0,0,0,0,0,0,10977,1305,1043,73,2.5,0,0,0,15.0,2.8,66.4,0.5,2.9,352.65,1928.87,15.07,1.33,665.44,666.67,0.00,767,17,3.0,1.3,0,0,0.0,0.0,0,33.5,0.000,
14.10.2025,11:54:24.625,21272,48144,30.6,15781,49539,24.1,0.0,1.296,1.313,1.319,1.318,1.302,1.282,1.312,1.312,1.292,1.277,1.277,1.277,1.273,1.251,4455.8,4888.0,4888.0,4888.0,4888.0,4888.0,4888.0,4888.0,4888.0,3591.2,3591.2,3591.2,3591.2,99.8,3591.2,217.5,224.7,26.2,38.3,25.8,44.5,25.1,26.0,25.7,27.9,879.9,27.6,636.6,1045.7,28.2,235.3,26.5,76.5,467.9,217.9,243.3,216.0,5.3,4.5,0.2,0.5,1.0,0.6,0.0,0.0,6.8,0.0,18.9,0.3,12.8,22.3,5.4,4.1,0.0,1.9,13.7,6.0,7.2,22.3,5.3,100.0,6.2,6.5,0.8,1.1,0.7,1.3,0.7,0.7,0.7,0.9,25.2,0.9,18.3,29.9,0.9,6.9,0.8,2.2,13.2,6.2,7.1,6.2,44.7,49.0,49.0,49.0,49.0,49.0,49.0,49.0,49.0,36.0,36.0,36.0,36.0,36.0,40,38,36,41,37,43,38,42,39,41,41,41,41,60,62,64,59,63,57,62,58,61,59,59,59,59,46,43,No,No,No,No,No,No,No,No,No,No,No,No,No,No,No,No,No,No,No,No,No,No,No,No,No,No,No,No,No,No,No,No,No,No,No,No,No,No,No,No,No,No,52,52,36,0.000,0.000,0.000,0.000,0.000,0.000,0.000,1.250,22.203,28.789,19.949,7.347,0.495,150.0,175.0,40.000,0.6,5.1,4.8,0.6,0.8,0.5,1.0,0.5,0.5,0.5,0.6,19.2,0.6,13.8,22.6,0.6,5.2,0.6,2.2,13.9,6.3,7.5,18.2,15.1,1.3,1.1,0.0,70.6,45.1,58.7,20.8,0.0,0.4,0.0,6.0,30.1,0.0,0.0,0.0,0.0,0.0,0.0,0.0,0.0,97.6,85.1,93.4,85.4,63.3,78.5,97.1,97.2,98.8,7.8,38.5,16.2,71.8,2793.2,28.00,36,36,36,76,112,447,2,2,Yes,No,No,No,No,No,No,No,No,No,Yes,No,No,No,No,No,No,No,No,No,No,No,No,No,No,No,No,Yes,No,No,No,No,No,No,No,Yes,No,No,29,37,29,43,34,43,1.163,5.080,3.424,3.328,12.192,2.024,0.792,3.424,3.184,1.072,1.264,1.664,1.064,1.000,1.000,0.936,1.824,1027,1333,3333,42.0,36.0,34.0,1.280,16.000,34.0,1.260,1.260,1.800,1.800,1.125,5.040,0.875,No,No,No,1.260,1.260,1.800,1.800,1.110,5.040,0.750,No,No,No,54,54,67,100.0,100.0,No,No,14698,23903,29,29,No,No,1299,631,0.1,0.3,0.4,0.097,1.065,15545,37972,0.0,0.0,0.0,0.000,0.000,0,29.0,32.0,32.1,84.0,0.910,12.166,12.158,12.168,12.172,0,0,10.202,6.021,10.257,11.194,4.357,0.945,7.621,7.774,210.0,50.6,1185.0,39.4,1290.0,0.0,11.0,0.0,0.0,10.6,0.0,0.1,0.0,0.0,0.0,0.0,0,0,Yes,No,No,No,No,Yes,No,5.6,8.1,3,0,0,0,0,0,0,0,0,76,0,0,0,0,0,0,0,0,0,0,0,0,0,0,0,0,0,0,0,0,10977,1305,1043,73,2.5,0,0,0,15.0,2.8,270.2,0.5,2.8,362.37,1904.75,3.70,1.26,498.38,499.68,0.00,767,17,6.2,1.9,0,0,0.0,0.0,0,33.5,0.000,
14.10.2025,11:54:26.622,21703,47713,31.2,16040,49280,24.5,0.0,1.277,1.291,1.282,1.257,1.267,1.297,1.292,1.277,1.292,1.267,1.267,1.267,1.267,1.251,4015.2,4688.5,4788.3,798.0,4688.5,4688.5,4688.5,4688.5,4788.3,3591.2,3591.2,3591.2,3591.2,99.8,3591.2,365.4,412.2,120.7,279.5,116.0,227.5,86.1,255.5,131.2,283.5,993.6,139.6,658.7,1207.2,252.3,418.9,172.4,229.4,547.2,339.2,436.8,362.9,11.7,9.2,12.2,7.0,9.0,5.8,8.4,7.0,3.7,15.3,22.3,12.6,15.2,26.2,10.3,10.1,13.3,8.2,15.4,9.8,12.5,26.2,11.7,100.0,10.5,11.9,3.5,7.9,3.3,6.4,2.5,7.2,3.7,8.0,28.6,4.0,18.9,34.4,7.1,12.1,4.9,6.6,15.6,9.7,12.8,10.4,40.2,47.0,48.0,8.0,47.0,47.0,47.0,47.0,48.0,36.0,36.0,36.0,36.0,36.0,44,42,40,46,42,50,43,48,44,42,43,43,43,56,58,60,54,58,50,57,52,56,58,57,57,57,49,50,No,No,No,No,No,No,No,No,No,No,No,No,No,No,No,No,No,No,No,No,No,No,No,No,No,No,No,No,No,No,No,No,No,No,No,No,No,No,No,No,No,No,49,49,36,0.000,0.000,0.000,0.000,0.000,0.000,0.000,1.250,61.853,26.382,17.623,7.269,0.489,150.0,175.0,72.000,0.0,8.5,9.0,2.6,6.1,2.5,5.0,1.9,5.5,2.8,6.1,22.3,3.0,14.6,26.2,5.4,9.3,3.8,6.6,15.1,9.7,12.3,22.3,21.2,11.5,5.0,1.3,69.7,51.3,60.5,27.5,3.0,2.9,3.3,11.0,27.7,0.1,0.0,0.0,0.0,0.1,0.0,0.3,0.0,89.8,81.1,86.5,75.1,53.4,67.0,80.1,88.4,91.6,2.1,30.8,8.3,58.9,2793.2,28.00,36,36,36,76,112,447,2,2,Yes,No,No,No,No,No,No,No,No,No,Yes,No,No,No,No,No,No,No,No,No,No,No,No,No,No,No,No,Yes,No,No,No,No,No,No,No,Yes,No,No,29,37,29,43,36,43,0.879,5.080,3.424,3.328,12.192,2.024,0.792,3.424,3.184,1.072,1.264,1.648,1.064,1.000,1.000,0.936,1.824,962,1210,3308,44.0,36.0,34.0,1.295,28.000,34.0,1.260,1.260,1.800,1.800,1.125,4.970,1.125,No,No,No,1.260,1.260,1.800,1.800,1.125,4.970,1.000,No,No,No,54,54,65,100.0,100.0,No,No,14698,23903,29,29,No,No,1299,631,0.2,0.1,0.2,0.090,0.756,15545,37973,0.0,0.0,0.0,0.000,0.000,0,29.1,32.0,32.2,84.0,0.910,12.165,12.160,12.167,12.169,0,0,11.725,6.993,11.306,13.615,6.072,2.345,7.706,7.885,210.0,50.6,1185.0,71.6,1290.0,4.0,3.0,0.0,0.0,10.7,0.1,0.6,0.0,0.0,0.0,0.0,0,0,Yes,No,No,No,No,Yes,No,6.8,9.0,3,0,0,0,0,0,0,0,0,76,0,0,0,0,0,0,0,0,0,0,0,0,0,0,0,0,0,0,0,0,10969,1313,1050,74,2.5,0,0,0,15.0,8.0,69.0,1.6,32.1,124.75,633.87,14.49,1.45,248.80,249.87,0.42,767,17,2.6,5.3,0,0,0.0,0.0,0,33.5,0.024,
14.10.2025,11:54:28.626,23463,45953,33.8,17610,47710,26.9,0.0,1.266,1.271,1.260,1.260,1.268,1.268,1.268,1.268,1.263,1.263,1.264,1.264,1.271,1.251,4322.8,4688.5,4688.5,4688.5,4688.5,4688.5,4688.5,4688.5,4688.5,3591.2,3591.2,3591.2,3591.2,99.8,3591.2,2263.8,2032.8,1885.8,2390.6,2011.2,2342.4,2063.0,2369.6,2229.7,2288.2,2958.7,2106.6,2941.8,3633.4,2217.2,2801.1,2185.9,1587.2,1812.7,1710.6,1707.8,2325.4,50.7,43.9,40.5,51.3,43.0,50.2,44.1,50.7,47.7,49.0,63.2,45.1,62.8,77.1,47.4,59.8,46.7,44.7,50.8,48.0,47.8,77.1,50.7,100.0,63.5,57.7,52.9,67.1,56.3,65.6,57.7,66.3,62.3,64.1,83.2,59.0,82.5,101.8,62.1,78.4,61.1,45.0,51.2,48.3,48.2,63.5,43.3,47.0,47.0,47.0,47.0,47.0,47.0,47.0,47.0,36.0,36.0,36.0,36.0,36.0,57,63,55,60,61,56,59,54,59,55,55,53,53,43,37,45,40,39,44,41,46,41,45,45,47,47,63,63,No,No,No,No,No,No,No,No,No,No,No,No,No,No,No,No,No,No,No,No,No,No,No,No,No,No,No,No,No,No,No,No,No,No,No,No,No,No,No,No,No,No,71,71,37,0.000,0.000,0.000,0.000,0.000,0.000,0.000,1.250,65.024,32.025,23.109,7.407,0.509,150.0,175.0,88.000,0.0,50.5,43.5,40.3,51.1,42.9,50.1,44.1,50.5,47.6,48.8,63.0,45.0,62.7,76.9,47.3,59.7,46.7,44.3,50.4,47.7,47.5,13.4,18.2,7.0,5.6,3.5,23.6,19.0,14.1,15.9,9.5,12.6,11.6,19.9,14.0,2.1,1.1,0.9,2.6,1.2,1.4,1.6,4.9,45.0,35.8,39.6,31.2,20.0,19.9,34.9,37.0,36.5,3.3,12.0,1.9,14.7,2793.2,28.00,36,36,36,76,112,447,2,2,Yes,No,No,No,No,No,No,No,No,No,Yes,No,No,No,No,No,No,No,No,No,No,No,No,No,No,No,No,Yes,No,No,No,No,No,No,No,Yes,No,No,29,38,29,65,54,43,1.279,5.040,3.424,3.328,12.192,2.024,0.784,3.424,3.200,1.072,1.264,1.648,1.064,1.000,1.000,0.936,1.824,917,1217,3276,42.0,37.0,34.0,1.305,42.000,34.0,1.245,1.260,1.800,1.800,1.125,4.970,1.000,No,No,No,1.260,1.260,1.800,1.800,1.125,4.970,1.000,No,No,No,54,54,65,100.0,100.0,No,No,14698,23903,29,29,No,No,1299,631,0.1,0.2,0.2,0.091,0.838,15546,37975,0.0,0.0,0.0,0.000,0.000,0,29.0,32.0,32.1,84.0,0.910,12.162,12.152,12.166,12.170,0,0,11.193,6.050,10.545,11.278,4.247,0.736,7.715,7.831,210.0,50.6,1185.0,45.6,1290.0,0.0,17.0,0.0,0.0,10.7,0.0,0.2,0.0,0.0,0.0,0.0,0,0,Yes,No,No,No,No,Yes,No,5.6,7.3,3,0,0,0,0,0,0,0,0,76,0,0,0,0,0,0,0,0,0,0,0,0,0,0,0,0,0,0,0,0,10970,1312,1049,76,2.5,0,0,0,15.0,7.8,459.2,1.9,21.8,128.60,526.82,2.18,1.18,202.95,203.72,0.53,767,17,2.9,3.0,0,0,0.0,0.0,0,33.8,0.000,
14.10.2025,11:54:30.636,24172,45244,34.8,18200,47120,27.8,0.0,1.296,1.326,1.288,1.273,1.273,1.253,1.321,1.301,1.321,1.311,1.296,1.296,1.296,1.251,4514.0,4788.3,4888.0,4888.0,4888.0,4888.0,4888.0,4888.0,4888.0,3790.7,3790.7,3790.7,3790.7,99.8,3591.2,3837.4,2582.7,4059.7,4072.8,4030.5,4076.8,4042.4,4071.9,4041.6,4030.7,4292.8,4029.7,4185.1,4258.7,4081.6,4301.7,4044.8,3097.3,3160.7,3165.9,3120.4,3914.5,85.8,55.6,85.8,87.1,84.9,87.0,85.4,86.6,86.3,85.9,91.8,84.8,89.4,90.9,86.0,91.8,85.1,87.0,88.8,88.8,87.5,91.8,85.8,100.0,107.3,72.9,113.4,113.7,112.5,113.8,112.8,113.7,112.8,112.6,120.0,112.5,116.9,119.0,114.0,120.1,113.0,87.2,88.9,89.0,87.6,107.3,45.2,48.0,49.0,49.0,49.0,49.0,49.0,49.0,49.0,38.0,38.0,38.0,38.0,36.0,51,50,49,51,51,56,52,52,51,51,51,51,51,49,50,51,49,49,44,48,48,49,49,49,49,49,59,56,No,No,No,No,No,No,No,No,No,No,No,No,No,No,No,No,No,No,No,No,No,No,No,No,No,No,No,No,No,No,No,No,No,No,No,No,No,No,No,No,No,No,65,65,37,0.000,0.000,0.000,0.000,0.000,0.000,0.000,1.250,39.649,96.449,86.289,8.437,0.717,150.0,175.0,56.000,0.0,85.9,55.2,86.7,86.9,86.0,87.0,86.2,86.8,86.2,86.0,91.5,86.0,89.2,90.8,87.1,91.6,86.3,86.3,88.1,88.2,87.0,5.1,6.4,7.5,5.7,3.2,6.8,7.7,5.3,5.7,3.7,2.7,2.8,3.4,3.1,0.0,0.0,0.1,0.0,0.2,1.0,1.1,0.7,9.1,8.3,8.2,8.9,3.8,5.6,5.0,6.4,9.3,0.0,1.4,1.0,1.2,2793.2,28.00,36,36,36,76,112,447,2,2,Yes,No,No,No,No,No,No,No,No,No,Yes,No,No,No,No,No,No,No,No,No,No,No,No,No,No,No,No,Yes,No,No,No,No,No,No,No,Yes,No,No,29,38,29,70,60,43,1.296,5.040,3.424,3.328,12.192,2.024,0.768,3.424,3.184,1.072,1.264,1.648,1.064,1.000,1.000,0.936,1.824,1256,1575,3461,42.0,37.0,35.0,1.285,31.000,34.0,1.245,1.260,1.800,1.800,1.125,4.970,2.750,No,No,No,1.245,1.260,1.800,1.800,1.125,4.970,1.875,No,No,No,54,54,64,100.0,100.0,No,No,14698,23903,29,29,No,No,1299,631,0.2,0.2,0.4,0.505,1.294,15547,37978,0.0,0.0,0.0,0.000,0.000,0,29.0,32.0,32.0,84.0,0.910,12.164,12.152,12.168,12.172,0,0,10.622,5.888,10.440,10.927,3.968,0.493,7.621,7.765,210.0,50.6,1185.0,43.9,1290.0,0.0,32.0,0.0,0.0,10.7,0.0,0.1,0.0,0.0,0.0,0.0,0,0,Yes,No,No,No,No,Yes,No,5.5,7.4,3,0,0,0,0,0,0,0,0,76,0,0,0,0,0,0,0,0,0,0,0,0,0,0,0,0,0,0,0,0,10970,1312,1049,76,2.5,0,0,0,15.0,7.8,0.0,0.0,21.8,128.60,0.00,0.00,0.00,0.00,0.00,0.00,767,17,2.5,1.0,0,0,0.0,0.0,0,33.8,0.000,
14.10.2025,11:54:32.625,24481,44936,35.2,18501,46819,28.3,0.0,1.142,1.153,1.171,1.156,1.155,1.162,1.153,1.117,1.152,1.122,1.122,1.122,1.122,1.251,4081.7,4389.3,4389.3,4389.3,4389.3,4389.3,4389.3,4289.5,4389.3,3491.5,3491.5,3491.5,3491.5,99.8,3591.2,4180.0,4329.1,4327.7,4343.4,4320.4,4340.5,4342.8,4364.7,4344.5,4348.1,4415.7,4334.9,4369.5,4401.9,4364.0,4418.5,4354.1,3455.6,3474.7,3476.4,3473.9,4258.3,97.5,97.4,97.4,97.3,96.9,96.9,97.1,97.4,96.9,97.4,98.8,97.3,97.7,98.3,97.7,98.9,97.6,97.2,97.4,97.4,97.3,98.9,97.5,100.0,116.7,121.4,121.1,121.4,120.6,121.2,121.1,121.7,121.2,121.4,123.3,121.0,121.8,122.8,121.6,123.4,121.4,97.0,97.1,97.1,97.1,116.7,40.9,44.0,44.0,44.0,44.0,44.0,44.0,43.0,44.0,35.0,35.0,35.0,35.0,36.0,82,85,82,90,89,89,89,80,90,73,73,73,73,18,15,18,10,11,11,11,20,10,27,27,27,27,89,90,Yes,No,No,Yes,No,Yes,Yes,No,Yes,No,No,No,No,No,No,No,No,No,No,No,No,No,No,No,No,No,No,No,No,No,No,No,No,No,No,No,No,No,No,Yes,No,No,91,91,38,0.000,0.000,0.000,0.000,0.000,0.000,0.000,1.250,133.221,107.649,97.964,8.100,0.578,150.0,175.0,160.000,0.0,97.2,96.7,96.7,96.9,96.4,96.7,96.7,97.2,96.8,97.1,98.5,96.8,97.6,98.2,97.4,98.7,97.3,96.5,97.0,97.1,97.0,0.6,2.0,0.0,0.1,0.0,1.1,1.5,1.4,0.4,0.1,0.1,0.0,0.1,0.8,0.1,0.1,0.1,0.0,0.0,0.1,0.0,0.1,2.4,2.3,2.3,2.3,1.0,0.2,2.3,2.3,2.3,0.0,0.2,0.0,0.3,2793.2,28.00,36,36,36,76,112,447,2,2,Yes,No,Yes,No,No,No,No,No,No,No,No,No,No,No,No,No,No,No,No,No,No,No,No,No,No,No,No,Yes,No,No,No,No,No,No,No,Yes,No,No,29,39,29,89,78,43,1.217,5.040,3.424,3.328,12.192,2.024,0.752,3.424,3.184,1.072,1.264,1.648,1.064,1.000,1.000,0.936,1.824,1662,1672,3479,42.0,38.0,35.0,1.250,75.000,34.2,1.245,1.260,1.800,1.800,1.125,4.970,1.000,No,No,No,1.245,1.260,1.800,1.800,1.125,4.970,1.000,No,No,No,54,54,64,100.0,100.0,No,No,14698,23903,29,29,No,No,1299,631,9.2,0.1,9.3,14.087,0.461,15575,37978,0.0,0.0,0.0,0.000,0.000,0,28.9,32.0,31.9,84.0,0.910,12.160,12.145,12.165,12.171,0,0,11.264,5.838,10.457,10.790,3.822,0.336,7.701,7.758,210.0,50.6,1185.0,50.2,1290.0,1.0,38.0,0.0,0.0,10.6,0.0,0.2,0.0,0.0,0.0,0.0,0,0,Yes,No,No,No,No,Yes,No,5.7,7.3,3,0,0,0,0,0,0,0,0,76,0,0,0,0,0,0,0,0,0,0,0,0,0,0,0,0,0,0,0,0,10974,1308,1045,76,2.5,0,0,0,15.0,5.7,63.9,1.2,5.8,176.30,830.77,15.65,1.29,199.10,200.46,0.00,767,17,0.2,0.2,0,0,0.0,0.0,0,33.8,0.000,
14.10.2025,11:54:34.635,24376,45040,35.1,18495,46825,28.3,0.0,1.128,1.125,1.124,1.130,1.130,1.130,1.132,1.132,1.132,1.120,1.120,1.128,1.128,1.251,4023.5,4289.5,4289.5,4289.5,4289.5,4289.5,4289.5,4289.5,4289.5,3491.5,3491.5,3491.5,3491.5,99.8,3591.2,4173.6,4311.9,4336.9,4348.3,4327.8,4332.6,4340.7,4350.2,4339.2,4336.3,4340.9,4338.2,4345.3,4345.1,4345.5,4337.4,4353.4,3489.5,3516.2,3518.2,3519.1,4246.4,99.7,99.4,99.8,99.9,99.4,99.5,99.6,99.9,99.6,99.8,99.8,99.7,99.8,99.7,99.7,99.7,99.9,99.3,99.8,99.7,99.8,99.9,99.7,100.0,116.6,120.8,121.2,121.4,120.8,120.9,121.1,121.4,121.1,121.3,121.3,121.2,121.3,121.2,121.2,121.2,121.4,98.1,98.5,98.5,98.5,116.6,40.3,43.0,43.0,43.0,43.0,43.0,43.0,43.0,43.0,35.0,35.0,35.0,35.0,36.0,82,83,82,90,87,88,88,80,87,76,76,76,76,18,17,18,10,13,12,12,20,13,24,24,24,24,88,90,Yes,No,No,Yes,No,No,No,No,Yes,No,No,No,No,No,No,No,No,No,No,No,No,No,No,No,No,No,No,No,No,No,No,No,No,No,No,No,No,No,No,Yes,No,No,91,91,39,0.000,0.000,0.000,0.000,0.000,0.000,0.000,1.250,111.017,167.557,156.134,9.534,0.872,150.0,175.0,128.000,0.0,99.3,98.8,99.4,99.6,99.2,99.3,99.4,99.7,99.4,99.3,99.4,99.4,99.6,99.5,99.5,99.4,99.7,98.5,99.2,99.3,99.3,0.1,0.0,0.0,0.1,0.0,0.0,0.0,0.0,0.0,0.6,0.2,0.2,0.2,0.0,0.0,0.0,0.0,0.0,0.0,0.0,0.0,0.0,0.0,0.0,0.0,0.0,0.0,0.0,0.0,0.0,0.0,0.0,0.0,0.0,0.0,2793.2,28.00,36,36,36,76,112,447,2,2,Yes,No,Yes,No,No,No,No,No,No,No,Yes,No,No,No,No,No,No,No,No,No,No,No,No,No,No,No,No,Yes,No,No,No,No,No,No,No,Yes,No,No,29,40,29,89,78,43,1.225,5.040,3.424,3.328,12.192,2.024,0.744,3.424,3.200,1.072,1.264,1.648,1.064,1.000,1.000,0.936,1.824,1748,1945,3452,42.0,39.0,35.0,1.295,68.000,34.2,1.245,1.260,1.800,1.800,1.125,4.970,2.125,No,No,No,1.245,1.260,1.800,1.815,1.125,4.970,2.000,No,No,No,54,54,64,100.0,100.0,No,No,14698,23903,29,29,No,No,1299,631,18.6,0.3,18.9,37.261,0.916,15644,37980,0.0,0.0,0.0,0.000,0.000,0,28.9,32.0,31.8,84.0,0.910,12.163,12.152,12.167,12.172,0,0,11.124,5.896,10.532,10.974,3.944,0.445,7.612,7.762,210.0,50.6,1185.0,41.8,1290.0,0.0,43.0,0.0,0.0,10.6,0.0,0.1,0.0,0.0,0.0,0.0,0,0,Yes,No,No,No,No,Yes,No,5.5,8.8,3,0,0,0,0,0,0,0,0,76,0,0,0,0,0,0,0,0,0,0,0,0,0,0,0,0,0,0,0,0,10974,1308,1045,76,2.5,0,0,0,15.0,5.2,134.6,1.1,5.3,190.77,924.86,7.43,1.30,328.60,329.91,0.00,767,17,0.1,0.0,0,0,0.0,0.0,0,34.0,0.000,
14.10.2025,11:54:36.638,24376,45040,35.1,18495,46825,28.3,0.0,1.076,1.090,1.078,1.074,1.073,1.085,1.085,1.072,1.069,1.069,1.069,1.069,1.084,1.251,3890.5,4189.8,4090.0,4090.0,4090.0,4189.8,4189.8,4090.0,4189.8,3391.7,3391.7,3391.7,3391.7,99.8,3591.2,4088.5,4238.4,4242.6,4250.9,4252.5,4255.8,4254.7,4250.1,4251.8,4250.9,4252.7,4252.4,4253.1,4256.9,4253.8,4249.4,4251.9,3425.8,3438.4,3444.6,3443.4,4160.1,99.9,99.9,99.9,99.9,99.9,99.9,99.9,99.8,99.9,99.9,99.9,99.9,99.9,100.0,99.9,100.0,99.9,99.8,99.8,100.0,99.9,100.0,99.9,100.0,114.2,118.6,118.6,118.7,118.7,118.7,118.7,118.6,118.7,118.7,118.7,118.7,118.7,118.8,118.8,118.8,118.7,96.3,96.3,96.4,96.4,114.2,39.0,42.0,41.0,41.0,41.0,42.0,42.0,41.0,42.0,34.0,34.0,34.0,34.0,36.0,83,85,82,90,85,88,89,80,89,76,76,76,76,17,15,18,10,15,12,11,20,11,24,24,24,24,90,90,Yes,No,No,Yes,No,No,No,No,No,No,No,No,No,No,No,No,No,No,No,No,No,No,No,No,No,No,No,No,No,No,No,No,No,No,No,No,No,No,No,Yes,No,No,91,91,39,0.000,0.000,0.000,0.000,0.000,0.000,0.000,1.250,117.361,152.592,140.813,9.836,0.921,150.0,175.0,128.000,0.0,99.6,99.4,99.5,99.6,99.7,99.8,99.7,99.6,99.7,99.7,99.7,99.7,99.7,99.8,99.7,99.6,99.7,99.0,99.3,99.5,99.5,0.0,0.0,0.0,0.0,0.0,0.0,0.0,0.0,0.0,0.1,0.1,0.0,0.1,0.0,0.0,0.0,0.0,0.0,0.0,0.0,0.0,0.0,0.0,0.0,0.0,0.0,0.0,0.0,0.0,0.0,0.0,0.0,0.0,0.0,0.0,2793.2,28.00,36,36,36,76,112,447,2,2,Yes,No,Yes,No,No,No,No,No,No,No,No,No,No,No,No,No,No,No,No,No,No,No,No,No,No,No,No,Yes,No,No,No,No,No,No,No,Yes,No,No,29,40,29,90,78,42,1.137,5.040,3.424,3.328,12.192,2.024,0.744,3.424,3.200,1.072,1.264,1.648,1.064,1.000,1.000,0.944,1.824,1781,1997,3497,43.0,39.0,35.0,1.170,75.000,34.5,1.245,1.260,1.800,1.800,1.110,4.970,1.250,No,No,No,1.245,1.260,1.800,1.800,1.185,4.970,1.000,No,No,No,54,54,64,100.0,100.0,No,No,14698,23903,30,30,No,No,1299,631,5.2,0.1,5.3,12.227,0.359,15668,37981,0.0,0.0,0.0,0.000,0.000,0,28.8,32.0,31.8,84.0,0.910,12.162,12.148,12.166,12.171,0,0,11.019,5.788,10.050,10.596,3.895,0.548,7.645,7.782,210.0,50.6,1185.0,43.9,1290.0,0.0,40.0,0.0,0.0,10.6,0.0,0.1,0.0,0.0,0.0,0.0,0,0,Yes,No,No,No,No,Yes,No,5.3,8.2,3,0,0,0,0,0,0,0,0,76,0,0,0,0,0,0,0,0,0,0,0,0,0,0,0,0,0,0,0,0,10974,1308,1045,76,2.5,0,0,0,15.0,4.8,63.8,1.0,4.9,207.72,978.36,15.67,1.30,398.79,400.06,0.00,767,17,0.2,0.2,0,0,0.0,0.0,0,34.0,0.000,
14.10.2025,11:54:38.638,24372,45044,35.1,18490,46830,28.3,0.0,1.077,1.076,1.079,1.073,1.075,1.075,1.076,1.077,1.073,1.078,1.080,1.080,1.080,1.251,3757.5,3990.2,3990.2,3990.2,3990.2,3990.2,3990.2,3990.2,3990.2,3291.9,3291.9,3291.9,3291.9,99.8,3591.2,4034.7,4174.0,4184.2,4193.1,4194.9,4198.2,4193.6,4197.1,4198.3,4195.7,4196.7,4199.3,4198.6,4200.5,4199.8,4193.7,4201.2,3380.6,3398.2,3398.3,3398.9,4105.4,100.0,100.0,99.9,99.9,100.0,100.0,99.9,100.0,100.0,100.0,99.9,100.0,99.9,100.0,100.0,100.0,100.0,99.9,100.0,100.0,100.0,100.0,100.0,100.0,112.7,117.0,116.9,117.0,117.1,117.1,117.0,117.1,117.1,117.1,117.1,117.1,117.1,117.1,117.1,117.2,117.2,95.0,95.1,95.0,95.1,112.7,37.7,40.0,40.0,40.0,40.0,40.0,40.0,40.0,40.0,33.0,33.0,33.0,33.0,36.0,82,85,81,87,87,87,88,82,89,76,76,76,76,18,15,19,13,13,13,12,18,11,24,24,24,24,90,89,Yes,No,No,No,No,Yes,Yes,No,Yes,No,No,No,No,No,No,No,No,No,No,No,No,No,No,No,No,No,No,No,No,No,No,No,No,No,No,No,No,No,No,Yes,No,No,90,90,39,0.000,0.000,0.000,0.000,0.000,0.000,0.000,1.250,118.947,142.132,130.137,10.012,0.964,150.0,175.0,128.000,0.0,99.6,99.3,99.5,99.7,99.7,99.8,99.7,99.8,99.8,99.7,99.7,99.8,99.8,99.8,99.8,99.6,99.8,99.0,99.5,99.5,99.5,0.0,0.0,0.0,0.0,0.0,0.0,0.0,0.0,0.0,0.0,0.0,0.0,0.0,0.0,0.0,0.0,0.0,0.0,0.0,0.0,0.0,0.0,0.0,0.0,0.0,0.0,0.0,0.0,0.0,0.0,0.0,0.0,0.0,0.0,0.0,2793.2,28.00,36,36,36,76,112,447,2,2,Yes,No,Yes,No,No,No,No,No,No,No,No,No,No,No,No,No,No,No,No,No,No,No,No,No,No,No,No,Yes,No,Yes,No,No,No,No,No,Yes,No,No,29,40,29,89,78,43,1.137,5.040,3.424,3.328,12.192,2.024,0.736,3.424,3.200,1.072,1.264,1.648,1.064,1.000,1.000,0.944,1.824,1797,1997,3488,43.0,39.0,35.0,1.295,71.000,34.5,1.245,1.260,1.800,1.800,1.110,4.970,2.875,No,No,No,1.245,1.260,1.800,1.800,1.110,5.040,2.500,No,No,No,54,54,65,100.0,100.0,No,No,14698,23903,30,30,No,No,1299,631,2.6,0.1,2.7,4.757,0.621,15677,37982,0.0,0.0,0.0,0.000,0.000,0,28.7,32.0,31.7,84.0,0.910,12.163,12.151,12.167,12.171,0,0,11.010,5.762,9.975,10.525,3.870,0.550,7.632,7.781,210.0,50.6,1185.0,42.6,1290.0,0.0,31.0,0.0,0.0,10.6,0.0,0.1,0.0,0.0,0.0,0.0,0,0,Yes,No,No,No,No,Yes,No,5.3,8.7,3,0,0,0,0,0,0,0,0,76,0,0,0,0,0,0,0,0,0,0,0,0,0,0,0,0,0,0,0,0,10974,1308,1045,76,2.5,0,0,0,15.0,4.6,109.8,1.0,4.6,219.64,979.42,9.11,1.46,331.90,333.34,0.00,767,17,0.1,0.1,0,0,0.0,0.0,0,34.0,0.000,
14.10.2025,11:54:40.625,24371,45045,35.1,18499,46822,28.3,0.0,1.095,1.076,1.087,1.089,1.094,1.123,1.091,1.097,1.098,1.098,1.098,1.098,1.093,1.251,3915.4,4090.0,4090.0,4189.8,4189.8,4289.5,4189.8,4189.8,4189.8,3391.7,3391.7,3391.7,3391.7,99.8,3591.2,3970.2,4108.6,4117.4,4120.5,4123.8,4126.9,4129.3,4128.0,4127.6,4124.8,4128.0,4128.3,4129.4,4129.9,4130.6,4124.2,4128.6,3335.3,3354.2,3354.1,3354.4,4038.6,99.9,99.9,99.9,99.9,99.9,99.9,100.0,99.9,99.9,99.9,100.0,99.9,100.0,100.0,100.0,100.0,99.9,99.9,100.0,99.9,99.9,100.0,99.9,100.0,110.9,115.1,115.1,115.0,115.1,115.1,115.2,115.1,115.1,115.1,115.1,115.1,115.1,115.1,115.2,115.2,115.1,93.8,93.8,93.8,93.8,110.9,39.2,41.0,41.0,42.0,42.0,43.0,42.0,42.0,42.0,34.0,34.0,34.0,34.0,36.0,83,84,82,88,88,89,88,81,89,77,77,77,77,17,16,18,12,12,11,12,19,11,23,23,23,23,90,89,Yes,No,No,No,No,No,No,No,Yes,No,No,No,No,No,No,No,No,No,No,No,No,No,No,No,No,No,No,No,No,No,No,No,No,No,No,No,No,No,No,Yes,No,No,91,91,39,0.000,0.000,0.000,0.000,0.000,0.000,0.000,1.250,104.673,135.800,123.905,9.956,0.916,150.0,175.0,104.000,0.0,99.6,99.4,99.6,99.6,99.7,99.7,99.8,99.8,99.7,99.7,99.8,99.8,99.8,99.8,99.8,99.6,99.7,98.9,99.5,99.5,99.5,0.0,0.0,0.0,0.0,0.0,0.0,0.0,0.0,0.0,0.1,0.0,0.1,0.0,0.0,0.0,0.0,0.0,0.0,0.0,0.0,0.0,0.0,0.0,0.0,0.0,0.0,0.0,0.0,0.0,0.0,0.0,0.0,0.0,0.0,0.0,2793.2,28.00,36,36,36,76,112,447,2,2,Yes,No,Yes,No,No,No,No,No,No,No,No,No,No,No,No,No,No,No,No,No,No,No,No,No,No,No,No,Yes,No,Yes,No,No,No,No,No,Yes,No,No,29,41,29,89,78,43,1.128,5.040,3.424,3.328,12.192,2.024,0.736,3.424,3.184,1.072,1.264,1.648,1.064,1.000,1.000,0.944,1.824,1797,1991,3506,42.0,39.0,35.0,1.155,66.000,34.5,1.260,1.260,1.800,1.800,1.110,4.970,1.750,No,No,No,1.260,1.260,1.800,1.800,1.110,4.970,1.500,No,No,No,54,54,65,100.0,100.0,No,No,14698,23903,30,30,No,No,1299,631,2.7,0.0,2.7,5.834,0.310,15688,37983,0.0,0.0,0.0,0.000,0.000,0,28.7,32.0,31.7,84.0,0.910,12.165,12.154,12.168,12.172,0,0,10.975,5.905,10.898,11.073,3.810,0.178,7.605,7.770,210.0,50.6,1185.0,40.8,1290.0,0.0,30.0,0.0,0.0,10.6,0.0,0.1,0.0,0.0,0.0,0.0,0,0,Yes,No,No,No,No,Yes,No,5.5,8.5,3,0,0,0,0,0,0,0,0,76,0,0,0,0,0,0,0,0,0,0,0,0,0,0,0,0,0,0,0,0,10974,1308,1045,76,2.5,0,0,0,15.0,4.3,123.6,1.0,4.3,234.27,995.48,8.09,1.44,398.55,399.98,0.00,767,17,0.1,0.0,0,0,0.0,0.0,0,34.2,0.000,
14.10.2025,11:54:42.631,24365,45051,35.1,18495,46825,28.3,0.0,1.085,1.068,1.072,1.096,1.098,1.103,1.103,1.103,1.091,1.073,1.073,1.073,1.073,1.251,3832.3,4090.0,3990.2,3990.2,4090.0,4189.8,4189.8,4189.8,4090.0,3291.9,3291.9,3291.9,3291.9,99.8,3591.2,3919.8,4056.9,4066.8,4070.6,4069.6,4072.3,4074.3,4072.9,4071.2,4067.9,4073.4,4071.4,4070.9,4071.9,4074.1,4065.8,4073.9,3301.7,3322.5,3324.0,3324.7,3986.0,99.9,100.0,100.0,100.0,100.0,99.9,100.0,100.0,99.9,99.9,100.0,99.9,99.9,99.9,100.0,99.9,99.9,99.8,99.9,99.9,99.9,100.0,99.9,100.0,109.5,113.6,113.6,113.6,113.6,113.6,113.7,113.6,113.6,113.6,113.7,113.6,113.6,113.6,113.7,113.6,113.6,92.9,93.0,93.0,93.0,109.5,38.4,41.0,40.0,40.0,41.0,42.0,42.0,42.0,41.0,33.0,33.0,33.0,33.0,36.0,83,86,84,84,87,87,84,83,89,78,78,78,78,17,14,16,16,13,13,16,17,11,22,22,22,22,90,89,Yes,No,No,Yes,No,Yes,Yes,No,No,No,No,No,No,No,No,No,No,No,No,No,No,No,No,No,No,No,No,No,No,No,No,No,No,No,No,No,No,No,No,Yes,No,No,91,90,39,0.000,0.000,0.000,0.000,0.000,0.000,0.000,1.250,99.916,131.109,119.056,10.078,0.947,150.0,175.0,112.000,0.0,99.6,99.4,99.6,99.7,99.7,99.7,99.8,99.8,99.7,99.6,99.7,99.7,99.7,99.7,99.8,99.6,99.8,98.8,99.4,99.4,99.5,0.0,0.0,0.0,0.0,0.0,0.0,0.0,0.0,0.0,0.1,0.1,0.1,0.0,0.0,0.0,0.0,0.0,0.0,0.0,0.0,0.0,0.0,0.0,0.0,0.0,0.0,0.0,0.0,0.0,0.0,0.0,0.0,0.0,0.0,0.0,2793.2,28.00,36,36,36,76,112,447,2,2,Yes,No,Yes,No,No,No,No,No,No,No,No,No,No,No,No,No,No,No,No,No,No,No,No,No,No,No,No,Yes,No,Yes,No,No,No,No,No,Yes,No,No,29,41,29,89,78,43,1.154,5.040,3.424,3.328,12.192,2.024,0.736,3.424,3.200,1.072,1.264,1.648,1.064,1.000,1.000,0.944,1.824,1797,1985,3515,43.0,39.0,36.0,1.200,59.000,34.5,1.260,1.260,1.800,1.800,1.110,4.970,1.750,No,No,No,1.260,1.260,1.800,1.800,1.110,4.970,1.375,No,No,No,53,53,65,100.0,100.0,No,No,14698,23903,30,30,No,No,1299,631,2.5,5.8,8.4,2.990,1.056,15694,37985,0.0,0.0,0.0,0.000,0.000,0,28.6,32.0,31.6,84.0,0.910,12.163,12.152,12.167,12.171,0,0,11.227,5.802,10.503,10.719,3.724,0.223,7.678,7.767,210.0,50.6,1185.0,46.3,1290.0,0.0,35.0,0.0,0.0,10.6,0.0,0.2,0.0,0.0,0.0,0.0,0,0,Yes,No,No,No,No,Yes,No,5.4,7.3,3,0,0,0,0,0,0,0,0,76,0,0,0,0,0,0,0,0,0,0,0,0,0,0,0,0,0,0,0,0,10974,1308,1045,75,2.5,0,0,0,15.0,4.1,184.8,1.0,4.2,243.68,972.31,5.41,1.43,331.89,333.35,0.00,767,17,2.2,1.2,0,0,0.0,0.0,0,34.2,0.000,
14.10.2025,11:54:44.630,24369,45047,35.1,18497,46824,28.3,0.0,1.098,1.098,1.083,1.120,1.092,1.100,1.100,1.055,1.176,1.089,1.088,1.088,1.088,1.251,3799.0,4090.0,3990.2,4090.0,4090.0,3990.2,3990.2,3890.5,4289.5,3291.9,3291.9,3291.9,3291.9,99.8,3591.2,3883.4,4012.1,4021.4,4030.8,4031.7,4032.0,4032.0,4034.7,4035.0,4031.6,4034.0,4032.4,4031.3,4033.7,4034.7,4024.6,4031.1,3285.0,3299.7,3299.8,3300.8,3948.2,100.0,99.9,99.9,100.0,100.0,99.9,99.9,100.0,100.0,100.0,100.0,99.9,99.9,100.0,100.0,99.9,99.9,100.0,100.0,100.0,100.0,100.0,100.0,100.0,108.5,112.4,112.4,112.5,112.5,112.5,112.5,112.5,112.5,112.6,112.6,112.5,112.5,112.6,112.6,112.5,112.5,92.4,92.4,92.4,92.4,108.5,38.1,41.0,40.0,41.0,41.0,40.0,40.0,39.0,43.0,33.0,33.0,33.0,33.0,36.0,83,85,84,88,87,87,88,81,86,78,78,78,78,17,15,16,12,13,13,12,19,14,22,22,22,22,90,88,Yes,No,No,Yes,No,No,No,No,Yes,No,No,No,No,No,No,No,No,No,No,No,No,No,No,No,No,No,No,No,No,No,No,No,No,No,No,No,No,No,No,Yes,No,No,90,90,39,0.000,0.000,0.000,0.000,0.000,0.000,0.000,1.250,104.673,128.106,116.093,10.071,0.920,150.0,175.0,112.000,0.0,99.6,99.3,99.5,99.7,99.7,99.7,99.7,99.8,99.8,99.7,99.8,99.7,99.7,99.8,99.8,99.6,99.7,99.0,99.5,99.5,99.5,0.0,0.0,0.0,0.0,0.0,0.0,0.0,0.0,0.0,0.0,0.0,0.0,0.0,0.0,0.0,0.0,0.0,0.0,0.0,0.0,0.0,0.0,0.0,0.0,0.0,0.0,0.0,0.0,0.0,0.0,0.0,0.0,0.0,0.0,0.0,2793.2,28.00,36,36,36,76,112,447,2,2,Yes,No,Yes,No,No,No,No,No,No,No,No,No,No,No,No,No,No,No,No,No,No,No,No,No,No,No,No,Yes,No,Yes,No,No,No,No,No,Yes,No,No,29,41,29,89,78,42,1.092,5.040,3.424,3.328,12.192,2.024,0.736,3.424,3.200,1.072,1.264,1.648,1.064,1.000,1.000,0.944,1.824,1797,1994,3515,43.0,39.0,36.0,1.125,61.000,34.8,1.260,1.260,1.800,1.800,1.110,4.970,1.250,No,No,No,1.260,1.260,1.815,1.800,1.110,4.970,1.500,No,No,No,53,53,65,100.0,100.0,No,No,14698,23903,30,30,No,No,1299,631,2.0,1.6,3.6,1.956,13.386,15698,38011,0.0,0.0,0.0,0.000,0.000,0,28.5,32.0,31.5,84.0,0.910,12.167,12.157,12.170,12.173,0,0,10.991,5.869,10.781,10.953,3.774,0.182,7.623,7.768,210.0,50.6,1185.0,42.1,1290.0,0.0,26.0,0.0,0.0,10.6,0.0,0.1,0.0,0.0,0.0,0.0,0,0,Yes,No,No,No,No,Yes,No,5.5,8.5,3,0,0,0,0,0,0,0,0,76,0,0,0,0,0,0,0,0,0,0,0,0,0,0,0,0,0,0,0,0,10974,1308,1045,75,2.5,0,0,0,15.0,4.0,64.0,1.0,4.0,252.18,972.55,15.62,1.92,331.42,333.32,0.00,767,17,1.1,0.1,0,0,0.0,0.0,0,34.5,0.000,
14.10.2025,11:54:46.628,24392,45024,35.1,18507,46814,28.3,0.0,1.101,1.095,1.119,1.102,1.104,1.104,1.104,1.104,1.103,1.103,1.103,1.086,1.086,1.251,3840.6,4090.0,4090.0,4090.0,4090.0,4090.0,4090.0,4090.0,4090.0,3391.7,3391.7,3291.9,3291.9,99.8,3591.2,3870.3,3999.7,4010.8,4014.8,4015.1,4018.1,4017.8,4018.4,4019.8,4017.7,4019.0,4017.8,4017.5,4021.7,4019.8,4010.9,4017.7,3278.2,3288.0,3290.8,3291.6,3934.6,99.9,100.0,100.0,99.9,99.9,99.9,99.9,99.9,100.0,100.0,99.9,99.9,99.9,100.0,100.0,99.9,99.9,100.0,100.0,100.0,100.0,100.0,99.9,100.0,108.1,112.1,112.1,112.1,112.1,112.1,112.1,112.1,112.1,112.1,112.1,112.1,112.1,112.1,112.1,112.1,112.1,92.1,92.1,92.1,92.1,108.1,38.5,41.0,41.0,41.0,41.0,41.0,41.0,41.0,41.0,34.0,34.0,33.0,33.0,36.0,82,83,81,90,84,87,85,81,87,76,76,75,75,18,17,19,10,16,13,15,19,13,24,24,25,25,88,90,Yes,No,No,Yes,No,No,No,No,No,No,No,No,No,No,No,No,No,No,No,No,No,No,No,No,No,No,No,No,No,No,No,No,No,No,No,No,No,No,No,No,No,No,88,88,39,0.000,0.000,0.000,0.000,0.000,0.000,0.000,1.250,90.400,125.942,113.953,10.048,0.911,150.0,175.0,104.000,0.0,99.6,99.3,99.6,99.7,99.7,99.7,99.7,99.7,99.8,99.7,99.7,99.7,99.7,99.8,99.8,99.6,99.7,99.1,99.4,99.5,99.5,0.0,0.0,0.0,0.0,0.0,0.0,0.0,0.0,0.0,0.0,0.0,0.0,0.0,0.0,0.0,0.0,0.0,0.0,0.0,0.0,0.0,0.0,0.0,0.0,0.0,0.0,0.0,0.0,0.0,0.0,0.0,0.0,0.0,0.0,0.0,2793.2,28.00,36,36,36,76,112,447,2,2,Yes,No,Yes,No,No,No,No,No,No,No,No,No,No,No,No,No,No,No,No,No,No,No,No,No,No,No,No,Yes,No,Yes,No,No,No,No,No,Yes,No,No,29,41,29,89,78,43,1.128,5.080,3.424,3.328,12.192,2.024,0.728,3.424,3.200,1.072,1.264,1.648,1.064,1.000,1.000,0.944,1.824,1804,1994,3515,43.0,39.0,36.0,1.170,69.000,34.8,1.260,1.260,1.800,1.800,1.110,4.970,2.750,No,No,No,1.260,1.260,1.800,1.815,1.110,4.970,2.000,No,No,No,53,53,64,100.0,100.0,No,No,14698,23903,30,30,No,No,1299,631,1.2,1.6,2.8,2.803,15.168,15703,38038,0.0,0.0,0.0,0.000,0.000,0,28.5,30.0,31.5,84.0,0.910,12.164,12.152,12.167,12.172,0,0,11.269,5.816,10.581,10.804,3.749,0.234,7.590,7.757,210.0,50.6,1185.0,45.9,1290.0,0.0,10.0,0.0,0.0,10.6,0.1,0.3,0.0,0.0,0.0,0.0,0,0,Yes,No,No,No,No,Yes,No,5.4,8.8,3,0,0,0,0,0,0,0,0,76,0,0,0,0,0,0,0,0,0,0,0,0,0,0,0,0,0,0,0,0,10974,1308,1045,71,2.5,0,0,0,15.0,3.9,60.6,1.0,4.0,255.85,984.32,16.51,1.96,286.29,288.03,0.00,767,17,0.0,0.0,0,0,0.0,0.0,0,34.5,0.000,
14.10.2025,11:54:48.629,24393,45023,35.1,18498,46822,28.3,0.0,1.080,1.077,1.102,1.135,1.134,1.082,1.122,1.094,1.082,1.037,1.034,1.034,1.034,1.251,3815.7,4090.0,4090.0,4289.5,4289.5,4090.0,4090.0,4090.0,3990.2,3192.2,3192.2,3192.2,3192.2,99.8,3591.2,3785.6,3905.5,3915.6,3920.7,3924.7,3926.8,3927.3,3927.9,3928.8,3927.2,3926.2,3927.1,3928.6,3929.5,3930.2,3921.7,3928.3,3217.0,3230.9,3233.9,3234.2,3846.9,100.0,100.0,100.0,99.9,100.0,100.0,100.0,100.0,100.0,100.0,100.0,99.9,100.0,100.0,100.0,100.0,100.0,100.0,100.0,100.0,100.0,100.0,100.0,100.0,105.6,109.4,109.4,109.4,109.5,109.5,109.5,109.5,109.5,109.5,109.5,109.4,109.5,109.5,109.5,109.5,109.5,90.4,90.4,90.4,90.4,105.6,38.2,41.0,41.0,43.0,43.0,41.0,41.0,41.0,40.0,32.0,32.0,32.0,32.0,36.0,84,85,83,91,89,87,87,80,90,78,78,77,77,16,15,17,9,11,13,13,20,10,22,22,23,23,91,91,Yes,No,No,Yes,Yes,Yes,Yes,No,Yes,No,No,No,No,No,No,No,No,No,No,No,No,No,No,No,No,No,No,No,No,No,No,No,No,No,No,No,No,No,No,Yes,No,No,91,91,39,0.000,0.000,0.000,0.000,0.000,0.000,0.000,1.250,91.986,124.099,112.093,10.067,0.915,150.0,175.0,96.000,0.0,99.7,99.4,99.6,99.7,99.7,99.8,99.8,99.8,99.8,99.8,99.7,99.8,99.8,99.8,99.8,99.6,99.8,99.0,99.5,99.5,99.6,0.0,0.0,0.0,0.0,0.0,0.0,0.0,0.0,0.0,0.0,0.0,0.0,0.0,0.0,0.0,0.0,0.0,0.0,0.0,0.0,0.0,0.0,0.0,0.0,0.0,0.0,0.0,0.0,0.0,0.0,0.0,0.0,0.0,0.0,0.0,2793.2,28.00,36,36,36,76,112,447,2,2,Yes,No,Yes,No,No,No,No,No,No,No,No,No,No,No,No,No,No,No,No,No,No,No,No,No,No,No,No,Yes,No,Yes,No,No,No,No,No,Yes,No,No,29,41,29,89,79,43,1.110,5.040,3.424,3.328,12.192,2.024,0.728,3.424,3.200,1.072,1.264,1.648,1.064,1.000,1.000,0.944,1.824,1800,2005,3515,43.0,39.0,36.0,1.145,50.000,34.8,1.260,1.260,1.800,1.800,1.125,4.970,2.625,No,No,No,1.260,1.260,1.800,1.800,1.185,4.970,2.125,No,No,No,53,53,63,100.0,100.0,No,No,14698,23903,30,30,No,No,1299,631,0.1,0.6,0.6,0.053,4.696,15703,38047,0.0,0.0,0.0,0.000,0.000,0,28.4,30.0,31.4,84.0,0.910,12.165,12.153,12.170,12.173,0,0,10.985,5.799,10.106,10.636,3.895,0.535,7.663,7.757,210.0,50.6,1185.0,45.7,1290.0,0.0,10.0,0.0,0.0,10.6,0.0,0.1,0.0,0.0,0.0,0.0,0,0,Yes,No,No,No,No,Yes,No,5.3,8.3,3,0,0,0,0,0,0,0,0,76,0,0,0,0,0,0,0,0,0,0,0,0,0,0,0,0,0,0,0,0,10974,1308,1045,71,2.5,0,0,0,15.0,3.8,61.7,1.0,3.9,262.95,964.83,16.21,1.55,328.85,330.65,0.00,767,17,0.1,0.1,0,0,0.0,0.0,0,34.5,0.000,
14.10.2025,11:54:50.637,24388,45028,35.1,18497,46823,28.3,0.0,1.106,1.020,1.057,1.032,1.080,1.117,1.121,1.117,1.081,1.147,1.148,1.173,1.173,1.251,3832.3,3790.7,3890.5,3790.7,3990.2,4090.0,4189.8,4090.0,3990.2,3491.5,3491.5,3591.2,3591.2,99.8,3391.7,3795.7,3925.4,3935.2,3936.7,3937.3,3937.9,3938.2,3933.6,3936.3,3934.0,3938.3,3938.9,3939.9,3940.7,3940.4,3933.3,3941.5,3220.7,3233.3,3236.0,3237.4,3857.9,99.9,100.0,100.0,99.9,99.9,99.9,99.9,99.9,99.9,100.0,100.0,100.0,99.9,100.0,100.0,100.0,99.9,99.9,99.9,100.0,100.0,100.0,99.9,100.0,106.1,110.0,110.0,109.9,110.0,110.0,110.0,109.9,110.0,110.0,110.0,110.0,110.0,110.0,110.0,110.0,110.0,90.6,90.6,90.7,90.7,106.1,38.4,38.0,39.0,38.0,40.0,41.0,42.0,41.0,40.0,35.0,35.0,36.0,36.0,34.0,82,86,83,90,88,84,83,80,86,78,78,76,76,18,14,17,10,12,16,17,20,14,22,22,24,24,90,90,Yes,No,No,Yes,No,No,No,No,No,No,No,No,No,No,No,No,No,No,No,No,No,No,No,No,No,No,No,No,No,No,No,No,No,No,No,No,No,No,No,Yes,No,No,88,88,39,0.000,0.000,0.000,0.000,0.000,0.000,0.000,1.250,96.744,120.087,108.339,9.867,0.851,150.0,175.0,104.000,0.0,99.6,99.3,99.6,99.6,99.7,99.7,99.7,99.7,99.7,99.6,99.7,99.7,99.8,99.8,99.8,99.6,99.7,98.9,99.3,99.4,99.4,0.0,0.0,0.0,0.0,0.0,0.0,0.0,0.0,0.0,0.0,0.1,0.0,0.0,0.0,0.0,0.0,0.0,0.0,0.0,0.0,0.0,0.0,0.0,0.0,0.0,0.0,0.0,0.0,0.0,0.0,0.0,0.0,0.0,0.0,0.0,2793.2,28.00,36,36,36,76,112,447,2,2,Yes,No,Yes,No,No,No,No,No,No,No,No,No,No,No,No,No,No,No,No,No,No,No,No,No,No,No,No,Yes,No,Yes,No,No,No,No,No,No,No,No,29,41,29,89,78,43,1.110,5.040,3.424,3.328,12.192,2.024,0.728,3.424,3.200,1.072,1.280,1.648,1.064,1.000,1.000,0.944,1.824,1804,1997,3470,43.0,40.0,36.0,1.140,61.000,34.8,1.260,1.260,1.800,1.800,1.125,4.970,1.375,No,No,No,1.260,1.260,1.800,1.800,1.125,4.970,2.125,No,No,No,53,53,63,100.0,100.0,No,No,14698,23903,30,30,No,No,1299,631,6.0,0.4,6.4,7.882,2.865,15719,38053,0.0,0.0,0.0,0.000,0.000,0,28.3,32.0,31.3,84.0,0.910,12.164,12.152,12.167,12.172,0,0,11.004,5.846,10.612,10.877,3.798,0.269,7.622,7.745,210.0,50.6,1185.0,43.6,1290.0,0.0,1.0,0.0,0.0,10.6,0.0,0.2,0.0,0.0,0.0,0.0,0,0,Yes,No,No,No,No,Yes,No,5.4,8.1,3,0,0,0,0,0,0,0,0,76,0,0,0,0,0,0,0,0,0,0,0,0,0,0,0,0,0,0,0,0,10974,1308,1045,71,2.5,0,0,0,15.0,3.7,82.7,1.0,3.8,269.61,978.02,12.09,1.27,331.92,333.25,0.00,767,17,0.1,0.1,0,0,0.0,0.0,0,34.5,0.000,
14.10.2025,11:54:52.635,24388,45028,35.1,18503,46817,28.3,0.0,1.062,1.057,1.032,1.041,1.063,1.064,1.063,1.077,1.108,1.073,1.054,1.054,1.054,1.251,3666.0,3890.5,3790.7,3790.7,3890.5,3890.5,3890.5,3990.2,3990.2,3291.9,3192.2,3192.2,3192.2,99.8,3491.5,3801.6,3927.1,3933.3,3943.5,3942.9,3945.4,3947.5,3947.2,3946.4,3941.0,3945.3,3941.8,3945.2,3946.9,3946.8,3938.7,3943.1,3224.1,3242.0,3241.5,3243.1,3863.8,100.0,99.9,100.0,100.0,100.0,100.0,100.0,100.0,100.0,99.9,99.9,99.9,100.0,100.0,100.0,100.0,100.0,99.9,100.0,99.9,100.0,100.0,100.0,100.0,106.2,110.0,110.0,110.1,110.1,110.1,110.1,110.1,110.1,110.1,110.1,110.0,110.1,110.1,110.1,110.1,110.1,90.8,90.8,90.8,90.9,106.2,36.8,39.0,38.0,38.0,39.0,39.0,39.0,40.0,40.0,33.0,32.0,32.0,32.0,35.0,84,85,84,90,85,88,87,84,87,81,79,79,79,16,15,16,10,15,12,13,16,13,19,21,21,21,90,90,Yes,No,No,Yes,No,No,No,No,Yes,No,No,No,No,No,No,No,No,No,No,No,No,No,No,No,No,No,No,No,No,No,No,No,No,No,No,No,No,No,No,Yes,No,No,90,90,40,0.000,0.000,0.000,0.000,0.000,0.000,0.000,1.250,96.744,119.190,107.032,10.178,0.953,150.0,175.0,104.000,0.0,99.6,99.3,99.5,99.7,99.7,99.7,99.8,99.8,99.7,99.6,99.7,99.7,99.8,99.8,99.8,99.6,99.8,98.9,99.4,99.4,99.5,0.0,0.0,0.0,0.0,0.0,0.0,0.0,0.0,0.0,0.1,0.0,0.1,0.0,0.0,0.0,0.0,0.0,0.0,0.0,0.0,0.0,0.0,0.0,0.0,0.0,0.0,0.0,0.0,0.0,0.0,0.0,0.0,0.0,0.0,0.0,2793.2,28.00,36,36,36,76,112,447,2,2,Yes,No,Yes,No,No,No,No,No,No,No,No,No,No,No,No,No,No,No,No,No,No,No,No,No,No,No,No,Yes,No,Yes,No,No,No,No,No,No,No,No,29,41,29,89,78,43,1.137,5.080,3.424,3.328,12.192,2.024,0.728,3.424,3.200,1.072,1.264,1.648,1.064,1.000,1.000,0.944,1.824,1802,1973,3470,42.0,40.0,36.0,1.085,56.000,35.0,1.260,1.260,1.800,1.800,1.125,4.970,1.250,No,No,No,1.260,1.260,1.800,1.800,1.125,4.970,0.875,No,No,No,53,53,64,100.0,100.0,No,No,14698,23903,30,30,No,No,1299,631,1.7,0.1,1.7,3.872,0.407,15726,38054,0.0,0.0,0.0,0.000,0.000,0,28.3,30.0,31.2,84.0,0.910,12.165,12.154,12.167,12.173,0,0,11.243,5.769,10.374,10.659,3.737,0.285,7.582,7.746,210.0,50.6,1185.0,51.9,1290.0,0.0,10.0,0.0,0.0,10.6,0.0,0.2,0.0,0.0,0.0,0.0,0,0,Yes,No,No,No,No,Yes,No,5.3,8.3,3,0,0,0,0,0,0,0,0,76,0,0,0,0,0,0,0,0,0,0,0,0,0,0,0,0,0,0,0,0,10974,1308,1045,71,2.5,0,0,0,15.0,3.6,63.0,1.0,3.6,280.27,1008.27,15.87,1.70,398.50,400.15,0.00,767,17,0.4,0.3,0,0,0.0,0.0,0,34.8,0.000,
14.10.2025,11:54:54.630,24380,45037,35.1,18490,46830,28.3,0.0,1.142,1.099,1.085,1.103,1.090,1.117,1.115,1.179,1.183,1.183,1.182,1.182,1.182,1.251,3981.9,4090.0,4090.0,4090.0,4090.0,4090.0,4189.8,4389.3,4389.3,3591.2,3591.2,3591.2,3591.2,99.8,3591.2,3750.3,3867.9,3877.3,3885.0,3885.7,3886.6,3888.6,3889.4,3887.1,3884.8,3888.7,3886.7,3890.4,3893.4,3892.7,3885.1,3891.2,3192.7,3208.7,3211.5,3212.0,3810.1,100.0,100.0,100.0,100.0,100.0,99.9,100.0,100.0,99.9,100.0,100.0,99.9,100.0,100.0,100.0,99.9,99.9,99.9,99.9,99.9,100.0,100.0,100.0,100.0,104.7,108.4,108.4,108.4,108.4,108.4,108.4,108.4,108.4,108.4,108.4,108.3,108.4,108.4,108.4,108.4,108.4,89.7,89.7,89.7,89.8,104.7,39.9,41.0,41.0,41.0,41.0,41.0,42.0,44.0,44.0,36.0,36.0,36.0,36.0,36.0,83,83,83,88,89,84,87,84,87,78,78,78,78,17,17,17,12,11,16,13,16,13,22,22,22,22,90,89,Yes,No,No,Yes,No,Yes,Yes,No,No,No,No,No,No,No,No,No,No,No,No,No,No,No,No,No,No,No,No,No,No,No,No,No,No,No,No,No,No,No,No,Yes,No,No,90,90,40,0.000,0.000,0.000,0.000,0.000,0.000,0.000,1.250,80.884,119.254,106.980,10.256,0.993,150.0,175.0,96.000,0.0,99.6,99.4,99.6,99.7,99.7,99.7,99.8,99.8,99.7,99.7,99.8,99.7,99.8,99.8,99.8,99.5,99.7,98.9,99.4,99.4,99.5,0.0,0.0,0.0,0.0,0.0,0.0,0.0,0.0,0.0,0.0,0.0,0.1,0.0,0.0,0.0,0.0,0.0,0.0,0.0,0.0,0.0,0.0,0.0,0.0,0.0,0.0,0.0,0.0,0.0,0.0,0.0,0.0,0.0,0.0,0.0,2793.2,28.00,36,36,36,76,112,447,2,2,Yes,No,Yes,No,No,No,No,No,No,No,No,No,No,No,No,No,No,No,No,No,No,No,No,No,No,No,No,Yes,No,Yes,No,No,No,No,No,Yes,No,No,29,41,29,89,79,42,1.092,5.040,3.424,3.328,12.192,2.024,0.728,3.424,3.200,1.072,1.264,1.648,1.064,1.000,1.000,0.944,1.824,1802,1997,3409,43.0,40.0,36.0,1.150,56.000,35.0,1.260,1.260,1.800,1.800,1.125,4.970,1.750,No,No,No,1.260,1.260,1.800,1.800,1.125,4.970,3.000,No,No,No,52,52,63,100.0,100.0,No,No,14698,23903,30,30,No,No,1299,631,1.1,0.5,1.6,2.604,1.621,15731,38057,0.0,0.0,0.0,0.000,0.000,0,28.3,30.0,31.2,84.0,0.910,12.165,12.154,12.168,12.173,0,0,11.057,5.843,10.689,10.878,3.749,0.190,7.654,7.740,210.0,50.6,1185.0,51.9,1290.0,0.0,29.0,0.0,0.0,10.6,0.0,0.2,0.0,0.0,0.0,0.0,0,0,Yes,No,No,No,No,Yes,No,5.4,8.3,3,0,0,0,0,0,0,0,0,76,0,0,0,0,0,0,0,0,0,0,0,0,0,0,0,0,0,0,0,0,10974,1308,1045,70,2.5,0,0,0,15.0,3.5,83.3,1.0,3.6,285.29,975.85,12.01,1.41,331.92,333.32,0.00,767,17,0.2,0.1,0,0,0.0,0.0,0,34.8,0.000,
14.10.2025,11:54:56.628,24382,45034,35.1,18495,46826,28.3,0.0,1.078,1.084,1.062,1.076,1.057,1.082,1.073,1.078,1.085,1.085,1.085,1.085,1.085,1.251,3765.8,4189.8,3990.2,3990.2,3890.5,3990.2,3990.2,3990.2,3990.2,3291.9,3291.9,3291.9,3291.9,99.8,3591.2,3763.6,3884.3,3896.0,3900.1,3902.3,3903.9,3905.1,3904.5,3903.3,3901.6,3904.4,3903.9,3904.2,3902.0,3901.9,3893.9,3900.1,3202.1,3218.2,3220.5,3219.1,3824.0,100.0,100.0,100.0,100.0,100.0,100.0,100.0,100.0,100.0,100.0,100.0,100.0,100.0,100.0,100.0,100.0,99.9,99.9,100.0,100.0,100.0,100.0,100.0,100.0,105.2,108.9,108.9,108.9,108.9,108.9,108.9,108.9,108.9,108.9,108.9,108.9,108.9,108.9,108.9,108.9,108.9,90.2,90.2,90.2,90.2,105.2,37.8,42.0,40.0,40.0,39.0,40.0,40.0,40.0,40.0,33.0,33.0,33.0,33.0,36.0,84,85,86,91,85,87,89,82,89,78,78,78,78,16,15,14,9,15,13,11,18,11,22,22,22,22,91,91,Yes,No,No,Yes,No,No,No,No,No,No,No,No,No,No,No,No,No,No,No,No,No,No,No,No,No,No,No,No,No,No,No,No,No,No,No,No,No,No,No,Yes,No,No,92,92,40,0.000,0.000,0.000,0.000,0.000,0.000,0.000,1.250,96.744,116.870,104.975,9.977,0.891,150.0,175.0,104.000,0.0,99.6,99.3,99.6,99.7,99.7,99.8,99.8,99.8,99.8,99.7,99.8,99.8,99.8,99.8,99.8,99.6,99.8,98.9,99.4,99.5,99.5,0.0,0.0,0.0,0.0,0.0,0.0,0.0,0.0,0.0,0.0,0.0,0.0,0.0,0.0,0.0,0.0,0.0,0.0,0.0,0.0,0.0,0.0,0.0,0.0,0.0,0.0,0.0,0.0,0.0,0.0,0.0,0.0,0.0,0.0,0.0,2793.2,28.00,36,36,36,76,112,447,2,2,Yes,No,Yes,No,No,No,No,No,No,No,No,No,No,No,No,No,No,No,No,No,No,No,No,No,No,No,No,Yes,No,Yes,No,No,No,No,No,Yes,No,No,29,41,29,89,79,43,1.066,5.040,3.424,3.328,12.192,2.024,0.728,3.424,3.200,1.072,1.264,1.648,1.064,1.000,1.000,0.944,1.824,1797,1979,3506,42.0,40.0,36.0,1.160,59.000,35.0,1.260,1.260,1.800,1.800,1.125,4.970,3.250,No,No,No,1.260,1.260,1.800,1.800,1.125,4.970,1.375,No,No,No,52,52,62,100.0,100.0,No,No,14698,23903,30,30,No,No,1299,631,1.6,0.0,1.7,3.272,0.423,15737,38058,0.0,0.0,0.0,0.000,0.000,0,28.2,30.0,31.1,84.0,0.910,12.164,12.154,12.167,12.172,0,0,11.137,5.795,10.650,10.767,3.676,0.124,7.614,7.732,210.0,50.6,1185.0,51.3,1290.0,0.0,14.0,0.0,0.0,10.6,0.0,0.1,0.0,0.0,0.0,0.0,0,0,Yes,No,No,No,No,Yes,No,5.4,8.2,3,0,0,0,0,0,0,0,0,76,0,0,0,0,0,0,0,0,0,0,0,0,0,0,0,0,0,0,0,0,10974,1308,1045,70,2.5,0,0,0,15.0,3.5,62.1,1.0,3.5,289.84,975.48,16.11,1.43,331.90,333.35,0.00,767,17,0.6,0.4,0,0,0.0,0.0,0,34.8,0.000,
14.10.2025,11:54:58.623,24386,45030,35.1,18501,46819,28.3,0.0,1.033,1.077,1.048,1.023,1.033,1.022,1.021,1.032,1.032,1.019,1.019,1.036,1.035,1.251,3599.5,3990.2,3890.5,3790.7,3790.7,3790.7,3790.7,3691.0,3691.0,3192.2,3192.2,3192.2,3192.2,99.8,3591.2,3770.2,3894.4,3904.4,3909.5,3910.2,3912.4,3912.5,3911.4,3911.9,3908.1,3911.7,3911.5,3909.5,3910.3,3910.1,3902.1,3909.9,3204.4,3219.9,3221.5,3218.1,3831.3,100.0,100.0,100.0,100.0,100.0,100.0,100.0,100.0,100.0,100.0,100.0,100.0,100.0,100.0,100.0,100.0,100.0,100.0,100.0,100.0,99.9,100.0,100.0,100.0,105.4,109.1,109.1,109.2,109.2,109.2,109.2,109.2,109.2,109.2,109.2,109.2,109.2,109.2,109.2,109.2,109.2,90.2,90.2,90.2,90.1,105.4,36.1,40.0,39.0,38.0,38.0,38.0,38.0,37.0,37.0,32.0,32.0,32.0,32.0,36.0,83,86,83,90,85,88,87,79,89,77,77,78,78,17,14,17,10,15,12,13,21,11,23,23,22,22,91,90,Yes,No,No,Yes,No,Yes,Yes,No,Yes,No,No,No,No,No,No,No,No,No,No,No,No,No,No,No,No,No,No,No,No,No,No,No,No,No,No,No,No,No,No,Yes,No,No,90,90,40,0.000,0.000,0.000,0.000,0.000,0.000,0.000,1.250,95.158,117.010,104.842,10.186,0.953,150.0,175.0,104.000,0.0,99.6,99.3,99.6,99.7,99.7,99.8,99.8,99.7,99.8,99.7,99.8,99.8,99.8,99.8,99.8,99.6,99.8,99.0,99.4,99.5,99.4,0.0,0.0,0.0,0.0,0.0,0.0,0.0,0.0,0.0,0.0,0.0,0.0,0.1,0.0,0.0,0.0,0.0,0.0,0.0,0.0,0.0,0.0,0.0,0.0,0.0,0.0,0.0,0.0,0.0,0.0,0.0,0.0,0.0,0.0,0.0,2793.2,28.00,36,36,36,76,112,447,2,2,Yes,No,Yes,No,No,No,No,No,No,No,No,No,No,No,No,No,No,No,No,No,No,No,No,No,No,No,No,Yes,No,Yes,No,No,No,No,No,Yes,No,No,29,41,29,89,78,43,1.074,5.040,3.424,3.328,12.192,2.024,0.728,3.424,3.200,1.072,1.264,1.648,1.064,1.000,1.000,0.936,1.824,1804,2000,3534,42.0,40.0,36.0,1.170,60.000,35.2,1.260,1.260,1.800,1.800,1.125,4.970,3.750,No,No,No,1.260,1.260,1.800,1.815,1.125,4.970,2.000,No,No,No,52,52,62,100.0,100.0,No,No,14698,23903,30,30,No,No,1299,631,1.5,0.2,1.6,1.745,0.926,15740,38060,0.0,0.0,0.0,0.000,0.000,0,28.2,32.0,31.1,84.0,0.910,12.163,12.150,12.167,12.172,0,0,11.096,5.739,10.289,10.561,3.713,0.282,7.619,7.709,210.0,50.6,1185.0,43.3,1290.0,0.0,5.0,0.0,0.0,10.6,0.0,0.2,0.0,0.0,0.0,0.0,0,0,Yes,No,No,No,No,Yes,No,5.3,8.0,3,0,0,0,0,0,0,0,0,76,0,0,0,0,0,0,0,0,0,0,0,0,0,0,0,0,0,0,0,0,10974,1308,1045,70,2.5,0,0,0,15.0,3.6,268.6,1.0,3.6,280.81,973.19,3.72,1.36,233.71,235.07,0.00,767,17,0.6,0.3,0,0,0.0,0.0,0,35.0,0.000,
14.10.2025,11:55:0.625,24381,45035,35.1,18487,46834,28.3,0.0,1.083,1.034,1.068,1.086,1.108,1.105,1.103,1.095,1.079,1.089,1.079,1.083,1.066,1.251,3774.1,3790.7,3890.5,3990.2,4090.0,4090.0,4090.0,4090.0,4090.0,3391.7,3291.9,3291.9,3192.2,99.8,3391.7,3744.4,3861.9,3870.6,3875.1,3876.3,3878.5,3879.3,3880.5,3880.4,3878.5,3880.9,3881.4,3884.0,3884.3,3883.6,3879.2,3886.5,3196.0,3208.3,3211.8,3210.4,3803.6,100.0,100.0,100.0,100.0,100.0,100.0,100.0,100.0,100.0,100.0,100.0,100.0,100.0,100.0,100.0,100.0,100.0,100.0,100.0,100.0,100.0,100.0,100.0,100.0,104.5,108.2,108.1,108.2,108.2,108.2,108.2,108.2,108.2,108.2,108.2,108.2,108.2,108.2,108.2,108.2,108.2,89.7,89.7,89.7,89.7,104.5,37.8,38.0,39.0,40.0,41.0,41.0,41.0,41.0,41.0,34.0,33.0,33.0,32.0,34.0,84,86,82,88,85,89,89,81,90,81,81,82,78,16,14,18,12,15,11,11,19,10,19,19,18,22,90,90,Yes,No,No,Yes,No,Yes,No,No,Yes,No,No,No,No,No,No,No,No,No,No,No,No,No,No,No,No,No,No,No,No,No,No,No,No,No,No,No,No,No,No,Yes,No,No,88,88,40,0.000,0.000,0.000,0.000,0.000,0.000,0.000,1.250,103.088,116.813,104.543,10.265,0.979,150.0,175.0,112.000,0.0,99.7,99.4,99.6,99.7,99.7,99.8,99.8,99.8,99.8,99.7,99.8,99.8,99.8,99.8,99.8,99.6,99.8,99.0,99.4,99.5,99.5,0.0,0.0,0.0,0.0,0.0,0.0,0.0,0.0,0.0,0.0,0.0,0.0,0.0,0.0,0.0,0.0,0.0,0.0,0.0,0.0,0.0,0.0,0.0,0.0,0.0,0.0,0.0,0.0,0.0,0.0,0.0,0.0,0.0,0.0,0.0,2793.2,28.00,36,36,36,76,112,447,2,2,Yes,No,Yes,No,No,No,No,No,No,No,No,No,No,No,No,No,No,No,No,No,No,No,No,No,No,No,No,Yes,No,Yes,No,No,No,No,No,No,No,No,29,41,29,89,78,43,1.057,5.040,3.424,3.328,12.192,2.024,0.720,3.424,3.200,1.072,1.264,1.648,1.064,1.000,1.000,0.936,1.824,1807,1982,3375,42.0,40.0,36.0,1.080,59.000,35.2,1.260,1.260,1.800,1.800,1.125,4.970,1.250,No,No,No,1.260,1.260,1.800,1.800,1.185,4.970,2.500,No,No,No,52,52,63,100.0,100.0,No,No,14698,23903,30,30,No,No,1299,631,0.5,0.0,0.5,0.954,0.334,15742,38060,0.0,0.0,0.0,0.000,0.000,0,28.1,32.0,31.1,84.0,0.910,12.162,12.149,12.166,12.171,0,0,10.923,5.785,10.652,10.743,3.651,0.097,7.644,7.708,210.0,50.6,1185.0,39.2,1290.0,0.0,20.0,0.0,0.0,10.6,0.0,0.1,0.0,0.0,0.0,0.0,0,0,Yes,No,No,No,No,Yes,No,5.4,8.4,3,0,0,0,0,0,0,0,0,76,0,0,0,0,0,0,0,0,0,0,0,0,0,0,0,0,0,0,0,0,10974,1308,1045,70,2.5,0,0,0,15.0,3.5,64.4,1.1,3.6,284.99,951.48,15.53,1.23,328.66,329.87,0.00,767,17,0.1,0.1,0,0,0.0,0.0,0,35.0,0.000,
14.10.2025,11:55:2.630,24492,44924,35.2,18535,46785,28.3,0.0,1.058,1.034,1.028,1.029,1.048,1.085,1.081,1.067,1.067,1.063,1.066,1.066,1.059,1.251,3624.5,3790.7,3790.7,3790.7,3790.7,3890.5,3890.5,3890.5,3890.5,3192.2,3192.2,3192.2,3192.2,99.8,3391.7,3745.5,3867.5,3870.5,3886.0,3875.4,3889.1,3891.2,3881.9,3882.0,3877.6,3887.2,3870.8,3888.2,3892.9,3887.9,3886.0,3892.0,3184.7,3196.4,3200.5,3201.7,3806.0,99.8,99.8,99.7,99.9,99.6,100.0,99.9,99.7,99.8,99.8,99.9,99.6,100.0,100.0,99.9,100.0,99.9,99.8,99.8,99.9,99.9,100.0,99.8,100.0,104.8,108.5,108.3,108.6,108.2,108.6,108.6,108.4,108.4,108.5,108.6,108.3,108.7,108.7,108.5,108.7,108.7,89.7,89.7,89.7,89.7,104.8,36.3,38.0,38.0,38.0,38.0,39.0,39.0,39.0,39.0,32.0,32.0,32.0,32.0,34.0,83,85,82,90,88,87,87,82,85,78,78,78,77,17,15,18,10,12,13,13,18,15,22,22,22,23,90,90,Yes,No,No,Yes,No,Yes,No,No,No,No,No,No,No,No,No,No,No,No,No,No,No,No,No,No,No,No,No,No,No,No,No,No,No,No,No,No,No,No,No,Yes,No,No,90,91,40,0.000,0.000,0.000,0.000,0.000,0.000,0.000,1.250,93.572,115.398,103.384,10.076,0.907,150.0,175.0,104.000,0.0,99.4,99.1,99.2,99.6,99.3,99.6,99.7,99.5,99.5,99.4,99.6,99.2,99.7,99.8,99.7,99.6,99.8,98.8,99.2,99.3,99.3,0.0,0.0,0.0,0.0,0.1,0.0,0.0,0.0,0.0,0.1,0.1,0.1,0.1,0.0,0.0,0.0,0.0,0.0,0.0,0.0,0.0,0.0,0.0,0.0,0.0,0.0,0.0,0.0,0.0,0.0,0.0,0.0,0.0,0.0,0.0,2793.2,28.00,36,36,36,76,112,447,2,2,Yes,No,Yes,No,No,No,No,No,No,No,No,No,No,No,No,No,No,No,No,No,No,No,No,No,No,No,No,Yes,No,Yes,No,No,No,No,No,No,No,No,29,41,29,90,79,42,1.119,5.040,3.424,3.328,12.192,2.024,0.720,3.424,3.200,1.072,1.264,1.648,1.064,1.000,1.000,0.936,1.824,1802,2005,3506,43.0,40.0,37.0,1.165,69.000,35.2,1.260,1.260,1.800,1.800,1.125,4.970,2.875,No,No,No,1.260,1.260,1.800,1.800,1.125,5.040,1.625,No,No,No,52,52,63,100.0,100.0,No,No,14698,23903,30,30,No,No,1299,631,6.9,0.1,7.0,12.782,0.632,15767,38061,0.0,0.0,0.0,0.000,0.000,0,28.1,30.0,31.0,84.0,0.910,12.162,12.149,12.166,12.171,0,0,11.167,5.779,10.277,10.645,3.797,0.369,7.654,7.710,210.0,50.6,1185.0,49.7,1290.0,0.0,30.0,0.0,0.0,10.6,0.0,0.2,0.0,0.0,0.0,0.0,0,0,Yes,No,No,No,No,Yes,No,5.3,8.2,3,0,0,0,0,0,0,0,0,76,0,0,0,0,0,0,0,0,0,0,0,0,0,0,0,0,0,0,0,0,10974,1308,1045,71,2.5,0,0,0,15.0,3.6,1171.0,1.1,3.7,275.90,939.56,0.85,1.14,221.06,222.22,0.00,767,17,0.7,0.5,0,0,0.0,0.0,0,35.0,0.000,
14.10.2025,11:55:4.638,24395,45021,35.1,18519,46801,28.3,0.0,1.057,1.066,0.988,1.055,1.062,1.087,1.057,1.059,1.081,1.063,1.052,1.056,1.056,1.251,3641.1,3890.5,3691.0,3890.5,3890.5,3890.5,3890.5,3890.5,3890.5,3192.2,3192.2,3192.2,3192.2,99.8,3491.5,3702.5,3823.9,3829.0,3835.6,3836.6,3837.7,3838.5,3840.2,3839.8,3828.8,3833.9,3835.8,3835.5,3840.2,3841.6,3831.4,3839.8,3156.8,3173.6,3175.9,3174.6,3761.0,100.0,100.0,100.0,100.0,100.0,99.9,99.9,100.0,99.9,100.0,99.9,99.9,99.9,100.0,100.0,99.9,100.0,99.9,100.0,100.0,99.9,100.0,100.0,100.0,103.4,107.1,107.1,107.1,107.1,107.1,107.1,107.1,107.1,107.1,107.0,107.1,107.1,107.1,107.1,107.0,107.1,88.8,88.9,88.9,88.8,103.4,36.5,39.0,37.0,39.0,39.0,39.0,39.0,39.0,39.0,32.0,32.0,32.0,32.0,35.0,83,85,84,90,85,87,88,81,86,78,78,78,78,17,15,16,10,15,13,12,19,14,22,22,22,22,90,90,Yes,No,No,Yes,No,No,No,No,No,No,No,No,No,No,No,No,No,No,No,No,No,No,No,No,No,No,No,No,No,No,No,No,No,No,No,No,No,No,No,Yes,No,No,88,88,40,0.000,0.000,0.000,0.000,0.000,0.000,0.000,1.250,90.400,114.444,102.624,9.943,0.854,150.0,175.0,104.000,0.0,99.6,99.4,99.5,99.7,99.7,99.7,99.7,99.8,99.7,99.5,99.6,99.7,99.6,99.8,99.8,99.5,99.8,98.9,99.4,99.5,99.5,0.0,0.0,0.0,0.0,0.0,0.0,0.0,0.0,0.0,0.1,0.0,0.0,0.1,0.0,0.0,0.0,0.0,0.0,0.0,0.0,0.0,0.0,0.0,0.0,0.0,0.0,0.0,0.0,0.0,0.0,0.0,0.0,0.0,0.0,0.0,2793.2,28.00,36,36,36,76,112,447,2,2,Yes,No,Yes,No,No,No,No,No,No,No,No,No,No,No,No,No,No,No,No,No,No,No,No,No,No,No,No,Yes,No,Yes,No,No,No,No,No,No,No,No,29,41,29,90,79,43,1.066,5.040,3.424,3.328,12.192,2.024,0.720,3.424,3.200,1.072,1.264,1.648,1.064,1.000,1.000,0.936,1.824,1804,1988,3417,43.0,40.0,37.0,1.090,58.000,35.2,1.260,1.260,1.800,1.800,1.125,4.970,1.500,No,No,No,1.260,1.260,1.800,1.800,1.125,4.970,1.500,No,No,No,52,52,61,100.0,100.0,No,No,14698,23903,30,30,No,No,1299,631,2.3,0.2,2.5,4.542,0.518,15776,38062,0.0,0.0,0.0,0.000,0.000,0,28.1,30.0,30.9,84.0,0.910,12.163,12.150,12.168,12.172,0,0,10.975,5.875,10.559,10.902,3.858,0.345,7.758,7.702,210.0,50.6,1185.0,40.5,1290.0,0.0,2.0,0.0,0.0,10.6,0.0,0.2,0.0,0.0,0.0,0.0,0,0,Yes,No,No,No,No,Yes,No,5.5,8.2,3,0,0,0,0,0,0,0,0,76,0,0,0,0,0,0,0,0,0,0,0,0,0,0,0,0,0,0,0,0,10974,1308,1045,71,2.5,0,0,0,15.0,3.6,61.9,1.0,3.7,276.97,959.89,16.15,1.39,284.37,285.72,0.00,767,17,2.4,1.3,0,0,0.0,0.0,0,35.0,0.000,
14.10.2025,11:55:6.636,24395,45021,35.1,18522,46798,28.3,0.0,1.054,1.125,1.126,1.055,1.083,1.037,1.041,1.028,1.030,1.036,1.028,1.030,1.030,1.251,3649.4,3990.2,4090.0,3890.5,3890.5,3790.7,3790.7,3790.7,3790.7,3192.2,3192.2,3192.2,3192.2,99.8,3591.2,3702.5,3806.7,3819.7,3839.1,3822.9,3848.4,3832.5,3845.5,3824.3,3847.7,3845.4,3826.7,3845.8,3840.9,3846.5,3842.2,3847.3,3159.0,3166.0,3172.8,3169.7,3761.5,99.7,99.3,99.4,99.8,99.3,99.9,99.4,99.8,99.2,100.0,99.8,99.3,99.8,99.6,99.8,99.8,99.8,99.8,99.7,99.8,99.7,100.0,99.7,100.0,103.4,106.7,106.8,107.2,106.7,107.3,106.8,107.2,106.6,107.4,107.3,106.7,107.2,107.1,107.3,107.3,107.3,88.7,88.6,88.7,88.7,103.4,36.6,40.0,41.0,39.0,39.0,38.0,38.0,38.0,38.0,32.0,32.0,32.0,32.0,36.0,83,83,82,90,85,88,85,81,87,78,79,79,79,17,17,18,10,15,12,15,19,13,22,21,21,21,88,90,Yes,No,No,Yes,No,Yes,Yes,No,Yes,No,No,No,No,No,No,No,No,No,No,No,No,No,No,No,No,No,No,No,No,No,No,No,No,No,No,No,No,No,No,Yes,No,No,91,91,40,0.000,0.000,0.000,0.000,0.000,0.000,0.000,1.250,93.572,115.023,102.854,10.209,0.931,150.0,175.0,96.000,0.0,99.3,98.7,99.0,99.5,99.0,99.7,99.3,99.6,99.0,99.7,99.6,99.1,99.6,99.5,99.6,99.5,99.6,98.9,99.1,99.4,99.3,0.1,0.2,0.1,0.0,0.0,0.0,0.0,0.0,0.0,0.1,0.2,0.1,0.2,0.0,0.0,0.0,0.0,0.0,0.0,0.0,0.0,0.0,0.0,0.0,0.0,0.0,0.0,0.0,0.0,0.0,0.0,0.0,0.0,0.0,0.0,2793.2,28.00,36,36,36,76,112,447,2,2,Yes,No,Yes,No,No,No,No,No,No,No,No,No,No,No,No,No,No,No,No,No,No,No,No,No,No,No,No,Yes,No,Yes,No,No,No,No,No,Yes,No,No,29,42,29,89,79,42,1.074,5.080,3.424,3.328,12.192,2.024,0.720,3.424,3.200,1.072,1.264,1.648,1.064,1.000,1.000,0.936,1.824,1802,1985,3479,43.0,40.0,37.0,1.120,60.000,35.5,1.260,1.260,1.800,1.800,1.125,4.970,3.000,No,No,No,1.260,1.260,1.800,1.800,1.125,4.970,1.750,No,No,No,52,52,61,100.0,100.0,No,No,14698,23903,30,30,No,No,1299,631,13.4,0.1,13.5,18.691,0.586,15811,38063,0.0,0.0,0.0,0.000,0.000,0,28.0,32.0,31.0,84.0,0.910,12.162,12.150,12.165,12.170,0,0,11.037,6.144,10.824,11.618,4.393,0.793,7.699,7.684,210.0,50.6,1185.0,43.7,1290.0,0.0,8.0,0.0,0.0,10.6,0.0,0.2,0.0,0.0,0.0,0.0,0,0,Yes,No,No,No,No,Yes,No,5.8,8.5,3,0,0,0,0,0,0,0,0,76,0,0,0,0,0,0,0,0,0,0,0,0,0,0,0,0,0,0,0,0,10974,1308,1045,71,2.5,0,0,0,15.0,3.6,954.8,1.0,3.7,278.15,995.58,1.05,1.33,286.53,287.85,0.00,767,17,2.6,1.1,0,0,0.0,0.0,0,35.2,0.000,
14.10.2025,11:55:8.628,24402,45014,35.1,18535,46785,28.3,0.0,1.069,1.057,1.035,1.068,1.096,1.057,1.056,1.056,1.074,1.081,1.081,1.081,1.081,1.251,3691.0,3890.5,3790.7,3890.5,3990.2,3890.5,3890.5,3890.5,3890.5,3291.9,3291.9,3291.9,3291.9,99.8,3491.5,3704.4,3826.5,3822.5,3832.5,3837.7,3834.3,3841.4,3832.5,3843.3,3841.1,3841.5,3837.6,3844.4,3851.1,3844.3,3839.2,3844.5,3157.1,3166.6,3177.0,3173.6,3763.2,99.7,99.7,99.4,99.6,99.7,99.6,99.8,99.5,99.8,99.8,99.8,99.6,99.8,100.0,99.8,99.8,99.7,99.8,99.7,99.9,99.8,100.0,99.7,100.0,103.5,107.2,106.9,107.0,107.2,107.1,107.3,107.0,107.3,107.4,107.3,107.1,107.3,107.5,107.3,107.3,107.2,88.8,88.7,88.9,88.8,103.5,37.0,39.0,38.0,39.0,40.0,39.0,39.0,39.0,39.0,33.0,33.0,33.0,33.0,35.0,83,85,84,87,85,89,88,83,86,78,78,78,78,17,15,16,13,15,11,12,17,14,22,22,22,22,91,89,Yes,No,No,Yes,No,No,No,No,Yes,No,No,No,No,No,No,No,No,No,No,No,No,No,No,No,No,No,No,No,No,No,No,No,No,No,No,No,No,No,No,Yes,No,No,88,88,40,0.000,0.000,0.000,0.000,0.000,0.000,0.000,1.250,80.884,114.279,102.152,10.176,0.918,150.0,175.0,88.000,0.0,99.4,99.2,99.1,99.3,99.5,99.4,99.6,99.3,99.6,99.5,99.5,99.4,99.6,99.8,99.6,99.4,99.6,98.8,99.1,99.4,99.3,0.1,0.0,0.0,0.0,0.0,0.0,0.0,0.0,0.0,0.2,0.3,0.0,0.2,0.0,0.0,0.0,0.0,0.0,0.0,0.0,0.0,0.0,0.0,0.0,0.0,0.0,0.0,0.0,0.0,0.0,0.0,0.0,0.0,0.0,0.0,2793.2,28.00,36,36,36,76,112,447,2,2,Yes,No,Yes,No,No,No,No,No,No,No,No,No,No,No,No,No,No,No,No,No,No,No,No,No,No,No,No,Yes,No,Yes,No,No,No,No,No,No,No,No,29,42,29,90,78,42,1.074,5.080,3.424,3.328,12.192,2.024,0.720,3.424,3.200,1.072,1.264,1.648,1.064,1.000,1.000,0.936,1.824,1804,2005,3534,42.0,40.0,37.0,1.120,64.000,35.5,1.260,1.260,1.800,1.800,1.125,4.970,2.125,No,No,No,1.260,1.260,1.800,1.800,1.125,4.970,3.625,No,No,No,52,52,61,100.0,100.0,No,No,14698,23903,30,30,No,No,1299,631,12.7,0.0,12.7,23.981,0.444,15858,38064,0.0,0.0,0.0,0.000,0.000,0,28.0,30.0,30.8,84.0,0.910,12.160,12.147,12.164,12.170,0,0,10.965,5.870,10.398,10.571,3.639,0.175,8.618,7.688,210.0,50.6,1185.0,38.7,1290.0,0.0,6.0,0.0,0.0,10.6,0.0,0.1,0.0,0.0,0.0,0.0,0,0,Yes,No,No,No,No,Yes,No,5.3,8.4,3,0,0,0,0,0,0,0,0,76,0,0,0,0,0,0,0,0,0,0,0,0,0,0,0,0,0,0,0,0,10974,1308,1045,71,2.5,0,0,0,15.0,3.5,64.2,1.0,3.5,287.88,972.68,15.57,1.91,395.11,397.00,0.00,767,17,0.5,0.2,0,0,0.0,0.0,0,35.2,0.000,
14.10.2025,11:55:10.635,24391,45025,35.1,18535,46785,28.3,0.0,1.064,1.037,1.042,1.062,1.062,1.062,1.077,1.065,1.056,1.084,1.084,1.084,1.053,1.251,3616.2,3790.7,3790.7,3790.7,3790.7,3790.7,3890.5,3890.5,3890.5,3192.2,3192.2,3192.2,3192.2,99.8,3391.7,3702.5,3816.3,3829.8,3842.7,3845.5,3833.6,3838.5,3841.9,3818.9,3839.6,3842.9,3822.8,3846.5,3847.2,3849.5,3836.4,3847.9,3144.0,3166.1,3172.1,3168.7,3761.7,99.7,99.5,99.7,99.8,99.9,99.5,99.6,99.7,99.1,99.8,99.8,99.2,99.9,99.9,99.9,99.7,99.9,99.4,99.7,99.8,99.7,99.9,99.7,100.0,103.4,106.9,107.1,107.3,107.3,107.0,107.1,107.2,106.6,107.2,107.2,106.7,107.3,107.3,107.4,107.2,107.3,88.5,88.7,88.8,88.7,103.4,36.2,38.0,38.0,38.0,38.0,38.0,39.0,39.0,39.0,32.0,32.0,32.0,32.0,34.0,83,85,84,88,84,87,87,83,89,78,78,78,78,17,15,16,12,16,13,13,17,11,22,22,22,22,91,89,Yes,No,No,Yes,No,Yes,No,No,Yes,No,No,No,No,No,No,No,No,No,No,No,No,No,No,No,No,No,No,No,No,No,No,No,No,No,No,No,No,No,No,Yes,No,No,90,90,40,0.000,0.000,0.000,0.000,0.000,0.000,0.000,1.250,96.744,114.314,102.221,10.157,0.908,150.0,175.0,104.000,0.0,99.3,98.9,99.3,99.6,99.6,99.3,99.4,99.5,98.9,99.5,99.6,99.0,99.7,99.7,99.7,99.4,99.7,98.4,99.1,99.3,99.2,0.1,0.0,0.0,0.0,0.1,0.0,0.0,0.0,0.0,0.5,0.3,0.2,0.3,0.0,0.0,0.0,0.0,0.0,0.0,0.0,0.0,0.0,0.0,0.0,0.0,0.0,0.0,0.0,0.0,0.0,0.0,0.0,0.0,0.0,0.0,2793.2,28.00,36,36,36,76,112,447,2,2,Yes,No,Yes,No,No,No,No,No,No,No,No,No,No,No,No,No,No,No,No,No,No,No,No,No,No,No,No,Yes,No,Yes,No,No,No,No,No,No,No,No,29,42,29,89,78,43,1.101,5.040,3.424,3.328,12.192,2.024,0.720,3.424,3.200,1.072,1.264,1.648,1.064,1.000,1.000,0.936,1.824,1807,2005,3524,43.0,40.0,37.0,1.150,68.000,35.5,1.260,1.260,1.800,1.800,1.125,4.970,2.250,No,No,No,1.260,1.260,1.800,1.815,1.125,4.970,2.000,No,No,No,51,51,61,100.0,100.0,No,No,14698,23903,30,30,No,No,1299,631,11.9,0.0,11.9,25.461,0.473,15906,38065,0.0,0.0,0.0,0.000,0.000,0,27.9,30.0,30.9,84.0,0.910,12.158,12.142,12.163,12.169,0,0,11.125,5.832,10.511,10.837,3.833,0.330,7.628,7.687,210.0,50.6,1185.0,44.5,1290.0,0.0,1.0,0.0,0.0,10.6,0.0,0.2,0.0,0.0,0.0,0.0,0,0,Yes,No,No,No,No,Yes,No,5.4,8.2,3,0,0,0,0,0,0,0,0,76,0,0,0,0,0,0,0,0,0,0,0,0,0,0,0,0,0,0,0,0,10974,1308,1045,71,2.5,0,0,0,15.0,3.5,270.6,1.0,3.5,287.38,978.87,3.70,1.78,283.92,285.73,0.00,767,17,2.7,1.1,0,0,0.0,0.0,0,35.2,0.000,
14.10.2025,11:55:12.632,24388,45028,35.1,18543,46778,28.3,0.0,1.066,1.044,1.056,1.049,1.056,1.057,1.055,1.081,1.080,1.080,1.079,1.079,1.079,1.251,3649.4,3890.5,3890.5,3790.7,3890.5,3890.5,3890.5,3890.5,3890.5,3192.2,3192.2,3192.2,3192.2,99.8,3491.5,3703.9,3816.6,3825.8,3828.5,3836.3,3841.2,3833.8,3840.4,3837.8,3835.4,3839.9,3836.1,3837.7,3847.7,3848.3,3836.7,3845.1,3152.0,3176.7,3181.4,3180.3,3762.0,99.7,99.6,99.6,99.5,99.7,99.8,99.6,99.7,99.7,99.7,99.7,99.6,99.7,99.9,100.0,99.8,99.8,99.6,99.8,99.9,99.9,100.0,99.7,100.0,103.5,106.9,106.9,106.9,107.1,107.2,107.0,107.1,107.0,107.1,107.1,107.0,107.0,107.3,107.3,107.2,107.2,88.7,88.9,89.0,89.0,103.5,36.6,39.0,39.0,38.0,39.0,39.0,39.0,39.0,39.0,32.0,32.0,32.0,32.0,35.0,83,86,83,90,87,89,89,83,82,78,78,78,78,17,14,17,10,13,11,11,17,18,22,22,22,22,91,90,Yes,No,No,Yes,No,Yes,No,No,Yes,No,No,No,No,No,No,No,No,No,No,No,No,No,No,No,No,No,No,No,No,No,No,No,No,No,No,No,No,No,No,Yes,No,No,90,90,40,0.000,0.000,0.000,0.000,0.000,0.000,0.000,1.250,85.642,114.086,102.099,10.082,0.877,150.0,175.0,88.000,0.0,99.4,99.0,99.2,99.3,99.5,99.6,99.4,99.6,99.5,99.4,99.5,99.4,99.5,99.7,99.8,99.4,99.7,98.5,99.3,99.5,99.4,0.1,0.1,0.0,0.1,0.1,0.0,0.0,0.0,0.0,0.3,0.1,0.1,0.0,0.0,0.0,0.0,0.0,0.0,0.0,0.0,0.0,0.0,0.0,0.0,0.0,0.0,0.0,0.0,0.0,0.0,0.0,0.0,0.0,0.0,0.0,2793.2,28.00,36,36,36,76,112,447,2,2,Yes,No,Yes,No,No,No,No,No,No,No,No,No,No,No,No,No,No,No,No,No,No,No,No,No,No,No,No,Yes,No,Yes,No,No,No,No,No,No,No,No,29,42,29,89,78,43,1.048,5.080,3.424,3.328,12.192,2.024,0.712,3.424,3.200,1.072,1.264,1.648,1.064,1.000,1.000,0.936,1.824,1802,2000,3515,43.0,40.0,37.0,1.080,58.000,35.5,1.260,1.260,1.800,1.800,1.110,4.970,1.250,No,No,No,1.260,1.260,1.800,1.800,1.200,4.970,1.250,No,No,No,51,51,60,100.0,100.0,No,No,14698,23903,30,30,No,No,1299,631,10.4,0.1,10.5,20.555,0.656,15945,38066,0.0,0.0,0.0,0.000,0.000,0,27.9,30.0,30.9,84.0,0.910,12.157,12.140,12.162,12.169,0,0,11.110,5.888,10.538,10.994,3.979,0.467,7.543,7.693,210.0,50.6,1185.0,46.1,1290.0,1.0,26.0,0.0,0.0,10.6,0.0,0.2,0.0,0.0,0.0,0.0,0,0,Yes,No,No,No,No,Yes,No,5.5,7.3,3,0,0,0,0,0,0,0,0,76,0,0,0,0,0,0,0,0,0,0,0,0,0,0,0,0,0,0,0,0,10974,1308,1045,71,2.5,0,0,0,15.0,3.5,63.0,1.0,3.5,287.18,972.14,15.87,1.31,286.69,288.01,0.00,767,17,0.1,0.1,0,0,0.0,0.0,0,35.2,0.000,
14.10.2025,11:55:14.635,24382,45034,35.1,18551,46770,28.3,0.0,1.056,1.057,1.063,1.063,1.055,1.055,1.054,1.054,1.054,1.054,1.054,1.054,1.054,1.251,3657.7,3890.5,3890.5,3890.5,3890.5,3890.5,3890.5,3890.5,3890.5,3192.2,3192.2,3192.2,3192.2,99.8,3491.5,3697.5,3809.6,3821.7,3828.7,3832.4,3832.9,3834.0,3833.8,3832.7,3832.5,3835.5,3829.0,3832.0,3834.5,3836.1,3826.7,3834.4,3155.9,3166.0,3169.5,3172.8,3756.0,99.9,99.7,99.8,99.9,99.9,99.9,99.9,99.9,99.9,100.0,100.0,99.8,99.9,99.9,100.0,99.9,99.9,99.8,99.8,99.9,99.9,100.0,99.9,100.0,103.3,106.7,106.8,106.9,107.0,106.9,107.0,107.0,106.9,107.0,107.0,106.8,106.9,107.0,107.0,106.9,107.0,88.7,88.6,88.7,88.7,103.3,36.7,39.0,39.0,39.0,39.0,39.0,39.0,39.0,39.0,32.0,32.0,32.0,32.0,35.0,83,85,79,88,85,88,88,83,89,78,78,78,78,17,15,21,12,15,12,12,17,11,22,22,22,22,91,89,No,No,No,No,No,No,No,No,No,No,No,No,No,No,No,No,No,No,No,No,No,No,No,No,No,No,No,No,No,No,No,No,No,No,No,No,No,No,No,Yes,No,No,90,87,40,0.000,0.000,0.000,0.000,0.000,0.000,0.000,1.250,91.986,112.964,101.075,10.006,0.855,150.0,175.0,104.000,0.0,99.6,99.1,99.5,99.6,99.7,99.7,99.7,99.7,99.7,99.7,99.8,99.6,99.7,99.7,99.8,99.5,99.7,99.0,99.3,99.4,99.5,0.0,0.0,0.0,0.0,0.0,0.0,0.0,0.0,0.0,0.1,0.2,0.1,0.0,0.0,0.0,0.0,0.0,0.0,0.0,0.0,0.0,0.0,0.0,0.0,0.0,0.0,0.0,0.0,0.0,0.0,0.0,0.0,0.0,0.0,0.0,2793.2,28.00,36,36,36,76,112,447,2,2,Yes,No,Yes,No,No,No,No,No,No,No,No,No,No,No,No,No,No,No,No,No,No,No,No,No,No,No,No,Yes,No,Yes,No,No,No,No,No,No,No,No,29,42,29,90,78,42,1.074,5.040,3.424,3.328,12.192,2.024,0.712,3.424,3.200,1.072,1.264,1.648,1.064,1.000,1.000,0.936,1.824,1809,2000,3470,42.0,40.0,37.0,1.110,62.000,35.5,1.260,1.260,1.800,1.800,1.110,5.040,1.250,No,No,No,1.260,1.260,1.800,1.800,1.110,5.040,1.750,No,No,No,51,51,60,100.0,100.0,No,No,14698,23903,30,30,No,No,1299,631,5.7,0.6,6.4,13.249,5.736,15970,38077,0.0,0.0,0.0,0.000,0.000,0,27.9,30.0,30.8,84.0,0.910,12.162,12.147,12.167,12.172,0,0,11.239,5.853,10.394,10.853,3.932,0.468,7.631,7.693,210.0,50.6,1185.0,49.0,1290.0,0.0,4.0,0.0,0.0,10.6,0.0,0.2,0.0,0.0,0.0,0.0,0,0,Yes,No,No,No,No,Yes,No,5.5,8.3,3,0,0,0,0,0,0,0,0,76,0,0,0,0,0,0,0,0,0,0,0,0,0,0,0,0,0,0,0,0,10974,1308,1045,71,2.5,0,0,0,15.0,3.4,61.6,1.1,3.5,291.18,905.99,16.23,1.34,329.36,330.68,0.00,767,17,0.1,0.0,0,0,0.0,0.0,0,35.2,0.000,
14.10.2025,11:55:16.626,24378,45038,35.1,18550,46770,28.3,0.0,1.065,1.058,1.087,1.037,1.087,1.056,1.078,1.073,1.061,1.062,1.061,1.061,1.061,1.251,3657.7,3890.5,3990.2,3790.7,3890.5,3890.5,3890.5,3890.5,3890.5,3192.2,3192.2,3192.2,3192.2,99.8,3491.5,3709.6,3826.0,3835.9,3838.4,3840.3,3842.7,3845.1,3844.0,3844.1,3841.3,3844.7,3845.8,3847.6,3847.4,3847.8,3840.9,3846.7,3170.0,3178.7,3181.4,3182.6,3768.2,99.9,99.9,99.9,99.9,99.9,99.9,99.9,99.9,99.9,99.9,99.9,99.9,100.0,99.9,100.0,99.9,99.9,99.9,99.9,99.9,99.9,100.0,99.9,100.0,103.6,107.2,107.2,107.2,107.2,107.2,107.3,107.2,107.2,107.3,107.3,107.3,107.3,107.3,107.3,107.3,107.2,89.0,89.0,89.0,89.0,103.6,36.7,39.0,40.0,38.0,39.0,39.0,39.0,39.0,39.0,32.0,32.0,32.0,32.0,35.0,83,85,83,90,83,88,88,81,90,79,78,78,78,17,15,17,10,17,12,12,19,10,21,22,22,22,90,90,Yes,No,No,Yes,No,No,No,No,Yes,No,No,No,No,No,No,No,No,No,No,No,No,No,No,No,No,No,No,No,No,No,No,No,No,No,No,No,No,No,No,Yes,No,No,90,90,40,0.000,0.000,0.000,0.000,0.000,0.000,0.000,1.250,74.540,114.313,102.277,10.118,0.892,150.0,175.0,80.000,0.0,99.6,99.3,99.5,99.6,99.6,99.7,99.7,99.7,99.7,99.6,99.7,99.7,99.8,99.8,99.8,99.6,99.7,99.1,99.4,99.5,99.5,0.0,0.0,0.0,0.0,0.0,0.0,0.0,0.0,0.0,0.1,0.1,0.1,0.0,0.0,0.0,0.0,0.0,0.0,0.0,0.0,0.0,0.0,0.0,0.0,0.0,0.0,0.0,0.0,0.0,0.0,0.0,0.0,0.0,0.0,0.0,2793.2,28.00,36,36,36,76,112,447,2,2,Yes,No,Yes,No,No,No,No,No,No,No,No,No,No,No,No,No,No,No,No,No,No,No,No,No,No,No,No,Yes,No,Yes,No,No,No,No,No,No,No,No,29,42,29,89,78,43,1.092,5.040,3.424,3.328,12.192,2.024,0.712,3.424,3.200,1.072,1.264,1.648,1.064,1.000,1.000,0.936,1.824,1804,1991,3506,43.0,40.0,37.0,1.120,62.000,35.8,1.260,1.260,1.800,1.800,1.110,5.040,1.500,No,No,No,1.260,1.260,1.800,1.800,1.110,5.040,1.375,No,No,No,51,51,60,100.0,100.0,No,No,14698,23903,30,30,No,No,1299,631,4.8,1.1,6.0,9.371,10.565,15989,38098,0.0,0.0,0.0,0.000,0.000,0,27.8,30.0,30.8,84.0,0.910,12.165,12.154,12.168,12.173,0,0,11.112,5.851,10.649,10.915,3.810,0.265,7.626,7.693,210.0,50.6,1185.0,39.2,1290.0,0.0,10.0,0.0,0.0,10.6,0.0,0.2,0.0,0.0,0.0,0.0,0,0,Yes,No,No,No,No,Yes,No,5.5,8.6,3,0,0,0,0,0,0,0,0,76,0,0,0,0,0,0,0,0,0,0,0,0,0,0,0,0,0,0,0,0,10974,1308,1045,71,2.5,0,0,0,15.0,3.3,97.7,1.0,3.4,300.11,975.97,10.23,1.47,398.56,400.00,0.00,767,17,0.5,0.1,0,0,0.0,0.0,0,35.5,0.000,
14.10.2025,11:55:18.628,24377,45039,35.1,18557,46763,28.4,0.0,1.050,1.039,1.072,1.113,1.042,1.045,1.045,1.045,1.045,1.045,1.045,1.039,1.026,1.251,3607.8,3790.7,3890.5,3890.5,3790.7,3790.7,3790.7,3790.7,3790.7,3192.2,3192.2,3192.2,3192.2,99.8,3391.7,3692.2,3795.8,3814.4,3821.8,3823.6,3829.9,3820.3,3831.1,3815.0,3819.4,3827.0,3833.3,3825.5,3832.5,3834.2,3826.1,3828.5,3152.9,3169.1,3171.3,3172.0,3750.0,99.8,99.5,99.7,99.8,99.8,99.9,99.6,99.9,99.5,99.7,99.8,99.9,99.8,99.9,100.0,99.9,99.8,99.8,99.9,99.9,99.9,100.0,99.8,100.0,103.2,106.4,106.6,106.7,106.7,106.9,106.6,106.9,106.5,106.7,106.8,107.0,106.8,106.9,107.0,107.0,106.9,88.7,88.8,88.8,88.8,103.2,36.2,38.0,39.0,39.0,38.0,38.0,38.0,38.0,38.0,32.0,32.0,32.0,32.0,34.0,82,85,84,91,87,84,83,80,89,76,76,76,78,18,15,16,9,13,16,17,20,11,24,24,24,22,90,91,Yes,No,No,Yes,No,Yes,No,No,No,No,No,No,No,No,No,No,No,No,No,No,No,No,No,No,No,No,No,No,No,No,No,No,No,No,No,No,No,No,No,Yes,No,No,90,90,41,0.000,0.000,0.000,0.000,0.000,0.000,0.000,1.250,95.158,113.633,101.697,10.036,0.867,150.0,175.0,104.000,0.0,99.5,98.8,99.3,99.5,99.5,99.7,99.4,99.7,99.3,99.4,99.6,99.7,99.6,99.7,99.8,99.6,99.6,98.8,99.3,99.4,99.4,0.0,0.0,0.0,0.0,0.0,0.0,0.0,0.0,0.0,0.2,0.1,0.1,0.1,0.0,0.0,0.0,0.0,0.0,0.0,0.0,0.0,0.0,0.0,0.0,0.0,0.0,0.0,0.0,0.0,0.0,0.0,0.0,0.0,0.0,0.0,2793.2,28.00,36,36,36,76,112,447,2,2,Yes,No,Yes,No,No,No,No,No,No,No,No,No,No,No,No,No,No,No,No,No,No,No,No,No,No,No,No,Yes,No,Yes,No,No,No,No,No,No,No,No,30,42,30,90,79,43,1.066,5.080,3.424,3.328,12.192,2.024,0.712,3.424,3.200,1.072,1.264,1.648,1.064,1.000,1.000,0.936,1.824,1797,1988,3443,43.0,40.0,37.0,1.115,60.000,35.8,1.260,1.260,1.800,1.800,1.110,5.040,2.000,No,No,No,1.260,1.260,1.800,1.800,1.110,5.040,2.125,No,No,No,51,51,60,100.0,100.0,No,No,14698,23903,30,30,No,No,1299,631,12.4,0.0,12.5,21.530,0.353,16029,38099,0.0,0.0,0.0,0.000,0.000,0,27.8,30.0,30.8,84.0,0.910,12.163,12.151,12.166,12.171,0,0,11.135,5.758,10.430,10.645,3.700,0.222,7.623,7.688,210.0,50.6,1185.0,40.0,1290.0,0.0,18.0,0.0,0.0,10.6,0.0,0.2,0.0,0.0,0.0,0.0,0,0,Yes,No,No,No,No,Yes,No,5.3,8.6,3,0,0,0,0,0,0,0,0,76,0,0,0,0,0,0,0,0,0,0,0,0,0,0,0,0,0,0,0,0,10974,1308,1045,71,2.5,0,0,0,15.0,3.3,133.8,1.0,3.4,298.52,970.74,7.47,1.38,286.60,288.04,0.00,767,17,0.5,0.2,0,0,0.0,0.0,0,35.5,0.000,
14.10.2025,11:55:20.642,24381,45035,35.1,18564,46756,28.4,0.0,1.069,1.079,1.102,1.077,1.078,1.057,1.055,1.063,1.073,1.062,1.062,1.062,1.054,1.251,3682.7,3990.2,3990.2,3990.2,3890.5,3890.5,3890.5,3890.5,3890.5,3192.2,3192.2,3192.2,3192.2,99.8,3591.2,3717.2,3832.1,3837.0,3847.8,3853.1,3857.8,3855.6,3859.4,3856.3,3849.6,3855.3,3855.7,3857.8,3859.6,3860.7,3852.7,3859.0,3159.9,3172.8,3181.8,3180.1,3776.8,99.9,99.9,99.9,99.9,99.9,100.0,99.9,99.9,99.9,100.0,100.0,99.9,99.9,100.0,100.0,99.9,99.9,99.9,99.8,100.0,100.0,100.0,99.9,100.0,103.9,107.6,107.5,107.5,107.6,107.7,107.6,107.7,107.6,107.7,107.7,107.6,107.6,107.7,107.7,107.7,107.7,89.1,89.0,89.2,89.1,103.9,36.9,40.0,40.0,40.0,39.0,39.0,39.0,39.0,39.0,32.0,32.0,32.0,32.0,36.0,84,86,86,92,87,88,89,81,87,77,77,77,79,16,14,14,8,13,12,11,19,13,23,23,23,21,91,92,Yes,No,No,Yes,No,No,Yes,No,Yes,No,No,No,No,No,No,No,No,No,No,No,No,No,No,No,No,No,No,No,No,No,No,No,No,No,No,No,No,No,No,Yes,No,No,90,90,40,0.000,0.000,0.000,0.000,0.000,0.000,0.000,1.250,91.986,113.014,101.072,10.049,0.868,150.0,175.0,96.000,0.0,99.5,99.1,99.2,99.5,99.6,99.7,99.7,99.7,99.6,99.5,99.6,99.6,99.7,99.8,99.8,99.6,99.7,98.7,99.1,99.4,99.3,0.0,0.0,0.0,0.0,0.0,0.0,0.0,0.0,0.0,0.1,0.2,0.0,0.0,0.0,0.0,0.0,0.0,0.0,0.0,0.0,0.0,0.0,0.0,0.0,0.0,0.0,0.0,0.0,0.0,0.0,0.0,0.0,0.0,0.0,0.0,2793.2,28.00,36,36,36,76,112,447,2,2,Yes,No,Yes,No,No,No,No,No,No,No,No,No,No,No,No,No,No,No,No,No,No,No,No,No,No,No,No,Yes,No,Yes,No,No,No,No,No,Yes,No,No,30,42,30,89,78,42,1.137,5.040,3.424,3.328,12.192,2.024,0.712,3.424,3.200,1.072,1.264,1.648,1.064,1.000,1.000,0.936,1.824,1800,1997,3461,43.0,41.0,37.0,1.090,59.000,35.8,1.260,1.260,1.800,1.800,1.110,5.040,1.500,No,No,No,1.260,1.260,1.800,1.800,1.110,5.040,1.500,No,No,No,51,51,62,100.0,100.0,No,No,14698,23903,30,30,No,No,1299,631,10.3,7.8,18.1,8.801,5.054,16046,38109,0.0,0.0,0.0,0.000,0.000,0,27.8,32.0,30.7,84.0,0.910,12.165,12.157,12.168,12.172,0,0,12.008,6.235,10.723,11.852,4.698,1.129,7.540,7.700,210.0,50.6,1185.0,80.0,1290.0,7.0,14.0,0.0,1.0,10.6,0.3,1.6,0.0,0.0,0.0,0.0,0,0,Yes,No,No,No,No,Yes,No,5.9,8.3,3,0,0,0,0,0,0,0,0,76,0,0,0,0,0,0,0,0,0,0,0,0,0,0,0,0,0,0,0,0,10974,1308,1045,71,2.5,0,0,0,15.0,7.2,146.1,1.4,7.3,139.73,696.13,6.84,1.63,48.08,49.71,0.00,767,17,1.9,1.0,0,0,0.0,0.0,0,35.5,0.000,
14.10.2025,11:55:22.624,24388,45028,35.1,18578,46742,28.4,0.0,1.061,1.035,1.061,1.061,1.031,1.066,1.115,1.099,1.098,1.040,1.040,1.041,1.041,1.251,3674.3,3790.7,3790.7,3790.7,3790.7,3890.5,4090.0,4090.0,4090.0,3192.2,3192.2,3192.2,3192.2,99.8,3391.7,3694.4,3803.4,3815.6,3821.7,3824.0,3827.4,3827.9,3829.9,3828.6,3819.1,3826.2,3829.2,3828.9,3833.4,3833.1,3826.0,3833.9,3155.5,3172.5,3174.6,3175.9,3752.0,100.0,99.9,99.9,99.9,99.9,99.9,99.9,100.0,99.9,99.9,100.0,100.0,99.9,100.0,100.0,100.0,100.0,100.0,100.0,100.0,100.0,100.0,100.0,100.0,103.2,106.7,106.8,106.8,106.8,106.8,106.8,106.9,106.8,106.8,106.8,106.8,106.8,106.9,106.9,106.9,106.9,88.8,88.8,88.8,88.8,103.2,36.8,38.0,38.0,38.0,38.0,39.0,41.0,41.0,41.0,32.0,32.0,32.0,32.0,34.0,84,85,83,91,85,87,84,82,90,79,79,79,79,16,15,17,9,15,13,16,18,10,21,21,21,21,90,91,Yes,No,No,Yes,No,No,No,No,Yes,No,No,No,No,No,No,No,No,No,No,No,No,No,No,No,No,No,No,No,No,No,No,No,No,No,No,No,No,No,No,Yes,No,No,90,90,41,0.000,0.000,0.000,0.000,0.000,0.000,0.000,1.250,96.744,112.711,100.667,10.122,0.894,150.0,175.0,104.000,0.0,99.6,99.1,99.4,99.6,99.6,99.7,99.7,99.8,99.7,99.5,99.7,99.7,99.7,99.8,99.8,99.6,99.8,98.8,99.3,99.4,99.5,0.0,0.0,0.0,0.0,0.0,0.0,0.0,0.0,0.0,0.0,0.0,0.0,0.0,0.0,0.0,0.0,0.0,0.0,0.0,0.0,0.0,0.0,0.0,0.0,0.0,0.0,0.0,0.0,0.0,0.0,0.0,0.0,0.0,0.0,0.0,2793.2,28.00,36,36,36,76,112,447,2,2,Yes,No,Yes,No,No,No,No,No,No,No,No,No,No,No,No,No,No,No,No,No,No,No,No,No,No,No,No,Yes,No,Yes,No,No,No,No,No,No,No,No,30,42,30,90,79,42,1.066,5.080,3.424,3.328,12.192,2.024,0.712,3.424,3.200,1.072,1.264,1.648,1.064,1.000,1.000,0.936,1.824,1802,1979,3497,42.0,41.0,37.0,1.105,50.000,35.8,1.260,1.260,1.800,1.800,1.110,5.040,3.250,No,No,No,1.260,1.260,1.800,1.815,1.110,5.040,2.750,No,No,No,51,51,61,100.0,100.0,No,No,14698,23903,30,30,No,No,1299,631,3.1,1.4,4.4,5.881,0.683,16058,38110,0.0,0.0,0.0,0.000,0.000,0,27.8,32.0,30.7,84.0,0.910,12.166,12.158,12.169,12.171,0,0,11.619,6.598,11.016,12.716,5.379,1.712,7.628,7.733,210.0,50.6,1185.0,61.3,1290.0,11.0,2.0,0.0,1.0,10.6,0.1,0.7,0.0,0.0,0.0,0.0,0,0,Yes,No,No,No,No,Yes,No,6.4,8.9,3,0,0,0,0,0,0,0,0,76,0,0,0,0,0,0,0,0,0,0,0,0,0,0,0,0,0,0,0,0,10974,1308,1045,71,2.5,0,0,0,15.0,14.2,142.7,3.8,14.3,70.39,264.11,7.01,1.46,31.60,33.06,0.00,767,17,1.2,0.3,0,0,0.0,0.0,0,35.5,0.000,
14.10.2025,11:55:24.623,24385,45031,35.1,18586,46734,28.4,0.0,1.049,1.042,1.037,1.065,1.053,1.051,1.033,1.050,1.065,1.034,1.044,1.055,1.055,1.251,3624.5,3790.7,3790.7,3890.5,3890.5,3890.5,3790.7,3790.7,3890.5,3192.2,3192.2,3192.2,3192.2,99.8,3391.7,3690.2,3806.1,3815.7,3819.8,3821.8,3823.6,3824.7,3825.7,3825.6,3821.2,3825.0,3824.9,3825.1,3825.1,3824.9,3816.9,3821.8,3152.8,3166.2,3168.2,3169.7,3748.2,100.0,99.9,100.0,99.9,99.9,99.9,100.0,99.9,99.9,100.0,100.0,99.9,99.9,100.0,100.0,100.0,99.9,100.0,100.0,100.0,100.0,100.0,100.0,100.0,103.1,106.6,106.7,106.7,106.7,106.7,106.7,106.7,106.7,106.7,106.7,106.7,106.7,106.7,106.7,106.7,106.7,88.8,88.8,88.8,88.8,103.1,36.3,38.0,38.0,39.0,39.0,39.0,38.0,38.0,39.0,32.0,32.0,32.0,32.0,34.0,83,85,83,87,88,89,88,81,86,78,78,78,78,17,15,17,13,12,11,12,19,14,22,22,22,22,91,89,Yes,No,No,Yes,No,Yes,No,No,No,No,No,No,No,No,No,No,No,No,No,No,No,No,No,No,No,No,No,No,No,No,No,No,No,No,No,No,No,No,No,Yes,No,No,90,90,41,0.000,0.000,0.000,0.000,0.000,0.000,0.000,1.250,99.916,112.267,100.276,10.078,0.880,150.0,175.0,104.000,0.0,99.6,99.3,99.6,99.6,99.7,99.7,99.8,99.7,99.7,99.6,99.8,99.7,99.7,99.8,99.8,99.6,99.8,99.0,99.4,99.5,99.5,0.0,0.0,0.0,0.0,0.0,0.0,0.0,0.0,0.0,0.0,0.0,0.0,0.0,0.0,0.0,0.0,0.0,0.0,0.0,0.0,0.0,0.0,0.0,0.0,0.0,0.0,0.0,0.0,0.0,0.0,0.0,0.0,0.0,0.0,0.0,2793.2,28.00,36,36,36,76,112,447,2,2,Yes,No,Yes,No,No,No,No,No,No,No,No,No,No,No,No,No,No,No,No,No,No,No,No,No,No,No,No,Yes,No,Yes,No,No,No,No,No,No,No,No,30,42,30,90,78,42,1.057,5.080,3.424,3.328,12.192,2.024,0.712,3.424,3.200,1.072,1.264,1.648,1.064,1.000,1.000,0.936,1.824,1802,1997,3470,42.0,41.0,37.0,1.115,49.000,35.8,1.260,1.260,1.800,1.800,1.125,5.040,2.000,No,No,No,1.260,1.260,1.800,1.800,1.155,5.040,2.625,No,No,No,51,51,60,100.0,100.0,No,No,14698,23903,30,30,No,No,1299,631,1.2,0.6,1.8,2.256,1.765,16062,38113,0.0,0.0,0.0,0.000,0.000,0,27.7,32.0,30.6,84.0,0.910,12.167,12.157,12.170,12.174,0,0,11.350,5.861,10.584,10.953,3.896,0.375,7.539,7.682,210.0,50.6,1185.0,46.4,1290.0,0.0,2.0,0.0,0.0,10.6,0.0,0.2,0.0,0.0,0.0,0.0,0,0,Yes,No,No,No,No,Yes,No,5.5,7.5,3,0,0,0,0,0,0,0,0,76,0,0,0,0,0,0,0,0,0,0,0,0,0,0,0,0,0,0,0,0,10974,1308,1045,71,2.5,0,0,0,15.0,13.5,62.4,3.6,13.6,74.20,279.37,16.04,1.20,87.25,88.45,0.00,767,17,1.6,0.0,0,0,0.0,0.0,0,35.5,0.000,
14.10.2025,11:55:26.629,24375,45041,35.1,18578,46742,28.4,0.0,1.062,1.052,1.052,1.033,1.060,1.057,1.104,1.104,1.055,1.057,1.057,1.057,1.057,1.251,3657.7,3890.5,3890.5,3790.7,3790.7,3890.5,3990.2,3990.2,3890.5,3192.2,3192.2,3192.2,3192.2,99.8,3491.5,3691.2,3805.9,3817.2,3820.4,3820.4,3826.6,3824.9,3827.4,3826.1,3824.4,3824.7,3819.2,3814.5,3830.3,3827.9,3822.2,3827.3,3153.2,3167.1,3170.9,3172.9,3748.9,99.9,99.9,99.9,99.9,99.8,99.9,99.9,99.9,99.9,100.0,99.9,99.7,99.6,100.0,99.9,99.9,99.9,99.7,99.9,99.9,99.9,100.0,99.9,100.0,103.1,106.7,106.6,106.7,106.6,106.7,106.7,106.8,106.7,106.8,106.7,106.5,106.4,106.8,106.7,106.7,106.7,88.6,88.7,88.7,88.7,103.1,36.7,39.0,39.0,38.0,38.0,39.0,40.0,40.0,39.0,32.0,32.0,32.0,32.0,35.0,84,88,84,90,85,89,84,82,89,78,78,78,78,16,12,16,10,15,11,16,18,11,22,22,22,22,90,90,Yes,No,No,Yes,No,No,No,No,Yes,No,No,No,No,No,No,No,No,No,No,No,No,No,No,No,No,No,No,No,No,No,No,No,No,No,No,No,No,No,No,Yes,No,No,86,86,41,0.000,0.000,0.000,0.000,0.000,0.000,0.000,1.250,93.572,112.506,100.533,10.063,0.882,150.0,175.0,104.000,0.0,99.5,99.3,99.6,99.6,99.6,99.7,99.7,99.7,99.7,99.7,99.7,99.5,99.4,99.8,99.7,99.6,99.7,98.8,99.3,99.4,99.5,0.1,0.0,0.0,0.0,0.0,0.0,0.1,0.0,0.0,0.2,0.1,0.1,0.1,0.0,0.0,0.0,0.0,0.0,0.0,0.0,0.0,0.0,0.0,0.0,0.0,0.0,0.0,0.0,0.0,0.0,0.0,0.0,0.0,0.0,0.0,2793.2,28.00,36,36,36,76,112,447,2,2,Yes,No,Yes,No,No,No,No,No,No,No,No,No,No,No,No,No,No,No,No,No,No,No,No,No,No,No,No,Yes,No,Yes,No,No,No,No,No,No,No,No,30,42,30,89,78,42,1.083,5.080,3.424,3.328,12.192,2.024,0.704,3.424,3.200,1.072,1.264,1.648,1.064,1.000,1.000,0.928,1.824,1800,2002,3435,42.0,41.0,37.0,1.120,59.000,36.0,1.260,1.260,1.800,1.800,1.125,4.970,1.750,No,No,No,1.260,1.260,1.800,1.800,1.125,5.040,2.125,No,No,No,50,50,59,100.0,100.0,No,No,14698,23903,30,30,No,No,1299,631,2.4,0.1,2.5,5.480,0.405,16073,38114,0.0,0.0,0.0,0.000,0.000,0,27.7,30.0,30.6,84.0,0.910,12.164,12.151,12.168,12.172,0,0,11.214,5.913,10.620,11.061,3.980,0.441,7.619,7.671,210.0,50.6,1185.0,42.8,1290.0,0.0,9.0,0.0,0.0,10.6,0.0,0.2,0.0,0.0,0.0,0.0,0,0,Yes,No,No,No,No,Yes,No,5.5,7.5,3,0,0,0,0,0,0,0,0,76,0,0,0,0,0,0,0,0,0,0,0,0,0,0,0,0,0,0,0,0,10974,1308,1045,71,2.5,0,0,0,15.0,10.0,112.4,1.9,10.2,99.70,515.02,8.90,1.32,227.55,228.85,0.00,767,17,0.6,0.5,0,0,0.0,0.0,0,35.5,0.000,
14.10.2025,11:55:28.641,24374,45042,35.1,18580,46740,28.4,0.0,1.051,1.021,1.023,1.025,1.000,1.031,1.027,1.047,1.089,1.088,1.088,1.088,1.088,1.251,3599.5,3790.7,3790.7,3790.7,3691.0,3790.7,3790.7,3890.5,3890.5,3192.2,3192.2,3192.2,3192.2,99.8,3391.7,3679.4,3794.3,3801.3,3807.9,3806.0,3813.0,3811.5,3810.3,3810.6,3809.2,3811.7,3812.2,3811.9,3812.9,3810.7,3803.6,3809.8,3151.8,3163.7,3167.5,3167.3,3736.2,99.9,100.0,99.9,99.9,99.8,100.0,100.0,99.9,99.9,100.0,100.0,100.0,99.9,100.0,100.0,100.0,100.0,99.9,99.9,100.0,100.0,100.0,99.9,100.0,102.8,106.3,106.2,106.3,106.2,106.4,106.4,106.3,106.3,106.4,106.4,106.4,106.4,106.4,106.4,106.4,106.4,88.6,88.6,88.6,88.6,102.8,36.1,38.0,38.0,38.0,37.0,38.0,38.0,39.0,39.0,32.0,32.0,32.0,32.0,34.0,83,86,84,90,87,87,87,81,82,78,78,78,78,17,14,16,10,13,13,13,19,18,22,22,22,22,91,90,Yes,No,No,Yes,No,No,No,No,Yes,No,No,No,No,No,No,No,No,No,No,No,No,No,No,No,No,No,No,No,No,No,No,No,No,No,No,No,No,No,No,Yes,No,No,90,90,41,0.000,0.000,0.000,0.000,0.000,0.000,0.000,1.250,106.259,111.988,100.080,10.020,0.861,150.0,175.0,120.000,0.0,99.6,99.4,99.5,99.7,99.6,99.8,99.7,99.7,99.7,99.7,99.7,99.8,99.8,99.8,99.8,99.6,99.8,99.0,99.4,99.5,99.5,0.0,0.0,0.0,0.0,0.0,0.0,0.0,0.0,0.0,0.1,0.0,0.0,0.0,0.0,0.0,0.0,0.0,0.0,0.0,0.0,0.0,0.0,0.0,0.0,0.0,0.0,0.0,0.0,0.0,0.0,0.0,0.0,0.0,0.0,0.0,2793.2,28.00,36,36,36,76,112,447,2,2,Yes,No,Yes,No,No,No,No,No,No,No,No,No,No,No,No,No,No,No,No,No,No,No,No,No,No,No,No,Yes,No,Yes,No,No,No,No,No,No,No,No,30,42,30,89,79,43,1.083,5.040,3.424,3.328,12.192,2.024,0.704,3.424,3.200,1.072,1.264,1.648,1.064,1.000,1.000,0.928,1.824,1804,1979,3461,43.0,41.0,37.0,1.090,64.000,36.0,1.260,1.260,1.800,1.800,1.125,4.970,2.750,No,No,No,1.260,1.260,1.800,1.800,1.125,4.970,2.625,No,No,No,50,50,61,100.0,100.0,No,No,14698,23903,30,30,No,No,1299,631,2.6,0.2,2.8,5.699,0.793,16083,38116,0.0,0.0,0.0,0.000,0.000,0,27.7,30.0,30.5,84.0,0.910,12.164,12.153,12.167,12.172,0,0,11.173,5.748,10.349,10.610,3.713,0.261,7.621,7.680,210.0,50.6,1185.0,49.1,1290.0,0.0,6.0,0.0,0.0,10.6,0.0,0.2,0.0,0.0,0.0,0.0,0,0,Yes,No,No,No,No,Yes,No,5.3,7.3,3,0,0,0,0,0,0,0,0,76,0,0,0,0,0,0,0,0,0,0,0,0,0,0,0,0,0,0,0,0,10974,1308,1045,71,2.5,0,0,0,15.0,9.1,62.7,1.9,9.2,110.04,528.04,15.95,1.24,184.07,185.34,0.00,767,17,0.1,0.0,0,0,0.0,0.0,0,35.8,0.000,
14.10.2025,11:55:30.632,24369,45047,35.1,18578,46742,28.4,0.0,1.049,1.047,1.064,1.105,1.073,1.055,1.032,1.042,1.026,1.037,1.037,1.037,1.036,1.251,3649.4,3890.5,3890.5,3990.2,3990.2,3890.5,3790.7,3790.7,3790.7,3192.2,3192.2,3192.2,3192.2,99.8,3491.5,3670.8,3784.9,3790.1,3797.8,3796.4,3800.3,3801.4,3801.6,3800.5,3797.3,3799.4,3802.4,3803.2,3803.7,3802.9,3796.5,3803.9,3149.2,3159.8,3163.4,3161.3,3727.3,100.0,100.0,99.9,100.0,99.9,100.0,100.0,100.0,99.9,99.9,99.9,100.0,100.0,100.0,100.0,100.0,100.0,99.9,99.9,100.0,100.0,100.0,100.0,100.0,102.5,106.0,105.9,106.0,105.9,106.0,106.0,106.0,106.0,106.0,106.0,106.0,106.0,106.0,106.0,106.0,106.0,88.4,88.4,88.5,88.4,102.5,36.6,39.0,39.0,40.0,40.0,39.0,38.0,38.0,38.0,32.0,32.0,32.0,32.0,35.0,84,85,86,88,87,89,89,81,87,78,78,78,78,16,15,14,12,13,11,11,19,13,22,22,22,22,91,89,Yes,No,No,Yes,No,No,No,No,No,No,No,No,No,No,No,No,No,No,No,No,No,No,No,No,No,No,No,No,No,No,No,No,No,No,No,No,No,No,No,Yes,No,No,90,90,41,0.000,0.000,0.000,0.000,0.000,0.000,0.000,1.250,85.642,112.566,100.470,10.155,0.909,150.0,175.0,88.000,0.0,99.6,99.4,99.5,99.7,99.7,99.8,99.8,99.8,99.7,99.7,99.7,99.8,99.8,99.8,99.8,99.6,99.8,99.1,99.4,99.5,99.5,0.0,0.0,0.0,0.0,0.0,0.0,0.0,0.0,0.0,0.0,0.1,0.0,0.0,0.0,0.0,0.0,0.0,0.0,0.0,0.0,0.0,0.0,0.0,0.0,0.0,0.0,0.0,0.0,0.0,0.0,0.0,0.0,0.0,0.0,0.0,2793.2,28.00,36,36,36,76,112,447,2,2,Yes,No,Yes,No,No,No,No,No,No,No,No,No,No,No,No,No,No,No,No,No,No,No,No,No,No,No,No,Yes,No,Yes,No,No,No,No,No,No,No,No,30,42,30,89,79,42,1.092,5.040,3.424,3.328,12.192,2.024,0.704,3.424,3.200,1.072,1.264,1.648,1.064,1.000,1.000,0.928,1.824,1804,1988,3470,42.0,41.0,37.0,1.090,59.000,36.0,1.260,1.260,1.800,1.800,1.125,4.970,1.875,No,No,No,1.260,1.260,1.800,1.800,1.125,4.970,2.000,No,No,No,50,50,62,100.0,100.0,No,No,14698,23903,30,30,No,No,1299,631,2.0,0.0,2.0,3.308,0.495,16090,38117,0.0,0.0,0.0,0.000,0.000,0,27.7,30.0,30.6,84.0,0.910,12.165,12.155,12.168,12.173,0,0,11.220,5.848,10.728,10.951,3.810,0.232,7.536,7.678,210.0,50.6,1185.0,47.8,1290.0,0.0,17.0,0.0,0.0,10.6,0.0,0.2,0.0,0.0,0.0,0.0,0,0,Yes,No,No,No,No,Yes,No,5.5,7.4,3,0,0,0,0,0,0,0,0,76,0,0,0,0,0,0,0,0,0,0,0,0,0,0,0,0,0,0,0,0,10974,1308,1045,71,2.5,0,0,0,15.0,8.0,104.4,1.9,8.1,125.11,530.69,9.58,1.38,220.95,222.31,0.00,767,17,0.1,0.1,0,0,0.0,0.0,0,35.8,0.000,
14.10.2025,11:55:32.628,24465,44952,35.2,18599,46721,28.4,0.0,1.057,1.057,1.053,1.033,1.048,1.033,1.035,1.056,1.086,1.076,1.075,1.075,1.052,1.251,3616.2,3890.5,3890.5,3790.7,3790.7,3790.7,3790.7,3790.7,3890.5,3192.2,3192.2,3192.2,3192.2,99.8,3491.5,3678.3,3794.3,3801.5,3804.3,3809.7,3811.1,3814.1,3808.2,3812.5,3805.0,3809.3,3805.4,3809.2,3813.6,3814.0,3804.0,3811.8,3150.9,3162.2,3164.5,3159.6,3735.6,99.9,100.0,100.0,99.9,99.9,100.0,100.0,99.9,99.9,100.0,99.9,100.0,99.9,100.0,99.9,99.9,99.9,99.9,100.0,100.0,99.9,100.0,99.9,100.0,102.8,106.4,106.4,106.3,106.4,106.4,106.4,106.4,106.4,106.4,106.4,106.4,106.3,106.5,106.4,106.4,106.4,88.6,88.6,88.6,88.6,102.8,36.2,39.0,39.0,38.0,38.0,38.0,38.0,38.0,39.0,32.0,32.0,32.0,32.0,35.0,83,85,83,91,83,88,88,81,84,77,77,77,77,17,15,17,9,17,12,12,19,16,23,23,23,23,91,91,Yes,No,No,Yes,No,Yes,Yes,No,Yes,No,No,No,No,No,No,No,No,No,No,No,No,No,No,No,No,No,No,No,No,No,No,No,No,No,No,No,No,No,No,Yes,No,No,89,89,41,0.000,0.000,0.000,0.000,0.000,0.000,0.000,1.250,80.884,110.935,98.881,10.127,0.902,150.0,175.0,88.000,0.0,99.5,99.3,99.5,99.5,99.7,99.7,99.8,99.6,99.7,99.5,99.6,99.5,99.6,99.7,99.7,99.5,99.7,99.0,99.4,99.4,99.3,0.0,0.0,0.0,0.0,0.0,0.0,0.0,0.0,0.0,0.0,0.0,0.0,0.1,0.0,0.0,0.0,0.0,0.0,0.0,0.0,0.0,0.0,0.0,0.0,0.0,0.0,0.0,0.0,0.0,0.0,0.0,0.0,0.0,0.0,0.0,2793.2,28.00,36,36,36,76,112,447,2,2,Yes,No,Yes,No,No,No,No,No,No,No,No,No,No,No,No,No,No,No,No,No,No,No,No,No,No,No,No,Yes,No,Yes,No,No,No,No,No,No,No,No,30,42,30,90,79,43,1.074,5.040,3.424,3.328,12.192,2.024,0.704,3.424,3.200,1.072,1.264,1.648,1.064,1.000,1.000,0.928,1.824,1800,1988,3488,42.0,41.0,38.0,1.110,61.000,36.0,1.260,1.260,1.800,1.800,1.125,4.970,1.250,No,No,No,1.260,1.260,1.800,1.800,1.125,4.970,1.500,No,No,No,50,50,63,100.0,100.0,No,No,14698,23903,30,30,No,No,1299,631,2.6,0.2,2.7,4.873,0.623,16099,38118,0.0,0.0,0.0,0.000,0.000,0,27.7,30.0,30.7,84.0,0.910,12.166,12.155,12.169,12.173,0,0,11.044,5.857,10.731,10.976,3.835,0.256,7.527,7.673,210.0,50.6,1185.0,42.6,1290.0,0.0,17.0,0.0,0.0,10.6,0.0,0.1,0.0,0.0,0.0,0.0,0,0,Yes,No,No,No,No,Yes,No,5.5,7.4,3,0,0,0,0,0,0,0,0,76,0,0,0,0,0,0,0,0,0,0,0,0,0,0,0,0,0,0,0,0,10974,1308,1045,71,2.5,0,0,0,15.0,7.2,62.5,1.9,7.3,138.05,531.89,16.00,1.31,220.84,222.15,0.00,767,17,0.1,0.1,0,0,0.0,0.0,0,35.8,0.000,
14.10.2025,11:55:34.636,24368,45048,35.1,18582,46738,28.4,0.0,1.050,1.040,1.036,1.035,1.027,1.058,1.067,1.055,1.029,1.067,1.067,1.067,1.057,1.251,3616.2,3790.7,3790.7,3790.7,3790.7,3890.5,3890.5,3890.5,3790.7,3192.2,3192.2,3192.2,3192.2,99.8,3391.7,3691.7,3806.6,3816.1,3818.8,3821.2,3823.6,3823.9,3825.0,3824.5,3816.8,3822.6,3824.8,3824.7,3826.9,3826.4,3820.3,3827.4,3161.8,3172.5,3174.3,3175.3,3749.1,100.0,100.0,100.0,99.9,100.0,99.9,100.0,100.0,100.0,100.0,100.0,100.0,100.0,100.0,100.0,100.0,100.0,100.0,100.0,100.0,100.0,100.0,100.0,100.0,103.1,106.6,106.6,106.6,106.7,106.7,106.7,106.7,106.7,106.7,106.7,106.7,106.7,106.7,106.7,106.7,106.7,88.8,88.8,88.8,88.8,103.1,36.2,38.0,38.0,38.0,38.0,39.0,39.0,39.0,38.0,32.0,32.0,32.0,32.0,34.0,83,85,83,91,87,89,88,80,86,78,78,78,78,17,15,17,9,13,11,12,20,14,22,22,22,22,90,91,Yes,No,No,Yes,No,Yes,Yes,No,No,No,No,No,No,No,No,No,No,No,No,No,No,No,No,No,No,No,No,No,No,No,No,No,No,No,No,No,No,No,No,Yes,No,No,90,90,41,0.000,0.000,0.000,0.000,0.000,0.000,0.000,1.250,93.572,111.553,99.474,10.141,0.907,150.0,175.0,104.000,0.0,99.6,99.4,99.6,99.7,99.7,99.7,99.8,99.8,99.8,99.6,99.7,99.7,99.7,99.8,99.8,99.6,99.8,99.1,99.4,99.5,99.5,0.0,0.0,0.0,0.0,0.0,0.0,0.0,0.0,0.0,0.0,0.0,0.0,0.0,0.0,0.0,0.0,0.0,0.0,0.0,0.0,0.0,0.0,0.0,0.0,0.0,0.0,0.0,0.0,0.0,0.0,0.0,0.0,0.0,0.0,0.0,2793.2,28.00,36,36,36,76,112,447,2,2,Yes,No,Yes,No,No,No,No,No,No,No,No,No,No,No,No,No,No,No,No,No,No,No,No,No,No,No,No,Yes,No,Yes,No,No,No,No,No,No,No,No,30,43,30,90,79,42,1.048,5.080,3.424,3.328,12.192,2.024,0.704,3.424,3.200,1.072,1.264,1.648,1.064,1.000,1.000,0.928,1.824,1800,1982,3452,43.0,41.0,38.0,1.120,59.000,36.0,1.260,1.260,1.800,1.800,1.125,4.970,2.125,No,No,No,1.260,1.260,1.800,1.815,1.125,4.970,1.250,No,No,No,50,50,63,100.0,100.0,No,No,14698,23903,30,30,No,No,1299,631,0.7,0.1,0.8,1.638,0.375,16102,38119,0.0,0.0,0.0,0.000,0.000,0,27.6,30.0,30.6,84.0,0.910,12.163,12.149,12.167,12.172,0,0,11.136,5.816,10.439,10.792,3.834,0.357,7.605,7.687,210.0,50.6,1185.0,46.1,1290.0,0.0,24.0,0.0,0.0,10.6,0.0,0.2,0.0,0.0,0.0,0.0,0,0,Yes,No,No,No,No,Yes,No,5.4,7.4,3,0,0,0,0,0,0,0,0,76,0,0,0,0,0,0,0,0,0,0,0,0,0,0,0,0,0,0,0,0,10974,1308,1045,71,2.5,0,0,0,15.0,6.6,133.9,1.9,6.4,150.48,529.61,7.47,1.35,208.42,209.77,0.00,767,17,0.1,0.1,0,0,0.0,0.0,0,35.8,0.000,
14.10.2025,11:55:36.626,24374,45042,35.1,18590,46730,28.4,0.0,1.036,1.040,1.035,1.040,1.057,1.089,1.077,1.058,1.041,0.998,1.001,0.996,1.001,1.251,3599.5,3790.7,3790.7,3790.7,3790.7,4090.0,3890.5,3890.5,3790.7,3092.4,3092.4,3092.4,3092.4,99.8,3391.7,3679.0,3791.4,3801.8,3804.2,3805.9,3806.8,3809.0,3808.7,3810.4,3807.2,3808.9,3809.5,3811.0,3811.7,3812.0,3804.8,3810.2,3156.5,3169.5,3170.2,3170.4,3735.5,100.0,99.9,100.0,100.0,100.0,99.9,100.0,100.0,100.0,100.0,100.0,99.9,100.0,100.0,100.0,100.0,100.0,99.9,100.0,100.0,100.0,100.0,100.0,100.0,102.7,106.2,106.2,106.2,106.2,106.2,106.3,106.2,106.3,106.2,106.2,106.2,106.2,106.2,106.3,106.2,106.2,88.6,88.7,88.6,88.7,102.7,36.1,38.0,38.0,38.0,38.0,41.0,39.0,39.0,38.0,31.0,31.0,31.0,31.0,34.0,83,84,83,90,87,89,82,84,86,78,78,78,78,17,16,17,10,13,11,18,16,14,22,22,22,22,88,90,Yes,No,No,Yes,No,No,Yes,No,Yes,No,No,No,No,No,No,No,No,No,No,No,No,No,No,No,No,No,No,No,No,No,No,No,No,No,No,No,No,No,No,Yes,No,No,90,90,41,0.000,0.000,0.000,0.000,0.000,0.000,0.000,1.250,93.572,112.301,100.308,10.079,0.885,150.0,175.0,96.000,0.0,99.6,99.4,99.6,99.7,99.7,99.7,99.8,99.8,99.8,99.7,99.7,99.7,99.8,99.8,99.8,99.6,99.8,99.1,99.5,99.5,99.5,0.0,0.0,0.0,0.0,0.0,0.0,0.0,0.0,0.0,0.0,0.0,0.0,0.0,0.0,0.0,0.0,0.0,0.0,0.0,0.0,0.0,0.0,0.0,0.0,0.0,0.0,0.0,0.0,0.0,0.0,0.0,0.0,0.0,0.0,0.0,2793.2,28.00,36,36,36,76,112,447,2,2,Yes,No,Yes,No,No,No,No,No,No,No,No,No,No,No,No,No,No,No,No,No,No,No,No,No,No,No,No,Yes,No,Yes,No,No,No,No,No,No,No,No,30,43,30,89,78,42,1.066,5.080,3.424,3.328,12.192,2.024,0.704,3.424,3.200,1.072,1.264,1.648,1.064,1.000,1.000,0.928,1.824,1804,1994,3400,42.0,41.0,38.0,1.120,62.000,36.2,1.260,1.260,1.800,1.800,1.155,4.970,2.125,No,No,No,1.260,1.260,1.800,1.800,1.185,4.970,2.125,No,No,No,50,50,63,100.0,100.0,No,No,14698,23903,30,30,No,No,1299,631,1.9,0.1,2.0,4.154,0.559,16110,38120,0.0,0.0,0.0,0.000,0.000,0,27.6,30.0,30.4,84.0,0.910,12.161,12.147,12.166,12.171,0,0,11.301,5.867,10.599,10.974,3.907,0.376,7.528,7.682,210.0,50.6,1185.0,50.5,1290.0,0.0,14.0,0.0,0.0,10.6,0.0,0.2,0.0,0.0,0.0,0.0,0,0,Yes,No,No,No,No,Yes,No,5.5,7.3,3,0,0,0,0,0,0,0,0,76,0,0,0,0,0,0,0,0,0,0,0,0,0,0,0,0,0,0,0,0,10974,1308,1045,71,2.5,0,0,0,15.0,6.6,64.2,2.0,6.3,152.23,495.00,15.59,1.43,167.07,168.48,0.00,767,17,0.4,0.3,0,0,0.0,0.0,0,35.8,0.000,
14.10.2025,11:55:38.635,24373,45044,35.1,18588,46732,28.4,0.0,1.059,1.043,1.046,1.024,1.036,1.054,1.075,1.075,1.075,1.065,1.065,1.077,1.077,1.251,3632.8,3890.5,3890.5,3790.7,3790.7,3790.7,3890.5,3890.5,3890.5,3192.2,3192.2,3192.2,3192.2,99.8,3491.5,3680.8,3793.7,3802.9,3808.6,3812.6,3814.3,3814.7,3810.7,3811.7,3809.5,3812.6,3812.7,3813.7,3812.2,3812.3,3804.9,3812.3,3154.7,3166.2,3168.4,3167.4,3737.8,100.0,99.9,99.9,99.9,100.0,100.0,100.0,99.9,100.0,100.0,100.0,100.0,100.0,100.0,100.0,100.0,100.0,100.0,100.0,100.0,100.0,100.0,100.0,100.0,102.8,106.3,106.3,106.3,106.4,106.4,106.4,106.3,106.3,106.4,106.4,106.4,106.4,106.4,106.4,106.4,106.4,88.7,88.7,88.7,88.6,102.8,36.4,39.0,39.0,38.0,38.0,38.0,39.0,39.0,39.0,32.0,32.0,32.0,32.0,35.0,83,86,84,91,87,88,85,81,87,77,77,78,78,17,14,16,9,13,12,15,19,13,23,23,22,22,90,91,Yes,No,No,Yes,No,Yes,No,No,No,No,No,No,No,No,No,No,No,No,No,No,No,No,No,No,No,No,No,No,No,No,No,No,No,No,No,No,No,No,No,Yes,No,No,89,89,41,0.000,0.000,0.000,0.000,0.000,0.000,0.000,1.250,93.572,111.382,99.490,10.007,0.855,150.0,175.0,96.000,0.0,99.6,99.3,99.5,99.6,99.8,99.8,99.8,99.7,99.8,99.7,99.8,99.8,99.8,99.8,99.8,99.6,99.8,99.1,99.5,99.5,99.5,0.0,0.0,0.0,0.0,0.0,0.0,0.0,0.0,0.0,0.0,0.0,0.0,0.0,0.0,0.0,0.0,0.0,0.0,0.0,0.0,0.0,0.0,0.0,0.0,0.0,0.0,0.0,0.0,0.0,0.0,0.0,0.0,0.0,0.0,0.0,2793.2,28.00,36,36,36,76,112,447,2,2,Yes,No,Yes,No,No,No,No,No,No,No,No,No,No,No,No,No,No,No,No,No,No,No,No,No,No,No,No,Yes,No,Yes,No,No,No,No,No,No,No,No,30,43,30,89,78,42,1.083,5.040,3.424,3.328,12.192,2.024,0.704,3.424,3.200,1.072,1.264,1.648,1.064,1.000,1.000,0.928,1.824,1802,1988,3506,43.0,41.0,38.0,1.130,60.000,36.2,1.260,1.260,1.800,1.800,1.155,4.970,2.250,No,No,No,1.260,1.260,1.800,1.800,1.155,4.970,2.500,No,No,No,50,50,63,100.0,100.0,No,No,14698,23903,30,30,No,No,1299,631,1.4,1.6,3.1,3.161,0.552,16116,38121,0.0,0.0,0.0,0.000,0.000,0,27.5,30.0,30.3,84.0,0.910,12.162,12.149,12.166,12.171,0,0,11.083,5.838,10.617,10.876,3.809,0.267,7.605,7.691,210.0,50.6,1185.0,43.2,1290.0,0.0,13.0,0.0,0.0,10.6,0.0,0.2,0.0,0.0,0.0,0.0,0,0,Yes,No,No,No,No,Yes,No,5.4,7.4,3,0,0,0,0,0,0,0,0,76,0,0,0,0,0,0,0,0,0,0,0,0,0,0,0,0,0,0,0,0,10974,1308,1045,71,2.5,0,0,0,15.0,6.2,135.6,1.8,6.3,160.71,546.09,7.38,1.35,219.02,220.34,0.00,767,17,0.5,0.4,0,0,0.0,0.0,0,36.0,0.000,
14.10.2025,11:55:40.629,24367,45049,35.1,18585,46735,28.4,0.0,1.069,1.037,1.057,1.042,1.041,1.058,1.039,1.041,1.080,1.111,1.111,1.106,1.106,1.251,3632.8,3790.7,3790.7,3790.7,3790.7,3790.7,3790.7,3790.7,3890.5,3291.9,3291.9,3291.9,3291.9,99.8,3391.7,3684.5,3797.8,3808.9,3813.3,3814.3,3815.5,3815.7,3815.1,3816.9,3813.3,3815.5,3815.3,3816.8,3816.3,3816.3,3809.7,3816.9,3158.1,3170.2,3171.8,3171.7,3741.4,100.0,99.9,100.0,100.0,100.0,100.0,100.0,99.9,100.0,100.0,99.9,99.9,100.0,99.9,99.9,99.9,100.0,100.0,100.0,100.0,100.0,100.0,100.0,100.0,102.9,106.4,106.4,106.5,106.4,106.4,106.4,106.4,106.5,106.4,106.4,106.4,106.5,106.4,106.5,106.4,106.5,88.7,88.7,88.7,88.7,102.9,36.4,38.0,38.0,38.0,38.0,38.0,38.0,38.0,39.0,33.0,33.0,33.0,33.0,34.0,83,85,83,91,85,86,89,81,86,78,78,78,78,17,15,17,9,15,14,11,19,14,22,22,22,22,90,91,Yes,No,No,Yes,No,No,No,No,Yes,No,No,No,No,No,No,No,No,No,No,No,No,No,No,No,No,No,No,No,No,No,No,No,No,No,No,No,No,No,No,Yes,No,No,91,91,41,0.000,0.000,0.000,0.000,0.000,0.000,0.000,1.250,87.228,111.863,99.897,10.062,0.877,150.0,175.0,88.000,0.0,99.6,99.3,99.6,99.7,99.7,99.8,99.8,99.7,99.8,99.7,99.7,99.7,99.8,99.8,99.8,99.6,99.8,99.1,99.5,99.5,99.5,0.0,0.0,0.0,0.0,0.0,0.0,0.0,0.0,0.0,0.0,0.0,0.0,0.0,0.0,0.0,0.0,0.0,0.0,0.0,0.0,0.0,0.0,0.0,0.0,0.0,0.0,0.0,0.0,0.0,0.0,0.0,0.0,0.0,0.0,0.0,2793.2,28.00,36,36,36,76,112,447,2,2,Yes,No,Yes,No,No,No,No,No,No,No,No,No,No,No,No,No,No,No,No,No,No,No,No,No,No,No,No,Yes,No,Yes,No,No,No,No,No,No,No,No,30,43,30,90,78,42,1.074,5.040,3.424,3.328,12.192,2.024,0.704,3.424,3.200,1.072,1.264,1.648,1.064,1.000,1.000,0.928,1.824,1800,2000,3497,41.0,41.0,38.0,1.085,57.000,36.2,1.260,1.260,1.800,1.800,1.155,4.970,1.500,No,No,No,1.260,1.260,1.800,1.800,1.155,4.970,2.000,No,No,No,50,50,64,100.0,100.0,No,No,14698,23903,30,30,No,No,1299,631,1.4,0.1,1.5,2.244,0.672,16120,38122,0.0,0.0,0.0,0.000,0.000,0,27.5,30.0,30.4,84.0,0.910,12.162,12.148,12.166,12.172,0,0,10.811,5.755,10.350,10.657,3.761,0.308,7.525,7.684,210.0,50.6,1185.0,41.5,1290.0,0.0,5.0,0.0,0.0,10.6,0.0,0.1,0.0,0.0,0.0,0.0,0,0,Yes,No,No,No,No,Yes,No,5.3,7.2,3,0,0,0,0,0,0,0,0,76,0,0,0,0,0,0,0,0,0,0,0,0,0,0,0,0,0,0,0,0,10974,1308,1045,71,2.5,0,0,0,15.0,6.0,64.3,1.9,5.8,166.23,529.08,15.55,1.28,200.37,201.68,0.00,767,17,0.2,0.2,0,0,0.0,0.0,0,36.0,0.000,
14.10.2025,11:55:42.633,24361,45055,35.0,18584,46737,28.4,0.0,1.046,1.043,1.075,1.076,1.071,1.062,1.054,1.031,1.044,1.025,1.025,1.025,1.025,1.251,3649.4,3890.5,3890.5,3890.5,3890.5,3890.5,3890.5,3790.7,3890.5,3192.2,3192.2,3192.2,3192.2,99.8,3491.5,3685.3,3795.5,3806.0,3812.7,3814.0,3815.7,3816.4,3817.4,3815.8,3814.3,3817.1,3818.8,3819.1,3821.4,3821.3,3813.8,3819.6,3156.5,3168.9,3171.4,3170.6,3742.5,100.0,99.9,99.9,100.0,100.0,99.9,100.0,100.0,99.9,100.0,99.9,100.0,100.0,100.0,100.0,100.0,99.9,100.0,100.0,100.0,100.0,100.0,100.0,100.0,102.9,106.4,106.3,106.4,106.4,106.4,106.5,106.5,106.4,106.5,106.5,106.5,106.5,106.5,106.5,106.5,106.5,88.7,88.7,88.7,88.7,102.9,36.6,39.0,39.0,39.0,39.0,39.0,39.0,38.0,39.0,32.0,32.0,32.0,32.0,35.0,83,84,81,90,84,87,89,81,89,77,77,77,78,17,16,19,10,16,13,11,19,11,23,23,23,22,91,90,Yes,No,No,Yes,No,Yes,Yes,No,Yes,No,No,No,No,No,No,No,No,No,No,No,No,No,No,No,No,No,No,No,No,No,No,No,No,No,No,No,No,No,No,Yes,No,No,91,91,41,0.000,0.000,0.000,0.000,0.000,0.000,0.000,1.250,98.330,112.415,100.454,10.057,0.874,150.0,175.0,104.000,0.0,99.6,99.3,99.5,99.7,99.7,99.7,99.8,99.8,99.7,99.7,99.7,99.8,99.8,99.8,99.8,99.6,99.8,99.0,99.4,99.5,99.5,0.0,0.0,0.0,0.0,0.0,0.0,0.0,0.0,0.0,0.0,0.0,0.0,0.0,0.0,0.0,0.0,0.0,0.0,0.0,0.0,0.0,0.0,0.0,0.0,0.0,0.0,0.0,0.0,0.0,0.0,0.0,0.0,0.0,0.0,0.0,2793.2,28.00,36,36,36,76,112,447,2,2,Yes,No,Yes,No,No,No,No,No,No,No,No,No,No,No,No,No,No,No,No,No,No,No,No,No,No,No,No,Yes,No,Yes,No,No,No,No,No,No,No,No,30,43,30,89,78,42,1.083,5.040,3.424,3.328,12.192,2.024,0.704,3.424,3.200,1.072,1.264,1.648,1.064,1.000,1.000,0.928,1.824,1800,2000,3506,42.0,41.0,38.0,1.090,55.000,36.2,1.260,1.260,1.800,1.800,1.155,4.970,1.625,No,No,No,1.260,1.260,1.800,1.800,1.155,4.970,1.500,No,No,No,50,50,64,100.0,100.0,No,No,14698,23903,30,30,No,No,1299,631,0.8,0.1,0.9,2.042,0.374,16124,38123,0.0,0.0,0.0,0.000,0.000,0,27.5,30.0,30.4,84.0,0.910,12.162,12.148,12.166,12.172,0,0,11.042,5.763,10.353,10.682,3.773,0.332,7.526,7.676,210.0,50.6,1185.0,50.6,1290.0,0.0,5.0,0.0,0.0,10.6,0.0,0.2,0.0,0.0,0.0,0.0,0,0,Yes,No,No,No,No,Yes,No,5.3,7.1,3,0,0,0,0,0,0,0,0,76,0,0,0,0,0,0,0,0,0,0,0,0,0,0,0,0,0,0,0,0,10974,1308,1045,71,2.5,0,0,0,15.0,5.6,60.0,1.9,5.5,178.18,530.26,16.67,1.48,246.92,248.39,0.00,767,17,0.3,0.3,0,0,0.0,0.0,0,36.0,0.000,
14.10.2025,11:55:44.641,24367,45050,35.1,18583,46737,28.4,0.0,1.032,1.030,1.008,1.005,1.029,1.028,1.056,1.052,1.052,1.032,1.032,1.032,1.032,1.251,3582.9,3790.7,3691.0,3691.0,3790.7,3790.7,3890.5,3790.7,3790.7,3192.2,3192.2,3192.2,3192.2,99.8,3391.7,3681.0,3796.0,3802.0,3807.7,3809.1,3810.5,3811.3,3812.1,3811.9,3809.7,3811.7,3811.9,3812.1,3813.8,3813.8,3804.7,3810.6,3161.4,3168.7,3170.8,3170.8,3737.7,100.0,100.0,99.9,100.0,100.0,100.0,100.0,100.0,99.9,100.0,100.0,100.0,100.0,100.0,100.0,100.0,100.0,100.0,100.0,100.0,100.0,100.0,100.0,100.0,102.8,106.3,106.2,106.3,106.3,106.3,106.3,106.4,106.3,106.4,106.4,106.4,106.4,106.4,106.4,106.3,106.4,88.6,88.7,88.7,88.7,102.8,35.9,38.0,37.0,37.0,38.0,38.0,39.0,38.0,38.0,32.0,32.0,32.0,32.0,34.0,83,85,81,88,87,87,88,80,89,78,78,78,78,17,15,19,12,13,13,12,20,11,22,22,22,22,91,89,Yes,No,No,Yes,No,No,No,No,No,No,No,No,No,No,No,No,No,No,No,No,No,No,No,No,No,No,No,No,No,No,No,No,No,No,No,No,No,No,No,Yes,No,No,90,90,41,0.000,0.000,0.000,0.000,0.000,0.000,0.000,1.250,98.330,111.754,99.833,10.026,0.865,150.0,175.0,112.000,0.0,99.7,99.4,99.6,99.7,99.7,99.8,99.8,99.8,99.8,99.7,99.8,99.8,99.8,99.8,99.8,99.6,99.8,99.3,99.5,99.6,99.6,0.0,0.0,0.0,0.0,0.0,0.0,0.0,0.0,0.0,0.0,0.0,0.0,0.0,0.0,0.0,0.0,0.0,0.0,0.0,0.0,0.0,0.0,0.0,0.0,0.0,0.0,0.0,0.0,0.0,0.0,0.0,0.0,0.0,0.0,0.0,2793.2,28.00,36,36,36,76,112,447,2,2,Yes,No,Yes,No,No,No,No,No,No,No,No,No,No,No,No,No,No,No,No,No,No,No,No,No,No,No,No,Yes,No,Yes,No,No,No,No,No,No,No,No,30,43,30,89,79,43,1.048,5.080,3.424,3.328,12.192,2.024,0.696,3.424,3.200,1.072,1.264,1.648,1.064,1.000,1.000,0.928,1.824,1804,1988,3470,43.0,41.0,38.0,1.110,62.000,36.2,1.260,1.260,1.800,1.800,1.155,4.970,1.500,No,No,No,1.260,1.260,1.800,1.800,1.155,4.970,2.250,No,No,No,50,50,61,100.0,100.0,No,No,14698,23903,30,30,No,No,1299,631,0.4,0.3,0.8,1.129,2.848,16126,38128,0.0,0.0,0.0,0.000,0.000,0,27.5,32.0,30.4,84.0,0.910,12.160,12.145,12.165,12.170,0,0,11.089,5.858,10.686,10.973,3.858,0.294,7.517,7.676,210.0,50.6,1185.0,45.3,1290.0,0.0,17.0,0.0,0.0,10.6,0.0,0.2,0.0,0.0,0.0,0.0,0,0,Yes,No,No,No,No,Yes,No,5.5,7.3,3,0,0,0,0,0,0,0,0,76,0,0,0,0,0,0,0,0,0,0,0,0,0,0,0,0,0,0,0,0,10974,1308,1045,71,2.5,0,0,0,15.0,5.7,62.6,1.9,5.5,176.97,529.14,15.97,1.29,173.88,175.21,0.00,767,17,0.2,0.0,0,0,0.0,0.0,0,36.0,0.000,
14.10.2025,11:55:46.652,24366,45050,35.1,18590,46731,28.4,0.0,1.050,1.035,1.034,1.034,1.061,1.039,1.059,1.038,1.060,1.043,1.055,1.070,1.070,1.251,3599.5,3790.7,3790.7,3790.7,3790.7,3790.7,3890.5,3790.7,3790.7,3192.2,3192.2,3192.2,3192.2,99.8,3391.7,3685.3,3797.0,3807.5,3812.2,3812.7,3815.6,3815.4,3815.9,3816.0,3813.2,3817.0,3816.5,3816.0,3818.7,3818.4,3811.7,3817.8,3163.4,3171.8,3173.7,3174.7,3742.0,100.0,100.0,100.0,100.0,99.9,100.0,99.9,99.9,100.0,100.0,100.0,99.9,99.9,100.0,100.0,100.0,100.0,100.0,100.0,100.0,100.0,100.0,100.0,100.0,102.9,106.4,106.4,106.4,106.4,106.4,106.4,106.4,106.4,106.5,106.5,106.4,106.4,106.5,106.5,106.5,106.5,88.7,88.7,88.7,88.7,102.9,36.1,38.0,38.0,38.0,38.0,38.0,39.0,38.0,38.0,32.0,32.0,32.0,32.0,34.0,83,85,84,90,85,89,89,81,84,77,78,78,78,17,15,16,10,15,11,11,19,16,23,22,22,22,90,90,Yes,No,No,Yes,No,Yes,Yes,No,Yes,No,No,No,No,No,No,No,No,No,No,No,No,No,No,No,No,No,No,No,No,No,No,No,No,No,No,No,No,No,No,Yes,No,No,90,90,41,0.000,0.000,0.000,0.000,0.000,0.000,0.000,1.250,95.158,110.377,98.812,9.756,0.783,150.0,175.0,104.000,0.0,99.7,99.3,99.6,99.7,99.7,99.8,99.7,99.8,99.8,99.7,99.8,99.8,99.7,99.8,99.8,99.6,99.8,99.2,99.5,99.6,99.6,0.0,0.0,0.0,0.0,0.0,0.0,0.0,0.0,0.0,0.0,0.0,0.0,0.0,0.0,0.0,0.0,0.0,0.0,0.0,0.0,0.0,0.0,0.0,0.0,0.0,0.0,0.0,0.0,0.0,0.0,0.0,0.0,0.0,0.0,0.0,2793.2,28.00,36,36,36,76,112,447,2,2,Yes,No,Yes,No,No,No,No,No,No,No,No,No,No,No,No,No,No,No,No,No,No,No,No,No,No,No,No,Yes,No,Yes,No,No,No,No,No,No,No,No,30,43,30,89,79,42,1.039,5.040,3.424,3.328,12.192,2.024,0.696,3.424,3.200,1.072,1.264,1.648,1.064,1.000,1.000,0.928,1.824,1800,2005,3488,42.0,41.0,38.0,1.120,53.000,36.2,1.260,1.260,1.800,1.800,1.155,4.970,2.125,No,No,No,1.260,1.260,1.800,1.815,1.155,4.970,2.375,No,No,No,50,50,61,100.0,100.0,No,No,14698,23903,30,30,No,No,1299,631,0.9,1.8,2.7,1.732,11.098,16130,38149,0.0,0.0,0.0,0.000,0.000,0,27.5,30.0,30.4,84.0,0.910,12.161,12.148,12.165,12.171,0,0,10.904,5.773,10.353,10.668,3.761,0.316,7.636,7.676,210.0,50.6,1185.0,42.4,1290.0,2.0,21.0,0.0,0.0,10.6,0.0,0.2,0.0,0.0,0.0,0.0,0,0,Yes,No,No,No,No,Yes,No,5.3,7.8,3,0,0,0,0,0,0,0,0,76,0,0,0,0,0,0,0,0,0,0,0,0,0,0,0,0,0,0,0,0,10974,1308,1045,71,2.5,0,0,0,15.0,5.4,130.5,1.9,5.4,186.68,531.82,7.66,1.39,242.60,243.98,0.00,767,17,0.2,0.1,0,0,0.0,0.0,0,36.0,0.000,
14.10.2025,11:55:48.649,24371,45045,35.1,18584,46736,28.4,0.0,1.035,1.036,1.001,1.041,1.046,1.065,1.029,1.034,1.033,1.034,1.034,1.034,1.034,1.251,3582.9,3790.7,3691.0,3790.7,3790.7,3790.7,3790.7,3790.7,3790.7,3192.2,3192.2,3192.2,3192.2,99.8,3391.7,3686.0,3802.4,3810.4,3814.9,3814.8,3818.1,3817.9,3816.8,3818.1,3815.9,3817.1,3818.4,3817.6,3819.0,3818.7,3811.6,3812.9,3160.0,3170.9,3173.6,3171.5,3743.1,100.0,100.0,100.0,100.0,99.9,100.0,100.0,99.9,100.0,100.0,100.0,100.0,100.0,100.0,100.0,100.0,99.8,99.9,100.0,100.0,99.9,100.0,100.0,100.0,102.9,106.5,106.4,106.5,106.5,106.5,106.5,106.5,106.5,106.5,106.5,106.5,106.5,106.5,106.5,106.5,106.4,88.7,88.8,88.8,88.7,102.9,35.9,38.0,37.0,38.0,38.0,38.0,38.0,38.0,38.0,32.0,32.0,32.0,32.0,34.0,82,86,82,88,87,82,84,81,87,77,77,77,77,18,14,18,12,13,18,16,19,13,23,23,23,23,91,88,Yes,No,No,Yes,No,Yes,No,No,No,No,No,No,No,No,No,No,No,No,No,No,No,No,No,No,No,No,No,No,No,No,No,No,No,No,No,No,No,No,No,Yes,No,No,90,90,41,0.000,0.000,0.000,0.000,0.000,0.000,0.000,1.250,99.916,112.396,100.538,9.983,0.848,150.0,175.0,96.000,0.0,99.7,99.4,99.6,99.7,99.7,99.8,99.8,99.8,99.8,99.7,99.8,99.8,99.8,99.8,99.8,99.6,99.7,99.1,99.4,99.5,99.5,0.0,0.0,0.0,0.0,0.0,0.0,0.0,0.0,0.0,0.0,0.0,0.0,0.1,0.0,0.0,0.0,0.0,0.0,0.0,0.0,0.0,0.0,0.0,0.0,0.0,0.0,0.0,0.0,0.0,0.0,0.0,0.0,0.0,0.0,0.0,2793.2,28.00,36,36,36,76,112,447,2,2,Yes,No,Yes,No,No,No,No,No,No,No,No,No,No,No,No,No,No,No,No,No,No,No,No,No,No,No,No,Yes,No,Yes,No,No,No,No,No,No,No,No,30,43,30,89,79,41,1.083,5.040,3.424,3.328,12.192,2.024,0.696,3.424,3.200,1.072,1.264,1.648,1.064,1.000,1.000,0.928,1.824,1807,1997,3506,43.0,41.0,38.0,1.090,51.000,36.5,1.260,1.260,1.800,1.800,1.155,4.970,2.125,No,No,No,1.260,1.260,1.800,1.800,1.185,4.970,3.125,No,No,No,50,50,62,100.0,100.0,No,No,14698,23903,30,30,No,No,1299,631,2.0,0.5,2.5,2.151,4.069,16134,38157,0.0,0.0,0.0,0.000,0.000,0,27.5,30.0,30.3,84.0,0.910,12.161,12.147,12.166,12.171,0,0,11.321,5.862,10.575,10.937,3.895,0.371,7.582,7.677,210.0,50.6,1185.0,49.6,1290.0,0.0,2.0,0.0,0.0,10.6,0.0,0.2,0.0,0.0,0.0,0.0,0,0,Yes,No,No,No,No,Yes,No,5.5,7.4,3,0,0,0,0,0,0,0,0,76,0,0,0,0,0,0,0,0,0,0,0,0,0,0,0,0,0,0,0,0,10974,1308,1045,71,2.5,0,0,0,15.0,5.5,64.8,1.9,5.3,183.40,525.34,15.43,1.29,165.50,166.74,0.00,767,17,0.3,0.2,0,0,0.0,0.0,0,36.0,0.000,
14.10.2025,11:55:50.648,24364,45053,35.0,18587,46733,28.4,0.0,1.051,1.074,1.060,1.057,1.058,1.059,1.071,1.052,1.038,1.080,1.054,1.003,1.003,1.251,3624.5,3890.5,3890.5,3890.5,3890.5,3790.7,3890.5,3890.5,3790.7,3192.2,3192.2,3092.4,3092.4,99.8,3491.5,3687.2,3799.6,3811.0,3815.4,3816.3,3819.1,3818.9,3820.6,3820.4,3818.0,3820.4,3819.6,3821.5,3821.7,3823.0,3817.3,3824.9,3153.9,3165.5,3168.5,3167.8,3744.8,100.0,100.0,100.0,100.0,99.9,100.0,100.0,100.0,100.0,100.0,100.0,99.9,100.0,100.0,100.0,100.0,100.0,100.0,100.0,100.0,100.0,100.0,100.0,100.0,103.0,106.5,106.5,106.5,106.5,106.5,106.5,106.5,106.5,106.5,106.5,106.5,106.5,106.5,106.6,106.6,106.6,88.7,88.7,88.6,88.7,103.0,36.3,39.0,39.0,39.0,39.0,38.0,39.0,39.0,38.0,32.0,32.0,31.0,31.0,35.0,83,83,83,90,87,87,85,81,87,78,78,79,79,17,17,17,10,13,13,15,19,13,22,22,21,21,90,90,Yes,No,No,Yes,No,Yes,Yes,No,Yes,No,No,No,No,No,No,No,No,No,No,No,No,No,No,No,No,No,No,No,No,No,No,No,No,No,No,No,No,No,No,Yes,No,No,91,91,41,0.000,0.000,0.000,0.000,0.000,0.000,0.000,1.250,93.572,112.685,100.765,10.023,0.862,150.0,175.0,104.000,0.0,99.6,99.3,99.6,99.7,99.7,99.8,99.7,99.8,99.8,99.7,99.8,99.7,99.8,99.8,99.8,99.6,99.8,99.0,99.4,99.5,99.5,0.0,0.0,0.0,0.0,0.0,0.0,0.0,0.0,0.0,0.0,0.0,0.0,0.0,0.0,0.0,0.0,0.0,0.0,0.0,0.0,0.0,0.0,0.0,0.0,0.0,0.0,0.0,0.0,0.0,0.0,0.0,0.0,0.0,0.0,0.0,2793.2,28.00,36,36,36,76,112,447,2,2,Yes,No,Yes,No,No,No,No,No,No,No,No,No,No,No,No,No,No,No,No,No,No,No,No,No,No,No,No,Yes,No,Yes,No,No,No,No,No,No,No,No,30,43,30,89,78,41,1.092,5.040,3.424,3.328,12.192,2.024,0.696,3.424,3.200,1.072,1.264,1.648,1.064,1.000,1.000,0.920,1.824,1804,2005,3409,41.0,41.0,38.0,1.060,54.000,36.5,1.260,1.260,1.800,1.800,1.155,5.040,1.500,No,No,No,1.260,1.260,1.800,1.800,1.155,5.040,1.375,No,No,No,50,50,63,100.0,100.0,No,No,14698,23903,30,30,No,No,1299,631,5.4,1.1,6.5,2.441,3.154,16139,38163,0.0,0.0,0.0,0.000,0.000,0,27.5,30.0,30.3,84.0,0.910,12.161,12.147,12.166,12.171,0,0,11.007,5.743,10.152,10.596,3.822,0.445,7.514,7.672,210.0,50.6,1185.0,43.6,1290.0,0.0,1.0,0.0,0.0,10.6,0.0,0.2,0.0,0.0,0.0,0.0,0,0,Yes,No,No,No,No,Yes,No,5.4,7.3,3,0,0,0,0,0,0,0,0,76,0,0,0,0,0,0,0,0,0,0,0,0,0,0,0,0,0,0,0,0,10974,1308,1045,71,2.5,0,0,0,15.0,5.2,62.9,1.9,5.1,193.20,516.59,15.91,1.53,250.06,251.61,0.00,767,17,0.2,0.0,0,0,0.0,0.0,0,36.0,0.000,
14.10.2025,11:55:52.657,24364,45052,35.0,18588,46732,28.4,0.0,1.048,1.034,1.008,1.032,1.034,1.042,1.038,1.085,1.051,1.064,1.064,1.064,1.063,1.251,3591.2,3790.7,3691.0,3790.7,3790.7,3790.7,3790.7,3890.5,3790.7,3192.2,3192.2,3192.2,3192.2,99.8,3391.7,3675.4,3789.6,3799.5,3803.8,3805.3,3806.2,3806.9,3807.8,3806.5,3803.4,3806.9,3805.9,3806.5,3808.0,3808.2,3798.7,3806.9,3150.1,3161.4,3164.0,3162.6,3732.3,100.0,99.9,99.9,99.9,100.0,99.9,100.0,100.0,99.9,100.0,100.0,100.0,100.0,100.0,100.0,99.9,100.0,100.0,100.0,100.0,99.9,100.0,100.0,100.0,102.7,106.2,106.2,106.2,106.2,106.2,106.3,106.3,106.3,106.3,106.3,106.2,106.3,106.3,106.3,106.2,106.3,88.6,88.6,88.6,88.5,102.7,36.0,38.0,37.0,38.0,38.0,38.0,38.0,39.0,38.0,32.0,32.0,32.0,32.0,34.0,83,86,83,90,85,87,87,82,86,78,78,78,77,17,14,17,10,15,13,13,18,14,22,22,22,23,91,90,Yes,No,No,Yes,No,Yes,Yes,No,Yes,No,No,No,No,No,No,No,No,No,No,No,No,No,No,No,No,No,No,No,No,No,No,No,No,No,No,No,No,No,No,Yes,No,No,91,91,41,0.000,0.000,0.000,0.000,0.000,0.000,0.000,1.250,93.572,111.021,98.977,10.118,0.897,150.0,175.0,96.000,0.0,99.7,99.3,99.6,99.7,99.7,99.8,99.8,99.8,99.8,99.7,99.8,99.8,99.8,99.8,99.8,99.6,99.8,99.1,99.5,99.5,99.5,0.0,0.0,0.0,0.0,0.0,0.0,0.0,0.0,0.0,0.0,0.0,0.0,0.0,0.0,0.0,0.0,0.0,0.0,0.0,0.0,0.0,0.0,0.0,0.0,0.0,0.0,0.0,0.0,0.0,0.0,0.0,0.0,0.0,0.0,0.0,2793.2,28.00,36,36,36,76,112,447,2,2,Yes,No,Yes,No,No,No,No,No,No,No,No,No,No,No,No,No,No,No,No,No,No,No,No,No,No,No,No,Yes,No,Yes,No,No,No,No,No,Yes,No,No,30,43,30,90,78,43,1.039,5.080,3.424,3.328,12.192,2.024,0.696,3.424,3.200,1.072,1.264,1.648,1.064,1.000,1.000,0.920,1.824,1802,2005,3452,43.0,41.0,38.0,1.115,59.000,36.5,1.260,1.260,1.800,1.800,1.155,5.040,1.750,No,No,No,1.260,1.260,1.800,1.800,1.155,5.040,1.250,No,No,No,50,50,61,100.0,100.0,No,No,14698,23903,30,30,No,No,1299,631,0.6,0.3,0.9,1.194,1.182,16141,38166,0.0,0.0,0.0,0.000,0.000,0,27.4,30.0,30.2,84.0,0.910,12.163,12.149,12.167,12.172,0,0,11.306,5.824,10.580,10.853,3.810,0.280,7.574,7.673,210.0,50.6,1185.0,49.9,1290.0,0.0,13.0,0.0,0.0,10.6,0.0,0.2,0.0,0.0,0.0,0.0,0,0,Yes,No,No,No,No,Yes,No,5.5,7.3,3,0,0,0,0,0,0,0,0,76,0,0,0,0,0,0,0,0,0,0,0,0,0,0,0,0,0,0,0,0,10974,1308,1045,71,2.5,0,0,0,15.0,5.1,63.1,1.9,5.0,196.65,530.69,15.84,1.61,218.73,220.38,0.00,767,17,0.2,0.2,0,0,0.0,0.0,0,36.2,0.000,
14.10.2025,11:55:54.653,24362,45055,35.0,18591,46729,28.4,0.0,1.034,1.011,1.011,1.031,1.043,1.017,1.017,1.010,1.009,1.064,1.064,1.064,1.063,1.251,3541.3,3691.0,3691.0,3790.7,3790.7,3691.0,3691.0,3691.0,3691.0,3192.2,3192.2,3192.2,3192.2,99.8,3291.9,3697.4,3811.9,3819.5,3825.0,3829.6,3833.6,3835.5,3837.1,3835.3,3829.5,3833.2,3832.1,3833.7,3836.1,3836.3,3824.3,3834.5,3155.2,3166.1,3166.2,3172.9,3756.0,99.9,99.9,99.8,99.8,99.9,99.9,100.0,100.0,99.9,99.9,99.9,99.9,99.9,100.0,100.0,99.8,99.9,99.8,99.8,99.7,99.9,100.0,99.9,100.0,103.3,106.8,106.7,106.8,106.8,106.9,106.9,107.0,106.9,106.9,106.9,106.9,106.9,107.0,107.0,106.9,107.0,88.7,88.7,88.6,88.8,103.3,35.5,37.0,37.0,38.0,38.0,37.0,37.0,37.0,37.0,32.0,32.0,32.0,32.0,33.0,83,84,83,90,87,86,85,81,86,78,78,78,78,17,16,17,10,13,14,15,19,14,22,22,22,22,90,90,Yes,No,No,Yes,No,Yes,Yes,No,Yes,No,No,No,No,No,No,No,No,No,No,No,No,No,No,No,No,No,No,No,No,No,No,No,No,No,No,No,No,No,No,Yes,No,No,90,90,41,0.000,0.000,0.000,0.000,0.000,0.000,0.000,1.250,96.744,110.777,99.044,9.884,0.820,150.0,175.0,96.000,0.0,99.5,99.2,99.4,99.6,99.6,99.7,99.7,99.8,99.7,99.6,99.7,99.7,99.7,99.8,99.8,99.5,99.8,98.9,99.2,99.2,99.4,0.1,0.0,0.0,0.0,0.0,0.0,0.0,0.0,0.0,0.2,0.2,0.3,0.1,0.0,0.0,0.0,0.0,0.0,0.0,0.0,0.0,0.0,0.0,0.0,0.0,0.0,0.0,0.0,0.0,0.0,0.0,0.0,0.0,0.0,0.0,2793.2,28.00,36,36,36,76,112,447,2,2,Yes,No,Yes,No,No,No,No,No,No,No,No,No,No,No,No,No,No,No,No,No,No,No,No,No,No,No,No,Yes,No,Yes,No,No,No,No,No,Yes,No,No,30,43,30,89,78,42,1.074,5.080,3.424,3.328,12.192,2.024,0.696,3.424,3.200,1.072,1.264,1.648,1.064,1.000,1.000,0.920,1.824,1807,1988,3443,42.0,41.0,38.0,1.095,55.000,36.5,1.260,1.260,1.800,1.800,1.155,5.040,1.250,No,No,No,1.260,1.260,1.800,1.800,1.155,5.040,3.250,No,No,No,50,50,60,100.0,100.0,No,No,14698,23903,30,30,No,No,1299,631,2.9,0.3,3.1,4.842,1.358,16150,38168,0.0,0.0,0.0,0.000,0.000,0,27.4,30.0,30.2,84.0,0.910,12.163,12.151,12.167,12.172,0,0,11.210,5.789,10.643,10.792,3.700,0.159,7.556,7.675,210.0,50.6,1185.0,42.7,1290.0,0.0,4.0,0.0,0.0,10.6,0.1,0.3,0.0,0.0,0.0,0.0,0,0,Yes,No,No,No,No,Yes,No,5.5,7.4,3,0,0,0,0,0,0,0,0,76,0,0,0,0,0,0,0,0,0,0,0,0,0,0,0,0,0,0,0,0,10974,1308,1045,71,2.5,0,0,0,15.0,5.2,107.0,2.0,5.0,194.10,496.13,9.35,1.37,183.46,184.79,0.00,767,17,0.1,1.2,0,0,0.0,0.0,0,36.2,0.000,
14.10.2025,11:55:56.640,24362,45054,35.0,18588,46733,28.4,0.0,1.128,1.059,1.056,1.055,1.076,1.097,1.127,1.159,1.151,1.188,1.188,1.188,1.188,1.251,3890.5,3890.5,3890.5,3890.5,3890.5,3990.2,4189.8,4289.5,4289.5,3591.2,3591.2,3591.2,3591.2,99.8,3491.5,3666.6,3772.4,3783.6,3790.1,3791.5,3794.2,3792.9,3795.0,3795.2,3794.2,3794.7,3796.7,3798.2,3799.4,3800.2,3796.4,3809.7,3146.8,3158.9,3160.6,3160.9,3722.8,100.0,100.0,100.0,100.0,100.0,100.0,99.9,100.0,100.0,100.0,100.0,100.0,100.0,100.0,100.0,100.0,100.0,100.0,100.0,100.0,100.0,100.0,100.0,100.0,102.2,105.7,105.7,105.8,105.7,105.8,105.7,105.8,105.8,105.8,105.8,105.8,105.8,105.8,105.8,105.8,105.8,88.1,88.1,88.1,88.1,102.2,39.0,39.0,39.0,39.0,39.0,40.0,42.0,43.0,43.0,36.0,36.0,36.0,36.0,35.0,84,85,84,90,85,87,87,82,87,81,81,81,81,16,15,16,10,15,13,13,18,13,19,19,19,19,89,90,Yes,No,No,Yes,No,No,Yes,No,Yes,No,No,No,No,No,No,No,No,No,No,No,No,No,No,No,No,No,No,No,No,No,No,No,No,No,No,No,No,No,No,Yes,No,No,91,91,41,0.000,0.000,0.000,0.000,0.000,0.000,0.000,1.250,90.400,112.373,100.367,10.083,0.897,150.0,175.0,96.000,0.0,99.7,99.4,99.6,99.7,99.8,99.8,99.8,99.8,99.8,99.8,99.7,99.8,99.8,99.8,99.8,99.6,99.8,99.1,99.5,99.5,99.5,0.0,0.0,0.0,0.0,0.0,0.0,0.0,0.0,0.0,0.0,0.0,0.0,0.0,0.0,0.0,0.0,0.0,0.0,0.0,0.0,0.0,0.0,0.0,0.0,0.0,0.0,0.0,0.0,0.0,0.0,0.0,0.0,0.0,0.0,0.0,2793.2,28.00,36,36,36,76,112,447,2,2,Yes,No,Yes,No,No,No,No,No,No,No,No,No,No,No,No,No,No,No,No,No,No,No,No,No,No,No,No,Yes,No,Yes,No,No,No,No,No,Yes,No,No,30,43,30,89,78,43,1.048,5.080,3.424,3.328,12.192,2.024,0.696,3.424,3.200,1.072,1.264,1.648,1.064,1.000,1.000,0.920,1.824,1804,2005,3435,41.0,41.0,38.0,1.165,65.000,36.5,1.260,1.260,1.800,1.800,1.155,5.040,2.750,No,No,No,1.260,1.260,1.815,1.800,1.155,5.040,1.500,No,No,No,50,50,58,100.0,100.0,No,No,14698,23903,30,30,No,No,1299,631,0.0,0.0,0.0,0.000,0.239,16150,38169,0.0,0.0,0.0,0.000,0.000,0,27.4,30.0,30.3,84.0,0.910,12.164,12.155,12.167,12.172,0,0,11.151,5.796,10.835,10.853,3.639,0.027,7.562,7.657,210.0,50.6,1185.0,43.0,1290.0,0.0,1.0,0.0,0.0,10.6,0.0,0.2,0.0,0.0,0.0,0.0,0,0,Yes,No,No,No,No,Yes,No,5.4,7.4,3,0,0,0,0,0,0,0,0,76,0,0,0,0,0,0,0,0,0,0,0,0,0,0,0,0,0,0,0,0,10974,1308,1045,71,2.5,0,0,0,15.0,5.0,66.1,1.9,4.9,200.33,530.85,15.13,1.33,244.57,245.92,0.00,767,17,0.2,0.2,0,0,0.0,0.0,0,36.2,0.000,
14.10.2025,11:55:58.641,24349,45068,35.0,18578,46742,28.4,0.0,1.074,1.064,1.064,1.064,1.088,1.061,1.085,1.085,1.059,1.061,1.086,1.086,1.086,1.251,3691.0,3890.5,3890.5,3890.5,3990.2,3890.5,3890.5,3890.5,3890.5,3192.2,3291.9,3291.9,3291.9,99.8,3491.5,3699.3,3816.0,3826.5,3832.1,3832.4,3835.1,3836.0,3836.7,3837.8,3833.3,3834.6,3835.0,3835.6,3836.2,3835.6,3827.6,3829.5,3156.3,3168.2,3170.3,3170.8,3758.0,100.0,100.0,100.0,100.0,100.0,100.0,100.0,100.0,100.0,100.0,100.0,100.0,100.0,100.0,100.0,100.0,100.0,100.0,100.0,100.0,100.0,100.0,100.0,100.0,103.4,107.0,107.0,107.0,107.0,107.0,107.0,107.0,107.0,107.0,107.0,107.0,107.0,107.0,107.0,107.0,107.0,88.9,88.9,88.9,88.9,103.4,37.0,39.0,39.0,39.0,40.0,39.0,39.0,39.0,39.0,32.0,33.0,33.0,33.0,35.0,83,86,81,90,85,88,83,81,85,78,78,78,78,17,14,19,10,15,12,17,19,15,22,22,22,22,88,90,Yes,No,No,Yes,No,Yes,Yes,No,No,No,No,No,No,No,No,No,No,No,No,No,No,No,No,No,No,No,No,No,No,No,No,No,No,No,No,No,No,No,No,Yes,No,No,90,90,41,0.000,0.000,0.000,0.000,0.000,0.000,0.000,1.250,98.330,110.737,98.920,9.927,0.856,150.0,175.0,112.000,0.0,99.6,99.3,99.6,99.7,99.7,99.8,99.8,99.8,99.8,99.7,99.7,99.7,99.8,99.8,99.8,99.6,99.8,99.0,99.4,99.5,99.5,0.0,0.0,0.0,0.0,0.0,0.0,0.0,0.0,0.0,0.0,0.0,0.0,0.0,0.0,0.0,0.0,0.0,0.0,0.0,0.0,0.0,0.0,0.0,0.0,0.0,0.0,0.0,0.0,0.0,0.0,0.0,0.0,0.0,0.0,0.0,2793.2,28.00,36,36,36,76,112,447,2,2,Yes,No,Yes,No,No,No,No,No,No,No,No,No,No,No,No,No,No,No,No,No,No,No,No,No,No,No,No,Yes,No,Yes,No,No,No,No,No,No,No,No,30,43,30,90,78,43,1.101,5.080,3.424,3.328,12.192,2.024,0.696,3.424,3.200,1.072,1.264,1.648,1.064,1.000,1.000,0.920,1.824,1795,2005,3400,41.0,41.0,38.0,1.060,54.000,36.5,1.260,1.260,1.800,1.815,1.155,5.040,1.750,No,No,No,1.260,1.260,1.800,1.815,1.155,5.040,2.500,No,No,No,50,50,59,100.0,100.0,No,No,14698,23903,30,30,No,No,1299,631,1.0,0.1,1.1,2.392,0.810,16155,38170,0.0,0.0,0.0,0.000,0.000,0,27.4,30.0,30.2,84.0,0.910,12.165,12.155,12.168,12.173,0,0,11.382,5.785,10.346,10.732,3.834,0.386,7.543,7.653,210.0,50.6,1185.0,51.4,1290.0,0.0,2.0,0.0,0.0,10.6,0.0,0.2,0.0,0.0,0.0,0.0,0,0,Yes,No,No,No,No,Yes,No,5.4,7.5,3,0,0,0,0,0,0,0,0,76,0,0,0,0,0,0,0,0,0,0,0,0,0,0,0,0,0,0,0,0,10974,1308,1045,71,2.5,0,0,0,15.0,5.4,105.4,2.0,5.2,186.82,509.03,9.49,1.31,140.34,141.67,0.00,767,17,2.4,1.2,0,0,0.0,0.0,0,36.2,0.000,
14.10.2025,11:56:0.641,24347,45069,35.0,18573,46747,28.4,0.0,1.057,1.034,1.039,1.042,1.030,1.059,1.085,1.060,1.059,1.059,1.059,1.077,1.077,1.251,3624.5,3790.7,3790.7,3790.7,3790.7,3890.5,3890.5,3890.5,3890.5,3192.2,3192.2,3192.2,3192.2,99.8,3391.7,3696.4,3817.2,3823.1,3827.8,3831.5,3831.5,3831.2,3830.2,3829.8,3828.5,3826.6,3827.4,3830.2,3831.4,3828.4,3821.9,3829.1,3162.2,3171.5,3172.7,3174.9,3754.4,100.0,100.0,99.9,99.9,100.0,100.0,100.0,100.0,100.0,100.0,100.0,99.9,100.0,100.0,100.0,100.0,100.0,100.0,100.0,99.9,100.0,100.0,100.0,100.0,103.3,106.9,106.8,106.9,106.9,106.9,106.9,106.9,106.9,106.9,106.9,106.9,106.9,107.0,106.9,106.9,106.9,88.9,88.9,88.8,88.9,103.3,36.3,38.0,38.0,38.0,38.0,39.0,39.0,39.0,39.0,32.0,32.0,32.0,32.0,34.0,83,85,81,88,88,88,85,81,86,79,79,77,77,17,15,19,12,12,12,15,19,14,21,21,23,23,90,88,Yes,No,No,Yes,No,Yes,Yes,No,No,No,No,No,No,No,No,No,No,No,No,No,No,No,No,No,No,No,No,No,No,No,No,No,No,No,No,No,No,No,No,Yes,No,No,91,91,41,0.000,0.000,0.000,0.000,0.000,0.000,0.000,1.250,96.744,112.042,99.935,10.147,0.933,150.0,175.0,104.000,0.0,99.6,99.4,99.6,99.7,99.8,99.8,99.7,99.7,99.8,99.7,99.7,99.7,99.8,99.8,99.7,99.6,99.8,99.1,99.4,99.4,99.5,0.0,0.0,0.0,0.0,0.0,0.0,0.0,0.0,0.0,0.0,0.0,0.1,0.0,0.0,0.0,0.0,0.0,0.0,0.0,0.0,0.0,0.0,0.0,0.0,0.0,0.0,0.0,0.0,0.0,0.0,0.0,0.0,0.0,0.0,0.0,2793.2,28.00,36,36,36,76,112,447,2,2,Yes,No,Yes,No,No,No,No,No,No,No,No,No,No,No,No,No,No,No,No,No,No,No,No,No,No,No,No,Yes,No,Yes,No,No,No,No,No,No,No,No,30,43,30,90,78,42,1.039,5.040,3.424,3.328,12.192,2.024,0.696,3.424,3.200,1.072,1.264,1.648,1.064,1.000,1.000,0.920,1.824,1797,1988,3488,43.0,41.0,38.0,1.075,42.000,36.8,1.260,1.260,1.800,1.815,1.155,5.040,1.250,No,No,No,1.260,1.260,1.800,1.815,1.185,5.040,1.500,No,No,No,50,50,59,100.0,100.0,No,No,14698,23903,30,30,No,No,1299,631,0.5,0.0,0.6,1.200,0.299,16157,38171,0.0,0.0,0.0,0.000,0.000,0,27.4,30.0,30.2,84.0,0.910,12.162,12.150,12.165,12.170,0,0,11.071,5.895,10.601,10.730,3.663,0.129,8.491,7.653,210.0,50.6,1185.0,41.1,1290.0,0.0,9.0,0.0,0.0,10.6,0.0,0.1,0.0,0.0,0.0,0.0,0,0,Yes,No,No,No,No,Yes,No,5.4,7.4,3,0,0,0,0,0,0,0,0,76,0,0,0,0,0,0,0,0,0,0,0,0,0,0,0,0,0,0,0,0,10974,1308,1045,71,2.5,0,0,0,15.0,5.1,104.2,1.8,5.0,194.72,547.75,9.59,1.28,250.84,252.08,0.00,767,17,0.2,0.2,0,0,0.0,0.0,0,36.2,0.000,
14.10.2025,11:56:2.641,24449,44968,35.2,18602,46718,28.4,0.0,1.096,1.042,1.042,1.063,1.110,1.114,1.148,1.155,1.112,1.088,1.093,1.093,1.093,1.251,3840.6,3790.7,3790.7,3890.5,4090.0,4189.8,4289.5,4289.5,4189.8,3391.7,3391.7,3391.7,3391.7,99.8,3391.7,3663.4,3771.0,3776.8,3787.6,3790.7,3790.1,3792.9,3794.7,3796.6,3790.3,3787.4,3790.2,3794.7,3801.2,3801.5,3794.7,3804.8,3142.4,3151.8,3155.0,3152.8,3720.0,100.0,100.0,100.0,100.0,100.0,100.0,100.0,100.0,100.0,100.0,99.9,100.0,100.0,100.0,100.0,100.0,100.0,99.9,100.0,100.0,100.0,100.0,100.0,100.0,102.3,105.8,105.8,105.8,105.8,105.8,105.8,105.9,105.9,105.8,105.8,105.8,105.8,105.9,105.9,105.8,105.9,88.2,88.2,88.2,88.2,102.3,38.5,38.0,38.0,39.0,41.0,42.0,43.0,43.0,42.0,34.0,34.0,34.0,34.0,34.0,84,82,83,88,85,89,87,84,85,81,81,81,81,16,18,17,12,15,11,13,16,15,19,19,19,19,90,89,Yes,No,No,Yes,No,Yes,Yes,No,Yes,No,No,No,No,No,No,No,No,No,No,No,No,No,No,No,No,No,No,No,No,No,No,No,No,No,No,No,No,No,No,Yes,No,No,91,91,41,0.000,0.000,0.000,0.000,0.000,0.000,0.000,1.250,76.126,112.148,99.820,10.308,0.992,150.0,175.0,80.000,0.0,99.5,99.2,99.4,99.6,99.7,99.7,99.7,99.8,99.8,99.6,99.5,99.5,99.6,99.8,99.8,99.6,99.8,99.0,99.3,99.4,99.3,0.0,0.0,0.0,0.0,0.0,0.0,0.0,0.0,0.0,0.0,0.0,0.0,0.0,0.0,0.0,0.0,0.0,0.0,0.0,0.0,0.0,0.0,0.0,0.0,0.0,0.0,0.0,0.0,0.0,0.0,0.0,0.0,0.0,0.0,0.0,2793.2,28.00,36,36,36,76,112,447,2,2,Yes,No,Yes,No,No,No,No,No,No,No,No,No,No,No,No,No,No,No,No,No,No,No,No,No,No,No,No,Yes,No,Yes,No,No,No,No,No,Yes,No,No,30,43,30,89,79,43,1.083,5.080,3.424,3.328,12.192,2.024,0.696,3.424,3.200,1.072,1.264,1.648,1.064,1.000,1.000,0.920,1.824,1807,1994,3497,42.0,41.0,38.0,1.115,58.000,36.8,1.260,1.260,1.800,1.815,1.155,4.970,2.125,No,No,No,1.260,1.260,1.800,1.815,1.155,4.970,1.250,No,No,No,50,50,58,100.0,100.0,No,No,14698,23903,30,30,No,No,1299,631,0.2,0.1,0.3,0.426,0.860,16158,38172,0.0,0.0,0.0,0.000,0.000,0,27.4,30.0,30.2,84.0,0.910,12.166,12.155,12.169,12.173,0,0,11.014,5.789,10.362,10.757,3.847,0.399,7.508,7.651,210.0,50.6,1185.0,44.5,1290.0,0.0,23.0,0.0,0.0,10.6,0.0,0.2,0.0,0.0,0.0,0.0,0,0,Yes,No,No,No,No,Yes,No,5.4,7.3,3,0,0,0,0,0,0,0,0,76,0,0,0,0,0,0,0,0,0,0,0,0,0,0,0,0,0,0,0,0,10974,1308,1045,66,2.5,0,0,0,15.0,5.1,159.8,2.1,5.0,194.96,481.43,6.26,1.32,197.03,198.35,0.00,767,17,0.2,0.2,0,0,0.0,0.0,0,36.2,0.000,
14.10.2025,11:56:4.644,24344,45072,35.0,18565,46755,28.4,0.0,1.051,1.042,1.046,1.047,1.050,1.045,1.063,1.042,1.042,1.045,1.046,1.046,1.093,1.251,3616.2,3790.7,3790.7,3790.7,3790.7,3790.7,3890.5,3890.5,3790.7,3192.2,3192.2,3192.2,3291.9,99.8,3391.7,3711.1,3831.5,3842.5,3849.0,3850.4,3851.5,3850.0,3851.1,3849.2,3837.7,3843.2,3843.9,3844.2,3844.3,3845.2,3838.2,3843.6,3166.7,3177.4,3180.6,3182.3,3770.0,100.0,100.0,100.0,100.0,100.0,100.0,100.0,100.0,100.0,100.0,100.0,100.0,100.0,100.0,100.0,100.0,100.0,100.0,100.0,100.0,100.0,100.0,100.0,100.0,103.8,107.4,107.4,107.4,107.4,107.5,107.4,107.5,107.5,107.4,107.4,107.4,107.5,107.5,107.5,107.5,107.5,89.2,89.2,89.2,89.2,103.8,36.2,38.0,38.0,38.0,38.0,38.0,39.0,39.0,38.0,32.0,32.0,32.0,33.0,34.0,83,84,81,91,84,88,89,81,86,77,77,77,78,17,16,19,9,16,12,11,19,14,23,23,23,22,89,91,Yes,Yes,No,Yes,No,No,Yes,No,No,No,No,No,No,No,No,No,No,No,No,No,No,No,No,No,No,No,No,No,No,No,No,No,No,No,No,No,No,No,No,Yes,No,No,90,90,41,0.000,0.000,0.000,0.000,0.000,0.000,0.000,1.250,88.814,110.232,98.365,9.971,0.862,150.0,175.0,96.000,0.0,99.6,99.3,99.6,99.7,99.8,99.8,99.7,99.8,99.8,99.5,99.7,99.7,99.7,99.7,99.8,99.6,99.8,99.0,99.3,99.4,99.5,0.0,0.0,0.0,0.0,0.0,0.0,0.0,0.0,0.0,0.0,0.0,0.0,0.0,0.0,0.0,0.0,0.0,0.0,0.0,0.0,0.0,0.0,0.0,0.0,0.0,0.0,0.0,0.0,0.0,0.0,0.0,0.0,0.0,0.0,0.0,2793.2,28.00,36,36,36,76,112,447,2,2,Yes,No,Yes,No,No,No,No,No,No,No,No,No,No,No,No,No,No,No,No,No,No,No,No,No,No,No,No,Yes,No,Yes,No,No,No,No,No,Yes,No,No,30,43,30,90,78,43,1.066,5.040,3.424,3.328,12.192,2.024,0.688,3.424,3.200,1.072,1.264,1.648,1.064,1.000,1.000,0.920,1.824,1807,2000,3488,43.0,42.0,38.0,1.170,63.000,36.8,1.260,1.260,1.800,1.815,1.155,4.970,3.375,No,No,No,1.260,1.260,1.800,1.815,1.155,4.970,3.250,No,No,No,50,50,58,100.0,100.0,No,No,14698,23903,30,30,No,No,1299,631,2.1,0.7,2.9,2.327,4.816,16162,38182,0.0,0.0,0.0,0.000,0.000,0,27.4,30.0,30.2,84.0,0.910,12.162,12.149,12.165,12.171,0,0,10.895,5.765,10.293,10.681,3.822,0.398,7.513,7.651,210.0,50.6,1185.0,39.7,1290.0,0.0,9.0,0.0,0.0,10.6,0.0,0.2,0.0,0.0,0.0,0.0,0,0,Yes,No,No,No,No,Yes,No,5.3,7.2,3,0,0,0,0,0,0,0,0,76,0,0,0,0,0,0,0,0,0,0,0,0,0,0,0,0,0,0,0,0,10974,1308,1045,66,2.5,0,0,0,15.0,5.0,82.1,1.9,4.9,201.85,532.19,12.19,1.34,250.74,252.08,0.00,767,17,0.1,0.0,0,0,0.0,0.0,0,36.2,0.000,
14.10.2025,11:56:6.651,24341,45075,35.0,18574,46746,28.4,0.0,1.012,0.999,1.001,1.001,1.013,1.010,1.011,1.033,0.998,1.016,1.016,1.026,1.026,1.251,3491.5,3691.0,3691.0,3691.0,3691.0,3691.0,3691.0,3691.0,3691.0,3092.4,3092.4,3092.4,3092.4,99.8,3291.9,3696.4,3814.2,3823.7,3830.5,3830.9,3831.0,3831.3,3830.2,3829.7,3827.3,3829.5,3829.4,3829.0,3830.3,3829.9,3821.8,3829.1,3162.2,3170.0,3174.2,3173.5,3754.4,100.0,100.0,99.9,100.0,99.9,100.0,100.0,99.9,100.0,100.0,100.0,99.9,100.0,100.0,100.0,100.0,100.0,100.0,99.9,100.0,100.0,100.0,100.0,100.0,103.3,106.9,106.8,106.9,106.9,106.9,106.9,106.9,106.9,106.9,106.9,106.9,106.9,106.9,106.9,106.9,106.9,88.9,88.8,88.9,88.9,103.3,35.0,37.0,37.0,37.0,37.0,37.0,37.0,37.0,37.0,31.0,31.0,31.0,31.0,33.0,82,85,83,88,84,88,87,80,87,77,77,77,77,18,15,17,12,16,12,13,20,13,23,23,23,23,90,88,Yes,No,No,Yes,No,Yes,Yes,No,No,No,No,No,No,No,No,No,No,No,No,No,No,No,No,No,No,No,No,No,No,No,No,No,No,No,No,No,No,No,No,Yes,No,No,90,90,42,0.000,0.000,0.000,0.000,0.000,0.000,0.000,1.250,52.337,112.350,100.019,10.308,0.995,150.0,175.0,104.000,0.0,99.6,99.4,99.6,99.7,99.7,99.8,99.8,99.7,99.8,99.7,99.8,99.8,99.8,99.8,99.8,99.6,99.8,99.1,99.4,99.5,99.5,0.0,0.0,0.0,0.0,0.0,0.0,0.0,0.0,0.0,0.0,0.1,0.0,0.0,0.0,0.0,0.0,0.0,0.0,0.0,0.0,0.0,0.0,0.0,0.0,0.0,0.0,0.0,0.0,0.0,0.0,0.0,0.0,0.0,0.0,0.0,2793.2,28.00,36,36,36,76,112,447,2,2,Yes,No,Yes,No,No,No,No,No,No,No,No,No,No,No,No,No,No,No,No,No,No,No,No,No,No,No,No,Yes,No,Yes,No,No,No,No,No,Yes,No,No,30,43,30,89,79,43,1.066,5.080,3.424,3.328,12.192,2.024,0.688,3.424,3.200,1.072,1.264,1.648,1.064,1.000,1.000,0.920,1.824,1807,2005,3506,42.0,42.0,38.0,1.060,53.000,36.8,1.260,1.260,1.800,1.815,1.155,4.970,1.750,No,No,No,1.260,1.260,1.800,1.815,1.155,4.970,3.125,No,No,No,50,50,57,100.0,100.0,No,No,14698,23903,30,30,No,No,1299,631,0.3,0.1,0.4,0.698,0.671,16164,38183,0.0,0.0,0.0,0.000,0.000,0,27.4,28.0,30.2,84.0,0.910,12.162,12.151,12.164,12.170,0,0,11.084,5.717,10.349,10.559,3.651,0.210,7.593,7.657,210.0,50.6,1185.0,48.1,1290.0,0.0,1.0,0.0,0.0,10.6,0.0,0.2,0.0,0.0,0.0,0.0,0,0,Yes,No,No,No,No,Yes,No,5.3,7.2,3,0,0,0,0,0,0,0,0,76,0,0,0,0,0,0,0,0,0,0,0,0,0,0,0,0,0,0,0,0,10974,1308,1045,66,2.5,0,0,0,15.0,5.0,139.3,1.9,4.9,201.13,530.43,7.18,1.27,198.73,200.01,0.00,767,17,0.2,0.1,0,0,0.0,0.0,0,36.5,0.000,
14.10.2025,11:56:8.646,24339,45077,35.0,18573,46747,28.4,0.0,1.055,1.034,1.039,1.037,1.059,1.049,1.058,1.034,1.071,1.069,1.069,1.069,1.069,1.251,3624.5,3790.7,3790.7,3790.7,3890.5,3890.5,3890.5,3790.7,3890.5,3192.2,3192.2,3192.2,3192.2,99.8,3391.7,3675.2,3784.4,3796.7,3803.6,3803.8,3806.1,3805.6,3806.0,3807.5,3805.8,3806.7,3809.1,3810.1,3809.4,3808.2,3802.4,3809.6,3148.4,3158.4,3161.7,3160.8,3732.3,100.0,99.9,100.0,100.0,100.0,100.0,100.0,99.9,100.0,100.0,99.9,100.0,100.0,100.0,99.9,100.0,100.0,100.0,100.0,100.0,100.0,100.0,100.0,100.0,102.6,106.0,106.1,106.1,106.1,106.1,106.1,106.1,106.1,106.2,106.1,106.2,106.2,106.2,106.1,106.2,106.1,88.4,88.4,88.4,88.4,102.6,36.3,38.0,38.0,38.0,39.0,39.0,39.0,38.0,39.0,32.0,32.0,32.0,32.0,34.0,83,85,83,90,88,88,89,83,85,77,77,77,77,17,15,17,10,12,12,11,17,15,23,23,23,23,88,90,Yes,No,No,Yes,No,No,No,No,Yes,No,No,No,No,No,No,No,No,No,No,No,No,No,No,No,No,No,No,No,No,No,No,No,No,No,No,No,No,No,No,Yes,No,No,90,90,42,0.000,0.000,0.000,0.000,0.000,0.000,0.000,1.250,90.400,111.556,99.254,10.294,0.980,150.0,175.0,96.000,0.0,99.6,99.3,99.6,99.7,99.7,99.8,99.8,99.8,99.8,99.7,99.7,99.8,99.8,99.8,99.8,99.6,99.8,99.1,99.4,99.5,99.5,0.0,0.0,0.0,0.0,0.0,0.0,0.0,0.0,0.0,0.0,0.0,0.0,0.0,0.0,0.0,0.0,0.0,0.0,0.0,0.0,0.0,0.0,0.0,0.0,0.0,0.0,0.0,0.0,0.0,0.0,0.0,0.0,0.0,0.0,0.0,2793.2,28.00,36,36,36,76,112,447,2,2,Yes,No,Yes,No,No,No,No,No,No,No,No,No,No,No,No,No,No,No,No,No,No,No,No,No,No,No,No,Yes,No,Yes,No,No,No,No,No,No,No,No,30,43,30,89,78,41,1.092,5.040,3.424,3.328,12.192,2.024,0.688,3.424,3.200,1.072,1.264,1.648,1.064,1.000,1.000,0.920,1.824,1804,1988,3417,41.0,42.0,38.0,1.075,54.000,36.8,1.260,1.260,1.800,1.815,1.155,4.970,1.750,No,No,No,1.260,1.260,1.800,1.815,1.155,4.970,1.375,No,No,No,49,49,57,100.0,100.0,No,No,14698,23904,30,30,No,No,1299,631,0.4,0.1,0.5,0.744,0.402,16165,38184,0.0,0.0,0.0,0.000,0.000,0,27.4,30.0,30.2,84.0,0.910,12.167,12.158,12.170,12.173,0,0,11.025,5.824,10.793,10.904,3.713,0.111,7.596,7.653,210.0,50.6,1185.0,43.8,1290.0,0.0,2.0,0.0,0.0,10.6,0.0,0.2,0.0,0.0,0.0,0.0,0,0,Yes,No,No,No,No,Yes,No,5.5,7.3,3,0,0,0,0,0,0,0,0,76,0,0,0,0,0,0,0,0,0,0,0,0,0,0,0,0,0,0,0,0,10974,1308,1045,66,2.5,0,0,0,15.0,4.9,64.8,1.9,4.8,203.72,515.39,15.44,1.33,220.86,222.23,0.00,767,17,0.1,0.1,0,0,0.0,0.0,0,36.5,0.000,
14.10.2025,11:56:10.647,24345,45072,35.0,18574,46746,28.4,0.0,1.011,0.999,1.002,1.002,1.001,1.001,1.001,1.025,1.000,1.024,1.024,1.024,1.029,1.251,3533.0,3691.0,3691.0,3691.0,3691.0,3691.0,3691.0,3790.7,3691.0,3192.2,3192.2,3192.2,3192.2,99.8,3291.9,3730.8,3848.6,3859.0,3862.7,3865.5,3866.8,3866.4,3867.1,3868.0,3865.8,3866.0,3866.8,3867.7,3868.4,3868.3,3860.9,3866.9,3187.3,3195.4,3198.6,3199.1,3789.9,100.0,99.9,100.0,100.0,100.0,100.0,100.0,100.0,100.0,100.0,100.0,100.0,100.0,100.0,100.0,100.0,100.0,100.0,100.0,100.0,100.0,100.0,100.0,100.0,104.2,107.8,107.8,107.8,107.8,107.9,107.8,107.9,107.9,107.9,107.9,107.9,107.9,107.9,107.9,107.9,107.9,89.5,89.5,89.5,89.5,104.2,35.4,37.0,37.0,37.0,37.0,37.0,37.0,38.0,37.0,32.0,32.0,32.0,32.0,33.0,83,85,84,90,87,86,87,81,87,78,78,78,78,17,15,16,10,13,14,13,19,13,22,22,22,22,90,90,Yes,Yes,Yes,Yes,No,Yes,Yes,No,Yes,No,No,No,No,No,No,No,No,No,No,No,No,No,No,No,No,No,No,No,No,No,No,No,No,No,No,No,No,No,No,Yes,No,No,90,90,42,0.000,0.000,0.000,0.000,0.000,0.000,0.000,1.250,96.744,109.680,97.601,10.129,0.918,150.0,175.0,96.000,0.0,99.6,99.3,99.6,99.7,99.8,99.8,99.8,99.8,99.8,99.7,99.8,99.8,99.8,99.8,99.8,99.6,99.8,99.1,99.4,99.5,99.5,0.0,0.0,0.0,0.0,0.0,0.0,0.0,0.0,0.0,0.0,0.0,0.0,0.0,0.0,0.0,0.0,0.0,0.0,0.0,0.0,0.0,0.0,0.0,0.0,0.0,0.0,0.0,0.0,0.0,0.0,0.0,0.0,0.0,0.0,0.0,2793.2,28.00,36,36,36,76,112,447,2,2,Yes,No,Yes,No,No,No,No,Yes,No,No,Yes,No,No,No,No,No,No,No,No,No,No,No,No,No,No,No,No,Yes,No,Yes,No,No,No,No,No,Yes,No,No,30,43,30,89,78,43,1.083,5.040,3.424,3.328,12.192,2.024,0.688,3.424,3.200,1.072,1.264,1.648,1.064,1.000,1.000,0.920,1.824,1800,1994,3470,42.0,42.0,38.0,1.150,38.000,36.8,1.260,1.260,1.800,1.815,1.155,4.970,2.375,No,No,No,1.260,1.260,1.800,1.815,1.155,4.970,2.250,No,No,No,49,49,58,100.0,100.0,No,No,14698,23904,30,30,No,No,1299,631,1.1,0.1,1.1,1.088,0.580,16167,38185,0.0,0.0,0.0,0.000,0.000,0,27.4,30.0,30.2,84.0,0.910,12.167,12.158,12.170,12.173,0,0,11.173,5.772,10.575,10.734,3.689,0.165,7.593,7.651,210.0,50.6,1185.0,42.5,1290.0,0.0,21.0,0.0,0.0,10.6,0.0,0.2,0.0,0.0,0.0,0.0,0,0,Yes,No,No,No,No,Yes,No,5.4,7.2,3,0,0,0,0,0,0,0,0,76,0,0,0,0,0,0,0,0,0,0,0,0,0,0,0,0,0,0,0,0,10974,1308,1045,66,2.5,0,0,0,15.0,4.8,60.4,1.8,4.8,210.08,545.43,16.55,1.38,244.25,245.62,0.00,767,17,0.1,0.1,0,0,0.0,0.0,0,36.5,0.000,
14.10.2025,11:56:12.644,24345,45071,35.0,18580,46740,28.4,0.0,1.040,1.065,1.036,1.038,1.039,1.034,1.041,1.037,1.039,1.034,1.047,1.033,1.033,1.251,3599.5,3890.5,3790.7,3790.7,3790.7,3790.7,3790.7,3790.7,3790.7,3192.2,3192.2,3192.2,3192.2,99.8,3491.5,3660.8,3773.1,3781.0,3785.5,3787.4,3787.9,3788.3,3788.6,3788.7,3787.3,3788.7,3789.2,3789.8,3790.0,3789.9,3782.0,3789.6,3148.6,3158.9,3161.0,3160.6,3716.4,100.0,100.0,100.0,100.0,100.0,100.0,100.0,100.0,100.0,100.0,100.0,100.0,100.0,100.0,100.0,100.0,100.0,100.0,100.0,100.0,100.0,100.0,100.0,100.0,102.2,105.6,105.6,105.6,105.6,105.6,105.7,105.7,105.7,105.7,105.7,105.7,105.7,105.7,105.7,105.6,105.7,88.4,88.4,88.4,88.4,102.2,36.1,39.0,38.0,38.0,38.0,38.0,38.0,38.0,38.0,32.0,32.0,32.0,32.0,35.0,84,86,86,90,87,88,88,81,86,81,79,78,78,16,14,14,10,13,12,12,19,14,19,21,22,22,90,90,Yes,No,No,Yes,No,Yes,Yes,No,Yes,No,No,No,No,No,No,No,No,No,No,No,No,No,No,No,No,No,No,No,No,No,No,No,No,No,No,No,No,No,No,Yes,No,No,90,90,42,0.000,0.000,0.000,0.000,0.000,0.000,0.000,1.250,90.400,112.053,99.845,10.221,0.956,150.0,175.0,104.000,0.0,99.7,99.4,99.7,99.7,99.8,99.8,99.8,99.8,99.8,99.8,99.8,99.8,99.8,99.8,99.8,99.6,99.8,99.1,99.5,99.5,99.5,0.0,0.0,0.0,0.0,0.0,0.0,0.0,0.0,0.0,0.0,0.0,0.0,0.0,0.0,0.0,0.0,0.0,0.0,0.0,0.0,0.0,0.0,0.0,0.0,0.0,0.0,0.0,0.0,0.0,0.0,0.0,0.0,0.0,0.0,0.0,2793.2,28.00,36,36,36,76,112,447,2,2,Yes,No,Yes,No,No,No,No,No,No,No,No,No,No,No,No,No,No,No,No,No,No,No,No,No,No,No,No,Yes,No,Yes,No,No,No,No,No,No,No,No,30,43,30,89,79,42,1.048,5.080,3.424,3.328,12.192,2.024,0.688,3.424,3.200,1.072,1.264,1.648,1.064,1.000,1.000,0.920,1.824,1807,1994,3383,42.0,42.0,38.0,1.120,53.000,36.8,1.260,1.260,1.800,1.815,1.125,4.970,2.375,No,No,No,1.260,1.260,1.800,1.815,1.185,4.970,1.750,No,No,No,49,49,57,100.0,100.0,No,No,14698,23904,30,30,No,No,1299,631,0.3,0.0,0.3,0.587,0.291,16168,38185,0.0,0.0,0.0,0.000,0.000,0,27.4,30.0,30.2,84.0,0.910,12.163,12.151,12.166,12.171,0,0,11.218,5.839,10.723,10.925,3.773,0.206,7.590,7.653,210.0,50.6,1185.0,47.8,1290.0,0.0,11.0,0.0,0.0,10.6,0.0,0.2,0.0,0.0,0.0,0.0,0,0,Yes,No,No,No,No,Yes,No,5.5,7.2,3,0,0,0,0,0,0,0,0,76,0,0,0,0,0,0,0,0,0,0,0,0,0,0,0,0,0,0,0,0,10974,1308,1045,67,2.5,0,0,0,15.0,4.9,63.2,2.0,4.8,204.82,498.81,15.83,1.49,170.06,171.54,0.00,767,17,0.1,0.2,0,0,0.0,0.0,0,36.5,0.000,
14.10.2025,11:56:14.649,24342,45074,35.0,18583,46738,28.4,0.0,1.032,1.041,1.063,1.080,1.087,1.037,1.036,1.032,1.002,1.001,1.001,1.001,1.007,1.251,3574.6,3790.7,3890.5,3890.5,3890.5,3790.7,3790.7,3790.7,3691.0,3092.4,3092.4,3092.4,3092.4,99.8,3391.7,3658.2,3764.8,3776.7,3782.3,3786.7,3786.4,3786.2,3785.0,3787.1,3784.7,3788.6,3787.4,3788.3,3789.0,3789.8,3782.2,3788.0,3145.4,3153.4,3156.2,3155.7,3714.0,100.0,99.9,99.9,99.9,100.0,99.9,99.9,99.9,100.0,99.9,100.0,99.9,100.0,100.0,100.0,100.0,100.0,100.0,100.0,100.0,100.0,100.0,100.0,100.0,102.1,105.4,105.5,105.6,105.6,105.6,105.6,105.6,105.6,105.6,105.6,105.6,105.6,105.6,105.7,105.6,105.6,88.3,88.3,88.3,88.3,102.1,35.8,38.0,39.0,39.0,39.0,38.0,38.0,38.0,37.0,31.0,31.0,31.0,31.0,34.0,83,84,84,88,84,89,88,81,87,78,78,78,78,17,16,16,12,16,11,12,19,13,22,22,22,22,90,89,Yes,No,No,Yes,No,Yes,Yes,No,Yes,No,No,No,No,No,No,No,No,No,No,No,No,No,No,No,No,No,No,No,No,No,No,No,No,No,No,No,No,No,No,Yes,No,No,88,88,42,0.000,0.000,0.000,0.000,0.000,0.000,0.000,1.250,93.572,110.007,98.254,9.900,0.821,150.0,175.0,96.000,0.0,99.7,99.3,99.6,99.7,99.8,99.8,99.7,99.7,99.8,99.7,99.8,99.8,99.8,99.8,99.8,99.6,99.8,99.2,99.5,99.6,99.5,0.0,0.0,0.0,0.0,0.0,0.0,0.0,0.0,0.0,0.0,0.0,0.0,0.0,0.0,0.0,0.0,0.0,0.0,0.0,0.0,0.0,0.0,0.0,0.0,0.0,0.0,0.0,0.0,0.0,0.0,0.0,0.0,0.0,0.0,0.0,2793.2,28.00,36,36,36,76,112,447,2,2,Yes,No,Yes,No,No,No,No,No,No,No,No,No,No,No,No,No,No,No,No,No,No,No,No,No,No,No,No,Yes,No,Yes,No,No,No,No,No,Yes,No,No,30,43,30,89,79,41,1.057,5.080,3.424,3.328,12.192,2.024,0.688,3.424,3.200,1.072,1.264,1.664,1.064,1.000,1.000,0.920,1.824,1800,2000,3452,43.0,42.0,38.0,1.095,59.000,36.8,1.260,1.260,1.800,1.815,1.125,4.970,2.000,No,No,No,1.260,1.260,1.800,1.815,1.125,5.040,1.500,No,No,No,49,49,57,100.0,100.0,No,No,14698,23904,30,30,No,No,1299,631,4.1,0.9,5.0,6.619,8.295,16181,38201,0.0,0.0,0.0,0.000,0.000,0,27.3,30.0,30.2,84.0,0.910,12.163,12.152,12.166,12.171,0,0,11.104,5.847,10.680,10.937,3.822,0.263,7.588,7.639,210.0,50.6,1185.0,41.3,1290.0,0.0,4.0,0.0,0.0,10.6,0.0,0.1,0.0,0.0,0.0,0.0,0,0,Yes,No,No,No,No,Yes,No,5.5,7.3,3,0,0,0,0,0,0,0,0,76,0,0,0,0,0,0,0,0,0,0,0,0,0,0,0,0,0,0,0,0,10974,1308,1045,67,2.5,0,0,0,15.0,4.8,176.9,1.9,4.7,206.92,530.67,5.65,1.32,220.91,222.22,0.00,767,17,0.1,0.0,0,0,0.0,0.0,0,36.5,0.000,
14.10.2025,11:56:16.652,24342,45074,35.0,18587,46734,28.4,0.0,1.077,1.088,1.060,1.081,1.083,1.057,1.039,1.057,1.075,1.109,1.093,1.093,1.092,1.251,3682.7,3990.2,3890.5,3890.5,3890.5,3890.5,3790.7,3790.7,3890.5,3291.9,3291.9,3291.9,3291.9,99.8,3591.2,3680.0,3794.0,3802.9,3808.1,3809.9,3810.5,3808.0,3810.7,3809.2,3809.4,3810.7,3809.4,3809.2,3812.4,3812.4,3806.0,3813.5,3159.5,3166.8,3169.0,3169.0,3736.8,100.0,99.9,100.0,99.9,100.0,100.0,99.9,100.0,99.9,100.0,100.0,99.9,99.9,100.0,100.0,100.0,100.0,100.0,100.0,100.0,100.0,100.0,100.0,100.0,102.7,106.2,106.2,106.3,106.3,106.3,106.2,106.3,106.3,106.3,106.3,106.3,106.2,106.3,106.3,106.3,106.3,88.6,88.6,88.6,88.6,102.7,36.9,40.0,39.0,39.0,39.0,39.0,38.0,38.0,39.0,33.0,33.0,33.0,33.0,36.0,83,86,83,90,84,89,89,81,86,77,77,77,77,17,14,17,10,16,11,11,19,14,23,23,23,23,90,90,Yes,No,No,Yes,No,Yes,No,No,Yes,No,No,No,No,No,No,No,No,No,No,No,No,No,No,No,No,No,No,No,No,No,No,No,No,No,No,No,No,No,No,Yes,No,No,90,90,42,0.000,0.000,0.000,0.000,0.000,0.000,0.000,1.250,101.502,110.528,98.881,9.825,0.792,150.0,175.0,112.000,0.0,99.7,99.4,99.6,99.7,99.8,99.8,99.7,99.8,99.8,99.7,99.8,99.7,99.7,99.8,99.8,99.6,99.8,99.3,99.5,99.6,99.6,0.0,0.0,0.0,0.0,0.0,0.0,0.0,0.0,0.0,0.0,0.0,0.0,0.0,0.0,0.0,0.0,0.0,0.0,0.0,0.0,0.0,0.0,0.0,0.0,0.0,0.0,0.0,0.0,0.0,0.0,0.0,0.0,0.0,0.0,0.0,2793.2,28.00,36,36,36,76,112,447,2,2,Yes,No,Yes,No,No,No,No,No,No,No,No,No,No,No,No,No,No,No,No,No,No,No,No,No,No,No,No,Yes,No,Yes,No,No,No,No,No,No,No,No,30,44,30,89,78,42,1.066,5.040,3.424,3.328,12.192,2.024,0.688,3.424,3.200,1.072,1.264,1.648,1.064,1.000,1.000,0.920,1.824,1802,1994,3506,42.0,42.0,38.0,1.115,62.000,37.0,1.260,1.260,1.800,1.815,1.125,4.970,2.125,No,No,No,1.260,1.260,1.800,1.815,1.125,4.970,2.000,No,No,No,49,49,58,100.0,100.0,No,No,14698,23904,30,30,No,No,1299,631,1.2,1.6,2.8,1.707,9.330,16184,38219,0.0,0.0,0.0,0.000,0.000,0,27.4,30.0,30.1,84.0,0.910,12.164,12.152,12.168,12.172,0,0,11.209,5.887,10.641,11.048,3.956,0.408,7.502,7.651,210.0,50.6,1185.0,43.8,1290.0,0.0,1.0,0.0,0.0,10.6,0.0,0.2,0.0,0.0,0.0,0.0,0,0,Yes,No,No,No,No,Yes,No,5.8,8.2,3,0,0,0,0,0,0,0,0,76,0,0,0,0,0,0,0,0,0,0,0,0,0,0,0,0,0,0,0,0,10974,1308,1045,67,2.5,0,0,0,15.0,4.8,62.2,1.9,4.7,208.69,530.66,16.08,1.30,220.93,222.23,0.00,767,17,0.7,0.3,0,0,0.0,0.0,0,36.5,0.000,
14.10.2025,11:56:18.647,24342,45074,35.0,18587,46733,28.4,0.0,1.028,1.031,1.035,1.000,1.025,1.020,1.010,1.036,1.035,1.035,1.035,1.035,1.035,1.251,3558.0,3790.7,3691.0,3691.0,3790.7,3691.0,3691.0,3790.7,3790.7,3192.2,3192.2,3192.2,3192.2,99.8,3391.7,3669.3,3787.1,3793.1,3798.2,3799.7,3801.0,3801.1,3801.0,3800.8,3798.0,3799.7,3800.7,3800.5,3801.3,3800.9,3791.5,3798.2,3145.6,3155.9,3155.1,3155.9,3726.4,100.0,100.0,99.9,100.0,99.9,100.0,100.0,100.0,100.0,100.0,100.0,100.0,100.0,100.0,100.0,100.0,100.0,100.0,100.0,100.0,100.0,100.0,100.0,100.0,102.5,106.0,106.0,106.1,106.0,106.1,106.1,106.1,106.1,106.1,106.1,106.1,106.1,106.1,106.1,106.1,106.1,88.4,88.4,88.3,88.4,102.5,35.7,38.0,37.0,37.0,38.0,37.0,37.0,38.0,38.0,32.0,32.0,32.0,32.0,34.0,83,84,84,90,87,86,88,81,89,78,78,78,78,17,16,16,10,13,14,12,19,11,22,22,22,22,91,90,Yes,No,No,Yes,No,Yes,Yes,No,Yes,No,No,No,No,No,No,No,No,No,No,No,No,No,No,No,No,No,No,No,No,No,No,No,No,No,No,No,No,No,No,Yes,No,No,90,90,42,0.000,0.000,0.000,0.000,0.000,0.000,0.000,1.250,96.744,110.569,98.611,10.053,0.875,150.0,175.0,104.000,0.0,99.7,99.4,99.6,99.7,99.7,99.8,99.8,99.8,99.8,99.7,99.8,99.8,99.8,99.8,99.8,99.6,99.8,99.2,99.5,99.4,99.5,0.0,0.0,0.0,0.0,0.0,0.0,0.0,0.0,0.0,0.0,0.0,0.0,0.0,0.0,0.0,0.0,0.0,0.0,0.0,0.0,0.0,0.0,0.0,0.0,0.0,0.0,0.0,0.0,0.0,0.0,0.0,0.0,0.0,0.0,0.0,2793.2,28.00,36,36,36,76,112,447,2,2,Yes,No,Yes,No,No,No,No,No,No,No,No,No,No,No,No,No,No,No,No,No,No,No,No,No,No,No,No,Yes,No,Yes,No,No,No,No,No,No,No,No,30,44,30,89,78,41,1.021,5.080,3.424,3.328,12.192,2.024,0.688,3.424,3.200,1.072,1.264,1.648,1.064,1.000,1.000,0.920,1.824,1802,2005,3426,42.0,42.0,38.0,1.140,54.000,37.0,1.260,1.260,1.800,1.815,1.125,4.970,2.125,No,No,No,1.260,1.260,1.800,1.815,1.125,4.970,3.500,No,No,No,49,49,58,100.0,100.0,No,No,14698,23904,30,30,No,No,1299,631,1.8,0.3,2.1,1.549,1.555,16187,38222,0.0,0.0,0.0,0.000,0.000,0,27.3,28.0,30.2,84.0,0.910,12.165,12.154,12.168,12.172,0,0,11.232,5.857,10.961,11.048,3.737,0.087,7.531,7.632,210.0,50.6,1185.0,43.1,1290.0,0.0,13.0,0.0,0.0,10.6,0.0,0.2,0.0,0.0,0.0,0.0,0,0,Yes,No,No,No,No,Yes,No,5.8,7.8,3,0,0,0,0,0,0,0,0,76,0,0,0,0,0,0,0,0,0,0,0,0,0,0,0,0,0,0,0,0,10974,1308,1045,66,2.5,0,0,0,15.0,4.8,63.6,1.9,4.7,210.24,530.55,15.71,1.46,220.76,222.23,0.00,767,17,0.7,0.0,0,0,0.0,0.0,0,36.8,0.000,
14.10.2025,11:56:20.658,24337,45080,35.0,18584,46736,28.4,0.0,1.035,1.026,1.021,1.022,1.048,1.047,1.047,1.047,1.032,1.032,1.032,1.032,1.032,1.251,3591.2,3790.7,3790.7,3790.7,3790.7,3790.7,3790.7,3790.7,3790.7,3192.2,3192.2,3192.2,3192.2,99.8,3391.7,3687.1,3802.0,3811.1,3815.9,3819.0,3815.3,3817.2,3817.1,3817.8,3816.9,3818.9,3819.2,3819.3,3822.1,3821.0,3817.4,3823.4,3157.8,3169.4,3170.8,3170.3,3744.5,99.9,99.9,99.9,99.9,100.0,99.9,99.9,99.9,99.9,99.9,99.9,99.9,99.9,100.0,99.9,100.0,100.0,100.0,100.0,100.0,100.0,100.0,99.9,100.0,103.0,106.5,106.5,106.5,106.5,106.4,106.5,106.5,106.5,106.5,106.5,106.5,106.5,106.6,106.5,106.6,106.6,88.7,88.7,88.7,88.7,103.0,36.0,38.0,38.0,38.0,38.0,38.0,38.0,38.0,38.0,32.0,32.0,32.0,32.0,34.0,83,84,86,90,87,88,85,81,84,77,77,77,77,17,16,14,10,13,12,15,19,16,23,23,23,23,90,90,Yes,No,No,Yes,No,No,No,No,No,No,No,No,No,No,No,No,No,No,No,No,No,No,No,No,No,No,No,No,No,No,No,No,No,No,No,No,No,No,No,Yes,No,No,90,90,42,0.000,0.000,0.000,0.000,0.000,0.000,0.000,1.250,74.540,110.599,98.666,10.034,0.871,150.0,175.0,80.000,0.0,99.6,99.4,99.6,99.7,99.8,99.7,99.7,99.7,99.7,99.7,99.7,99.7,99.7,99.8,99.7,99.6,99.8,99.0,99.4,99.5,99.4,0.0,0.0,0.0,0.0,0.0,0.0,0.0,0.0,0.0,0.0,0.0,0.0,0.0,0.0,0.0,0.0,0.0,0.0,0.0,0.0,0.0,0.0,0.0,0.0,0.0,0.0,0.0,0.0,0.0,0.0,0.0,0.0,0.0,0.0,0.0,2793.2,28.00,36,36,36,76,112,447,2,2,Yes,No,Yes,No,No,No,No,No,No,No,No,No,No,No,No,No,No,No,No,No,No,No,No,No,No,No,No,Yes,No,Yes,No,No,No,No,No,No,No,No,30,44,30,89,78,42,1.083,5.040,3.424,3.328,12.192,2.024,0.688,3.424,3.200,1.072,1.264,1.648,1.064,1.000,1.000,0.920,1.824,1802,1982,3479,43.0,42.0,38.0,1.080,55.000,37.0,1.260,1.260,1.800,1.815,1.125,4.970,1.500,No,No,No,1.260,1.260,1.800,1.815,1.125,4.970,2.250,No,No,No,49,49,60,100.0,100.0,No,No,14698,23904,30,30,No,No,1299,631,2.1,0.4,2.5,1.251,1.788,16189,38225,0.0,0.0,0.0,0.000,0.000,0,27.3,30.0,30.1,84.0,0.910,12.162,12.150,12.166,12.171,0,0,11.062,6.039,10.911,11.436,4.162,0.535,7.588,7.641,210.0,50.6,1185.0,44.6,1290.0,0.0,11.0,0.0,0.0,10.6,0.0,0.2,0.0,0.0,0.0,0.0,0,0,Yes,No,No,No,No,Yes,No,5.7,7.3,3,0,0,0,0,0,0,0,0,76,0,0,0,0,0,0,0,0,0,0,0,0,0,0,0,0,0,0,0,0,10974,1308,1045,66,2.5,0,0,0,15.0,4.7,63.3,1.9,4.6,211.56,530.44,15.80,1.29,220.94,222.22,0.00,767,17,0.8,0.1,0,0,0.0,0.0,0,36.8,0.000,
14.10.2025,11:56:22.655,24335,45081,35.0,18583,46737,28.4,0.0,1.030,0.994,1.000,0.996,1.021,1.031,1.038,1.061,1.061,1.040,1.040,1.040,1.040,1.251,3566.3,3691.0,3691.0,3691.0,3790.7,3790.7,3790.7,3790.7,3790.7,3192.2,3192.2,3192.2,3192.2,99.8,3291.9,3682.0,3798.7,3806.0,3811.9,3811.3,3815.0,3815.6,3815.1,3812.9,3813.1,3815.3,3813.7,3814.6,3814.6,3814.7,3809.8,3815.2,3151.3,3162.3,3164.4,3164.6,3739.5,100.0,100.0,99.9,100.0,99.9,100.0,100.0,100.0,99.9,100.0,100.0,99.9,100.0,100.0,100.0,100.0,100.0,100.0,100.0,100.0,100.0,100.0,100.0,100.0,102.8,106.3,106.3,106.4,106.3,106.4,106.4,106.4,106.4,106.4,106.4,106.4,106.4,106.4,106.4,106.5,106.4,88.5,88.5,88.5,88.5,102.8,35.8,37.0,37.0,37.0,38.0,38.0,38.0,38.0,38.0,32.0,32.0,32.0,32.0,33.0,83,85,83,90,87,87,88,80,86,78,78,78,78,17,15,17,10,13,13,12,20,14,22,22,22,22,91,90,Yes,No,No,Yes,No,Yes,Yes,No,Yes,No,No,No,No,No,No,No,No,No,No,No,No,No,No,No,No,No,No,No,No,No,No,No,No,No,No,No,No,No,No,Yes,No,No,90,90,42,0.000,0.000,0.000,0.000,0.000,0.000,0.000,1.250,80.884,110.212,98.292,10.025,0.864,150.0,175.0,88.000,0.0,99.7,99.4,99.6,99.7,99.7,99.8,99.8,99.8,99.7,99.7,99.8,99.7,99.8,99.8,99.8,99.7,99.8,99.1,99.4,99.5,99.5,0.0,0.0,0.0,0.0,0.0,0.0,0.0,0.0,0.0,0.0,0.0,0.0,0.0,0.0,0.0,0.0,0.0,0.0,0.0,0.0,0.0,0.0,0.0,0.0,0.0,0.0,0.0,0.0,0.0,0.0,0.0,0.0,0.0,0.0,0.0,2793.2,28.00,36,36,36,76,112,447,2,2,Yes,No,Yes,No,No,No,No,No,No,No,No,No,No,No,No,No,No,No,No,No,No,No,No,No,No,No,No,Yes,No,Yes,No,No,No,No,No,No,No,No,31,44,31,89,78,43,1.083,5.040,3.424,3.328,12.192,2.024,0.688,3.424,3.200,1.072,1.264,1.648,1.064,1.000,1.000,0.912,1.824,1802,2011,3479,43.0,42.0,39.0,1.090,50.000,37.0,1.260,1.260,1.800,1.800,1.125,4.970,1.500,No,No,No,1.260,1.260,1.800,1.815,1.125,4.970,1.750,No,No,No,49,49,58,100.0,100.0,No,No,14698,23904,30,30,No,No,1299,631,0.8,0.1,0.9,0.779,0.965,16191,38227,0.0,0.0,0.0,0.000,0.000,0,27.3,30.0,30.1,84.0,0.910,12.162,12.149,12.166,12.171,0,0,11.058,5.965,10.690,11.241,4.114,0.552,7.508,7.646,210.0,50.6,1185.0,45.0,1290.0,0.0,2.0,0.0,0.0,10.6,0.0,0.2,0.0,0.0,0.0,0.0,0,0,Yes,No,No,No,No,Yes,No,5.6,7.2,3,0,0,0,0,0,0,0,0,76,0,0,0,0,0,0,0,0,0,0,0,0,0,0,0,0,0,0,0,0,10974,1308,1045,66,2.5,0,0,0,15.0,4.7,121.7,1.9,4.6,212.96,530.48,8.22,1.36,222.72,224.07,0.00,767,17,0.2,0.2,0,0,0.0,0.0,0,36.8,0.000,
14.10.2025,11:56:24.655,24337,45079,35.0,18594,46726,28.4,0.0,1.033,1.089,1.060,1.056,1.025,1.026,1.000,1.025,1.023,1.025,1.025,1.025,1.022,1.251,3624.5,3990.2,3990.2,3890.5,3790.7,3790.7,3691.0,3790.7,3790.7,3192.2,3192.2,3192.2,3192.2,99.8,3591.2,3686.1,3795.7,3810.2,3818.0,3812.4,3821.5,3816.1,3822.9,3821.1,3815.3,3819.2,3820.8,3812.9,3825.8,3822.9,3811.2,3819.0,3153.4,3167.9,3168.7,3167.3,3743.7,99.8,99.7,99.8,99.9,99.7,99.9,99.8,99.9,99.9,99.8,99.8,99.9,99.7,100.0,99.9,99.8,99.8,99.8,99.9,99.9,99.8,100.0,99.8,100.0,102.9,106.4,106.4,106.6,106.3,106.5,106.4,106.6,106.5,106.4,106.5,106.5,106.3,106.6,106.6,106.4,106.5,88.6,88.7,88.7,88.6,102.9,36.3,40.0,40.0,39.0,38.0,38.0,37.0,38.0,38.0,32.0,32.0,32.0,32.0,36.0,83,84,84,91,85,87,88,80,87,78,78,77,77,17,16,16,9,15,13,12,20,13,22,22,23,23,89,91,Yes,No,No,Yes,No,Yes,Yes,No,Yes,No,No,No,No,No,No,No,No,No,No,No,No,No,No,No,No,No,No,No,No,No,No,No,No,No,No,No,No,No,No,Yes,No,No,90,90,42,0.000,0.000,0.000,0.000,0.000,0.000,0.000,1.250,96.744,110.530,98.687,9.967,0.848,150.0,175.0,104.000,0.0,99.5,99.2,99.5,99.7,99.5,99.7,99.6,99.8,99.7,99.6,99.7,99.7,99.5,99.8,99.7,99.5,99.7,98.9,99.4,99.4,99.3,0.1,0.0,0.0,0.0,0.0,0.0,0.0,0.0,0.0,0.2,0.1,0.1,0.2,0.0,0.0,0.0,0.0,0.0,0.0,0.0,0.0,0.0,0.0,0.0,0.0,0.0,0.0,0.0,0.0,0.0,0.0,0.0,0.0,0.0,0.0,2793.2,28.00,36,36,36,76,112,447,2,2,Yes,No,Yes,No,No,No,No,No,No,No,No,No,No,No,No,No,No,No,No,No,No,No,No,No,No,No,No,Yes,No,Yes,No,No,No,No,No,No,No,No,31,44,31,89,78,42,1.066,5.080,3.424,3.328,12.192,2.024,0.688,3.424,3.200,1.072,1.264,1.648,1.064,1.000,1.000,0.912,1.824,1807,1994,3417,42.0,42.0,39.0,1.075,45.000,37.0,1.260,1.260,1.800,1.800,1.125,4.970,1.250,No,No,No,1.260,1.260,1.800,1.800,1.185,4.970,1.125,No,No,No,49,49,58,100.0,100.0,No,No,14698,23904,30,30,No,No,1299,631,5.0,0.3,5.3,8.710,1.369,16208,38230,0.0,0.0,0.0,0.000,0.000,0,27.3,30.0,30.1,84.0,0.910,12.165,12.155,12.168,12.173,0,0,10.916,5.822,10.428,10.842,3.895,0.424,7.516,7.645,210.0,50.6,1185.0,40.7,1290.0,0.0,7.0,0.0,0.0,10.6,0.0,0.2,0.0,0.0,0.0,0.0,0,0,Yes,No,No,No,No,Yes,No,5.4,7.3,3,0,0,0,0,0,0,0,0,76,0,0,0,0,0,0,0,0,0,0,0,0,0,0,0,0,0,0,0,0,10974,1308,1045,66,2.5,0,0,0,15.0,4.7,537.6,1.9,4.7,211.79,515.25,1.86,1.31,208.16,209.48,0.00,767,17,3.5,3.7,0,0,0.0,0.0,0,36.8,0.000,
14.10.2025,11:56:26.649,24338,45078,35.0,18589,46731,28.4,0.0,1.021,0.994,1.002,1.015,1.013,1.006,1.009,1.031,1.049,1.033,1.033,1.033,1.033,1.251,3549.7,3691.0,3691.0,3691.0,3691.0,3691.0,3691.0,3790.7,3890.5,3192.2,3192.2,3192.2,3192.2,99.8,3291.9,3659.3,3770.2,3781.8,3786.5,3786.4,3787.4,3785.1,3787.7,3783.5,3785.8,3785.3,3787.8,3787.5,3787.6,3787.3,3781.6,3788.0,3147.2,3158.4,3159.8,3160.5,3714.7,99.9,99.9,100.0,99.9,99.9,100.0,99.9,100.0,99.9,100.0,99.9,100.0,100.0,100.0,100.0,100.0,100.0,99.9,100.0,100.0,100.0,100.0,99.9,100.0,102.2,105.5,105.6,105.7,105.7,105.7,105.6,105.7,105.6,105.7,105.7,105.7,105.7,105.7,105.7,105.7,105.7,88.4,88.5,88.4,88.4,102.2,35.6,37.0,37.0,37.0,37.0,37.0,37.0,38.0,39.0,32.0,32.0,32.0,32.0,33.0,83,86,83,90,85,89,87,81,86,78,78,78,78,17,14,17,10,15,11,13,19,14,22,22,22,22,90,90,Yes,No,No,Yes,No,Yes,Yes,No,Yes,No,No,No,No,No,No,No,No,No,No,No,No,No,No,No,No,No,No,No,No,No,No,No,No,No,No,No,No,No,No,Yes,No,No,90,90,42,0.000,0.000,0.000,0.000,0.000,0.000,0.000,1.250,95.158,109.717,98.170,9.750,0.770,150.0,175.0,104.000,0.0,99.7,99.3,99.6,99.7,99.7,99.8,99.7,99.8,99.7,99.7,99.7,99.8,99.8,99.8,99.8,99.6,99.8,99.1,99.5,99.5,99.5,0.0,0.0,0.0,0.0,0.0,0.0,0.0,0.0,0.0,0.0,0.0,0.0,0.0,0.0,0.0,0.0,0.0,0.0,0.0,0.0,0.0,0.0,0.0,0.0,0.0,0.0,0.0,0.0,0.0,0.0,0.0,0.0,0.0,0.0,0.0,2793.2,28.00,36,36,36,76,112,447,2,2,Yes,No,Yes,No,No,No,No,No,No,No,No,No,No,No,No,No,No,No,No,No,No,No,No,No,No,No,No,Yes,No,Yes,No,No,No,No,No,No,No,No,31,44,31,90,78,42,1.066,5.040,3.424,3.328,12.192,2.024,0.688,3.424,3.200,1.072,1.264,1.648,1.064,1.000,1.000,0.912,1.824,1802,2000,3391,43.0,42.0,39.0,1.115,51.000,37.0,1.260,1.260,1.800,1.800,1.125,5.040,2.000,No,No,No,1.260,1.260,1.800,1.800,1.125,5.040,2.375,No,No,No,49,49,57,100.0,100.0,No,No,14698,23904,30,30,No,No,1299,631,0.6,0.1,0.8,1.135,0.412,16210,38230,0.0,0.0,0.0,0.000,0.000,0,27.3,28.0,30.0,84.0,0.910,12.163,12.151,12.167,12.171,0,0,11.045,5.867,10.361,10.913,4.017,0.562,7.584,7.630,210.0,50.6,1185.0,46.9,1290.0,0.0,6.0,0.0,0.0,10.6,0.0,0.2,0.0,0.0,0.0,0.0,0,0,Yes,No,No,No,No,Yes,No,5.5,7.5,3,0,0,0,0,0,0,0,0,76,0,0,0,0,0,0,0,0,0,0,0,0,0,0,0,0,0,0,0,0,10974,1308,1045,66,2.5,0,0,0,15.0,4.8,86.3,1.9,4.7,208.30,531.82,11.59,1.39,189.15,190.51,0.00,767,17,0.2,0.1,0,0,0.0,0.0,0,36.8,0.000,
14.10.2025,11:56:28.645,24332,45084,35.0,18588,46733,28.4,0.0,1.049,1.036,1.038,1.036,1.040,1.057,1.057,1.057,1.038,1.061,1.058,1.058,1.058,1.251,3591.2,3790.7,3790.7,3790.7,3790.7,3790.7,3790.7,3790.7,3790.7,3192.2,3192.2,3192.2,3192.2,99.8,3391.7,3662.0,3774.7,3782.0,3787.5,3788.9,3790.2,3790.4,3790.3,3790.9,3788.7,3791.6,3791.9,3791.9,3792.9,3792.3,3787.4,3793.0,3144.5,3155.9,3157.7,3156.9,3718.1,100.0,100.0,100.0,100.0,100.0,100.0,100.0,100.0,100.0,100.0,100.0,100.0,100.0,100.0,100.0,100.0,100.0,99.9,100.0,100.0,100.0,100.0,100.0,100.0,102.2,105.7,105.7,105.7,105.7,105.7,105.7,105.7,105.7,105.7,105.7,105.7,105.7,105.7,105.7,105.8,105.7,88.3,88.3,88.3,88.3,102.2,36.0,38.0,38.0,38.0,38.0,38.0,38.0,38.0,38.0,32.0,32.0,32.0,32.0,34.0,83,85,83,90,85,88,85,81,86,77,77,77,77,17,15,17,10,15,12,15,19,14,23,23,23,23,90,90,Yes,No,No,Yes,No,Yes,Yes,No,Yes,No,No,No,No,No,No,No,No,No,No,No,No,No,No,No,No,No,No,No,No,No,No,No,No,No,No,No,No,No,No,Yes,No,No,90,90,42,0.000,0.000,0.000,0.000,0.000,0.000,0.000,1.250,93.572,111.504,99.681,9.964,0.829,150.0,175.0,96.000,0.0,99.7,99.4,99.6,99.7,99.8,99.8,99.8,99.8,99.8,99.7,99.8,99.8,99.8,99.8,99.8,99.6,99.8,99.1,99.4,99.5,99.5,0.0,0.0,0.0,0.0,0.0,0.0,0.0,0.0,0.0,0.0,0.0,0.0,0.0,0.0,0.0,0.0,0.0,0.0,0.0,0.0,0.0,0.0,0.0,0.0,0.0,0.0,0.0,0.0,0.0,0.0,0.0,0.0,0.0,0.0,0.0,2793.2,28.00,36,36,36,76,112,447,2,2,Yes,No,Yes,No,No,No,No,No,No,No,No,No,No,No,No,No,No,No,No,No,No,No,No,No,No,No,No,Yes,No,Yes,No,No,No,No,No,No,No,No,31,44,31,90,78,41,1.039,5.080,3.424,3.328,12.192,2.024,0.680,3.424,3.200,1.072,1.280,1.648,1.064,1.000,1.000,0.912,1.824,1804,2005,3443,43.0,42.0,39.0,1.090,59.000,37.0,1.245,1.260,1.800,1.800,1.125,5.040,1.375,No,No,No,1.260,1.260,1.800,1.800,1.125,5.040,1.750,No,No,No,49,49,57,100.0,100.0,No,No,14698,23904,30,30,No,No,1299,631,1.1,0.1,1.2,2.019,0.630,16214,38232,0.0,0.0,0.0,0.000,0.000,0,27.3,30.0,30.0,84.0,0.910,12.166,12.157,12.169,12.172,0,0,10.874,5.924,10.755,11.171,3.992,0.415,7.500,7.634,210.0,50.6,1185.0,41.1,1290.0,0.0,10.0,0.0,0.0,10.6,0.0,0.2,0.0,0.0,0.0,0.0,0,0,Yes,No,No,No,No,Yes,No,5.6,7.7,3,0,0,0,0,0,0,0,0,76,0,0,0,0,0,0,0,0,0,0,0,0,0,0,0,0,0,0,0,0,10974,1308,1045,66,2.5,0,0,0,15.0,4.8,62.6,1.9,4.7,209.37,529.32,15.98,1.31,217.22,218.54,0.00,767,17,0.0,0.0,0,0,0.0,0.0,0,36.8,0.000,
14.10.2025,11:56:30.648,24334,45082,35.0,18594,46726,28.4,0.0,1.036,1.047,1.034,1.052,1.036,1.036,1.032,1.032,1.032,1.033,1.033,1.033,1.033,1.251,3591.2,3790.7,3691.0,3890.5,3790.7,3790.7,3790.7,3790.7,3790.7,3192.2,3192.2,3192.2,3192.2,99.8,3391.7,3665.9,3779.3,3786.6,3794.0,3795.3,3795.7,3794.7,3796.2,3794.8,3793.7,3795.9,3795.3,3793.6,3796.1,3797.2,3790.8,3797.7,3146.6,3157.4,3158.4,3158.7,3722.3,100.0,99.9,99.9,100.0,100.0,100.0,99.9,100.0,99.9,100.0,100.0,99.9,99.9,99.9,100.0,100.0,100.0,99.9,100.0,100.0,100.0,100.0,100.0,100.0,102.4,105.8,105.8,105.9,105.9,105.9,105.8,105.9,105.9,105.9,105.9,105.9,105.8,105.9,105.9,105.9,105.9,88.4,88.4,88.4,88.4,102.4,36.0,38.0,37.0,39.0,38.0,38.0,38.0,38.0,38.0,32.0,32.0,32.0,32.0,34.0,84,86,84,88,87,88,88,81,90,79,79,79,79,16,14,16,12,13,12,12,19,10,21,21,21,21,91,90,Yes,No,No,Yes,No,Yes,Yes,No,Yes,No,No,No,No,No,No,No,No,No,No,No,No,No,No,No,No,No,No,No,No,No,No,No,No,No,No,No,No,No,No,Yes,No,No,90,90,42,0.000,0.000,0.000,0.000,0.000,0.000,0.000,1.250,90.400,110.534,98.481,10.130,0.892,150.0,175.0,96.000,0.0,99.6,99.4,99.6,99.7,99.8,99.8,99.7,99.8,99.7,99.7,99.8,99.8,99.7,99.8,99.8,99.6,99.8,99.1,99.5,99.5,99.5,0.0,0.0,0.0,0.0,0.0,0.0,0.0,0.0,0.0,0.0,0.0,0.0,0.0,0.0,0.0,0.0,0.0,0.0,0.0,0.0,0.0,0.0,0.0,0.0,0.0,0.0,0.0,0.0,0.0,0.0,0.0,0.0,0.0,0.0,0.0,2793.2,28.00,36,36,36,76,112,447,2,2,Yes,No,Yes,No,No,No,No,No,No,No,No,No,No,No,No,No,No,No,No,No,No,No,No,No,No,No,No,Yes,No,Yes,No,No,No,No,No,Yes,No,No,31,44,31,89,78,42,1.057,5.080,3.424,3.328,12.192,2.024,0.680,3.424,3.200,1.072,1.264,1.648,1.064,1.000,1.000,0.912,1.824,1802,1982,3435,42.0,42.0,39.0,1.140,67.000,37.0,1.245,1.260,1.800,1.800,1.125,5.040,1.250,No,No,No,1.245,1.260,1.800,1.800,1.125,5.040,1.500,No,No,No,49,49,57,100.0,100.0,No,No,14698,23904,30,30,No,No,1299,631,1.7,0.1,1.9,3.022,0.508,16219,38233,0.0,0.0,0.0,0.000,0.000,0,27.3,30.0,30.1,84.0,0.910,12.160,12.148,12.163,12.168,0,0,10.717,6.239,11.123,11.980,4.563,0.860,7.502,7.646,210.0,50.6,1185.0,41.7,1290.0,0.0,2.0,0.0,0.0,10.6,0.0,0.2,0.0,0.0,0.0,0.0,0,0,Yes,No,No,No,No,Yes,No,6.0,7.4,3,0,0,0,0,0,0,0,0,76,0,0,0,0,0,0,0,0,0,0,0,0,0,0,0,0,0,0,0,0,10974,1308,1045,66,2.5,0,0,0,15.0,4.6,138.5,1.9,4.7,215.27,531.73,7.22,1.33,246.84,248.18,0.00,767,17,0.1,0.0,0,0,0.0,0.0,0,36.8,0.000,
14.10.2025,11:56:32.651,24440,44976,35.2,18626,46694,28.5,0.0,1.021,1.025,1.026,1.005,1.023,1.024,1.023,1.027,1.001,1.025,1.025,1.026,1.026,1.251,3574.6,3790.7,3790.7,3691.0,3790.7,3790.7,3790.7,3790.7,3691.0,3192.2,3192.2,3192.2,3192.2,99.8,3391.7,3680.2,3794.9,3801.9,3810.2,3812.3,3815.7,3813.2,3810.2,3812.1,3798.7,3804.4,3811.5,3811.9,3814.8,3815.2,3810.6,3817.1,3154.3,3162.9,3166.0,3166.4,3737.3,100.0,100.0,99.9,100.0,99.9,100.0,99.9,100.0,99.9,100.0,100.0,99.9,99.9,100.0,100.0,100.0,100.0,100.0,99.9,100.0,100.0,100.0,100.0,100.0,102.9,106.4,106.4,106.4,106.4,106.5,106.4,106.4,106.4,106.4,106.4,106.4,106.4,106.4,106.4,106.5,106.5,88.6,88.6,88.7,88.7,102.9,35.8,38.0,38.0,37.0,38.0,38.0,38.0,38.0,37.0,32.0,32.0,32.0,32.0,34.0,84,85,86,90,85,88,88,81,87,78,78,78,78,16,15,14,10,15,12,12,19,13,22,22,22,22,90,90,Yes,No,No,Yes,Yes,Yes,Yes,No,Yes,No,No,No,No,No,No,No,No,No,No,No,No,No,No,No,No,No,No,No,No,No,No,No,No,No,No,No,No,No,No,Yes,No,No,90,90,42,0.000,0.000,0.000,0.000,0.000,0.000,0.000,1.250,58.681,109.906,97.899,10.099,0.882,150.0,175.0,64.000,0.0,99.6,99.3,99.5,99.6,99.7,99.8,99.7,99.6,99.7,99.3,99.5,99.7,99.7,99.7,99.8,99.6,99.8,99.1,99.3,99.4,99.5,0.0,0.0,0.0,0.0,0.0,0.0,0.0,0.0,0.0,0.0,0.1,0.0,0.0,0.0,0.0,0.0,0.0,0.0,0.0,0.0,0.0,0.0,0.0,0.0,0.0,0.0,0.0,0.0,0.0,0.0,0.0,0.0,0.0,0.0,0.0,2793.2,28.00,36,36,36,76,112,447,2,2,Yes,No,Yes,No,No,No,No,No,No,No,No,No,No,No,No,No,No,No,No,No,No,No,No,No,No,No,No,Yes,No,Yes,No,No,No,No,No,Yes,No,No,31,44,31,89,78,43,1.083,5.080,3.424,3.328,12.192,2.024,0.680,3.424,3.200,1.072,1.264,1.648,1.064,1.000,1.000,0.912,1.824,1807,2000,3497,43.0,42.0,39.0,1.135,42.000,37.2,1.245,1.260,1.800,1.800,1.125,5.040,3.375,No,No,No,1.245,1.260,1.800,1.800,1.125,5.040,2.250,No,No,No,49,49,57,100.0,100.0,No,No,14698,23904,30,30,No,No,1299,631,0.8,0.2,1.0,1.035,0.814,16221,38234,0.0,0.0,0.0,0.000,0.000,0,27.2,30.0,29.9,84.0,0.910,12.162,12.149,12.165,12.170,0,0,10.940,5.845,10.443,10.912,3.943,0.469,7.505,7.640,210.0,50.6,1185.0,41.2,1290.0,0.0,1.0,0.0,0.0,10.6,0.0,0.2,0.0,0.0,0.0,0.0,0,0,Yes,No,No,No,No,Yes,No,5.5,7.3,3,0,0,0,0,0,0,0,0,76,0,0,0,0,0,0,0,0,0,0,0,0,0,0,0,0,0,0,0,0,10974,1308,1045,66,2.5,0,0,0,15.0,4.8,64.2,2.0,4.7,209.13,496.16,15.58,1.35,169.20,170.53,0.00,767,17,0.2,0.2,0,0,0.0,0.0,0,36.8,0.000,
14.10.2025,11:56:34.673,24338,45079,35.0,18591,46729,28.4,0.0,1.020,1.011,1.034,1.041,1.021,1.033,1.039,1.034,1.023,1.000,1.000,1.000,1.000,1.251,3549.7,3691.0,3790.7,3790.7,3790.7,3790.7,3790.7,3790.7,3790.7,3092.4,3092.4,3092.4,3092.4,99.8,3291.9,3668.6,3786.1,3781.6,3798.2,3796.3,3791.5,3798.9,3801.2,3801.0,3797.2,3799.6,3798.6,3798.8,3801.9,3802.0,3795.7,3801.9,3147.8,3153.8,3160.0,3159.4,3725.1,99.9,100.0,99.7,100.0,99.9,99.8,99.9,100.0,100.0,100.0,100.0,99.9,99.9,100.0,100.0,100.0,100.0,100.0,99.8,100.0,100.0,100.0,99.9,100.0,102.5,106.0,105.7,106.0,105.9,105.8,106.0,106.0,106.0,106.1,106.0,106.0,106.0,106.1,106.1,106.0,106.0,88.4,88.3,88.4,88.4,102.5,35.6,37.0,38.0,38.0,38.0,38.0,38.0,38.0,38.0,31.0,31.0,31.0,31.0,33.0,83,83,83,91,85,87,88,81,87,78,78,78,78,17,17,17,9,15,13,12,19,13,22,22,22,22,90,91,Yes,Yes,No,Yes,Yes,Yes,Yes,No,Yes,No,No,No,No,No,No,No,No,No,No,No,No,No,No,No,No,No,No,No,No,No,No,No,No,No,No,No,No,No,No,Yes,No,No,88,88,42,0.000,0.000,0.000,0.000,0.000,0.000,0.000,1.250,99.916,111.307,99.176,10.193,0.903,150.0,175.0,104.000,0.0,99.6,99.4,99.3,99.7,99.7,99.6,99.8,99.8,99.8,99.7,99.7,99.7,99.7,99.8,99.8,99.6,99.8,99.1,99.3,99.5,99.5,0.0,0.0,0.0,0.0,0.0,0.0,0.0,0.0,0.0,0.0,0.1,0.0,0.0,0.0,0.0,0.0,0.0,0.0,0.0,0.0,0.0,0.0,0.0,0.0,0.0,0.0,0.0,0.0,0.0,0.0,0.0,0.0,0.0,0.0,0.0,2793.2,28.00,36,36,36,76,112,447,2,2,Yes,No,Yes,No,No,No,No,No,No,No,No,No,No,No,No,No,No,No,No,No,No,No,No,No,No,No,No,Yes,No,Yes,No,No,No,No,No,Yes,No,No,31,44,31,89,79,42,1.101,5.040,3.424,3.328,12.192,2.024,0.680,3.424,3.200,1.072,1.264,1.648,1.064,1.000,1.000,0.912,1.824,1807,1988,3443,43.0,42.0,39.0,1.060,51.000,37.2,1.245,1.260,1.800,1.800,1.125,5.040,2.250,No,No,No,1.245,1.260,1.800,1.815,1.125,5.040,3.125,No,No,No,49,49,56,100.0,100.0,No,No,14698,23904,30,30,No,No,1299,631,0.6,0.0,0.6,1.307,0.384,16224,38235,0.0,0.0,0.0,0.000,0.000,0,27.3,30.0,30.1,84.0,0.910,12.163,12.151,12.166,12.171,0,0,10.894,5.942,10.713,11.169,4.029,0.457,7.585,7.638,210.0,50.6,1185.0,42.6,1290.0,0.0,12.0,0.0,0.0,10.6,0.0,0.2,0.0,0.0,0.0,0.0,0,0,Yes,No,No,No,No,Yes,No,5.6,7.6,3,0,0,0,0,0,0,0,0,76,0,0,0,0,0,0,0,0,0,0,0,0,0,0,0,0,0,0,0,0,10974,1308,1045,66,2.5,0,0,0,15.0,4.7,63.5,1.9,4.7,214.82,530.36,15.74,1.50,245.05,246.56,0.00,767,17,0.2,0.2,0,0,0.0,0.0,0,36.8,0.000,
14.10.2025,11:56:36.662,24338,45078,35.0,18594,46726,28.4,0.0,1.039,1.039,1.034,1.037,1.037,1.060,1.036,1.044,1.033,1.037,1.037,1.037,1.037,1.251,3591.2,3790.7,3790.7,3790.7,3790.7,3790.7,3790.7,3790.7,3790.7,3192.2,3192.2,3192.2,3192.2,99.8,3391.7,3651.1,3761.7,3770.6,3775.8,3777.6,3775.9,3777.9,3778.9,3778.9,3777.4,3779.2,3776.1,3777.5,3780.1,3779.1,3774.5,3780.9,3142.1,3152.0,3153.7,3153.1,3706.4,100.0,100.0,100.0,100.0,100.0,99.9,100.0,100.0,100.0,100.0,100.0,99.9,99.9,100.0,100.0,100.0,100.0,100.0,100.0,100.0,100.0,100.0,100.0,100.0,101.9,105.3,105.3,105.4,105.4,105.3,105.3,105.4,105.4,105.4,105.4,105.3,105.3,105.4,105.4,105.4,105.4,88.2,88.2,88.2,88.2,101.9,36.0,38.0,38.0,38.0,38.0,38.0,38.0,38.0,38.0,32.0,32.0,32.0,32.0,34.0,84,84,84,90,87,89,88,82,86,79,79,79,79,16,16,16,10,13,11,12,18,14,21,21,21,21,91,90,Yes,No,No,Yes,No,Yes,Yes,No,Yes,No,No,No,No,No,No,No,No,No,No,No,No,No,No,No,No,No,No,No,No,No,No,No,No,No,No,No,No,No,No,Yes,No,No,90,90,42,0.000,0.000,0.000,0.000,0.000,0.000,0.000,1.250,93.572,109.474,97.503,10.073,0.869,150.0,175.0,96.000,0.0,99.7,99.4,99.6,99.7,99.8,99.7,99.8,99.8,99.8,99.7,99.8,99.7,99.7,99.8,99.8,99.7,99.8,99.1,99.5,99.5,99.5,0.0,0.0,0.0,0.0,0.0,0.0,0.0,0.0,0.0,0.0,0.0,0.0,0.0,0.0,0.0,0.0,0.0,0.0,0.0,0.0,0.0,0.0,0.0,0.0,0.0,0.0,0.0,0.0,0.0,0.0,0.0,0.0,0.0,0.0,0.0,2793.2,28.00,36,36,36,76,112,447,2,2,Yes,No,Yes,No,No,No,No,No,No,No,No,No,No,No,No,No,No,No,No,No,No,No,No,No,No,No,No,Yes,No,Yes,No,No,No,No,No,No,No,No,31,44,31,90,79,43,1.030,5.080,3.424,3.328,12.192,2.024,0.680,3.424,3.200,1.072,1.264,1.648,1.064,1.000,1.000,0.912,1.824,1802,1988,3479,42.0,42.0,39.0,1.095,57.000,37.2,1.245,1.260,1.800,1.800,1.170,5.040,2.125,No,No,No,1.245,1.260,1.800,1.800,1.185,5.040,1.750,No,No,No,49,49,57,100.0,100.0,No,No,14698,23904,30,30,No,No,1299,631,0.7,0.1,0.8,1.732,0.719,16227,38236,0.0,0.0,0.0,0.000,0.000,0,27.3,30.0,30.1,84.0,0.910,12.162,12.150,12.165,12.171,0,0,11.089,5.930,10.756,11.180,4.004,0.427,7.502,7.643,210.0,50.6,1185.0,41.2,1290.0,0.0,1.0,0.0,0.0,10.6,0.0,0.2,0.0,0.0,0.0,0.0,0,0,Yes,No,No,No,No,Yes,No,5.6,7.4,3,0,0,0,0,0,0,0,0,76,0,0,0,0,0,0,0,0,0,0,0,0,0,0,0,0,0,0,0,0,10974,1308,1045,67,2.5,0,0,0,15.0,4.7,186.9,2.0,4.6,212.62,511.74,5.35,1.26,194.73,195.98,0.00,767,17,1.7,0.8,0,0,0.0,0.0,0,36.8,0.000,
14.10.2025,11:56:38.669,24333,45083,35.0,18606,46715,28.4,0.0,1.037,1.033,1.036,1.033,1.032,1.035,1.076,1.032,1.033,1.032,1.032,1.032,1.039,1.251,3599.5,3790.7,3790.7,3790.7,3790.7,3790.7,3890.5,3790.7,3790.7,3192.2,3192.2,3192.2,3192.2,99.8,3391.7,3653.2,3763.1,3772.2,3779.4,3779.8,3781.3,3776.0,3778.5,3781.9,3775.9,3782.0,3782.5,3781.6,3783.2,3784.4,3778.6,3786.3,3139.0,3152.0,3153.2,3153.5,3708.8,99.9,99.9,99.9,100.0,99.9,100.0,99.8,99.9,100.0,99.9,100.0,100.0,99.9,100.0,100.0,100.0,100.0,99.9,100.0,100.0,100.0,100.0,99.9,100.0,102.0,105.4,105.4,105.5,105.5,105.5,105.3,105.4,105.5,105.4,105.5,105.5,105.5,105.5,105.5,105.5,105.5,88.2,88.2,88.2,88.2,102.0,36.1,38.0,38.0,38.0,38.0,38.0,39.0,38.0,38.0,32.0,32.0,32.0,32.0,34.0,84,85,84,90,87,88,88,82,87,78,78,78,78,16,15,16,10,13,12,12,18,13,22,22,22,22,90,90,Yes,No,No,Yes,No,Yes,Yes,No,Yes,No,No,No,No,No,No,No,No,No,No,No,No,No,No,No,No,No,No,No,No,No,No,No,No,No,No,No,No,No,No,Yes,No,No,91,91,42,0.000,0.000,0.000,0.000,0.000,0.000,0.000,1.250,79.298,109.721,97.816,10.028,0.851,150.0,175.0,88.000,0.0,99.6,99.3,99.6,99.7,99.7,99.8,99.6,99.7,99.8,99.6,99.8,99.8,99.7,99.8,99.8,99.6,99.8,99.0,99.4,99.5,99.5,0.0,0.0,0.0,0.0,0.0,0.0,0.0,0.0,0.0,0.1,0.0,0.0,0.0,0.0,0.0,0.0,0.0,0.0,0.0,0.0,0.0,0.0,0.0,0.0,0.0,0.0,0.0,0.0,0.0,0.0,0.0,0.0,0.0,0.0,0.0,2793.2,28.00,36,36,36,76,112,447,2,2,Yes,No,Yes,No,No,No,No,No,No,No,No,No,No,No,No,No,No,No,No,No,No,No,No,No,No,No,No,Yes,No,Yes,No,No,No,No,No,No,No,No,31,44,31,90,79,42,1.066,5.040,3.424,3.328,12.192,2.024,0.680,3.424,3.200,1.072,1.264,1.648,1.064,1.000,1.000,0.912,1.824,1802,2005,3461,42.0,42.0,39.0,1.045,54.000,37.2,1.245,1.260,1.800,1.800,1.170,5.040,2.250,No,No,No,1.245,1.260,1.800,1.800,1.170,5.040,1.625,No,No,No,49,49,58,100.0,100.0,No,No,14698,23904,30,30,No,No,1299,631,4.0,8.3,12.3,5.333,0.714,16238,38238,0.0,0.0,0.0,0.000,0.000,0,27.3,30.0,30.1,84.0,0.910,12.162,12.149,12.166,12.171,0,0,11.049,5.956,10.601,11.156,4.089,0.560,7.647,7.640,210.0,50.6,1185.0,42.1,1290.0,2.0,2.0,0.0,0.0,10.6,0.0,0.2,0.0,0.0,0.0,0.0,0,0,Yes,No,No,No,No,Yes,No,6.1,8.0,3,0,0,0,0,0,0,0,0,76,0,0,0,0,0,0,0,0,0,0,0,0,0,0,0,0,0,0,0,0,10974,1308,1045,67,2.5,0,0,0,15.0,4.7,131.9,1.9,4.6,213.11,529.27,7.58,1.36,217.17,218.52,0.00,767,17,0.9,0.4,0,0,0.0,0.0,0,37.0,0.000,
14.10.2025,11:56:40.675,24334,45082,35.0,18601,46719,28.4,0.0,1.081,1.044,1.043,1.045,1.053,1.050,1.058,1.057,1.066,1.119,1.140,1.146,1.146,1.251,3715.9,3790.7,3790.7,3790.7,3790.7,3890.5,3890.5,3890.5,3890.5,3391.7,3491.5,3491.5,3491.5,99.8,3391.7,3675.0,3784.0,3799.5,3796.1,3805.3,3801.0,3801.8,3803.1,3801.3,3805.3,3805.8,3806.6,3805.2,3807.8,3807.6,3796.8,3806.8,3157.1,3168.2,3170.8,3170.6,3731.1,99.9,99.8,100.0,99.8,100.0,99.9,99.9,99.9,99.9,100.0,100.0,100.0,99.9,100.0,100.0,99.9,99.9,100.0,100.0,100.0,100.0,100.0,99.9,100.0,102.6,106.0,106.1,105.9,106.2,106.0,106.0,106.1,106.0,106.2,106.2,106.2,106.1,106.2,106.2,106.1,106.1,88.6,88.7,88.7,88.7,102.6,37.2,38.0,38.0,38.0,38.0,39.0,39.0,39.0,39.0,34.0,35.0,35.0,35.0,34.0,83,86,84,90,83,87,89,82,87,77,78,78,78,17,14,16,10,17,13,11,18,13,23,22,22,22,91,90,Yes,No,No,Yes,No,Yes,Yes,No,Yes,No,No,No,No,No,No,No,No,No,No,No,No,No,No,No,No,No,No,No,No,No,No,No,No,No,No,No,No,No,No,Yes,No,No,87,87,42,0.000,0.000,0.000,0.000,0.000,0.000,0.000,1.250,93.572,109.852,97.846,10.098,0.874,150.0,175.0,96.000,0.0,99.6,99.2,99.6,99.5,99.8,99.7,99.7,99.7,99.7,99.7,99.8,99.8,99.7,99.8,99.8,99.5,99.7,99.1,99.4,99.5,99.5,0.0,0.0,0.0,0.0,0.0,0.0,0.0,0.0,0.0,0.0,0.0,0.0,0.0,0.0,0.0,0.0,0.0,0.0,0.0,0.0,0.0,0.0,0.0,0.0,0.0,0.0,0.0,0.0,0.0,0.0,0.0,0.0,0.0,0.0,0.0,2793.2,28.00,36,36,36,76,112,447,2,2,Yes,No,Yes,No,No,No,No,No,No,No,No,No,No,No,No,No,No,No,No,No,No,No,No,No,No,No,No,Yes,No,Yes,No,No,No,No,No,Yes,No,No,31,44,31,89,78,42,1.066,5.040,3.424,3.328,12.192,2.024,0.680,3.424,3.200,1.072,1.264,1.648,1.064,1.000,1.000,0.912,1.824,1802,1991,3461,41.0,42.0,39.0,1.085,60.000,37.2,1.260,1.260,1.800,1.800,1.170,5.040,1.750,No,No,No,1.260,1.260,1.800,1.800,1.170,5.040,1.500,No,No,No,49,49,59,100.0,100.0,No,No,14698,23904,30,30,No,No,1299,631,1.8,0.2,2.0,2.184,0.951,16242,38239,0.0,0.0,0.0,0.000,0.000,0,27.2,28.0,30.0,84.0,0.910,12.166,12.158,12.168,12.172,0,0,11.182,5.984,11.097,11.365,3.968,0.277,7.517,7.660,210.0,50.6,1185.0,45.6,1290.0,2.0,6.0,0.0,0.0,10.6,0.0,0.2,0.0,0.0,0.0,0.0,0,0,Yes,No,No,No,No,Yes,No,5.7,8.0,3,0,0,0,0,0,0,0,0,76,0,0,0,0,0,0,0,0,0,0,0,0,0,0,0,0,0,0,0,0,10974,1308,1045,67,2.5,0,0,0,15.0,4.7,63.1,1.9,4.6,214.55,516.65,15.84,1.42,224.51,225.93,0.00,767,17,2.5,1.2,0,0,0.0,0.0,0,37.0,0.000,
14.10.2025,11:56:42.684,24336,45080,35.0,18606,46715,28.4,0.0,1.047,1.044,1.062,1.035,1.035,1.034,1.062,1.074,1.074,1.032,1.032,1.032,1.044,1.251,3607.8,3790.7,3790.7,3790.7,3790.7,3790.7,3790.7,3890.5,3890.5,3192.2,3192.2,3192.2,3192.2,99.8,3391.7,3652.3,3763.3,3773.4,3778.1,3779.8,3780.7,3781.1,3780.7,3780.5,3778.9,3779.7,3779.6,3780.4,3782.9,3781.8,3774.8,3778.0,3138.4,3150.1,3151.9,3152.4,3707.9,100.0,99.9,100.0,100.0,100.0,100.0,100.0,100.0,100.0,100.0,100.0,100.0,100.0,100.0,100.0,100.0,100.0,100.0,100.0,100.0,100.0,100.0,100.0,100.0,102.0,105.4,105.4,105.4,105.4,105.4,105.4,105.4,105.4,105.4,105.4,105.4,105.4,105.5,105.5,105.5,105.4,88.2,88.2,88.2,88.3,102.0,36.2,38.0,38.0,38.0,38.0,38.0,38.0,39.0,39.0,32.0,32.0,32.0,32.0,34.0,83,86,83,88,87,87,85,82,87,77,77,77,77,17,14,17,12,13,13,15,18,13,23,23,23,23,90,88,Yes,No,No,Yes,No,Yes,Yes,No,Yes,No,No,No,No,No,No,No,No,No,No,No,No,No,No,No,No,No,No,No,No,No,No,No,No,No,No,No,No,No,No,Yes,No,No,90,90,42,0.000,0.000,0.000,0.000,0.000,0.000,0.000,1.250,76.126,110.653,98.855,9.951,0.820,150.0,175.0,80.000,0.0,99.7,99.4,99.6,99.7,99.8,99.8,99.8,99.8,99.8,99.8,99.8,99.8,99.8,99.8,99.8,99.6,99.8,99.1,99.4,99.5,99.5,0.0,0.0,0.0,0.0,0.0,0.0,0.0,0.0,0.0,0.0,0.0,0.0,0.0,0.0,0.0,0.0,0.0,0.0,0.0,0.0,0.0,0.0,0.0,0.0,0.0,0.0,0.0,0.0,0.0,0.0,0.0,0.0,0.0,0.0,0.0,2793.2,28.00,36,36,36,76,112,447,2,2,Yes,No,Yes,No,No,No,No,No,No,No,No,No,No,No,No,No,No,No,No,No,No,No,No,No,No,No,No,Yes,No,Yes,No,No,No,No,No,No,No,No,31,44,31,89,79,42,1.048,5.080,3.424,3.328,12.192,2.024,0.680,3.424,3.200,1.072,1.264,1.648,1.064,1.000,1.000,0.912,1.824,1804,1997,3470,43.0,42.0,39.0,1.120,47.000,37.2,1.260,1.260,1.800,1.800,1.170,5.040,3.125,No,No,No,1.260,1.260,1.800,1.800,1.170,5.040,2.000,No,No,No,49,49,60,100.0,100.0,No,No,14698,23904,30,30,No,No,1299,631,2.3,0.0,2.4,2.927,0.324,16247,38240,0.0,0.0,0.0,0.000,0.000,0,27.2,30.0,30.0,84.0,0.910,12.167,12.159,12.169,12.173,0,0,11.119,5.881,10.739,10.988,3.822,0.250,7.631,7.738,210.0,50.6,1185.0,46.5,1290.0,2.0,2.0,0.0,0.0,10.6,0.0,0.2,0.0,0.0,0.0,0.0,0,0,Yes,No,No,No,No,Yes,No,5.5,7.3,3,0,0,0,0,0,0,0,0,76,0,0,0,0,0,0,0,0,0,0,0,0,0,0,0,0,0,0,0,0,10974,1308,1045,67,2.5,0,0,0,15.0,4.7,74.3,1.9,4.6,211.99,530.26,13.45,1.32,198.67,200.01,0.00,767,17,0.1,0.1,0,0,0.0,0.0,0,37.0,0.000,
14.10.2025,11:56:44.687,24336,45080,35.0,18611,46709,28.4,0.0,1.061,1.073,1.092,1.080,1.065,1.052,1.053,1.047,1.048,1.048,1.048,1.060,1.060,1.251,3649.4,3990.2,3990.2,3990.2,3890.5,3790.7,3790.7,3790.7,3790.7,3192.2,3192.2,3192.2,3192.2,99.8,3591.2,3662.5,3776.0,3782.7,3786.5,3789.5,3789.7,3789.7,3790.5,3791.7,3790.0,3791.0,3790.8,3789.7,3791.6,3791.5,3784.3,3789.4,3152.5,3160.7,3161.0,3161.3,3718.2,100.0,100.0,99.9,99.9,100.0,100.0,99.9,99.9,100.0,100.0,100.0,100.0,99.9,100.0,100.0,100.0,100.0,99.9,100.0,100.0,100.0,100.0,100.0,100.0,102.2,105.7,105.6,105.6,105.7,105.7,105.6,105.7,105.7,105.7,105.7,105.7,105.6,105.7,105.7,105.7,105.7,88.4,88.4,88.4,88.4,102.2,36.6,40.0,40.0,40.0,39.0,38.0,38.0,38.0,38.0,32.0,32.0,32.0,32.0,36.0,84,86,87,90,87,87,88,80,87,78,78,78,78,16,14,13,10,13,13,12,20,13,22,22,22,22,90,90,Yes,No,No,Yes,No,Yes,Yes,No,Yes,No,No,No,No,No,No,No,No,No,No,No,No,No,No,No,No,No,No,No,No,No,No,No,No,No,No,No,No,No,No,Yes,No,No,90,90,42,0.000,0.000,0.000,0.000,0.000,0.000,0.000,1.250,76.126,109.334,97.645,9.864,0.796,150.0,175.0,80.000,0.0,99.7,99.5,99.6,99.7,99.8,99.8,99.8,99.7,99.8,99.8,99.8,99.8,99.8,99.8,99.8,99.6,99.8,99.3,99.5,99.5,99.5,0.0,0.0,0.0,0.0,0.0,0.0,0.0,0.0,0.0,0.0,0.0,0.0,0.0,0.0,0.0,0.0,0.0,0.0,0.0,0.0,0.0,0.0,0.0,0.0,0.0,0.0,0.0,0.0,0.0,0.0,0.0,0.0,0.0,0.0,0.0,2793.2,28.00,36,36,36,76,112,447,2,2,Yes,No,Yes,No,No,No,No,No,No,No,No,No,No,No,No,No,No,No,No,No,No,No,No,No,No,No,No,Yes,No,Yes,No,No,No,No,No,No,No,No,31,44,31,89,79,42,1.021,5.040,3.424,3.328,12.192,2.024,0.680,3.424,3.200,1.072,1.264,1.648,1.064,1.000,1.000,0.912,1.824,1802,2011,3400,42.0,42.0,39.0,1.090,59.000,37.2,1.260,1.260,1.800,1.800,1.170,5.040,2.000,No,No,No,1.260,1.260,1.800,1.800,1.170,5.040,2.000,No,No,No,49,49,60,100.0,100.0,No,No,14698,23904,30,30,No,No,1299,631,1.0,1.1,2.2,1.894,9.594,16251,38258,0.0,0.0,0.0,0.000,0.000,0,27.2,28.0,30.0,84.0,0.910,12.166,12.157,12.168,12.172,0,0,11.077,5.918,10.899,11.146,3.871,0.248,7.605,7.655,210.0,50.6,1185.0,42.0,1290.0,2.0,6.0,0.0,0.0,10.6,0.0,0.2,0.0,0.0,0.0,0.0,0,0,Yes,No,No,No,No,Yes,No,5.6,7.5,3,0,0,0,0,0,0,0,0,76,0,0,0,0,0,0,0,0,0,0,0,0,0,0,0,0,0,0,0,0,10974,1308,1045,67,2.5,0,0,0,15.0,4.7,63.6,1.9,4.6,212.79,529.32,15.74,1.40,218.96,220.37,0.00,767,17,0.1,0.0,0,0,0.0,0.0,0,37.0,0.000,
14.10.2025,11:56:46.674,24335,45081,35.0,18615,46706,28.4,0.0,1.030,1.023,1.024,1.025,1.028,1.027,1.045,1.048,1.048,1.023,1.023,1.023,1.023,1.251,3591.2,3790.7,3790.7,3790.7,3790.7,3790.7,3790.7,3790.7,3790.7,3192.2,3192.2,3192.2,3192.2,99.8,3391.7,3659.4,3775.3,3781.3,3784.4,3786.8,3786.9,3787.2,3786.2,3785.1,3785.0,3783.6,3785.0,3786.1,3789.3,3787.8,3783.0,3786.5,3148.7,3159.4,3159.5,3159.7,3714.9,99.9,100.0,99.9,99.9,100.0,99.9,100.0,99.9,99.9,99.9,99.9,99.9,99.9,100.0,99.9,100.0,99.9,100.0,100.0,100.0,100.0,100.0,99.9,100.0,102.2,105.7,105.6,105.6,105.7,105.7,105.7,105.7,105.6,105.7,105.6,105.6,105.6,105.7,105.7,105.7,105.7,88.4,88.4,88.4,88.4,102.2,36.0,38.0,38.0,38.0,38.0,38.0,38.0,38.0,38.0,32.0,32.0,32.0,32.0,34.0,84,86,86,90,87,87,88,81,87,78,78,78,78,16,14,14,10,13,13,12,19,13,22,22,22,22,90,90,Yes,No,No,Yes,No,No,Yes,No,Yes,No,No,No,No,No,No,No,No,No,No,No,No,No,No,No,No,No,No,No,No,No,No,No,No,No,No,No,No,No,No,Yes,No,No,90,90,42,0.000,0.000,0.000,0.000,0.000,0.000,0.000,1.250,82.470,109.929,98.113,9.959,0.828,150.0,175.0,96.000,0.0,99.7,99.4,99.6,99.7,99.8,99.7,99.8,99.8,99.7,99.7,99.7,99.7,99.8,99.8,99.8,99.6,99.7,99.2,99.5,99.5,99.5,0.0,0.0,0.0,0.0,0.0,0.0,0.0,0.0,0.0,0.1,0.0,0.0,0.0,0.0,0.0,0.0,0.0,0.0,0.0,0.0,0.0,0.0,0.0,0.0,0.0,0.0,0.0,0.0,0.0,0.0,0.0,0.0,0.0,0.0,0.0,2793.2,28.00,36,36,36,76,112,447,2,2,Yes,No,Yes,No,No,No,No,No,No,No,No,No,No,No,No,No,No,No,No,No,No,No,No,No,No,No,No,Yes,No,Yes,No,No,No,No,No,No,No,No,31,44,31,89,79,42,1.074,5.040,3.424,3.328,12.192,2.024,0.680,3.424,3.200,1.072,1.264,1.648,1.064,1.000,1.000,0.912,1.824,1802,1994,3488,43.0,42.0,39.0,1.085,58.000,37.2,1.260,1.260,1.800,1.800,1.170,5.040,2.000,No,No,No,1.260,1.260,1.800,1.815,1.170,5.040,1.750,No,No,No,49,49,61,100.0,100.0,No,No,14698,23904,30,30,No,No,1299,631,2.4,2.0,4.4,3.295,14.302,16257,38286,0.0,0.0,0.0,0.000,0.000,0,27.2,28.0,29.9,84.0,0.910,12.163,12.154,12.165,12.171,0,0,11.071,5.876,10.693,10.997,3.870,0.314,7.534,7.721,210.0,50.6,1185.0,44.6,1290.0,2.0,2.0,0.0,0.0,10.6,0.0,0.2,0.0,0.0,0.0,0.0,0,0,Yes,No,No,No,No,Yes,No,5.5,7.3,3,0,0,0,0,0,0,0,0,76,0,0,0,0,0,0,0,0,0,0,0,0,0,0,0,0,0,0,0,0,10974,1308,1045,67,2.5,0,0,0,15.0,4.9,542.3,1.9,4.8,206.07,514.77,1.84,1.34,178.85,180.17,0.00,767,17,0.2,0.2,0,0,0.0,0.0,0,37.0,0.000,
14.10.2025,11:56:48.682,24333,45083,35.0,18609,46711,28.4,0.0,1.034,1.058,1.000,1.019,1.032,1.038,1.013,1.042,1.059,1.036,1.036,1.037,1.037,1.251,3566.3,3790.7,3691.0,3691.0,3790.7,3790.7,3691.0,3790.7,3790.7,3192.2,3192.2,3192.2,3192.2,99.8,3391.7,3665.6,3777.3,3788.0,3794.2,3795.3,3793.3,3794.5,3793.4,3795.3,3793.2,3795.1,3794.4,3793.5,3796.4,3795.8,3788.6,3795.0,3149.2,3158.6,3160.1,3160.1,3721.7,100.0,99.9,100.0,100.0,100.0,99.9,99.9,99.9,100.0,100.0,100.0,99.9,99.9,100.0,100.0,100.0,100.0,100.0,100.0,100.0,100.0,100.0,100.0,100.0,102.4,105.8,105.8,105.9,105.9,105.8,105.8,105.8,105.9,105.9,105.9,105.9,105.8,105.9,105.9,105.9,105.9,88.4,88.5,88.5,88.5,102.4,35.8,38.0,37.0,37.0,38.0,38.0,37.0,38.0,38.0,32.0,32.0,32.0,32.0,34.0,84,85,84,90,87,88,88,80,82,79,79,80,80,16,15,16,10,13,12,12,20,18,21,21,20,20,88,90,Yes,No,No,Yes,No,Yes,Yes,No,Yes,No,No,No,No,No,No,No,No,No,No,No,No,No,No,No,No,No,No,No,No,No,No,No,No,No,No,No,No,No,No,Yes,No,No,89,89,42,0.000,0.000,0.000,0.000,0.000,0.000,0.000,1.250,104.673,108.131,96.551,9.781,0.768,150.0,175.0,112.000,0.0,99.6,99.3,99.6,99.7,99.8,99.7,99.8,99.7,99.8,99.7,99.8,99.7,99.7,99.8,99.8,99.6,99.8,99.1,99.4,99.5,99.5,0.0,0.0,0.0,0.0,0.0,0.0,0.0,0.0,0.0,0.0,0.0,0.0,0.0,0.0,0.0,0.0,0.0,0.0,0.0,0.0,0.0,0.0,0.0,0.0,0.0,0.0,0.0,0.0,0.0,0.0,0.0,0.0,0.0,0.0,0.0,2793.2,28.00,36,36,36,76,112,447,2,2,Yes,No,Yes,No,No,No,No,No,No,No,No,No,No,No,No,No,No,No,No,No,No,No,No,No,No,No,No,Yes,No,Yes,No,No,No,No,No,No,No,No,31,44,31,89,79,42,1.039,5.080,3.424,3.328,12.192,2.024,0.680,3.424,3.200,1.072,1.264,1.648,1.064,1.000,1.000,0.912,1.824,1802,2005,3461,41.0,42.0,39.0,1.090,62.000,37.5,1.260,1.260,1.800,1.800,1.125,5.040,2.250,No,No,No,1.260,1.260,1.800,1.800,1.185,5.040,2.250,No,No,No,49,49,60,100.0,100.0,No,No,14698,23904,30,30,No,No,1299,631,2.0,0.4,2.4,0.470,2.421,16258,38291,0.0,0.0,0.0,0.000,0.000,0,27.2,30.0,30.0,84.0,0.910,12.163,12.152,12.166,12.170,0,0,10.922,5.913,10.360,11.022,4.114,0.668,7.587,7.641,210.0,50.6,1185.0,46.0,1290.0,2.0,2.0,0.0,0.0,10.6,0.0,0.2,0.0,0.0,0.0,0.0,0,0,Yes,No,No,No,No,Yes,No,5.5,7.4,3,0,0,0,0,0,0,0,0,76,0,0,0,0,0,0,0,0,0,0,0,0,0,0,0,0,0,0,0,0,10974,1308,1045,67,2.5,0,0,0,15.0,4.9,67.9,1.9,4.8,205.62,530.66,14.74,1.29,202.92,204.23,0.00,767,17,0.3,0.0,0,0,0.0,0.0,0,37.0,0.000,
14.10.2025,11:56:50.684,24330,45086,35.0,18612,46708,28.4,0.0,1.064,1.065,1.046,1.043,1.040,1.073,1.106,1.110,1.067,1.055,1.055,1.053,1.053,1.251,3666.0,3890.5,3890.5,3790.7,3790.7,3890.5,3990.2,4090.0,3890.5,3192.2,3192.2,3192.2,3192.2,99.8,3491.5,3651.3,3761.9,3769.8,3774.6,3776.4,3775.7,3777.0,3778.5,3779.4,3777.6,3779.6,3780.0,3781.0,3782.0,3783.2,3777.5,3783.8,3138.1,3149.5,3150.5,3150.8,3707.0,100.0,100.0,100.0,100.0,100.0,99.9,100.0,99.9,100.0,100.0,100.0,100.0,100.0,100.0,100.0,100.0,100.0,100.0,100.0,100.0,100.0,100.0,100.0,100.0,101.9,105.3,105.3,105.3,105.3,105.3,105.3,105.3,105.4,105.4,105.4,105.4,105.4,105.4,105.4,105.4,105.4,88.1,88.1,88.1,88.1,101.9,36.8,39.0,39.0,38.0,38.0,39.0,40.0,41.0,39.0,32.0,32.0,32.0,32.0,35.0,83,85,86,91,87,82,89,80,82,78,78,78,78,17,15,14,9,13,18,11,20,18,22,22,22,22,88,91,Yes,No,No,Yes,No,Yes,Yes,No,Yes,No,No,No,No,No,No,No,No,No,No,No,No,No,No,No,No,No,No,No,No,No,No,No,No,No,No,No,No,No,No,Yes,No,No,90,90,42,0.000,0.000,0.000,0.000,0.000,0.000,0.000,1.250,91.986,110.586,98.654,10.047,0.855,150.0,175.0,96.000,0.0,99.7,99.4,99.6,99.7,99.8,99.8,99.8,99.8,99.8,99.7,99.8,99.8,99.8,99.8,99.8,99.6,99.8,99.1,99.4,99.4,99.5,0.0,0.0,0.0,0.0,0.0,0.0,0.0,0.0,0.0,0.0,0.0,0.0,0.0,0.0,0.0,0.0,0.0,0.0,0.0,0.0,0.0,0.0,0.0,0.0,0.0,0.0,0.0,0.0,0.0,0.0,0.0,0.0,0.0,0.0,0.0,2793.2,28.00,36,36,36,76,112,447,2,2,Yes,No,Yes,No,No,No,No,No,No,No,No,No,No,No,No,No,No,No,No,No,No,No,No,No,No,No,No,Yes,No,Yes,No,No,No,No,No,No,No,No,31,44,31,90,79,42,1.048,5.080,3.424,3.328,12.192,2.024,0.680,3.424,3.200,1.072,1.264,1.648,1.064,1.000,1.000,0.912,1.824,1802,1994,3443,42.0,42.0,39.0,1.075,50.000,37.5,1.260,1.260,1.800,1.800,1.125,5.040,1.000,No,No,No,1.260,1.260,1.800,1.800,1.125,5.040,1.500,No,No,No,49,49,60,100.0,100.0,No,No,14698,23904,30,30,No,No,1299,631,2.4,0.4,2.8,2.078,3.235,16262,38297,0.0,0.0,0.0,0.000,0.000,0,27.2,30.0,30.1,84.0,0.910,12.164,12.155,12.166,12.170,0,0,11.119,6.249,10.830,11.935,4.722,1.114,7.511,7.633,210.0,50.6,1185.0,44.0,1290.0,2.0,2.0,0.0,0.0,10.6,0.0,0.2,0.0,0.0,0.0,0.0,0,0,Yes,No,No,No,No,Yes,No,6.0,7.5,3,0,0,0,0,0,0,0,0,76,0,0,0,0,0,0,0,0,0,0,0,0,0,0,0,0,0,0,0,0,10974,1308,1045,67,2.5,0,0,0,15.0,4.9,120.5,1.9,4.8,204.56,530.28,8.30,1.33,200.33,201.67,0.00,767,17,0.4,0.1,0,0,0.0,0.0,0,37.0,0.000,
14.10.2025,11:56:52.685,24330,45086,35.0,18619,46701,28.5,0.0,1.038,1.053,1.036,1.034,1.034,1.056,1.057,1.031,1.043,1.028,1.028,1.028,1.028,1.251,3599.5,3790.7,3790.7,3790.7,3790.7,3790.7,3890.5,3790.7,3790.7,3192.2,3192.2,3192.2,3192.2,99.8,3391.7,3647.3,3758.8,3765.3,3773.5,3774.9,3777.0,3776.8,3774.9,3776.6,3774.2,3775.3,3775.0,3775.7,3777.3,3775.6,3769.7,3771.4,3133.5,3145.8,3147.1,3148.0,3702.8,100.0,100.0,99.9,100.0,100.0,100.0,100.0,99.9,100.0,100.0,100.0,100.0,100.0,100.0,100.0,100.0,99.9,99.9,100.0,100.0,100.0,100.0,100.0,100.0,101.9,105.3,105.2,105.3,105.3,105.4,105.4,105.3,105.4,105.4,105.4,105.3,105.4,105.4,105.4,105.4,105.3,88.1,88.1,88.1,88.1,101.9,36.1,38.0,38.0,38.0,38.0,38.0,39.0,38.0,38.0,32.0,32.0,32.0,32.0,34.0,83,82,84,90,85,87,87,83,87,78,78,78,78,17,18,16,10,15,13,13,17,13,22,22,22,22,88,90,Yes,No,No,Yes,No,Yes,Yes,No,Yes,No,No,No,No,No,No,No,No,No,No,No,No,No,No,No,No,No,No,No,No,No,No,No,No,No,No,No,No,No,No,Yes,No,No,90,91,42,0.000,0.000,0.000,0.000,0.000,0.000,0.000,1.250,96.744,108.381,96.610,9.924,0.818,150.0,175.0,104.000,0.0,99.7,99.3,99.5,99.7,99.8,99.8,99.8,99.8,99.8,99.7,99.8,99.8,99.8,99.8,99.8,99.6,99.7,99.1,99.4,99.5,99.5,0.0,0.0,0.0,0.0,0.0,0.0,0.0,0.0,0.0,0.0,0.0,0.0,0.0,0.0,0.0,0.0,0.0,0.0,0.0,0.0,0.0,0.0,0.0,0.0,0.0,0.0,0.0,0.0,0.0,0.0,0.0,0.0,0.0,0.0,0.0,2793.2,28.00,36,36,36,76,112,447,2,2,Yes,No,Yes,No,No,No,No,No,No,No,No,No,No,No,No,No,No,No,No,No,No,No,No,No,No,No,No,Yes,No,Yes,No,No,No,No,No,Yes,No,No,31,44,31,90,78,42,1.066,5.040,3.424,3.328,12.192,2.024,0.680,3.424,3.200,1.072,1.264,1.648,1.064,1.000,1.000,0.912,1.824,1802,1997,3479,41.0,42.0,39.0,1.050,55.000,37.5,1.260,1.260,1.800,1.800,1.125,5.040,2.875,No,No,No,1.260,1.260,1.800,1.800,1.125,5.040,1.250,No,No,No,49,49,60,100.0,100.0,No,No,14698,23904,30,30,No,No,1299,631,0.9,1.0,1.9,1.688,2.281,16266,38301,0.0,0.0,0.0,0.000,0.000,0,27.2,30.0,30.0,84.0,0.910,12.164,12.154,12.167,12.171,0,0,11.256,6.342,11.019,11.887,4.540,0.873,8.450,7.624,210.0,50.6,1185.0,42.4,1290.0,2.0,9.0,0.0,0.0,10.6,0.0,0.2,0.0,0.0,0.0,0.0,0,0,Yes,No,No,No,No,Yes,No,5.9,7.8,3,0,0,0,0,0,0,0,0,76,0,0,0,0,0,0,0,0,0,0,0,0,0,0,0,0,0,0,0,0,10974,1308,1045,67,2.5,0,0,0,15.0,5.1,99.4,1.9,5.2,194.84,514.18,10.06,1.47,168.34,169.76,0.00,767,17,0.6,0.1,0,0,0.0,0.0,0,37.0,0.000,
14.10.2025,11:56:54.677,24331,45085,35.0,18612,46708,28.4,0.0,1.039,1.032,1.057,1.032,1.029,1.039,1.063,1.080,1.057,1.021,1.021,1.021,1.021,1.251,3616.2,3790.7,3790.7,3790.7,3790.7,3790.7,3890.5,3890.5,3890.5,3192.2,3192.2,3192.2,3192.2,99.8,3391.7,3678.9,3780.0,3784.5,3805.0,3809.0,3814.2,3815.7,3814.4,3814.5,3799.1,3810.7,3814.4,3814.5,3816.8,3815.8,3808.9,3815.2,3150.0,3162.8,3165.7,3166.3,3735.9,100.0,100.0,100.0,100.0,100.0,100.0,100.0,100.0,100.0,100.0,100.0,100.0,100.0,100.0,100.0,100.0,100.0,100.0,100.0,100.0,100.0,100.0,100.0,100.0,102.9,106.4,106.4,106.4,106.4,106.4,106.5,106.4,106.4,106.5,106.4,106.5,106.4,106.5,106.5,106.5,106.4,88.6,88.6,88.6,88.6,102.9,36.2,38.0,38.0,38.0,38.0,38.0,39.0,39.0,39.0,32.0,32.0,32.0,32.0,34.0,84,85,86,90,87,89,87,83,85,78,78,78,78,16,15,14,10,13,11,13,17,15,22,22,22,22,91,90,Yes,No,No,Yes,No,Yes,Yes,No,Yes,No,No,No,No,No,No,No,No,No,No,No,No,No,No,No,No,No,No,No,No,No,No,No,No,No,No,No,No,No,No,Yes,No,No,90,90,42,0.000,0.000,0.000,0.000,0.000,0.000,0.000,1.250,98.330,108.500,96.782,9.881,0.808,150.0,175.0,104.000,0.0,99.5,98.9,99.0,99.5,99.6,99.7,99.8,99.8,99.8,99.3,99.6,99.7,99.7,99.8,99.8,99.6,99.8,98.9,99.3,99.4,99.5,0.0,0.0,0.0,0.0,0.0,0.0,0.0,0.0,0.0,0.0,0.0,0.0,0.0,0.0,0.0,0.0,0.0,0.0,0.0,0.0,0.0,0.0,0.0,0.0,0.0,0.0,0.0,0.0,0.0,0.0,0.0,0.0,0.0,0.0,0.0,2793.2,28.00,36,36,36,76,112,447,2,2,Yes,No,Yes,No,No,No,No,No,No,No,No,No,No,No,No,No,No,No,No,No,No,No,No,No,No,No,No,Yes,No,Yes,No,No,No,No,No,Yes,No,No,31,44,31,89,78,41,1.083,5.040,3.424,3.328,12.192,2.024,0.680,3.424,3.200,1.072,1.264,1.648,1.064,1.000,1.000,0.912,1.824,1804,1988,3426,42.0,42.0,39.0,1.065,55.000,37.5,1.260,1.260,1.800,1.800,1.125,5.040,2.125,No,No,No,1.260,1.260,1.800,1.800,1.125,5.040,1.500,No,No,No,49,49,59,100.0,100.0,No,No,14698,23904,30,30,No,No,1299,631,0.2,0.1,0.3,0.396,0.386,16266,38302,0.0,0.0,0.0,0.000,0.000,0,27.3,30.0,30.1,84.0,0.910,12.162,12.155,12.164,12.167,0,0,12.336,6.631,11.181,12.870,5.414,1.694,7.585,7.670,210.0,50.6,1185.0,117.4,1290.0,14.0,3.0,0.0,2.0,10.6,0.7,3.3,0.0,0.0,0.0,0.0,0,0,Yes,No,No,No,No,Yes,No,6.4,8.4,3,0,0,0,0,0,0,0,0,76,0,0,0,0,0,0,0,0,0,0,0,0,0,0,0,0,0,0,0,0,10974,1308,1045,66,2.5,0,0,0,15.0,16.1,64.0,10.0,16.3,62.18,100.41,15.63,1.85,19.04,20.88,0.00,767,17,0.1,0.0,0,0,0.0,0.0,0,37.0,0.000,
14.10.2025,11:56:56.672,24330,45086,35.0,18613,46707,28.4,0.0,1.051,1.032,1.041,1.037,1.032,1.065,1.080,1.059,1.030,1.060,1.057,1.057,1.057,1.251,3607.8,3790.7,3790.7,3790.7,3790.7,3790.7,3890.5,3890.5,3790.7,3192.2,3192.2,3192.2,3192.2,99.8,3391.7,3698.7,3799.0,3796.1,3827.2,3831.2,3838.5,3839.2,3840.3,3840.2,3818.0,3832.8,3838.7,3840.5,3841.3,3841.6,3834.6,3841.5,3157.1,3170.3,3172.8,3173.7,3757.1,100.0,100.0,100.0,100.0,100.0,100.0,100.0,100.0,100.0,100.0,100.0,100.0,100.0,100.0,100.0,100.0,100.0,100.0,100.0,100.0,100.0,100.0,100.0,100.0,103.5,107.1,107.1,107.1,107.1,107.1,107.1,107.1,107.1,107.1,107.1,107.1,107.1,107.1,107.1,107.1,107.1,88.9,88.9,88.9,88.9,103.5,36.2,38.0,38.0,38.0,38.0,38.0,39.0,39.0,38.0,32.0,32.0,32.0,32.0,34.0,84,86,84,90,87,86,89,84,89,79,79,79,79,16,14,16,10,13,14,11,16,11,21,21,21,21,90,90,Yes,No,No,Yes,No,Yes,Yes,No,Yes,No,No,No,No,No,No,No,No,No,No,No,No,No,No,No,No,No,No,No,No,No,No,No,No,No,No,No,No,No,No,Yes,No,No,90,90,42,0.000,0.000,0.000,0.000,0.000,0.000,0.000,1.250,93.572,109.807,98.076,9.892,0.808,150.0,175.0,96.000,0.0,99.5,98.8,98.7,99.5,99.6,99.7,99.7,99.8,99.8,99.2,99.6,99.7,99.7,99.8,99.8,99.6,99.8,98.9,99.3,99.4,99.4,0.0,0.0,0.0,0.0,0.0,0.0,0.0,0.0,0.0,0.0,0.0,0.0,0.0,0.0,0.0,0.0,0.0,0.0,0.0,0.0,0.0,0.0,0.0,0.0,0.0,0.0,0.0,0.0,0.0,0.0,0.0,0.0,0.0,0.0,0.0,2793.2,28.00,36,36,36,76,112,447,2,2,Yes,No,Yes,No,No,No,No,No,No,No,No,No,No,No,No,No,No,No,No,No,No,No,No,No,No,No,No,Yes,No,Yes,No,No,No,No,No,No,No,No,31,44,31,89,79,42,1.066,5.080,3.424,3.328,12.192,2.024,0.680,3.424,3.200,1.072,1.264,1.648,1.064,1.000,1.000,0.912,1.824,1804,1994,3452,42.0,42.0,39.0,1.120,61.000,37.5,1.260,1.260,1.800,1.800,1.125,5.040,2.125,No,No,No,1.260,1.260,1.800,1.800,1.125,5.040,1.875,No,No,No,49,49,58,100.0,100.0,No,No,14698,23904,30,30,No,No,1299,631,0.3,0.2,0.5,0.561,0.912,16267,38304,0.0,0.0,0.0,0.000,0.000,0,27.3,30.0,30.1,84.0,0.910,12.163,12.157,12.166,12.167,0,0,12.795,6.826,11.559,13.431,5.731,1.874,7.515,7.676,210.0,50.6,1185.0,114.8,1290.0,14.0,3.0,0.0,2.0,10.6,0.7,3.7,0.0,0.0,0.0,0.0,0,0,Yes,No,No,No,No,Yes,No,6.7,9.1,3,0,0,0,0,0,0,0,0,76,0,0,0,0,0,0,0,0,0,0,0,0,0,0,0,0,0,0,0,0,10974,1308,1045,66,2.5,0,0,0,15.0,42.0,61.9,58.1,42.2,23.82,17.21,16.15,1.78,17.16,18.95,0.00,767,17,0.1,0.1,0,0,0.0,0.0,0,37.0,0.000,
14.10.2025,11:56:58.696,24326,45090,35.0,18607,46713,28.4,0.0,1.059,1.041,1.034,1.034,1.033,1.037,1.036,1.072,1.108,1.075,1.081,1.081,1.081,1.251,3649.4,3790.7,3790.7,3790.7,3790.7,3790.7,3790.7,3890.5,3990.2,3291.9,3291.9,3291.9,3291.9,99.8,3391.7,3676.5,3789.0,3793.9,3804.2,3805.7,3807.8,3808.9,3809.1,3810.5,3802.5,3807.1,3808.1,3807.8,3808.4,3808.1,3800.6,3807.6,3153.6,3163.7,3167.1,3166.5,3733.1,100.0,100.0,100.0,100.0,100.0,100.0,100.0,100.0,100.0,100.0,100.0,100.0,100.0,100.0,100.0,100.0,100.0,100.0,100.0,100.0,100.0,100.0,100.0,100.0,102.7,106.2,106.2,106.2,106.2,106.2,106.2,106.2,106.3,106.2,106.2,106.2,106.2,106.3,106.3,106.2,106.2,88.6,88.6,88.6,88.6,102.7,36.6,38.0,38.0,38.0,38.0,38.0,38.0,39.0,40.0,33.0,33.0,33.0,33.0,34.0,84,86,86,90,87,87,88,79,82,81,81,81,81,16,14,14,10,13,13,12,21,18,19,19,19,19,90,90,Yes,No,No,Yes,No,No,Yes,No,Yes,No,No,No,No,No,No,No,No,No,No,No,No,No,No,No,No,No,No,No,No,No,No,No,No,No,No,No,No,No,No,Yes,No,No,90,90,42,0.000,0.000,0.000,0.000,0.000,0.000,0.000,1.250,96.744,110.450,98.678,9.920,0.824,150.0,175.0,104.000,0.0,99.6,99.3,99.4,99.7,99.7,99.8,99.8,99.8,99.8,99.6,99.7,99.8,99.8,99.8,99.8,99.6,99.8,99.1,99.4,99.5,99.5,0.0,0.0,0.0,0.0,0.0,0.0,0.0,0.0,0.0,0.0,0.0,0.0,0.0,0.0,0.0,0.0,0.0,0.0,0.0,0.0,0.0,0.0,0.0,0.0,0.0,0.0,0.0,0.0,0.0,0.0,0.0,0.0,0.0,0.0,0.0,2793.2,28.00,36,36,36,76,112,447,2,2,Yes,No,Yes,No,No,No,No,No,No,No,No,No,No,No,No,No,No,No,No,No,No,No,No,No,No,No,No,Yes,No,Yes,No,No,No,No,No,No,No,No,31,44,31,89,78,43,1.083,5.040,3.424,3.328,12.192,2.024,0.672,3.424,3.200,1.072,1.264,1.648,1.064,1.000,1.000,0.912,1.824,1800,2000,3443,42.0,42.0,39.0,1.090,60.000,37.5,1.260,1.260,1.800,1.800,1.125,5.040,2.375,No,No,No,1.260,1.260,1.800,1.815,1.125,5.040,1.625,No,No,No,49,49,58,100.0,100.0,No,No,14698,23904,30,30,No,No,1299,631,0.5,0.1,0.6,1.049,0.527,16269,38305,0.0,0.0,0.0,0.000,0.000,0,27.3,30.0,30.1,84.0,0.910,12.164,12.155,12.167,12.171,0,0,11.396,5.987,10.971,11.352,4.041,0.385,7.503,7.655,210.0,50.6,1185.0,100.3,1290.0,2.0,3.0,0.0,0.0,10.6,0.2,1.1,0.0,0.0,0.0,0.0,0,0,Yes,No,No,No,No,Yes,No,5.7,7.5,3,0,0,0,0,0,0,0,0,76,0,0,0,0,0,0,0,0,0,0,0,0,0,0,0,0,0,0,0,0,10974,1308,1045,67,2.5,0,0,0,15.0,30.5,61.9,3.2,29.8,32.82,308.80,16.16,1.44,34.55,36.00,0.00,767,17,2.3,2.8,0,0,0.0,0.0,0,37.0,0.000,
14.10.2025,11:57:0.691,24330,45087,35.0,18614,46707,28.4,0.0,1.027,1.032,1.038,1.036,1.017,1.053,1.035,1.032,1.013,1.018,1.018,1.018,1.018,1.251,3541.3,3790.7,3790.7,3790.7,3691.0,3790.7,3790.7,3790.7,3691.0,3092.4,3092.4,3092.4,3092.4,99.8,3391.7,3660.4,3766.6,3778.4,3786.7,3789.1,3789.2,3790.3,3792.2,3791.3,3784.6,3789.7,3791.4,3787.7,3792.7,3792.2,3784.4,3791.4,3143.4,3153.0,3157.4,3156.3,3716.3,100.0,99.9,100.0,100.0,100.0,99.9,100.0,100.0,100.0,100.0,100.0,100.0,99.9,100.0,100.0,100.0,100.0,99.9,99.9,100.0,100.0,100.0,100.0,100.0,102.3,105.6,105.7,105.8,105.8,105.7,105.7,105.8,105.8,105.8,105.8,105.8,105.7,105.8,105.8,105.8,105.8,88.4,88.3,88.4,88.4,102.3,35.5,38.0,38.0,38.0,37.0,38.0,38.0,38.0,37.0,31.0,31.0,31.0,31.0,34.0,84,86,86,90,84,88,88,81,87,79,79,79,79,16,14,14,10,16,12,12,19,13,21,21,21,21,90,90,Yes,No,No,Yes,No,Yes,Yes,No,Yes,No,No,No,No,No,No,No,No,No,No,No,No,No,No,No,No,No,No,No,No,No,No,No,No,No,No,No,No,No,No,Yes,No,No,88,88,43,0.000,0.000,0.000,0.000,0.000,0.000,0.000,1.250,91.986,110.137,98.442,9.861,0.802,150.0,175.0,104.000,0.0,99.6,99.2,99.5,99.7,99.7,99.7,99.8,99.8,99.8,99.6,99.7,99.8,99.7,99.8,99.8,99.6,99.8,99.0,99.3,99.5,99.4,0.0,0.0,0.0,0.0,0.0,0.0,0.0,0.0,0.0,0.0,0.1,0.0,0.0,0.0,0.0,0.0,0.0,0.0,0.0,0.0,0.0,0.0,0.0,0.0,0.0,0.0,0.0,0.0,0.0,0.0,0.0,0.0,0.0,0.0,0.0,2793.2,28.00,36,36,36,76,112,447,2,2,Yes,No,Yes,No,No,No,No,No,No,No,No,No,No,No,No,No,No,No,No,No,No,No,No,No,No,No,No,Yes,No,Yes,No,No,No,No,No,No,No,No,31,44,31,89,78,42,1.066,5.040,3.424,3.328,12.192,2.024,0.672,3.424,3.200,1.072,1.264,1.648,1.064,1.000,1.000,0.912,1.824,1802,2000,3461,41.0,43.0,39.0,1.085,56.000,37.5,1.260,1.260,1.800,1.800,1.095,5.040,1.875,No,No,No,1.260,1.260,1.800,1.800,1.185,5.040,2.875,No,No,No,49,49,57,100.0,100.0,No,No,14698,23904,30,30,No,No,1299,631,0.7,0.0,0.8,1.641,0.457,16273,38306,0.0,0.0,0.0,0.000,0.000,0,27.3,30.0,30.1,84.0,0.910,12.164,12.155,12.165,12.170,0,0,12.117,5.804,10.718,10.864,3.724,0.153,7.532,7.638,210.0,50.6,1185.0,62.7,1290.0,2.0,7.0,0.0,0.0,10.6,0.2,0.9,0.0,0.0,0.0,0.0,0,0,Yes,No,No,No,No,Yes,No,5.4,7.7,3,0,0,0,0,0,0,0,0,76,0,0,0,0,0,0,0,0,0,0,0,0,0,0,0,0,0,0,0,0,10974,1308,1045,67,2.5,0,0,0,15.0,27.9,61.2,2.6,27.9,35.88,381.47,16.34,1.47,40.20,41.67,0.00,767,17,0.5,0.1,0,0,0.0,0.0,0,37.0,0.000,
14.10.2025,11:57:2.702,24435,44981,35.2,18646,46674,28.5,0.0,1.051,1.035,1.035,1.040,1.063,1.057,1.058,1.042,1.052,1.063,1.054,1.054,1.054,1.251,3616.2,3790.7,3691.0,3790.7,3890.5,3890.5,3890.5,3790.7,3890.5,3192.2,3192.2,3192.2,3192.2,99.8,3391.7,3665.9,3772.8,3783.9,3787.2,3790.7,3797.1,3795.6,3800.2,3796.5,3787.0,3791.7,3790.0,3798.3,3802.9,3803.9,3796.2,3803.9,3144.7,3156.6,3159.3,3159.4,3722.2,100.0,100.0,100.0,99.9,100.0,99.9,100.0,99.9,99.9,100.0,100.0,100.0,99.9,100.0,100.0,99.9,100.0,100.0,100.0,100.0,100.0,100.0,100.0,100.0,102.5,105.9,105.9,106.0,106.0,106.0,106.0,106.0,106.0,106.0,106.0,106.0,106.0,106.1,106.1,106.0,106.0,88.5,88.4,88.5,88.4,102.5,36.2,38.0,37.0,38.0,39.0,39.0,39.0,38.0,39.0,32.0,32.0,32.0,32.0,34.0,84,85,83,88,87,87,89,83,86,79,79,79,79,16,15,17,12,13,13,11,17,14,21,21,21,21,91,89,Yes,No,No,Yes,No,Yes,Yes,No,Yes,No,No,No,No,No,No,No,No,No,No,No,No,No,No,No,No,No,No,No,No,No,No,No,No,No,No,No,No,No,No,Yes,No,No,90,90,43,0.000,0.000,0.000,0.000,0.000,0.000,0.000,1.250,101.502,109.552,97.628,10.034,0.860,150.0,175.0,104.000,0.0,99.5,99.1,99.4,99.5,99.6,99.7,99.6,99.7,99.6,99.4,99.5,99.5,99.7,99.8,99.8,99.6,99.8,98.9,99.3,99.4,99.4,0.0,0.0,0.0,0.0,0.0,0.0,0.0,0.0,0.0,0.0,0.0,0.0,0.0,0.0,0.0,0.0,0.0,0.0,0.0,0.0,0.0,0.0,0.0,0.0,0.0,0.0,0.0,0.0,0.0,0.0,0.0,0.0,0.0,0.0,0.0,2793.2,28.00,36,36,36,76,112,447,2,2,Yes,No,Yes,No,No,No,No,No,No,No,No,No,No,No,No,No,No,No,No,No,No,No,No,No,No,No,No,Yes,No,Yes,No,No,No,No,No,Yes,No,No,31,44,31,89,78,42,1.083,5.040,3.424,3.328,12.192,2.024,0.672,3.424,3.200,1.072,1.264,1.648,1.064,1.000,1.000,0.912,1.824,1800,1988,3391,43.0,43.0,39.0,1.120,58.000,37.5,1.260,1.260,1.800,1.800,1.095,5.040,2.500,No,No,No,1.260,1.260,1.800,1.800,1.095,4.970,1.875,No,No,No,49,49,56,100.0,100.0,No,No,14698,23904,30,30,No,No,1299,631,0.6,0.1,0.7,1.267,0.759,16275,38307,0.0,0.0,0.0,0.000,0.000,0,27.3,30.0,30.1,84.0,0.910,12.162,12.155,12.164,12.167,0,0,11.474,6.572,11.046,12.687,5.329,1.646,7.585,7.709,210.0,50.6,1185.0,47.4,1290.0,14.0,3.0,0.0,1.0,10.6,0.3,1.6,0.0,0.0,0.0,0.0,0,0,Yes,No,No,No,No,Yes,No,6.3,9.5,3,0,0,0,0,0,0,0,0,76,0,0,0,0,0,0,0,0,0,0,0,0,0,0,0,0,0,0,0,0,10974,1308,1045,67,2.5,0,0,0,15.0,25.9,86.5,2.6,26.1,38.66,380.49,11.56,1.79,46.02,47.82,0.00,767,17,0.1,0.1,0,0,0.0,0.0,0,37.2,0.000,
14.10.2025,11:57:4.701,24327,45089,35.0,18605,46716,28.4,0.0,1.036,1.048,1.041,1.059,1.058,1.041,1.035,1.044,1.031,1.013,1.013,1.013,1.035,1.251,3582.9,3790.7,3790.7,3890.5,3890.5,3790.7,3790.7,3790.7,3790.7,3092.4,3092.4,3092.4,3192.2,99.8,3391.7,3653.5,3764.5,3773.0,3778.1,3779.8,3781.1,3782.6,3781.9,3781.1,3779.8,3779.9,3781.7,3781.3,3783.7,3785.5,3778.8,3783.9,3139.7,3150.3,3151.9,3151.6,3709.3,99.9,100.0,100.0,100.0,100.0,99.9,100.0,99.9,99.9,100.0,99.9,99.9,99.9,99.9,100.0,100.0,100.0,99.9,99.9,99.9,99.9,100.0,99.9,100.0,102.1,105.5,105.5,105.5,105.5,105.5,105.5,105.5,105.5,105.6,105.5,105.5,105.5,105.6,105.6,105.6,105.6,88.2,88.2,88.2,88.2,102.1,35.9,38.0,38.0,39.0,39.0,38.0,38.0,38.0,38.0,31.0,31.0,31.0,32.0,34.0,84,84,86,91,88,88,88,81,87,78,78,78,79,16,16,14,9,12,12,12,19,13,22,22,22,21,88,91,Yes,No,No,Yes,No,Yes,Yes,No,Yes,No,No,No,No,No,No,No,No,No,No,No,No,No,No,No,No,No,No,No,No,No,No,No,No,No,No,No,No,No,No,Yes,No,No,90,90,43,0.000,0.000,0.000,0.000,0.000,0.000,0.000,1.250,101.502,110.295,98.275,10.115,0.880,150.0,175.0,112.000,0.0,99.6,99.3,99.6,99.7,99.7,99.7,99.8,99.7,99.7,99.7,99.7,99.7,99.7,99.8,99.8,99.6,99.8,99.1,99.4,99.4,99.4,0.0,0.0,0.0,0.0,0.0,0.0,0.0,0.0,0.0,0.1,0.1,0.1,0.1,0.0,0.0,0.0,0.0,0.0,0.0,0.0,0.0,0.0,0.0,0.0,0.0,0.0,0.0,0.0,0.0,0.0,0.0,0.0,0.0,0.0,0.0,2793.2,28.00,36,36,36,76,112,447,2,2,Yes,No,Yes,No,No,No,No,No,No,No,No,No,No,No,No,No,No,No,No,No,No,No,No,No,No,No,No,Yes,No,Yes,No,No,No,No,No,No,No,No,31,44,31,89,78,42,1.066,5.080,3.424,3.328,12.192,2.024,0.672,3.424,3.200,1.072,1.264,1.648,1.064,1.000,1.000,0.912,1.824,1802,2005,3400,42.0,43.0,39.0,1.095,59.000,37.5,1.260,1.260,1.800,1.800,1.095,5.040,2.000,No,No,No,1.260,1.260,1.800,1.800,1.095,5.040,2.000,No,No,No,49,49,57,100.0,100.0,No,No,14698,23904,30,30,No,No,1299,631,0.6,0.1,0.7,1.475,0.505,16278,38308,0.0,0.0,0.0,0.000,0.000,0,27.2,30.0,30.0,84.0,0.910,12.166,12.159,12.168,12.171,0,0,11.206,6.087,10.833,11.572,4.345,0.740,7.502,7.619,210.0,50.6,1185.0,63.0,1290.0,1.0,2.0,0.0,0.0,10.6,0.1,0.5,0.0,0.0,0.0,0.0,0,0,Yes,No,No,No,No,Yes,No,5.8,9.6,3,0,0,0,0,0,0,0,0,76,0,0,0,0,0,0,0,0,0,0,0,0,0,0,0,0,0,0,0,0,10974,1308,1045,67,2.5,0,0,0,15.0,18.7,61.8,2.0,18.9,53.39,496.11,16.19,1.35,85.62,86.96,0.00,767,17,0.1,0.0,0,0,0.0,0.0,0,37.2,0.000,
14.10.2025,11:57:6.720,24328,45088,35.0,18604,46716,28.4,0.0,1.051,1.037,1.039,1.039,1.038,1.017,1.010,1.045,1.083,1.077,1.077,1.077,1.077,1.251,3582.9,3790.7,3790.7,3790.7,3790.7,3691.0,3691.0,3790.7,3890.5,3192.2,3192.2,3192.2,3192.2,99.8,3391.7,3665.2,3775.2,3782.7,3790.0,3794.2,3795.8,3797.3,3797.9,3797.4,3787.5,3794.2,3795.2,3795.6,3798.7,3798.6,3791.8,3797.7,3144.3,3155.4,3156.4,3158.3,3721.6,100.0,100.0,100.0,100.0,100.0,99.9,100.0,100.0,100.0,100.0,100.0,100.0,100.0,100.0,100.0,100.0,100.0,100.0,100.0,100.0,100.0,100.0,100.0,100.0,102.4,105.9,105.9,105.9,105.9,105.9,105.9,105.9,105.9,106.0,105.9,105.9,105.9,106.0,106.0,106.0,106.0,88.4,88.4,88.4,88.4,102.4,35.9,38.0,38.0,38.0,38.0,37.0,37.0,38.0,39.0,32.0,32.0,32.0,32.0,34.0,83,85,84,90,85,87,87,81,84,77,77,77,77,17,15,16,10,15,13,13,19,16,23,23,23,23,90,90,Yes,No,No,Yes,Yes,Yes,Yes,No,Yes,No,No,No,No,No,No,No,No,No,No,No,No,No,No,No,No,No,No,No,No,No,No,No,No,No,No,No,No,No,No,Yes,No,No,90,90,43,0.000,0.000,0.000,0.000,0.000,0.000,0.000,1.250,96.744,109.960,97.931,10.113,0.882,150.0,175.0,104.000,0.0,99.6,99.3,99.4,99.6,99.7,99.7,99.8,99.8,99.8,99.5,99.7,99.7,99.8,99.8,99.8,99.6,99.8,99.1,99.4,99.4,99.5,0.0,0.0,0.0,0.0,0.0,0.0,0.0,0.0,0.0,0.0,0.0,0.0,0.0,0.0,0.0,0.0,0.0,0.0,0.0,0.0,0.0,0.0,0.0,0.0,0.0,0.0,0.0,0.0,0.0,0.0,0.0,0.0,0.0,0.0,0.0,2793.2,28.00,36,36,36,76,112,447,2,2,Yes,No,Yes,No,No,No,No,No,No,No,No,No,No,No,No,No,No,No,No,No,No,No,No,No,No,No,No,Yes,No,Yes,No,No,No,No,No,Yes,No,No,31,44,31,89,78,42,1.074,5.080,3.424,3.328,12.192,2.024,0.672,3.424,3.200,1.072,1.264,1.648,1.064,1.000,1.000,0.904,1.824,1802,2002,3488,41.0,43.0,39.0,1.165,68.000,37.8,1.260,1.260,1.800,1.800,1.095,5.040,1.375,No,No,No,1.260,1.260,1.800,1.800,1.095,5.040,3.250,No,No,No,49,49,57,100.0,100.0,No,No,14698,23904,30,30,No,No,1299,631,0.3,0.1,0.3,0.478,0.652,16279,38309,0.0,0.0,0.0,0.000,0.000,0,27.3,30.0,29.9,84.0,0.910,12.164,12.158,12.167,12.168,0,0,11.686,6.784,11.468,13.298,5.658,1.845,7.497,7.724,210.0,50.6,1185.0,84.0,1290.0,13.0,4.0,0.0,1.0,10.6,0.7,3.6,0.0,0.0,0.0,0.0,0,0,Yes,No,No,No,No,Yes,No,6.7,9.5,3,0,0,0,0,0,0,0,0,76,0,0,0,0,0,0,0,0,0,0,0,0,0,0,0,0,0,0,0,0,10974,1308,1045,67,2.5,0,0,0,15.0,28.0,63.4,3.2,28.2,35.76,314.92,15.78,2.17,26.42,28.57,0.00,767,17,0.2,0.2,0,0,0.0,0.0,0,37.2,0.000,
14.10.2025,11:57:8.705,24322,45094,35.0,18595,46725,28.4,0.0,1.049,1.055,1.046,1.010,1.037,1.084,1.057,1.046,1.042,1.041,1.041,1.063,1.063,1.251,3607.8,3890.5,3790.7,3691.0,3790.7,3890.5,3890.5,3790.7,3790.7,3192.2,3192.2,3192.2,3192.2,99.8,3491.5,3650.6,3754.0,3762.2,3771.8,3774.4,3779.6,3781.1,3780.6,3781.8,3768.7,3778.4,3780.6,3784.3,3785.6,3785.5,3777.6,3784.1,3133.8,3147.4,3150.2,3150.0,3706.2,100.0,100.0,100.0,99.9,99.9,99.9,100.0,99.9,99.9,99.9,100.0,99.9,100.0,100.0,100.0,100.0,100.0,100.0,100.0,100.0,100.0,100.0,100.0,100.0,102.0,105.5,105.5,105.5,105.5,105.5,105.5,105.5,105.5,105.5,105.5,105.5,105.5,105.6,105.6,105.5,105.5,88.1,88.2,88.2,88.2,102.1,36.2,39.0,38.0,37.0,38.0,39.0,39.0,38.0,38.0,32.0,32.0,32.0,32.0,35.0,84,86,86,91,85,86,88,81,87,78,78,78,78,16,14,14,9,15,14,12,19,13,22,22,22,22,91,91,Yes,No,No,Yes,No,Yes,Yes,No,Yes,No,No,No,No,No,No,No,No,No,No,No,No,No,No,No,No,No,No,No,No,No,No,No,No,No,No,No,No,No,No,Yes,No,No,91,91,43,0.000,0.000,0.000,0.000,0.000,0.000,0.000,1.250,95.158,110.068,98.045,10.110,0.883,150.0,175.0,104.000,0.0,99.5,99.1,99.3,99.5,99.6,99.7,99.7,99.7,99.7,99.4,99.6,99.7,99.7,99.8,99.8,99.6,99.8,98.9,99.4,99.4,99.4,0.0,0.0,0.0,0.0,0.0,0.0,0.0,0.0,0.0,0.0,0.0,0.0,0.0,0.0,0.0,0.0,0.0,0.0,0.0,0.0,0.0,0.0,0.0,0.0,0.0,0.0,0.0,0.0,0.0,0.0,0.0,0.0,0.0,0.0,0.0,2793.2,28.00,36,36,36,76,112,447,2,2,Yes,No,Yes,No,No,No,No,No,No,No,No,No,No,No,No,No,No,No,No,No,No,No,No,No,No,No,No,Yes,No,Yes,No,No,No,No,No,No,No,No,31,44,31,89,79,42,1.092,5.080,3.424,3.328,12.192,2.024,0.672,3.424,3.200,1.072,1.264,1.648,1.064,1.000,1.000,0.912,1.824,1804,1994,3452,42.0,43.0,39.0,1.120,62.000,37.8,1.260,1.260,1.800,1.800,1.095,5.040,2.125,No,No,No,1.260,1.260,1.800,1.800,1.095,5.040,2.000,No,No,No,49,49,57,100.0,100.0,No,No,14698,23904,30,30,No,No,1299,631,0.8,0.1,0.9,0.737,0.496,16280,38310,0.0,0.0,0.0,0.000,0.000,0,27.3,30.0,30.1,84.0,0.910,12.163,12.155,12.166,12.168,0,0,12.180,6.896,11.342,13.541,5.986,2.211,7.502,7.689,210.0,50.6,1185.0,84.3,1290.0,15.0,3.0,0.0,2.0,10.6,0.8,3.9,0.0,0.0,0.0,0.0,0,0,Yes,No,No,No,No,Yes,No,6.7,10.0,3,0,0,0,0,0,0,0,0,76,0,0,0,0,0,0,0,0,0,0,0,0,0,0,0,0,0,0,0,0,10974,1308,1045,67,2.5,0,0,0,15.0,38.8,81.0,3.6,39.0,25.79,277.11,12.35,1.97,23.14,25.10,0.00,767,17,0.1,0.1,0,0,0.0,0.0,0,37.2,0.000,
14.10.2025,11:57:10.718,24321,45095,35.0,18600,46720,28.4,0.0,1.029,1.058,1.043,1.023,1.026,1.029,1.033,1.061,1.038,1.008,1.008,1.008,1.008,1.251,3574.6,3890.5,3790.7,3790.7,3790.7,3790.7,3790.7,3890.5,3790.7,3092.4,3092.4,3092.4,3092.4,99.8,3491.5,3657.5,3762.3,3768.2,3782.4,3785.5,3788.7,3788.2,3789.1,3788.1,3778.0,3785.2,3788.5,3788.6,3791.4,3791.9,3783.9,3790.8,3138.9,3152.0,3154.4,3154.0,3713.4,100.0,100.0,100.0,100.0,100.0,100.0,100.0,100.0,100.0,100.0,100.0,100.0,100.0,100.0,100.0,100.0,100.0,100.0,100.0,100.0,100.0,100.0,100.0,100.0,102.2,105.6,105.6,105.7,105.7,105.7,105.7,105.7,105.7,105.7,105.7,105.7,105.7,105.7,105.7,105.7,105.7,88.3,88.3,88.3,88.3,102.2,35.8,39.0,38.0,38.0,38.0,38.0,38.0,39.0,38.0,31.0,31.0,31.0,31.0,35.0,84,85,86,90,85,89,88,83,89,79,79,79,79,16,15,14,10,15,11,12,17,11,21,21,21,21,90,90,Yes,No,No,Yes,No,Yes,Yes,No,Yes,No,No,No,No,No,No,No,No,No,No,No,No,No,No,No,No,No,No,No,No,No,No,No,No,No,No,No,No,No,No,Yes,No,No,91,91,43,0.000,0.000,0.000,0.000,0.000,0.000,0.000,1.250,99.916,109.218,97.244,10.079,0.868,150.0,175.0,96.000,0.0,99.6,99.1,99.3,99.6,99.7,99.8,99.7,99.8,99.7,99.5,99.7,99.8,99.8,99.8,99.8,99.6,99.8,99.0,99.4,99.5,99.4,0.0,0.0,0.0,0.0,0.0,0.0,0.0,0.0,0.0,0.0,0.0,0.0,0.0,0.0,0.0,0.0,0.0,0.0,0.0,0.0,0.0,0.0,0.0,0.0,0.0,0.0,0.0,0.0,0.0,0.0,0.0,0.0,0.0,0.0,0.0,2793.2,28.00,36,36,36,76,112,447,2,2,Yes,No,Yes,No,No,No,No,No,No,No,No,No,No,No,No,No,No,No,No,No,No,No,No,No,No,No,No,Yes,No,Yes,No,No,No,No,No,No,No,No,31,44,31,90,79,42,1.074,5.080,3.424,3.328,12.192,2.024,0.672,3.424,3.200,1.072,1.264,1.648,1.064,1.000,1.000,0.912,1.824,1804,1994,3461,41.0,43.0,39.0,1.065,56.000,37.8,1.260,1.260,1.800,1.800,1.095,5.040,3.125,No,No,No,1.260,1.260,1.800,1.815,1.095,5.040,1.375,No,No,No,49,49,57,100.0,100.0,No,No,14698,23904,30,30,No,No,1299,631,0.5,0.2,0.7,1.061,0.703,16282,38311,0.0,0.0,0.0,0.000,0.000,0,27.3,30.0,30.0,84.0,0.910,12.165,12.157,12.167,12.170,0,0,12.370,6.555,11.079,12.702,5.318,1.624,7.503,7.661,210.0,50.6,1185.0,111.3,1290.0,10.0,3.0,0.0,1.0,10.6,0.4,1.9,0.0,0.0,0.0,0.0,0,0,Yes,No,No,No,No,Yes,No,6.4,7.8,3,0,0,0,0,0,0,0,0,76,0,0,0,0,0,0,0,0,0,0,0,0,0,0,0,0,0,0,0,0,10974,1308,1045,67,2.5,0,0,0,15.0,37.4,64.1,8.6,37.2,26.74,115.89,15.61,1.62,25.02,26.66,0.00,767,17,0.3,0.0,0,0,0.0,0.0,0,37.2,0.000,
14.10.2025,11:57:12.716,24323,45093,35.0,18597,46723,28.4,0.0,1.038,1.038,1.044,1.039,1.052,1.052,1.036,1.035,1.033,1.033,1.033,1.033,1.033,1.251,3599.5,3790.7,3790.7,3890.5,3790.7,3790.7,3790.7,3790.7,3790.7,3192.2,3192.2,3192.2,3192.2,99.8,3391.7,3638.0,3747.7,3756.2,3761.0,3764.5,3764.8,3764.8,3765.5,3766.0,3762.9,3765.1,3764.2,3765.5,3766.9,3767.5,3759.5,3766.9,3127.7,3139.7,3142.0,3141.0,3693.1,100.0,99.9,99.9,99.9,100.0,99.9,99.9,99.9,99.9,100.0,99.9,99.9,99.9,100.0,100.0,100.0,100.0,100.0,100.0,100.0,100.0,100.0,100.0,100.0,101.6,105.0,105.0,105.0,105.1,105.0,105.0,105.0,105.0,105.1,105.1,105.0,105.0,105.1,105.1,105.1,105.1,87.9,87.9,87.9,87.9,101.6,36.1,38.0,38.0,39.0,38.0,38.0,38.0,38.0,38.0,32.0,32.0,32.0,32.0,34.0,84,85,86,87,87,89,90,83,89,79,79,78,78,16,15,14,13,13,11,10,17,11,21,21,22,22,91,90,Yes,No,No,Yes,No,Yes,Yes,No,Yes,No,No,No,No,No,No,No,No,No,No,No,No,No,No,No,No,No,No,No,No,No,No,No,No,No,No,No,No,No,No,Yes,No,No,90,90,43,0.000,0.000,0.000,0.000,0.000,0.000,0.000,1.250,71.368,108.864,96.934,10.039,0.860,150.0,175.0,72.000,0.0,99.6,99.3,99.5,99.7,99.8,99.7,99.7,99.7,99.8,99.7,99.7,99.7,99.8,99.8,99.8,99.6,99.8,99.0,99.4,99.5,99.4,0.0,0.0,0.0,0.0,0.0,0.0,0.0,0.0,0.0,0.0,0.0,0.0,0.0,0.0,0.0,0.0,0.0,0.0,0.0,0.0,0.0,0.0,0.0,0.0,0.0,0.0,0.0,0.0,0.0,0.0,0.0,0.0,0.0,0.0,0.0,2793.2,28.00,36,36,36,76,112,447,2,2,Yes,No,Yes,No,No,No,No,No,No,No,No,No,No,No,No,No,No,No,No,No,No,No,No,No,No,No,No,Yes,No,Yes,No,No,No,No,No,No,No,No,31,44,31,89,78,42,1.066,5.040,3.424,3.328,12.192,2.024,0.672,3.424,3.200,1.072,1.264,1.648,1.064,1.000,1.000,0.904,1.824,1802,2005,3452,42.0,43.0,39.0,1.060,40.000,37.8,1.260,1.260,1.800,1.800,1.110,5.040,2.000,No,No,No,1.260,1.260,1.800,1.800,1.185,5.040,2.000,No,No,No,49,49,56,100.0,100.0,No,No,14698,23904,30,30,No,No,1299,631,0.2,0.1,0.2,0.369,0.371,16283,38312,0.0,0.0,0.0,0.000,0.000,0,27.2,30.0,30.1,84.0,0.910,12.164,12.153,12.167,12.171,0,0,11.918,6.073,10.752,11.474,4.309,0.732,7.585,7.661,210.0,50.6,1185.0,77.9,1290.0,1.0,4.0,0.0,0.0,10.6,0.1,0.4,0.0,0.0,0.0,0.0,0,0,Yes,No,No,No,No,Yes,No,5.8,7.4,3,0,0,0,0,0,0,0,0,76,0,0,0,0,0,0,0,0,0,0,0,0,0,0,0,0,0,0,0,0,10974,1308,1045,67,2.5,0,0,0,15.0,29.7,2017.1,3.2,28.3,33.71,314.87,0.50,1.43,36.94,38.36,0.00,767,17,0.1,0.1,0,0,0.0,0.0,0,37.2,0.000,
14.10.2025,11:57:14.719,24325,45091,35.0,18602,46719,28.4,0.0,1.031,1.032,1.032,1.035,1.064,1.029,1.031,1.058,1.043,1.014,1.011,1.011,1.011,1.251,3549.7,3790.7,3790.7,3691.0,3790.7,3790.7,3790.7,3790.7,3790.7,3092.4,3092.4,3092.4,3092.4,99.8,3391.7,3655.6,3768.7,3777.0,3780.0,3781.7,3783.4,3782.7,3783.0,3783.5,3777.8,3784.7,3782.7,3781.1,3784.6,3784.8,3778.2,3781.3,3146.3,3155.5,3158.3,3157.4,3711.0,99.9,99.9,100.0,99.9,99.9,99.9,99.9,99.9,99.9,99.9,100.0,99.9,99.9,100.0,100.0,99.9,99.9,100.0,100.0,100.0,100.0,100.0,99.9,100.0,102.1,105.5,105.6,105.5,105.5,105.5,105.5,105.5,105.5,105.5,105.6,105.5,105.5,105.6,105.6,105.6,105.5,88.4,88.4,88.4,88.4,102.1,35.6,38.0,38.0,37.0,38.0,38.0,38.0,38.0,38.0,31.0,31.0,31.0,31.0,34.0,83,86,84,88,83,88,88,81,86,79,79,79,79,17,14,16,12,17,12,12,19,14,21,21,21,21,90,88,Yes,No,No,Yes,No,Yes,Yes,No,Yes,No,No,No,No,No,No,No,No,No,No,No,No,No,No,No,No,No,No,No,No,No,No,No,No,No,No,No,No,No,No,Yes,No,No,91,91,43,0.000,0.000,0.000,0.000,0.000,0.000,0.000,1.250,91.986,108.622,96.677,10.057,0.857,150.0,175.0,96.000,0.0,99.6,99.4,99.6,99.7,99.7,99.7,99.7,99.7,99.8,99.6,99.8,99.7,99.7,99.8,99.8,99.6,99.7,99.2,99.5,99.5,99.5,0.0,0.0,0.0,0.0,0.0,0.0,0.0,0.0,0.0,0.0,0.0,0.0,0.0,0.0,0.0,0.0,0.0,0.0,0.0,0.0,0.0,0.0,0.0,0.0,0.0,0.0,0.0,0.0,0.0,0.0,0.0,0.0,0.0,0.0,0.0,2793.2,28.00,36,36,36,76,112,447,2,2,Yes,No,Yes,No,No,No,No,No,No,No,No,No,No,No,No,No,No,No,No,No,No,No,No,No,No,No,No,Yes,No,Yes,No,No,No,No,No,No,No,No,31,44,31,90,79,43,1.066,5.080,3.424,3.328,12.192,2.024,0.672,3.424,3.200,1.072,1.264,1.648,1.064,1.000,1.000,0.904,1.824,1800,2017,3443,42.0,43.0,39.0,1.090,57.000,37.8,1.260,1.260,1.800,1.800,1.110,4.970,3.250,No,No,No,1.260,1.260,1.800,1.800,1.110,5.040,3.000,No,No,No,49,49,57,100.0,100.0,No,No,14698,23904,30,30,No,No,1299,631,0.4,1.2,1.6,0.685,11.002,16284,38333,0.0,0.0,0.0,0.000,0.000,0,27.2,30.0,30.1,84.0,0.910,12.164,12.155,12.167,12.171,0,0,11.140,6.267,10.644,11.911,4.820,1.269,7.584,7.642,210.0,50.6,1185.0,42.5,1290.0,1.0,6.0,0.0,0.0,10.6,0.0,0.2,0.0,0.0,0.0,0.0,0,0,Yes,No,No,No,No,Yes,No,5.4,7.2,3,0,0,0,0,0,0,0,0,76,0,0,0,0,0,0,0,0,0,0,0,0,0,0,0,0,0,0,0,0,10974,1308,1045,68,2.5,0,0,0,15.0,18.4,65.1,1.4,18.6,54.40,716.03,15.36,1.32,181.74,183.06,0.00,767,17,0.1,0.1,0,0,0.0,0.0,0,37.2,0.000,
14.10.2025,11:57:16.707,24323,45093,35.0,18603,46718,28.4,0.0,1.035,1.013,1.030,1.043,1.064,1.049,1.010,1.024,1.044,1.036,1.036,1.036,1.036,1.251,3574.6,3691.0,3691.0,3691.0,3890.5,3890.5,3691.0,3790.7,3790.7,3192.2,3192.2,3192.2,3192.2,99.8,3291.9,3654.5,3767.8,3775.3,3778.1,3780.3,3780.8,3780.2,3782.8,3781.7,3781.5,3781.8,3780.9,3781.7,3784.6,3783.3,3776.1,3781.1,3146.6,3153.9,3155.9,3155.6,3709.9,99.9,100.0,100.0,99.9,99.9,99.9,99.9,99.9,99.9,100.0,99.9,99.9,99.9,100.0,100.0,99.9,99.9,100.0,100.0,100.0,100.0,100.0,99.9,100.0,102.1,105.5,105.5,105.4,105.5,105.5,105.5,105.5,105.5,105.5,105.5,105.5,105.5,105.6,105.5,105.5,105.5,88.2,88.3,88.3,88.2,102.1,35.8,37.0,37.0,37.0,39.0,39.0,37.0,38.0,38.0,32.0,32.0,32.0,32.0,33.0,83,86,84,87,84,91,89,81,87,78,78,78,78,17,14,16,13,16,9,11,19,13,22,22,22,22,90,91,Yes,Yes,No,Yes,Yes,Yes,Yes,No,Yes,No,No,No,No,No,No,No,No,No,No,No,No,No,No,No,No,No,No,No,No,No,No,No,No,No,No,No,No,No,No,Yes,No,No,90,90,43,0.000,0.000,0.000,0.000,0.000,0.000,0.000,1.250,76.126,109.535,97.638,10.022,0.845,150.0,175.0,88.000,0.0,99.7,99.4,99.6,99.7,99.7,99.7,99.7,99.8,99.7,99.7,99.7,99.7,99.7,99.8,99.8,99.6,99.7,99.3,99.5,99.6,99.5,0.0,0.0,0.0,0.0,0.0,0.0,0.0,0.0,0.0,0.0,0.0,0.0,0.0,0.0,0.0,0.0,0.0,0.0,0.0,0.0,0.0,0.0,0.0,0.0,0.0,0.0,0.0,0.0,0.0,0.0,0.0,0.0,0.0,0.0,0.0,2793.2,28.00,36,36,36,76,112,447,2,2,Yes,No,Yes,No,No,No,No,No,No,No,No,No,No,No,No,No,No,No,No,No,No,No,No,No,No,No,No,Yes,No,Yes,No,No,No,No,No,Yes,No,No,31,45,31,89,79,42,1.074,5.040,3.424,3.328,12.192,2.024,0.672,3.424,3.200,1.072,1.264,1.648,1.064,1.000,1.000,0.904,1.824,1804,2002,3443,43.0,43.0,39.0,1.095,60.000,37.8,1.260,1.260,1.800,1.800,1.110,4.970,2.000,No,No,No,1.260,1.260,1.800,1.800,1.110,4.970,1.750,No,No,No,49,49,59,100.0,100.0,No,No,14698,23904,30,30,No,No,1299,631,0.7,0.8,1.5,0.554,7.263,16285,38347,0.0,0.0,0.0,0.000,0.000,0,27.2,30.0,30.0,84.0,0.910,12.166,12.157,12.168,12.173,0,0,11.195,5.932,10.661,11.134,4.029,0.484,7.581,7.639,210.0,50.6,1185.0,45.6,1290.0,1.0,2.0,0.0,0.0,10.6,0.0,0.2,0.0,0.0,0.0,0.0,0,0,Yes,No,No,No,No,Yes,No,5.5,7.4,3,0,0,0,0,0,0,0,0,76,0,0,0,0,0,0,0,0,0,0,0,0,0,0,0,0,0,0,0,0,10974,1308,1045,68,2.5,0,0,0,15.0,14.5,61.7,2.0,14.7,69.10,510.43,16.21,1.47,173.47,174.92,0.00,767,17,0.2,0.2,0,0,0.0,0.0,0,37.2,0.000,
14.10.2025,11:57:18.708,24322,45094,35.0,18596,46724,28.4,0.0,1.044,1.019,1.042,1.064,1.064,1.021,1.081,1.065,1.070,1.025,1.025,1.025,1.030,1.251,3591.2,3691.0,3691.0,3790.7,3790.7,3790.7,3790.7,3890.5,3890.5,3192.2,3192.2,3192.2,3192.2,99.8,3291.9,3643.9,3755.0,3762.9,3766.4,3767.5,3769.3,3770.7,3771.0,3770.9,3769.7,3769.8,3770.9,3772.5,3773.7,3773.6,3764.5,3772.3,3135.0,3145.9,3147.4,3148.1,3699.0,100.0,100.0,100.0,99.9,99.9,99.9,99.9,100.0,100.0,100.0,99.9,99.9,100.0,100.0,100.0,99.9,100.0,100.0,100.0,100.0,100.0,100.0,100.0,100.0,101.7,105.1,105.1,105.1,105.1,105.1,105.2,105.2,105.2,105.2,105.2,105.2,105.2,105.2,105.2,105.1,105.2,88.0,88.0,88.0,88.0,101.7,36.0,37.0,37.0,38.0,38.0,38.0,38.0,39.0,39.0,32.0,32.0,32.0,32.0,33.0,82,85,82,87,84,87,83,80,85,79,79,79,79,18,15,18,13,16,13,17,20,15,21,21,21,21,91,87,Yes,No,No,Yes,No,Yes,Yes,No,Yes,No,No,No,No,No,No,No,No,No,No,No,No,No,No,No,No,No,No,No,No,No,No,No,No,No,No,No,No,No,No,Yes,No,No,90,90,43,0.000,0.000,0.000,0.000,0.000,0.000,0.000,1.250,77.712,109.921,97.968,10.063,0.863,150.0,175.0,88.000,0.0,99.6,99.4,99.6,99.7,99.7,99.7,99.8,99.8,99.8,99.7,99.7,99.8,99.8,99.8,99.8,99.6,99.8,99.1,99.4,99.5,99.5,0.0,0.0,0.0,0.0,0.0,0.0,0.0,0.0,0.0,0.0,0.0,0.0,0.0,0.0,0.0,0.0,0.0,0.0,0.0,0.0,0.0,0.0,0.0,0.0,0.0,0.0,0.0,0.0,0.0,0.0,0.0,0.0,0.0,0.0,0.0,2793.2,28.00,36,36,36,76,112,447,2,2,Yes,No,Yes,No,No,No,No,No,No,No,No,No,No,No,No,No,No,No,No,No,No,No,No,No,No,No,No,Yes,No,Yes,No,No,No,No,No,No,No,No,31,45,31,90,79,41,1.039,5.080,3.424,3.328,12.192,2.024,0.672,3.424,3.200,1.072,1.264,1.648,1.064,1.000,1.000,0.904,1.824,1802,1997,3409,43.0,43.0,39.0,1.095,60.000,37.8,1.260,1.260,1.800,1.800,1.110,4.970,2.125,No,No,No,1.260,1.260,1.800,1.800,1.110,4.970,2.125,No,No,No,49,49,60,100.0,100.0,No,No,14698,23904,30,30,No,No,1299,631,2.0,0.7,2.7,0.763,5.390,16287,38357,0.0,0.0,0.0,0.000,0.000,0,27.2,30.0,30.0,84.0,0.910,12.164,12.155,12.167,12.171,0,0,11.217,6.173,10.857,11.741,4.503,0.887,7.584,7.639,210.0,50.6,1185.0,43.9,1290.0,1.0,2.0,0.0,0.0,10.6,0.0,0.2,0.0,0.0,0.0,0.0,0,0,Yes,No,No,No,No,Yes,No,5.7,7.4,3,0,0,0,0,0,0,0,0,76,0,0,0,0,0,0,0,0,0,0,0,0,0,0,0,0,0,0,0,0,10974,1308,1045,68,2.5,0,0,0,15.0,10.7,73.8,1.0,10.8,93.45,984.40,13.54,1.91,328.75,330.67,0.00,767,17,0.3,0.2,0,0,0.0,0.0,0,37.2,0.000,
14.10.2025,11:57:20.712,24323,45093,35.0,18598,46723,28.4,0.0,1.043,1.029,1.057,1.032,1.058,1.030,1.038,1.034,1.035,1.052,1.052,1.052,1.052,1.251,3591.2,3790.7,3790.7,3790.7,3790.7,3790.7,3790.7,3790.7,3790.7,3192.2,3192.2,3192.2,3192.2,99.8,3391.7,3651.2,3761.4,3770.9,3776.7,3777.9,3777.7,3777.5,3777.4,3778.1,3778.2,3779.5,3779.5,3779.4,3780.4,3780.8,3773.3,3779.7,3139.9,3150.0,3152.6,3152.7,3706.6,100.0,100.0,100.0,100.0,100.0,100.0,99.9,100.0,100.0,100.0,100.0,100.0,100.0,100.0,100.0,100.0,100.0,100.0,100.0,100.0,100.0,100.0,100.0,100.0,102.0,105.3,105.3,105.4,105.4,105.4,105.4,105.4,105.4,105.4,105.4,105.4,105.4,105.4,105.4,105.4,105.4,88.2,88.2,88.2,88.2,102.0,36.0,38.0,38.0,38.0,38.0,38.0,38.0,38.0,38.0,32.0,32.0,32.0,32.0,34.0,84,86,86,90,84,87,89,81,89,79,79,79,79,16,14,14,10,16,13,11,19,11,21,21,21,21,91,90,Yes,No,No,Yes,No,Yes,Yes,No,Yes,No,No,No,No,No,No,No,No,No,No,No,No,No,No,No,No,No,No,No,No,No,No,No,No,No,No,No,No,No,No,Yes,No,No,91,91,43,0.000,0.000,0.000,0.000,0.000,0.000,0.000,1.250,88.814,109.141,97.221,10.037,0.854,150.0,175.0,88.000,0.0,99.7,99.4,99.6,99.7,99.8,99.8,99.8,99.8,99.8,99.8,99.8,99.8,99.8,99.8,99.8,99.6,99.8,99.1,99.4,99.5,99.5,0.0,0.0,0.0,0.0,0.0,0.0,0.0,0.0,0.0,0.0,0.0,0.0,0.0,0.0,0.0,0.0,0.0,0.0,0.0,0.0,0.0,0.0,0.0,0.0,0.0,0.0,0.0,0.0,0.0,0.0,0.0,0.0,0.0,0.0,0.0,2793.2,28.00,36,36,36,76,112,447,2,2,Yes,No,Yes,No,No,No,No,No,No,No,No,No,No,No,No,No,No,No,No,No,No,No,No,No,No,No,No,Yes,No,Yes,No,No,No,No,No,No,No,No,31,45,31,89,79,42,1.066,5.040,3.424,3.328,12.192,2.024,0.672,3.424,3.200,1.072,1.264,1.648,1.064,1.000,1.000,0.904,1.824,1807,1994,3417,42.0,43.0,39.0,1.065,55.000,37.8,1.260,1.260,1.800,1.800,1.110,4.970,1.375,No,No,No,1.260,1.260,1.800,1.800,1.110,4.970,2.375,No,No,No,49,49,60,100.0,100.0,No,No,14698,23904,30,30,No,No,1299,631,2.5,2.3,4.8,0.595,1.815,16288,38361,0.0,0.0,0.0,0.000,0.000,0,27.2,30.0,30.0,84.0,0.910,12.163,12.151,12.167,12.170,0,0,11.017,6.198,10.670,11.753,4.637,1.082,7.585,7.661,210.0,50.6,1185.0,41.2,1290.0,1.0,2.0,0.0,0.0,10.6,0.0,0.2,0.0,0.0,0.0,0.0,0,0,Yes,No,No,No,No,Yes,No,5.9,7.2,3,0,0,0,0,0,0,0,0,76,0,0,0,0,0,0,0,0,0,0,0,0,0,0,0,0,0,0,0,0,10974,1308,1045,68,2.5,0,0,0,15.0,8.6,69.8,1.0,8.8,115.84,989.85,14.32,1.33,301.84,303.25,0.00,767,17,1.1,0.6,0,0,0.0,0.0,0,37.2,0.000,
14.10.2025,11:57:22.717,24323,45093,35.0,18596,46725,28.4,0.0,1.034,1.034,1.036,1.036,1.035,1.016,1.052,1.032,1.023,1.037,1.037,1.037,1.037,1.251,3582.9,3790.7,3790.7,3790.7,3790.7,3691.0,3790.7,3790.7,3790.7,3192.2,3192.2,3192.2,3192.2,99.8,3391.7,3636.2,3744.8,3755.7,3758.6,3761.7,3762.1,3761.9,3763.3,3760.8,3759.4,3763.4,3762.3,3762.0,3764.3,3763.6,3755.7,3760.5,3131.2,3142.4,3145.2,3145.2,3690.8,100.0,100.0,100.0,99.9,100.0,100.0,100.0,100.0,99.9,99.9,100.0,99.9,99.9,100.0,100.0,100.0,99.9,100.0,100.0,100.0,100.0,100.0,100.0,100.0,101.6,104.9,104.9,104.9,105.0,104.9,104.9,105.0,104.9,104.9,105.0,105.0,104.9,105.0,105.0,105.0,104.9,88.0,88.0,88.0,88.0,101.6,35.9,38.0,38.0,38.0,38.0,37.0,38.0,38.0,38.0,32.0,32.0,32.0,32.0,34.0,84,85,87,91,87,89,87,81,86,78,78,78,78,16,15,13,9,13,11,13,19,14,22,22,22,22,90,91,Yes,No,No,Yes,No,Yes,Yes,No,Yes,No,No,No,No,No,No,No,No,No,No,No,No,No,No,No,No,No,No,No,No,No,No,No,No,No,No,No,No,No,No,Yes,No,No,90,90,43,0.000,0.000,0.000,0.000,0.000,0.000,0.000,1.250,98.330,107.972,96.253,9.885,0.805,150.0,175.0,104.000,0.0,99.6,99.4,99.6,99.7,99.8,99.8,99.8,99.8,99.7,99.7,99.8,99.7,99.7,99.8,99.8,99.6,99.7,99.1,99.4,99.5,99.5,0.0,0.0,0.0,0.0,0.0,0.0,0.0,0.0,0.0,0.0,0.0,0.0,0.0,0.0,0.0,0.0,0.0,0.0,0.0,0.0,0.0,0.0,0.0,0.0,0.0,0.0,0.0,0.0,0.0,0.0,0.0,0.0,0.0,0.0,0.0,2793.2,28.00,36,36,36,76,112,447,2,2,Yes,No,Yes,No,No,No,No,No,No,No,No,No,No,No,No,No,No,No,No,No,No,No,No,No,No,No,No,Yes,No,Yes,No,No,No,No,No,No,No,No,31,45,31,89,79,42,1.039,5.080,3.424,3.328,12.192,2.024,0.672,3.424,3.200,1.072,1.264,1.648,1.064,1.000,1.000,0.904,1.824,1804,1988,3461,42.0,43.0,39.0,1.090,59.000,37.8,1.260,1.260,1.800,1.800,1.110,4.970,2.125,No,No,No,1.260,1.260,1.800,1.815,1.110,4.970,3.125,No,No,No,49,49,61,100.0,100.0,No,No,14698,23904,30,30,No,No,1299,631,0.3,0.4,0.7,0.501,1.433,16289,38363,0.0,0.0,0.0,0.000,0.000,0,27.2,30.0,30.0,84.0,0.910,12.165,12.154,12.169,12.173,0,0,11.237,5.741,10.316,10.636,3.762,0.330,7.502,7.645,210.0,50.6,1185.0,45.8,1290.0,1.0,2.0,0.0,0.0,10.6,0.0,0.1,0.0,0.0,0.0,0.0,0,0,Yes,No,No,No,No,Yes,No,5.3,7.3,3,0,0,0,0,0,0,0,0,76,0,0,0,0,0,0,0,0,0,0,0,0,0,0,0,0,0,0,0,0,10974,1308,1045,68,2.5,0,0,0,15.0,7.5,1035.8,1.0,7.5,134.12,995.28,0.97,1.35,311.60,312.89,0.00,767,17,2.3,0.8,0,0,0.0,0.0,0,37.5,0.000,
14.10.2025,11:57:24.717,24314,45102,35.0,18597,46723,28.4,0.0,1.032,1.037,1.031,1.032,1.032,1.037,1.043,1.032,1.031,1.026,1.026,1.026,1.026,1.251,3607.8,3790.7,3790.7,3790.7,3890.5,3790.7,3890.5,3790.7,3790.7,3192.2,3192.2,3192.2,3192.2,99.8,3391.7,3646.6,3756.6,3763.6,3770.1,3770.2,3772.7,3773.1,3771.9,3773.6,3772.2,3774.5,3774.8,3775.1,3776.3,3776.8,3769.8,3768.6,3137.4,3150.3,3152.0,3152.2,3701.5,100.0,100.0,100.0,100.0,100.0,100.0,100.0,99.9,100.0,100.0,100.0,100.0,100.0,100.0,100.0,100.0,99.8,99.9,100.0,100.0,100.0,100.0,100.0,100.0,101.8,105.2,105.2,105.2,105.2,105.2,105.2,105.2,105.2,105.2,105.3,105.3,105.3,105.3,105.3,105.3,105.1,88.1,88.1,88.1,88.1,101.8,36.2,38.0,38.0,38.0,39.0,38.0,39.0,38.0,38.0,32.0,32.0,32.0,32.0,34.0,84,84,84,88,87,88,89,83,89,80,80,80,80,16,16,16,12,13,12,11,17,11,20,20,20,20,89,89,Yes,No,No,Yes,No,Yes,Yes,No,Yes,No,No,No,No,No,No,No,No,No,No,No,No,No,No,No,No,No,No,No,No,No,No,No,No,No,No,No,No,No,No,Yes,No,No,90,90,43,0.000,0.000,0.000,0.000,0.000,0.000,0.000,1.250,88.814,109.134,97.262,9.995,0.843,150.0,175.0,96.000,0.0,99.7,99.4,99.6,99.7,99.7,99.8,99.8,99.8,99.8,99.7,99.8,99.8,99.8,99.8,99.8,99.6,99.6,99.1,99.5,99.5,99.5,0.0,0.0,0.0,0.0,0.0,0.0,0.0,0.0,0.0,0.1,0.0,0.0,0.0,0.0,0.0,0.0,0.0,0.0,0.0,0.0,0.0,0.0,0.0,0.0,0.0,0.0,0.0,0.0,0.0,0.0,0.0,0.0,0.0,0.0,0.0,2793.2,28.00,36,36,36,76,112,447,2,2,Yes,No,Yes,No,No,No,No,No,No,No,No,No,No,No,No,No,No,No,No,No,No,No,No,No,No,No,No,Yes,No,Yes,No,No,No,No,No,No,No,No,31,45,31,89,78,41,1.057,5.080,3.424,3.328,12.192,2.024,0.672,3.424,3.200,1.072,1.264,1.648,1.064,1.000,1.000,0.904,1.824,1807,1982,3409,41.0,43.0,40.0,1.090,57.000,37.8,1.260,1.260,1.800,1.800,1.095,4.970,1.500,No,No,No,1.260,1.260,1.800,1.800,1.140,4.970,1.375,No,No,No,49,49,61,100.0,100.0,No,No,14698,23904,30,30,No,No,1299,631,0.3,2.1,2.4,0.380,0.499,16290,38364,0.0,0.0,0.0,0.000,0.000,0,27.2,30.0,30.0,84.0,0.910,12.165,12.154,12.168,12.174,0,0,11.142,5.793,10.618,10.830,3.749,0.219,7.505,7.631,210.0,50.6,1185.0,46.9,1290.0,1.0,2.0,0.0,0.0,10.6,0.0,0.1,0.0,0.0,0.0,0.0,0,0,Yes,No,No,No,No,Yes,No,5.4,7.2,3,0,0,0,0,0,0,0,0,76,0,0,0,0,0,0,0,0,0,0,0,0,0,0,0,0,0,0,0,0,10974,1308,1045,67,2.5,0,0,0,15.0,6.6,91.8,1.0,6.6,152.53,995.17,10.89,1.35,332.03,333.33,0.00,767,17,0.4,0.1,0,0,0.0,0.0,0,37.5,0.000,
14.10.2025,11:57:26.708,24309,45107,35.0,18589,46731,28.4,0.0,1.048,1.038,1.070,1.049,1.078,1.053,1.058,1.059,1.037,1.029,1.035,1.034,1.034,1.251,3632.8,3790.7,3890.5,3790.7,3890.5,3890.5,3890.5,3890.5,3790.7,3192.2,3192.2,3192.2,3192.2,99.8,3391.7,3656.6,3768.1,3775.6,3780.6,3781.7,3784.6,3783.5,3784.2,3784.0,3782.5,3783.8,3783.9,3784.6,3785.5,3784.9,3778.5,3785.7,3145.9,3157.4,3158.6,3158.4,3712.0,100.0,100.0,100.0,100.0,100.0,100.0,99.9,100.0,100.0,100.0,100.0,100.0,100.0,100.0,100.0,100.0,100.0,100.0,100.0,100.0,100.0,100.0,100.0,100.0,102.1,105.5,105.5,105.5,105.5,105.5,105.5,105.5,105.5,105.5,105.5,105.5,105.5,105.6,105.5,105.5,105.6,88.3,88.3,88.3,88.3,102.1,36.4,38.0,39.0,38.0,39.0,39.0,39.0,39.0,38.0,32.0,32.0,32.0,32.0,34.0,84,86,84,90,85,89,90,84,89,78,79,79,79,16,14,16,10,15,11,10,16,11,22,21,21,21,90,90,Yes,No,No,Yes,No,Yes,Yes,No,Yes,No,No,No,No,No,No,No,No,No,No,No,No,No,No,No,No,No,No,No,No,No,No,No,No,No,No,No,No,No,No,Yes,No,No,90,90,43,0.000,0.000,0.000,0.000,0.000,0.000,0.000,1.250,95.158,108.441,96.654,9.928,0.831,150.0,175.0,96.000,0.0,99.7,99.4,99.6,99.7,99.7,99.8,99.8,99.8,99.8,99.7,99.8,99.8,99.8,99.8,99.8,99.6,99.8,99.1,99.5,99.5,99.5,0.0,0.0,0.0,0.0,0.0,0.0,0.0,0.0,0.0,0.0,0.0,0.0,0.0,0.0,0.0,0.0,0.0,0.0,0.0,0.0,0.0,0.0,0.0,0.0,0.0,0.0,0.0,0.0,0.0,0.0,0.0,0.0,0.0,0.0,0.0,2793.2,28.00,36,36,36,76,112,447,2,2,Yes,No,Yes,No,No,No,No,No,No,No,No,No,No,No,No,No,No,No,No,No,No,No,No,No,No,No,No,Yes,No,Yes,No,No,No,No,No,No,No,No,31,45,31,90,79,42,1.057,5.040,3.424,3.328,12.192,2.024,0.672,3.424,3.200,1.072,1.264,1.648,1.064,1.000,1.000,0.904,1.824,1807,1985,3443,42.0,43.0,39.0,1.090,48.000,38.0,1.260,1.260,1.800,1.800,1.095,4.970,1.625,No,No,No,1.260,1.260,1.800,1.800,1.095,5.040,1.500,No,No,No,49,49,59,100.0,100.0,No,No,14698,23904,30,30,No,No,1299,631,0.5,0.2,0.8,1.063,1.077,16292,38366,0.0,0.0,0.0,0.000,0.000,0,27.2,30.0,30.0,84.0,0.910,12.167,12.156,12.171,12.174,0,0,11.201,5.846,10.695,10.978,3.847,0.291,7.492,7.619,210.0,50.6,1185.0,41.6,1290.0,1.0,2.0,0.0,0.0,10.6,0.0,0.2,0.0,0.0,0.0,0.0,0,0,Yes,No,No,No,No,Yes,No,5.5,7.4,3,0,0,0,0,0,0,0,0,76,0,0,0,0,0,0,0,0,0,0,0,0,0,0,0,0,0,0,0,0,10974,1308,1045,67,2.5,0,0,0,15.0,6.0,60.4,1.0,6.0,166.96,995.99,16.57,1.61,288.95,290.57,0.00,767,17,0.3,0.1,0,0,0.0,0.0,0,37.5,0.000,
14.10.2025,11:57:28.704,24305,45111,35.0,18582,46738,28.4,0.0,1.035,1.039,1.040,1.054,1.052,1.040,1.030,1.001,1.026,1.035,1.035,1.033,1.033,1.251,3591.2,3890.5,3790.7,3890.5,3790.7,3790.7,3790.7,3691.0,3691.0,3192.2,3192.2,3192.2,3192.2,99.8,3491.5,3646.6,3757.9,3766.9,3771.5,3771.7,3773.9,3774.1,3773.3,3772.7,3773.2,3775.4,3773.4,3773.4,3775.5,3775.0,3767.5,3773.1,3135.8,3147.8,3149.9,3149.0,3701.8,100.0,100.0,100.0,100.0,100.0,100.0,100.0,99.9,99.9,100.0,100.0,99.9,100.0,100.0,100.0,100.0,100.0,100.0,100.0,100.0,100.0,100.0,100.0,100.0,101.8,105.2,105.2,105.3,105.3,105.3,105.3,105.2,105.2,105.3,105.3,105.3,105.3,105.3,105.3,105.3,105.3,88.1,88.1,88.1,88.1,101.8,36.0,39.0,38.0,39.0,38.0,38.0,38.0,37.0,37.0,32.0,32.0,32.0,32.0,35.0,83,85,84,90,85,89,88,81,87,77,77,77,77,17,15,16,10,15,11,12,19,13,23,23,23,23,90,90,Yes,No,No,Yes,No,Yes,Yes,No,Yes,No,No,No,No,No,No,No,No,No,No,No,No,No,No,No,No,No,No,No,No,No,No,No,No,No,No,No,No,No,No,Yes,No,No,90,90,43,0.000,0.000,0.000,0.000,0.000,0.000,0.000,1.250,91.986,110.027,98.128,10.014,0.856,150.0,175.0,96.000,0.0,99.7,99.4,99.6,99.7,99.7,99.8,99.8,99.7,99.7,99.7,99.8,99.8,99.8,99.8,99.8,99.7,99.8,99.1,99.5,99.6,99.5,0.0,0.0,0.0,0.0,0.0,0.0,0.0,0.0,0.0,0.0,0.0,0.0,0.0,0.0,0.0,0.0,0.0,0.0,0.0,0.0,0.0,0.0,0.0,0.0,0.0,0.0,0.0,0.0,0.0,0.0,0.0,0.0,0.0,0.0,0.0,2793.2,28.00,36,36,36,76,112,447,2,2,Yes,No,Yes,No,No,No,No,No,No,No,No,No,No,No,No,No,No,No,No,No,No,No,No,No,No,No,No,Yes,No,Yes,No,No,No,No,No,No,No,No,31,45,31,89,78,41,1.083,5.080,3.424,3.328,12.192,2.024,0.672,3.424,3.200,1.072,1.264,1.648,1.064,1.000,1.000,0.904,1.824,1804,2005,3452,42.0,43.0,40.0,1.120,61.000,38.0,1.260,1.260,1.800,1.800,1.095,4.970,2.250,No,No,No,1.260,1.260,1.800,1.800,1.095,4.970,2.000,No,No,No,49,49,59,100.0,100.0,No,No,14698,23904,30,30,No,No,1299,631,0.4,0.2,0.6,0.848,0.587,16293,38368,0.0,0.0,0.0,0.000,0.000,0,27.2,30.0,30.1,84.0,0.910,12.166,12.156,12.169,12.173,0,0,10.975,6.099,10.693,11.512,4.382,0.825,7.647,7.632,210.0,50.6,1185.0,40.2,1290.0,1.0,2.0,0.0,0.0,10.6,0.0,0.1,0.0,0.0,0.0,0.0,0,0,Yes,No,No,No,No,Yes,No,5.8,7.2,3,0,0,0,0,0,0,0,0,76,0,0,0,0,0,0,0,0,0,0,0,0,0,0,0,0,0,0,0,0,10974,1308,1045,67,2.5,0,0,0,15.0,5.4,68.9,1.0,5.5,184.75,985.90,14.52,1.35,391.90,393.23,0.00,767,17,2.5,0.4,0,0,0.0,0.0,0,37.5,0.000,
14.10.2025,11:57:30.706,24305,45111,35.0,18596,46724,28.4,0.0,1.021,1.016,1.008,1.013,1.011,1.018,1.035,1.013,1.013,1.032,1.032,1.027,1.027,1.251,3533.0,3691.0,3691.0,3691.0,3691.0,3691.0,3790.7,3691.0,3691.0,3192.2,3192.2,3192.2,3192.2,99.8,3291.9,3647.3,3761.3,3768.2,3774.8,3775.1,3776.8,3773.7,3773.8,3771.5,3775.6,3773.8,3774.7,3773.9,3778.4,3777.5,3765.4,3766.7,3135.0,3148.8,3151.0,3150.2,3702.5,99.9,99.9,99.9,99.9,99.9,99.9,99.8,99.9,99.8,99.9,99.9,99.9,99.9,100.0,99.9,99.8,99.7,99.8,100.0,100.0,100.0,100.0,99.9,100.0,101.9,105.3,105.3,105.4,105.4,105.4,105.3,105.3,105.3,105.4,105.3,105.4,105.3,105.5,105.4,105.3,105.2,88.1,88.2,88.2,88.2,101.9,35.4,37.0,37.0,37.0,37.0,37.0,38.0,37.0,37.0,32.0,32.0,32.0,32.0,33.0,84,85,86,90,85,88,88,81,87,79,79,78,78,16,15,14,10,15,12,12,19,13,21,21,22,22,91,90,Yes,No,No,Yes,No,Yes,Yes,No,Yes,No,No,No,No,No,No,No,No,No,No,No,No,No,No,No,No,No,No,No,No,No,No,No,No,No,No,No,No,No,No,Yes,No,No,90,90,43,0.000,0.000,0.000,0.000,0.000,0.000,0.000,1.250,91.986,108.908,97.249,9.827,0.800,150.0,175.0,96.000,0.0,99.6,99.3,99.5,99.7,99.7,99.7,99.6,99.7,99.6,99.7,99.7,99.7,99.7,99.8,99.8,99.5,99.5,99.0,99.5,99.5,99.5,0.0,0.0,0.0,0.0,0.0,0.0,0.0,0.0,0.0,0.1,0.0,0.0,0.0,0.0,0.0,0.0,0.0,0.0,0.0,0.0,0.0,0.0,0.0,0.0,0.0,0.0,0.0,0.0,0.0,0.0,0.0,0.0,0.0,0.0,0.0,2793.2,28.00,36,36,36,76,112,447,2,2,Yes,No,Yes,No,No,No,No,No,No,No,No,No,No,No,No,No,No,No,No,No,No,No,No,No,No,No,No,Yes,No,Yes,No,No,No,No,No,No,No,No,31,45,31,90,79,43,1.048,5.040,3.424,3.328,12.192,2.024,0.672,3.424,3.200,1.072,1.264,1.664,1.064,1.000,1.000,0.904,1.824,1804,2008,3400,41.0,43.0,40.0,1.090,64.000,38.0,1.260,1.260,1.800,1.800,1.095,4.970,2.375,No,No,No,1.260,1.260,1.800,1.800,1.095,4.970,1.125,No,No,No,49,49,59,100.0,100.0,No,No,14698,23904,30,30,No,No,1299,631,4.4,0.1,4.4,9.748,0.755,16312,38369,0.0,0.0,0.0,0.000,0.000,0,27.1,28.0,30.0,84.0,0.910,12.164,12.152,12.167,12.172,0,0,11.150,5.760,10.521,10.695,3.676,0.176,7.623,7.631,210.0,50.6,1185.0,49.5,1290.0,1.0,2.0,0.0,0.0,10.6,0.0,0.2,0.0,0.0,0.0,0.0,0,0,Yes,No,No,No,No,Yes,No,5.3,7.4,3,0,0,0,0,0,0,0,0,76,0,0,0,0,0,0,0,0,0,0,0,0,0,0,0,0,0,0,0,0,10974,1308,1045,67,2.5,0,0,0,15.0,5.1,63.1,1.0,4.9,195.37,969.33,15.86,1.50,286.70,288.17,0.00,767,17,1.8,0.4,0,0,0.0,0.0,0,37.5,0.000,
14.10.2025,11:57:32.706,24308,45108,35.0,18587,46733,28.4,0.0,1.052,1.058,1.076,1.036,1.059,1.081,1.059,1.057,1.032,1.041,1.041,1.041,1.041,1.251,3632.8,3790.7,3890.5,3790.7,3890.5,3890.5,3890.5,3890.5,3790.7,3192.2,3192.2,3192.2,3192.2,99.8,3391.7,3646.9,3753.3,3759.9,3767.1,3770.4,3773.3,3772.6,3775.5,3774.3,3766.2,3772.6,3761.9,3776.8,3779.1,3780.6,3777.9,3784.1,3137.9,3149.9,3152.4,3151.6,3701.8,100.0,100.0,100.0,99.9,99.9,100.0,100.0,100.0,100.0,100.0,100.0,99.9,99.9,100.0,100.0,100.0,100.0,100.0,100.0,100.0,100.0,100.0,100.0,100.0,101.9,105.2,105.2,105.3,105.3,105.3,105.3,105.3,105.3,105.3,105.3,105.3,105.3,105.3,105.3,105.4,105.4,88.1,88.1,88.1,88.1,101.9,36.4,38.0,39.0,38.0,39.0,39.0,39.0,39.0,38.0,32.0,32.0,32.0,32.0,34.0,84,85,84,90,87,87,89,82,89,79,80,80,80,16,15,16,10,13,13,11,18,11,21,20,20,20,90,90,Yes,No,No,Yes,No,Yes,Yes,No,Yes,No,No,No,No,No,No,No,No,No,No,No,No,No,No,No,No,No,No,No,No,No,No,No,No,No,No,No,No,No,No,Yes,No,No,90,90,43,0.000,0.000,0.000,0.000,0.000,0.000,0.000,1.250,74.540,109.374,97.467,10.019,0.859,150.0,175.0,88.000,0.0,99.6,99.3,99.4,99.6,99.6,99.7,99.7,99.7,99.7,99.5,99.6,99.3,99.7,99.7,99.8,99.6,99.8,99.0,99.4,99.5,99.5,0.0,0.0,0.0,0.0,0.0,0.0,0.0,0.0,0.0,0.0,0.0,0.0,0.0,0.0,0.0,0.0,0.0,0.0,0.0,0.0,0.0,0.0,0.0,0.0,0.0,0.0,0.0,0.0,0.0,0.0,0.0,0.0,0.0,0.0,0.0,2793.2,28.00,36,36,36,76,112,447,2,2,Yes,No,Yes,No,No,No,No,No,No,No,No,No,No,No,No,No,No,No,No,No,No,No,No,No,No,No,No,Yes,No,Yes,No,No,No,No,No,No,No,No,31,45,31,89,78,43,1.074,5.040,3.424,3.328,12.192,2.024,0.672,3.424,3.200,1.072,1.264,1.648,1.064,1.000,1.000,0.904,1.824,1802,2000,3426,43.0,43.0,40.0,1.070,56.000,38.0,1.260,1.260,1.800,1.800,1.095,4.970,1.375,No,No,No,1.260,1.260,1.800,1.800,1.095,4.970,1.500,No,No,No,49,49,58,100.0,100.0,No,No,14698,23904,30,30,No,No,1299,631,2.1,0.0,2.2,3.990,0.325,16319,38370,0.0,0.0,0.0,0.000,0.000,0,27.1,30.0,30.0,84.0,0.910,12.164,12.152,12.168,12.172,0,0,11.023,5.775,10.500,10.732,3.737,0.242,7.581,7.635,210.0,50.6,1185.0,42.9,1290.0,1.0,5.0,0.0,0.0,10.6,0.0,0.1,0.0,0.0,0.0,0.0,0,0,Yes,No,No,No,No,Yes,No,5.4,7.3,3,0,0,0,0,0,0,0,0,76,0,0,0,0,0,0,0,0,0,0,0,0,0,0,0,0,0,0,0,0,10974,1308,1045,67,2.5,0,0,0,15.0,4.7,58.4,1.0,4.8,211.02,985.28,17.13,1.60,394.93,396.56,0.00,767,17,0.8,0.2,0,0,0.0,0.0,0,37.5,0.000,
14.10.2025,11:57:34.717,24305,45111,35.0,18596,46724,28.4,0.0,1.038,1.044,1.027,1.037,1.043,1.043,1.043,1.034,1.014,1.040,1.040,1.040,1.045,1.251,3582.9,3790.7,3790.7,3790.7,3790.7,3790.7,3790.7,3790.7,3691.0,3192.2,3192.2,3192.2,3192.2,99.8,3391.7,3658.6,3772.1,3780.4,3782.6,3784.9,3788.5,3784.9,3787.9,3787.4,3784.0,3786.6,3784.7,3785.5,3788.9,3789.8,3783.6,3788.4,3142.0,3154.9,3157.7,3157.5,3714.3,99.9,99.9,99.9,99.9,99.9,100.0,99.9,99.9,99.9,99.9,99.9,99.9,99.9,99.9,100.0,100.0,100.0,99.9,99.9,100.0,100.0,100.0,99.9,100.0,102.2,105.6,105.6,105.6,105.7,105.7,105.6,105.7,105.7,105.6,105.7,105.6,105.6,105.7,105.8,105.8,105.7,88.3,88.3,88.4,88.4,102.2,35.9,38.0,38.0,38.0,38.0,38.0,38.0,38.0,37.0,32.0,32.0,32.0,32.0,34.0,84,86,84,90,88,88,88,80,87,78,78,78,78,16,14,16,10,12,12,12,20,13,22,22,22,22,90,90,Yes,No,No,Yes,No,Yes,Yes,No,Yes,No,No,No,No,No,No,No,No,No,No,No,No,No,No,No,No,No,No,No,No,No,No,No,No,No,No,No,No,No,No,Yes,No,No,89,89,43,0.000,0.000,0.000,0.000,0.000,0.000,0.000,1.250,107.845,108.650,96.675,10.075,0.873,150.0,175.0,120.000,0.0,99.6,99.3,99.6,99.6,99.7,99.7,99.7,99.7,99.7,99.7,99.7,99.7,99.7,99.8,99.8,99.6,99.8,99.0,99.4,99.5,99.5,0.0,0.0,0.0,0.0,0.0,0.0,0.0,0.0,0.0,0.1,0.0,0.0,0.0,0.0,0.0,0.0,0.0,0.0,0.0,0.0,0.0,0.0,0.0,0.0,0.0,0.0,0.0,0.0,0.0,0.0,0.0,0.0,0.0,0.0,0.0,2793.2,28.00,36,36,36,76,112,447,2,2,Yes,No,Yes,No,No,No,No,No,No,No,No,No,No,No,No,No,No,No,No,No,No,No,No,No,No,No,No,Yes,No,Yes,No,No,No,No,No,No,No,No,31,45,31,89,79,42,1.021,5.080,3.424,3.328,12.192,2.024,0.672,3.424,3.200,1.072,1.264,1.648,1.064,1.000,1.000,0.904,1.824,1802,1988,3349,42.0,43.0,40.0,1.090,61.000,38.0,1.260,1.260,1.800,1.800,1.095,4.970,1.500,No,No,No,1.260,1.260,1.800,1.815,1.095,4.970,2.375,No,No,No,49,49,57,100.0,100.0,No,No,14698,23904,30,30,No,No,1299,631,3.8,0.2,4.0,7.588,0.715,16334,38371,0.0,0.0,0.0,0.000,0.000,0,27.2,30.0,30.0,84.0,0.910,12.163,12.150,12.167,12.172,0,0,10.919,5.779,10.628,10.755,3.676,0.135,7.621,7.638,210.0,50.6,1185.0,43.7,1290.0,1.0,2.0,0.0,0.0,10.6,0.0,0.2,0.0,0.0,0.0,0.0,0,0,Yes,No,No,No,No,Yes,No,5.4,7.4,3,0,0,0,0,0,0,0,0,76,0,0,0,0,0,0,0,0,0,0,0,0,0,0,0,0,0,0,0,0,10974,1308,1045,67,2.5,0,0,0,15.0,4.6,82.1,1.0,4.4,218.75,982.55,12.18,1.44,286.77,288.19,0.00,767,17,0.2,0.1,0,0,0.0,0.0,0,37.5,0.000,
14.10.2025,11:57:36.711,24304,45113,35.0,18600,46720,28.4,0.0,1.047,1.040,1.051,1.052,1.101,1.056,1.036,1.014,1.047,1.044,1.047,1.037,1.037,1.251,3599.5,3790.7,3790.7,3790.7,3890.5,3890.5,3790.7,3691.0,3790.7,3192.2,3192.2,3192.2,3192.2,99.8,3391.7,3640.4,3751.7,3757.6,3763.3,3765.0,3766.3,3765.3,3768.8,3767.0,3767.2,3766.7,3765.2,3766.7,3769.0,3768.8,3763.2,3769.8,3131.8,3144.6,3145.7,3144.8,3695.4,100.0,100.0,99.9,100.0,100.0,99.9,99.9,100.0,99.9,100.0,99.9,99.9,99.9,100.0,100.0,100.0,100.0,99.9,100.0,100.0,99.9,100.0,100.0,100.0,101.6,105.1,105.0,105.1,105.1,105.1,105.0,105.1,105.1,105.1,105.0,105.0,105.0,105.1,105.1,105.1,105.1,87.9,88.0,88.0,88.0,101.6,36.1,38.0,38.0,38.0,39.0,39.0,38.0,37.0,38.0,32.0,32.0,32.0,32.0,34.0,83,85,83,88,84,88,88,81,89,78,78,78,78,17,15,17,12,16,12,12,19,11,22,22,22,22,90,89,Yes,No,No,Yes,No,Yes,Yes,No,Yes,No,No,No,No,No,No,No,No,No,No,No,No,No,No,No,No,No,No,No,No,No,No,No,No,No,No,No,No,No,No,Yes,No,No,91,91,43,0.000,0.000,0.000,0.000,0.000,0.000,0.000,1.250,88.814,109.717,97.674,10.119,0.890,150.0,175.0,104.000,0.0,99.6,99.4,99.6,99.7,99.7,99.7,99.7,99.8,99.7,99.8,99.7,99.7,99.7,99.8,99.8,99.6,99.8,99.1,99.5,99.5,99.5,0.0,0.0,0.0,0.0,0.0,0.0,0.0,0.0,0.0,0.1,0.0,0.0,0.0,0.0,0.0,0.0,0.0,0.0,0.0,0.0,0.0,0.0,0.0,0.0,0.0,0.0,0.0,0.0,0.0,0.0,0.0,0.0,0.0,0.0,0.0,2793.2,28.00,36,36,36,76,112,447,2,2,Yes,No,Yes,No,No,No,No,No,No,No,No,No,No,No,No,No,No,No,No,No,No,No,No,No,No,No,No,Yes,No,Yes,No,No,No,No,No,No,No,No,31,45,31,90,78,41,1.066,5.080,3.424,3.328,12.192,2.024,0.672,3.424,3.200,1.072,1.264,1.648,1.064,1.000,1.000,0.904,1.824,1802,2005,3435,42.0,43.0,40.0,1.120,63.000,38.0,1.260,1.260,1.800,1.800,1.110,4.970,2.875,No,No,No,1.260,1.260,1.800,1.800,1.155,4.970,2.500,No,No,No,49,49,58,100.0,100.0,No,No,14698,23904,30,30,No,No,1299,631,1.7,0.1,1.8,3.679,0.482,16341,38372,0.0,0.0,0.0,0.000,0.000,0,27.1,30.0,30.0,84.0,0.910,12.165,12.154,12.168,12.172,0,0,10.904,6.067,10.560,11.413,4.370,0.854,7.634,7.637,210.0,50.6,1185.0,33.6,1290.0,1.0,2.0,0.0,0.0,10.6,0.0,0.1,0.0,0.0,0.0,0.0,0,0,Yes,No,No,No,No,Yes,No,5.7,7.2,3,0,0,0,0,0,0,0,0,76,0,0,0,0,0,0,0,0,0,0,0,0,0,0,0,0,0,0,0,0,10974,1308,1045,67,2.5,0,0,0,15.0,4.4,64.8,1.0,4.4,228.97,978.11,15.43,1.64,331.44,333.14,0.00,767,17,0.7,0.1,0,0,0.0,0.0,0,37.5,0.000,
14.10.2025,11:57:38.703,24300,45116,35.0,18596,46725,28.4,0.0,1.038,1.037,1.040,1.040,1.092,1.063,1.064,1.037,1.039,1.011,1.011,1.011,1.011,1.251,3582.9,3790.7,3790.7,3790.7,3890.5,3890.5,3890.5,3790.7,3790.7,3092.4,3092.4,3092.4,3092.4,99.8,3391.7,3647.6,3757.7,3766.8,3773.4,3774.2,3774.6,3774.6,3776.4,3776.1,3773.5,3775.2,3775.4,3775.6,3776.6,3778.1,3771.5,3777.7,3134.8,3145.7,3148.5,3146.1,3703.2,100.0,99.9,100.0,100.0,100.0,100.0,99.9,100.0,100.0,100.0,100.0,100.0,100.0,100.0,100.0,100.0,100.0,100.0,100.0,100.0,99.9,100.0,100.0,100.0,101.9,105.3,105.3,105.3,105.3,105.3,105.3,105.3,105.4,105.3,105.3,105.3,105.3,105.3,105.4,105.4,105.4,88.1,88.1,88.1,88.0,101.9,35.9,38.0,38.0,38.0,39.0,39.0,39.0,38.0,38.0,31.0,31.0,31.0,31.0,34.0,84,85,84,90,84,88,89,83,89,79,79,79,79,16,15,16,10,16,12,11,17,11,21,21,21,21,90,90,Yes,No,No,Yes,No,Yes,Yes,No,Yes,No,No,No,No,No,No,No,No,No,No,No,No,No,No,No,No,No,No,No,No,No,No,No,No,No,No,No,No,No,No,Yes,No,No,91,91,43,0.000,0.000,0.000,0.000,0.000,0.000,0.000,1.250,77.712,108.656,96.673,10.076,0.878,150.0,175.0,88.000,0.0,99.7,99.3,99.6,99.7,99.8,99.8,99.8,99.8,99.8,99.7,99.8,99.8,99.8,99.8,99.8,99.6,99.8,99.1,99.4,99.5,99.5,0.0,0.0,0.0,0.0,0.0,0.0,0.0,0.0,0.0,0.0,0.0,0.0,0.1,0.0,0.0,0.0,0.0,0.0,0.0,0.0,0.0,0.0,0.0,0.0,0.0,0.0,0.0,0.0,0.0,0.0,0.0,0.0,0.0,0.0,0.0,2793.2,28.00,36,36,36,76,112,447,2,2,Yes,No,Yes,No,No,No,No,No,No,No,No,No,No,No,No,No,No,No,No,No,No,No,No,No,No,No,No,Yes,No,Yes,No,No,No,No,No,No,No,No,31,45,31,90,79,42,1.057,5.080,3.424,3.328,12.192,2.024,0.672,3.424,3.200,1.072,1.264,1.648,1.064,1.000,1.000,0.904,1.824,1802,2005,3435,42.0,43.0,40.0,1.090,47.000,38.0,1.260,1.260,1.800,1.800,1.110,5.040,1.250,No,No,No,1.260,1.260,1.800,1.800,1.110,5.040,1.500,No,No,No,49,49,58,100.0,100.0,No,No,14698,23904,30,30,No,No,1299,631,1.4,0.0,1.4,2.817,0.335,16346,38373,0.0,0.0,0.0,0.000,0.000,0,27.1,28.0,30.1,84.0,0.910,12.162,12.150,12.166,12.171,0,0,10.926,5.725,10.519,10.572,3.566,0.063,7.709,7.646,210.0,50.6,1185.0,35.1,1290.0,1.0,12.0,0.0,0.0,10.6,0.0,0.1,0.0,0.0,0.0,0.0,0,0,Yes,No,No,No,No,Yes,No,5.3,7.2,3,0,0,0,0,0,0,0,0,76,0,0,0,0,0,0,0,0,0,0,0,0,0,0,0,0,0,0,0,0,10974,1308,1045,67,2.5,0,0,0,15.0,4.3,152.5,1.0,4.3,234.48,990.41,6.56,1.43,284.44,285.84,0.00,767,17,0.3,0.3,0,0,0.0,0.0,0,37.5,0.000,
14.10.2025,11:57:40.708,24299,45117,35.0,18598,46722,28.4,0.0,1.028,1.012,1.035,1.016,1.055,1.049,1.023,1.024,1.033,1.033,1.033,1.013,1.013,1.251,3558.0,3691.0,3790.7,3691.0,3790.7,3790.7,3790.7,3790.7,3790.7,3192.2,3192.2,3092.4,3092.4,99.8,3291.9,3653.6,3766.1,3772.7,3781.6,3782.0,3784.8,3782.9,3784.0,3781.3,3781.7,3783.3,3782.4,3782.8,3784.3,3783.7,3778.2,3784.8,3134.7,3144.2,3148.4,3148.6,3709.8,100.0,100.0,99.9,100.0,99.9,100.0,99.9,100.0,99.9,100.0,100.0,99.9,100.0,100.0,100.0,100.0,100.0,100.0,99.9,100.0,100.0,100.0,100.0,100.0,102.0,105.5,105.4,105.5,105.5,105.6,105.5,105.6,105.5,105.6,105.6,105.5,105.6,105.6,105.6,105.6,105.6,88.1,88.0,88.1,88.1,102.0,35.7,37.0,38.0,37.0,38.0,38.0,38.0,38.0,38.0,32.0,32.0,31.0,31.0,33.0,83,85,86,90,84,86,87,83,87,78,78,78,78,17,15,14,10,16,14,13,17,13,22,22,22,22,90,90,Yes,Yes,No,Yes,No,Yes,Yes,No,Yes,No,No,No,No,No,No,No,No,No,No,No,No,No,No,No,No,No,No,No,No,No,No,No,No,No,No,No,No,No,No,Yes,No,No,90,90,43,0.000,0.000,0.000,0.000,0.000,0.000,0.000,1.250,96.744,108.438,96.458,10.071,0.881,150.0,175.0,104.000,0.0,99.6,99.4,99.5,99.7,99.7,99.8,99.7,99.8,99.7,99.7,99.8,99.7,99.8,99.8,99.8,99.6,99.8,99.1,99.4,99.5,99.5,0.0,0.0,0.0,0.0,0.0,0.0,0.0,0.0,0.0,0.0,0.1,0.0,0.0,0.0,0.0,0.0,0.0,0.0,0.0,0.0,0.0,0.0,0.0,0.0,0.0,0.0,0.0,0.0,0.0,0.0,0.0,0.0,0.0,0.0,0.0,2793.2,28.00,36,36,36,76,112,447,2,2,Yes,No,Yes,No,No,No,No,No,No,No,No,No,No,No,No,No,No,No,No,No,No,No,No,No,No,No,No,Yes,No,Yes,No,No,No,No,No,Yes,No,No,31,45,31,89,78,42,1.048,5.040,3.424,3.328,12.192,2.024,0.664,3.424,3.200,1.072,1.264,1.648,1.064,1.000,1.000,0.904,1.824,1802,2002,3443,43.0,43.0,40.0,1.120,33.000,38.0,1.245,1.260,1.800,1.800,1.110,5.040,2.125,No,No,No,1.260,1.260,1.800,1.800,1.110,5.040,1.750,No,No,No,49,49,59,100.0,100.0,No,No,14698,23904,30,30,No,No,1299,631,1.7,0.1,1.8,3.565,0.759,16353,38374,0.0,0.0,0.0,0.000,0.000,0,27.2,30.0,30.1,84.0,0.910,12.166,12.156,12.169,12.172,0,0,10.958,6.140,11.025,11.719,4.370,0.699,7.519,7.647,210.0,50.6,1185.0,38.3,1290.0,1.0,2.0,0.0,0.0,10.6,0.0,0.1,0.0,0.0,0.0,0.0,0,0,Yes,No,No,No,No,Yes,No,5.9,7.5,3,0,0,0,0,0,0,0,0,76,0,0,0,0,0,0,0,0,0,0,0,0,0,0,0,0,0,0,0,0,10974,1308,1045,67,2.5,0,0,0,15.0,4.1,65.3,1.0,4.2,243.09,961.54,15.31,1.40,329.02,330.41,0.00,767,17,0.3,0.2,0,0,0.0,0.0,0,37.5,0.000,
14.10.2025,11:57:42.719,24298,45118,35.0,18613,46708,28.4,0.0,1.048,1.047,1.010,1.039,1.069,1.065,1.032,1.013,1.046,1.063,1.063,1.063,1.063,1.251,3591.2,3790.7,3691.0,3790.7,3890.5,3890.5,3790.7,3691.0,3790.7,3192.2,3192.2,3192.2,3192.2,99.8,3391.7,3628.4,3736.5,3746.1,3752.0,3752.4,3754.8,3754.3,3754.1,3754.2,3752.6,3755.2,3753.4,3751.9,3753.5,3756.3,3750.4,3756.6,3123.2,3135.5,3137.7,3137.7,3682.9,99.9,99.9,99.9,100.0,100.0,100.0,99.9,100.0,99.9,99.9,100.0,99.9,99.9,99.9,100.0,100.0,100.0,99.9,100.0,100.0,100.0,100.0,99.9,100.0,101.3,104.6,104.6,104.7,104.7,104.7,104.7,104.7,104.7,104.7,104.7,104.7,104.6,104.7,104.8,104.8,104.8,87.7,87.8,87.8,87.8,101.3,36.0,38.0,37.0,38.0,39.0,39.0,38.0,37.0,38.0,32.0,32.0,32.0,32.0,34.0,84,85,84,91,85,88,88,81,87,78,79,79,79,16,15,16,9,15,12,12,19,13,22,21,21,21,91,91,Yes,No,No,Yes,No,No,Yes,No,Yes,No,No,No,No,No,No,No,No,No,No,No,No,No,No,No,No,No,No,No,No,No,No,No,No,No,No,No,No,No,No,Yes,No,No,91,91,43,0.000,0.000,0.000,0.000,0.000,0.000,0.000,1.250,68.196,108.434,96.458,10.065,0.876,150.0,175.0,72.000,0.0,99.6,99.4,99.6,99.7,99.8,99.8,99.8,99.8,99.8,99.7,99.8,99.7,99.7,99.7,99.8,99.6,99.8,99.0,99.4,99.5,99.5,0.0,0.0,0.0,0.0,0.0,0.0,0.0,0.0,0.0,0.1,0.0,0.0,0.0,0.0,0.0,0.0,0.0,0.0,0.0,0.0,0.0,0.0,0.0,0.0,0.0,0.0,0.0,0.0,0.0,0.0,0.0,0.0,0.0,0.0,0.0,2793.2,28.00,36,36,36,76,112,447,2,2,Yes,No,Yes,No,No,No,No,No,No,No,No,No,No,No,No,No,No,No,No,No,No,No,No,No,No,No,No,Yes,No,Yes,No,No,No,No,No,No,No,No,31,45,31,89,78,41,1.030,5.040,3.424,3.328,12.192,2.024,0.664,3.424,3.200,1.072,1.264,1.648,1.064,1.000,1.000,0.904,1.824,1802,2011,3435,41.0,43.0,40.0,1.060,54.000,38.0,1.245,1.260,1.800,1.800,1.110,5.040,1.500,No,No,No,1.245,1.260,1.800,1.800,1.110,5.040,1.500,No,No,No,49,49,59,100.0,100.0,No,No,14698,23904,30,30,No,No,1299,631,2.6,0.1,2.7,4.711,0.377,16362,38375,0.0,0.0,0.0,0.000,0.000,0,27.1,30.0,30.0,84.0,0.910,12.165,12.155,12.168,12.171,0,0,11.166,6.191,10.771,11.791,4.613,1.027,7.496,7.637,210.0,50.6,1185.0,37.9,1290.0,0.0,2.0,0.0,0.0,10.6,0.0,0.2,0.0,0.0,0.0,0.0,0,0,Yes,No,No,No,No,Yes,No,5.5,7.3,3,0,0,0,0,0,0,0,0,76,0,0,0,0,0,0,0,0,0,0,0,0,0,0,0,0,0,0,0,0,10974,1308,1045,67,2.5,0,0,0,15.0,4.1,102.9,1.0,4.2,243.56,957.22,9.72,1.45,252.71,254.20,0.00,767,17,0.1,0.1,0,0,0.0,0.0,0,37.5,0.000,
14.10.2025,11:57:44.718,24296,45120,35.0,18616,46704,28.5,0.0,1.033,1.042,1.063,1.057,1.042,1.038,1.053,1.035,1.013,1.012,1.012,1.012,1.012,1.251,3558.0,3790.7,3790.7,3890.5,3790.7,3790.7,3790.7,3790.7,3691.0,3092.4,3092.4,3092.4,3092.4,99.8,3391.7,3647.5,3758.9,3767.5,3772.0,3775.9,3773.5,3769.9,3776.5,3775.4,3773.3,3775.9,3776.6,3775.2,3776.1,3776.2,3772.2,3766.6,3141.3,3146.5,3150.9,3149.6,3702.8,99.9,100.0,100.0,99.9,100.0,99.9,99.8,99.9,99.9,99.9,100.0,100.0,99.9,100.0,99.9,100.0,99.7,100.0,99.9,100.0,100.0,100.0,99.9,100.0,101.8,105.3,105.2,105.3,105.3,105.2,105.1,105.3,105.3,105.3,105.3,105.4,105.3,105.3,105.3,105.4,105.1,88.1,88.0,88.1,88.1,101.8,35.7,38.0,38.0,39.0,38.0,38.0,38.0,38.0,37.0,31.0,31.0,31.0,31.0,34.0,83,84,82,88,84,88,87,83,89,78,78,78,78,17,16,18,12,16,12,13,17,11,22,22,22,22,90,89,Yes,No,No,Yes,No,Yes,No,No,Yes,No,No,No,No,No,No,No,No,No,No,No,No,No,No,No,No,No,No,No,No,No,No,No,No,No,No,No,No,No,No,Yes,No,No,90,90,43,0.000,0.000,0.000,0.000,0.000,0.000,0.000,1.250,91.986,107.459,95.556,10.024,0.851,150.0,175.0,96.000,0.0,99.6,99.4,99.6,99.7,99.8,99.7,99.6,99.8,99.7,99.7,99.8,99.8,99.7,99.8,99.8,99.6,99.5,99.2,99.4,99.5,99.5,0.0,0.0,0.0,0.0,0.0,0.0,0.0,0.0,0.0,0.0,0.1,0.0,0.0,0.0,0.0,0.0,0.0,0.0,0.0,0.0,0.0,0.0,0.0,0.0,0.0,0.0,0.0,0.0,0.0,0.0,0.0,0.0,0.0,0.0,0.0,2793.2,28.00,36,36,36,76,112,447,2,2,Yes,No,Yes,No,No,No,No,No,No,No,No,No,No,No,No,No,No,No,No,No,No,No,No,No,No,No,No,Yes,No,Yes,No,No,No,No,No,No,No,No,31,45,31,89,78,42,1.021,5.040,3.424,3.328,12.192,2.024,0.664,3.424,3.200,1.072,1.280,1.648,1.064,1.000,1.000,0.904,1.824,1807,1994,3479,42.0,43.0,40.0,1.075,56.000,38.0,1.245,1.260,1.800,1.800,1.110,5.040,2.375,No,No,No,1.245,1.260,1.800,1.800,1.110,5.040,1.375,No,No,No,49,49,59,100.0,100.0,No,No,14698,23904,30,30,No,No,1299,631,1.7,1.2,3.0,3.176,11.063,16368,38396,0.0,0.0,0.0,0.000,0.000,0,27.1,30.0,30.0,84.0,0.910,12.167,12.159,12.170,12.173,0,0,11.047,6.356,11.024,11.878,4.528,0.859,8.560,7.645,210.0,50.6,1185.0,36.0,1290.0,0.0,5.0,0.0,0.0,10.6,0.0,0.1,0.0,0.0,0.0,0.0,0,0,Yes,No,No,No,No,Yes,No,5.9,7.3,3,0,0,0,0,0,0,0,0,76,0,0,0,0,0,0,0,0,0,0,0,0,0,0,0,0,0,0,0,0,10974,1308,1045,67,2.5,0,0,0,15.0,4.0,62.6,1.0,4.0,251.33,970.16,15.98,1.29,329.30,330.55,0.00,767,17,0.8,0.0,0,0,0.0,0.0,0,37.8,0.000,
14.10.2025,11:57:46.713,24299,45117,35.0,18613,46707,28.4,0.0,1.025,1.036,1.012,1.014,1.034,1.011,1.050,1.039,1.042,1.017,1.017,1.017,1.017,1.251,3533.0,3790.7,3691.0,3691.0,3790.7,3691.0,3790.7,3790.7,3790.7,3092.4,3092.4,3092.4,3092.4,99.8,3391.7,3642.6,3755.7,3762.1,3767.9,3766.6,3768.4,3768.5,3771.2,3767.0,3767.4,3768.9,3769.6,3769.9,3771.2,3771.1,3764.1,3769.5,3135.6,3145.4,3146.1,3145.6,3697.8,99.9,100.0,99.9,99.9,99.9,99.9,99.9,100.0,99.8,99.9,99.9,99.9,99.9,100.0,100.0,99.9,99.9,99.9,100.0,100.0,100.0,100.0,99.9,100.0,101.7,105.1,105.1,105.1,105.1,105.1,105.1,105.2,105.1,105.2,105.2,105.2,105.2,105.2,105.2,105.2,105.2,87.9,88.0,88.0,88.0,101.7,35.4,38.0,37.0,37.0,38.0,37.0,38.0,38.0,38.0,31.0,31.0,31.0,31.0,34.0,84,86,84,90,88,88,85,82,89,79,79,79,79,16,14,16,10,12,12,15,18,11,21,21,21,21,91,90,Yes,No,No,Yes,Yes,Yes,Yes,No,Yes,No,No,No,No,No,No,No,No,No,No,No,No,No,No,No,No,No,No,No,No,No,No,No,No,No,No,No,No,No,No,Yes,No,No,90,90,43,0.000,0.000,0.000,0.000,0.000,0.000,0.000,1.250,96.744,108.806,96.802,10.097,0.878,150.0,175.0,104.000,0.0,99.6,99.4,99.6,99.7,99.7,99.7,99.7,99.8,99.7,99.7,99.7,99.7,99.7,99.8,99.8,99.6,99.7,99.2,99.5,99.5,99.5,0.0,0.0,0.0,0.0,0.0,0.0,0.0,0.0,0.0,0.1,0.0,0.0,0.1,0.0,0.0,0.0,0.0,0.0,0.0,0.0,0.0,0.0,0.0,0.0,0.0,0.0,0.0,0.0,0.0,0.0,0.0,0.0,0.0,0.0,0.0,2793.2,28.00,36,36,36,76,112,447,2,2,Yes,No,Yes,No,No,No,No,No,No,No,No,No,No,No,No,No,No,No,No,No,No,No,No,No,No,No,No,Yes,No,Yes,No,No,No,No,No,No,No,No,31,45,31,89,78,42,1.066,5.080,3.424,3.328,12.192,2.024,0.664,3.424,3.200,1.072,1.264,1.648,1.064,1.000,1.000,0.904,1.824,1802,2008,3443,41.0,43.0,40.0,1.115,45.000,38.0,1.245,1.260,1.800,1.800,1.110,5.040,3.000,No,No,No,1.245,1.260,1.800,1.815,1.110,5.040,2.250,No,No,No,49,49,59,100.0,100.0,No,No,14698,23904,30,30,No,No,1299,631,3.5,1.6,5.1,3.609,14.077,16375,38423,0.0,0.0,0.0,0.000,0.000,0,27.1,30.0,30.0,84.0,0.910,12.163,12.152,12.166,12.171,0,0,11.108,5.816,10.774,10.913,3.737,0.148,7.495,7.647,210.0,50.6,1185.0,33.8,1290.0,0.0,1.0,0.0,0.0,10.6,0.0,0.2,0.0,0.0,0.0,0.0,0,0,Yes,No,No,No,No,Yes,No,5.5,8.2,3,0,0,0,0,0,0,0,0,76,0,0,0,0,0,0,0,0,0,0,0,0,0,0,0,0,0,0,0,0,10974,1308,1045,67,2.5,0,0,0,15.0,4.0,60.1,1.0,3.9,250.77,983.42,16.65,1.57,253.20,254.79,0.00,767,17,0.1,0.1,0,0,0.0,0.0,0,37.8,0.000,
14.10.2025,11:57:48.716,24310,45106,35.0,18631,46690,28.5,0.0,1.022,0.999,1.024,1.023,1.022,1.022,1.026,1.024,1.023,1.024,1.024,1.024,1.024,1.251,3582.9,3691.0,3790.7,3790.7,3790.7,3790.7,3790.7,3790.7,3790.7,3192.2,3192.2,3192.2,3192.2,99.8,3291.9,3623.7,3733.0,3738.8,3741.7,3747.8,3747.3,3750.5,3749.1,3746.1,3751.0,3749.2,3747.3,3750.5,3754.1,3751.3,3741.4,3751.6,3122.4,3132.2,3135.0,3134.7,3678.1,99.9,99.9,99.9,99.8,99.9,99.9,99.9,99.9,99.8,100.0,99.9,99.8,99.9,100.0,99.9,99.8,100.0,99.9,99.9,100.0,99.9,100.0,99.9,100.0,101.2,104.5,104.4,104.5,104.6,104.5,104.6,104.6,104.5,104.6,104.6,104.5,104.6,104.7,104.6,104.5,104.6,87.7,87.7,87.7,87.7,101.2,35.9,37.0,38.0,38.0,38.0,38.0,38.0,38.0,38.0,32.0,32.0,32.0,32.0,33.0,83,84,84,88,87,87,87,82,87,78,78,78,78,17,16,16,12,13,13,13,18,13,22,22,22,22,88,88,Yes,No,No,Yes,No,No,No,No,Yes,No,No,No,No,No,No,No,No,No,No,No,No,No,No,No,No,No,No,No,No,No,No,No,No,No,No,No,No,No,No,Yes,No,No,90,90,43,0.000,0.000,0.000,0.000,0.000,0.000,0.000,1.250,72.954,107.403,95.580,9.958,0.831,150.0,175.0,80.000,0.0,99.6,99.4,99.5,99.5,99.7,99.7,99.7,99.7,99.6,99.7,99.7,99.6,99.7,99.8,99.7,99.5,99.8,99.1,99.4,99.5,99.5,0.0,0.0,0.0,0.0,0.0,0.0,0.0,0.0,0.0,0.1,0.1,0.0,0.0,0.0,0.0,0.0,0.0,0.0,0.0,0.0,0.0,0.0,0.0,0.0,0.0,0.0,0.0,0.0,0.0,0.0,0.0,0.0,0.0,0.0,0.0,2793.2,28.00,36,36,36,76,112,447,2,2,Yes,No,Yes,No,No,No,No,No,No,No,No,No,No,No,No,No,No,No,No,No,No,No,No,No,No,No,No,Yes,No,Yes,No,No,No,No,No,No,No,No,31,45,31,89,79,42,1.048,5.040,3.424,3.328,12.192,2.024,0.664,3.424,3.200,1.072,1.264,1.648,1.064,1.000,1.000,0.904,1.824,1800,1994,3497,42.0,43.0,40.0,1.045,54.000,38.2,1.245,1.260,1.800,1.800,1.095,5.040,1.250,No,No,No,1.245,1.260,1.800,1.800,1.185,5.040,1.500,No,No,No,49,49,60,100.0,100.0,No,No,14698,23904,30,30,No,No,1299,631,8.1,0.8,8.9,8.812,5.468,16392,38433,0.0,0.0,0.0,0.000,0.000,0,27.1,30.0,29.9,84.0,0.910,12.167,12.159,12.169,12.173,0,0,11.009,5.981,10.752,11.281,4.114,0.530,7.555,7.636,210.0,50.6,1185.0,38.0,1290.0,1.0,2.0,0.0,0.0,10.6,0.0,0.1,0.0,0.0,0.0,0.0,0,0,Yes,No,No,No,No,Yes,No,5.6,7.6,3,0,0,0,0,0,0,0,0,76,0,0,0,0,0,0,0,0,0,0,0,0,0,0,0,0,0,0,0,0,10974,1308,1045,67,2.5,0,0,0,15.0,3.9,62.8,1.1,3.8,253.80,908.93,15.92,1.37,284.91,286.27,0.00,767,17,0.1,0.0,0,0,0.0,0.0,0,37.8,0.000,
14.10.2025,11:57:50.717,24314,45102,35.0,18636,46684,28.5,0.0,1.016,1.026,0.998,1.010,1.014,1.011,1.013,1.032,1.000,1.023,1.024,1.023,1.023,1.251,3533.0,3790.7,3691.0,3691.0,3691.0,3691.0,3691.0,3691.0,3691.0,3192.2,3192.2,3192.2,3192.2,99.8,3391.7,3635.4,3748.0,3753.7,3760.7,3761.5,3762.0,3764.1,3763.4,3763.5,3761.3,3762.1,3762.1,3761.2,3764.1,3763.6,3754.9,3759.7,3128.4,3137.3,3138.5,3138.8,3690.6,100.0,100.0,99.9,99.9,99.9,99.9,100.0,100.0,100.0,100.0,100.0,99.9,99.9,100.0,100.0,100.0,100.0,100.0,100.0,100.0,100.0,100.0,100.0,100.0,101.6,104.9,104.9,105.0,105.0,105.0,105.0,105.0,105.0,105.0,105.0,105.0,105.0,105.1,105.1,105.0,105.0,88.0,88.0,88.0,88.0,101.6,35.4,38.0,37.0,37.0,37.0,37.0,37.0,37.0,37.0,32.0,32.0,32.0,32.0,34.0,83,85,83,91,85,87,87,80,86,78,78,78,78,17,15,17,9,15,13,13,20,14,22,22,22,22,90,91,Yes,No,No,Yes,No,Yes,Yes,No,Yes,No,No,No,No,No,No,No,No,No,No,No,No,No,No,No,No,No,No,No,No,No,No,No,No,No,No,No,No,No,No,Yes,No,No,90,90,43,0.000,0.000,0.000,0.000,0.000,0.000,0.000,1.250,90.400,105.864,94.224,9.829,0.783,150.0,175.0,96.000,0.0,99.6,99.4,99.6,99.7,99.7,99.7,99.8,99.8,99.8,99.7,99.7,99.8,99.7,99.8,99.8,99.6,99.8,99.1,99.4,99.4,99.4,0.0,0.0,0.0,0.0,0.0,0.0,0.0,0.0,0.0,0.0,0.0,0.0,0.0,0.0,0.0,0.0,0.0,0.0,0.0,0.0,0.0,0.0,0.0,0.0,0.0,0.0,0.0,0.0,0.0,0.0,0.0,0.0,0.0,0.0,0.0,2793.2,28.00,36,36,36,76,112,447,2,2,Yes,No,Yes,No,No,No,No,No,No,No,No,No,No,No,No,No,No,No,No,No,No,No,No,No,No,No,No,Yes,No,Yes,No,No,No,No,No,No,No,No,31,45,31,89,78,42,1.030,5.040,3.424,3.328,12.192,2.024,0.664,3.424,3.200,1.072,1.264,1.648,1.064,1.000,1.000,0.904,1.824,1802,1988,3400,42.0,43.0,40.0,1.095,58.000,38.2,1.245,1.260,1.800,1.800,1.095,5.040,2.000,No,No,No,1.245,1.260,1.800,1.800,1.095,4.970,2.000,No,No,No,49,49,61,100.0,100.0,No,No,14698,23904,30,30,No,No,1299,631,3.3,0.5,3.8,2.047,2.948,16396,38439,0.0,0.0,0.0,0.000,0.000,0,27.1,30.0,30.0,84.0,0.910,12.167,12.158,12.169,12.173,0,0,11.314,6.087,11.180,11.610,4.163,0.437,7.578,7.642,210.0,50.6,1185.0,38.8,1290.0,0.0,1.0,0.0,0.0,10.6,0.0,0.2,0.0,0.0,0.0,0.0,0,0,Yes,No,No,No,No,Yes,No,5.8,7.3,3,0,0,0,0,0,0,0,0,76,0,0,0,0,0,0,0,0,0,0,0,0,0,0,0,0,0,0,0,0,10974,1308,1045,66,2.5,0,0,0,15.0,3.9,60.3,1.0,4.0,255.91,975.07,16.58,1.43,280.82,282.24,0.00,767,17,0.7,0.0,0,0,0.0,0.0,0,37.8,0.000,
14.10.2025,11:57:52.715,24371,45045,35.1,18634,46686,28.5,0.0,1.048,1.013,1.036,1.053,1.069,1.084,1.098,1.057,1.035,1.031,1.038,1.034,1.034,1.251,3624.5,3691.0,3790.7,3790.7,3890.5,3890.5,3990.2,3890.5,3790.7,3192.2,3192.2,3192.2,3192.2,99.8,3291.9,3651.0,3754.4,3766.9,3773.3,3777.3,3779.4,3778.9,3779.8,3780.7,3772.0,3777.5,3780.2,3781.1,3785.1,3786.4,3778.9,3786.3,3135.7,3147.6,3149.2,3149.3,3706.7,100.0,99.9,100.0,100.0,100.0,100.0,100.0,99.9,100.0,100.0,100.0,99.9,99.9,100.0,100.0,99.9,100.0,100.0,100.0,100.0,100.0,100.0,100.0,100.0,102.0,105.3,105.4,105.4,105.4,105.5,105.4,105.4,105.4,105.4,105.4,105.4,105.4,105.5,105.5,105.4,105.5,88.1,88.1,88.1,88.1,102.0,36.3,37.0,38.0,38.0,39.0,39.0,40.0,39.0,38.0,32.0,32.0,32.0,32.0,33.0,83,85,83,88,87,87,88,82,89,79,79,77,77,17,15,17,12,13,13,12,18,11,21,21,23,23,88,89,Yes,No,No,Yes,No,Yes,Yes,No,Yes,No,No,No,No,No,No,No,No,No,No,No,No,No,No,No,No,No,No,No,No,No,No,No,No,No,No,No,No,No,No,Yes,No,No,90,90,43,0.000,0.000,0.000,0.000,0.000,0.000,0.000,1.250,80.884,108.208,96.399,9.951,0.827,150.0,175.0,88.000,0.0,99.6,99.2,99.5,99.6,99.7,99.8,99.7,99.7,99.8,99.5,99.6,99.7,99.7,99.8,99.8,99.6,99.7,98.9,99.3,99.4,99.4,0.0,0.0,0.0,0.0,0.0,0.0,0.0,0.0,0.0,0.0,0.0,0.0,0.0,0.0,0.0,0.0,0.0,0.0,0.0,0.0,0.0,0.0,0.0,0.0,0.0,0.0,0.0,0.0,0.0,0.0,0.0,0.0,0.0,0.0,0.0,2793.2,28.00,36,36,36,76,112,447,2,2,Yes,No,Yes,No,No,No,No,No,No,No,No,No,No,No,No,No,No,No,No,No,No,No,No,No,No,No,No,Yes,No,Yes,No,No,No,No,No,No,No,No,31,45,31,90,78,42,1.057,5.080,3.424,3.328,12.192,2.024,0.664,3.424,3.200,1.072,1.280,1.648,1.064,1.000,1.000,0.904,1.824,1804,2002,3470,42.0,43.0,40.0,1.095,56.000,38.2,1.260,1.260,1.800,1.800,1.095,5.040,1.125,No,No,No,1.245,1.260,1.800,1.800,1.095,5.040,1.250,No,No,No,49,49,61,100.0,100.0,No,No,14698,23904,30,30,No,No,1299,631,8.9,1.9,10.8,6.783,3.180,16409,38445,0.0,0.0,0.0,0.000,0.000,0,27.1,30.0,30.0,84.0,0.910,12.163,12.152,12.166,12.171,0,0,11.097,5.736,10.251,10.621,3.785,0.373,7.493,7.629,210.0,50.6,1185.0,39.8,1290.0,0.0,2.0,0.0,0.0,10.6,0.0,0.2,0.0,0.0,0.0,0.0,0,0,Yes,No,No,No,No,Yes,No,5.3,8.0,3,0,0,0,0,0,0,0,0,76,0,0,0,0,0,0,0,0,0,0,0,0,0,0,0,0,0,0,0,0,10974,1308,1045,67,2.5,0,0,0,15.0,3.8,64.3,1.0,3.9,262.76,981.29,15.56,1.32,331.91,333.27,0.00,767,17,30.6,4.5,0,0,0.0,0.0,0,37.8,0.000,
14.10.2025,11:57:54.722,24374,45043,35.1,18643,46677,28.5,0.0,1.034,1.033,1.028,1.025,1.032,1.032,1.048,1.034,1.039,1.036,1.034,1.036,1.036,1.251,3591.2,3790.7,3790.7,3790.7,3790.7,3790.7,3790.7,3790.7,3790.7,3192.2,3192.2,3192.2,3192.2,99.8,3391.7,3648.8,3761.4,3768.8,3774.5,3776.0,3776.3,3776.3,3776.4,3775.7,3773.7,3776.4,3776.8,3776.4,3776.2,3776.5,3769.3,3775.8,3139.6,3148.7,3150.6,3151.2,3704.2,100.0,100.0,100.0,100.0,100.0,100.0,100.0,100.0,100.0,100.0,100.0,100.0,100.0,100.0,100.0,100.0,100.0,100.0,100.0,100.0,100.0,100.0,100.0,100.0,101.9,105.3,105.3,105.3,105.3,105.3,105.3,105.3,105.3,105.3,105.3,105.3,105.3,105.3,105.4,105.3,105.3,88.2,88.2,88.1,88.2,101.9,36.0,38.0,38.0,38.0,38.0,38.0,38.0,38.0,38.0,32.0,32.0,32.0,32.0,34.0,84,84,84,91,87,88,87,81,89,79,79,78,78,16,16,16,9,13,12,13,19,11,21,21,22,22,89,91,Yes,No,No,Yes,No,Yes,Yes,No,Yes,No,No,No,No,No,No,No,No,No,No,No,No,No,No,No,No,No,No,No,No,No,No,No,No,No,No,No,No,No,No,Yes,No,No,88,89,43,0.000,0.000,0.000,0.000,0.000,0.000,0.000,1.250,90.400,108.197,96.250,10.053,0.863,150.0,175.0,96.000,0.0,99.7,99.5,99.7,99.8,99.8,99.8,99.8,99.8,99.8,99.7,99.8,99.8,99.8,99.8,99.8,99.6,99.8,99.2,99.4,99.5,99.5,0.0,0.0,0.0,0.0,0.0,0.0,0.0,0.0,0.0,0.0,0.0,0.0,0.0,0.0,0.0,0.0,0.0,0.0,0.0,0.0,0.0,0.0,0.0,0.0,0.0,0.0,0.0,0.0,0.0,0.0,0.0,0.0,0.0,0.0,0.0,2793.2,28.00,36,36,36,76,112,447,2,2,Yes,No,Yes,No,No,No,No,No,No,No,No,No,No,No,No,No,No,No,No,No,No,No,No,No,No,No,No,Yes,No,Yes,No,No,No,No,No,No,No,No,31,45,31,89,78,42,1.057,5.080,3.424,3.328,12.192,2.024,0.664,3.424,3.200,1.072,1.264,1.648,1.064,1.000,1.000,0.904,1.824,1800,2011,3443,43.0,43.0,40.0,1.060,53.000,38.2,1.260,1.260,1.800,1.800,1.095,5.040,1.500,No,No,No,1.260,1.260,1.800,1.800,1.095,5.040,1.375,No,No,No,49,49,60,100.0,100.0,No,No,14698,23904,30,30,No,No,1299,631,0.5,0.3,0.8,0.747,0.495,16410,38446,0.0,0.0,0.0,0.000,0.000,0,27.1,30.0,29.9,84.0,0.910,12.165,12.156,12.168,12.172,0,0,11.127,5.786,10.728,10.805,3.652,0.077,7.578,7.662,210.0,50.6,1185.0,43.8,1290.0,0.0,7.0,0.0,0.0,10.6,0.0,0.2,0.0,0.0,0.0,0.0,0,0,Yes,No,No,No,No,Yes,No,5.4,7.2,3,0,0,0,0,0,0,0,0,76,0,0,0,0,0,0,0,0,0,0,0,0,0,0,0,0,0,0,0,0,10974,1308,1045,67,2.5,0,0,0,15.0,3.8,63.7,1.0,3.8,260.43,991.62,15.70,1.59,250.42,252.00,0.00,767,17,3.6,2.8,0,0,0.0,0.0,0,37.8,0.000,
14.10.2025,11:57:56.711,24389,45027,35.1,18646,46674,28.5,0.0,1.048,1.056,1.042,1.092,1.071,1.059,1.059,1.060,1.026,1.028,1.028,1.028,1.027,1.251,3641.1,3890.5,3790.7,3890.5,3890.5,3890.5,3890.5,3890.5,3790.7,3192.2,3192.2,3192.2,3192.2,99.8,3491.5,3617.4,3728.1,3736.5,3740.9,3742.7,3743.8,3743.3,3741.5,3743.1,3742.2,3743.8,3743.4,3742.8,3744.4,3744.7,3738.9,3744.2,3112.6,3122.7,3124.7,3123.8,3672.2,100.0,100.0,100.0,100.0,100.0,100.0,100.0,99.9,100.0,100.0,100.0,100.0,100.0,100.0,100.0,100.0,100.0,100.0,100.0,100.0,100.0,100.0,100.0,100.0,101.0,104.3,104.3,104.4,104.4,104.4,104.4,104.3,104.4,104.4,104.4,104.4,104.4,104.4,104.4,104.4,104.4,87.4,87.4,87.4,87.4,101.0,36.5,39.0,38.0,39.0,39.0,39.0,39.0,39.0,38.0,32.0,32.0,32.0,32.0,35.0,84,85,83,88,84,88,88,81,89,79,79,79,79,16,15,17,12,16,12,12,19,11,21,21,21,21,88,89,Yes,No,No,Yes,No,No,No,No,Yes,No,No,No,No,No,No,No,No,No,No,No,No,No,No,No,No,No,No,No,No,No,No,No,No,No,No,No,No,No,No,Yes,No,No,91,91,43,0.000,0.000,0.000,0.000,0.000,0.000,0.000,1.250,72.954,107.363,95.709,9.835,0.790,150.0,175.0,80.000,0.0,99.7,99.5,99.7,99.7,99.8,99.8,99.8,99.8,99.8,99.7,99.8,99.8,99.8,99.8,99.8,99.6,99.8,99.2,99.5,99.5,99.5,0.0,0.0,0.0,0.0,0.0,0.0,0.0,0.0,0.0,0.0,0.0,0.0,0.0,0.0,0.0,0.0,0.0,0.0,0.0,0.0,0.0,0.0,0.0,0.0,0.0,0.0,0.0,0.0,0.0,0.0,0.0,0.0,0.0,0.0,0.0,2793.2,28.00,36,36,36,76,112,447,2,2,Yes,No,Yes,No,No,No,No,No,No,No,No,No,No,No,No,No,No,No,No,No,No,No,No,No,No,No,No,Yes,No,Yes,No,No,No,No,No,No,No,No,31,45,31,90,78,43,1.048,5.040,3.424,3.328,12.192,2.024,0.664,3.424,3.200,1.072,1.264,1.648,1.064,1.000,1.000,0.904,1.824,1802,1988,3435,43.0,43.0,40.0,1.065,42.000,38.2,1.260,1.260,1.800,1.800,1.095,5.040,1.375,No,No,No,1.260,1.260,1.800,1.800,1.095,5.040,1.250,No,No,No,49,49,59,100.0,100.0,No,No,14698,23904,31,31,No,No,1299,631,0.1,0.2,0.3,0.092,0.728,16411,38447,0.0,0.0,0.0,0.000,0.000,0,27.1,30.0,29.9,84.0,0.910,12.163,12.152,12.167,12.171,0,0,11.230,5.899,10.536,11.060,4.029,0.525,7.495,7.651,210.0,50.6,1185.0,35.6,1290.0,0.0,2.0,0.0,0.0,10.6,0.0,0.2,0.0,0.0,0.0,0.0,0,0,Yes,No,No,No,No,Yes,No,5.5,7.2,3,0,0,0,0,0,0,0,0,76,0,0,0,0,0,0,0,0,0,0,0,0,0,0,0,0,0,0,0,0,10974,1308,1045,67,2.5,0,0,0,15.0,3.7,64.0,1.1,3.7,266.70,939.83,15.62,1.36,332.02,333.35,0.00,767,17,0.2,0.2,0,0,0.0,0.0,0,37.8,0.000,
14.10.2025,11:57:58.709,24395,45021,35.1,18655,46665,28.5,0.0,1.024,1.016,1.048,1.022,1.037,1.038,1.033,1.016,1.014,1.014,1.019,1.019,1.014,1.251,3533.0,3691.0,3790.7,3790.7,3790.7,3790.7,3790.7,3691.0,3691.0,3092.4,3092.4,3092.4,3092.4,99.8,3291.9,3640.6,3753.0,3761.7,3766.0,3767.6,3768.6,3768.7,3769.8,3767.6,3766.8,3768.0,3769.4,3768.7,3769.4,3769.4,3761.4,3767.7,3128.4,3138.4,3140.0,3140.4,3696.1,100.0,100.0,100.0,100.0,100.0,100.0,100.0,100.0,99.9,100.0,100.0,100.0,100.0,100.0,100.0,100.0,100.0,100.0,100.0,100.0,100.0,100.0,100.0,100.0,101.7,105.1,105.1,105.1,105.1,105.1,105.1,105.2,105.1,105.2,105.1,105.2,105.2,105.2,105.2,105.2,105.2,87.9,87.9,87.9,87.9,101.7,35.4,37.0,38.0,38.0,38.0,38.0,38.0,37.0,37.0,31.0,31.0,31.0,31.0,33.0,83,85,81,90,85,89,90,81,87,78,78,78,78,17,15,19,10,15,11,10,19,13,22,22,22,22,89,90,Yes,Yes,No,Yes,No,Yes,Yes,No,Yes,No,No,No,No,No,No,No,No,No,No,No,No,No,No,No,No,No,No,No,No,No,No,No,No,No,No,No,No,No,No,Yes,No,No,88,88,43,0.000,0.000,0.000,0.000,0.000,0.000,0.000,1.250,96.744,106.740,95.298,9.668,0.744,150.0,175.0,104.000,0.0,99.7,99.4,99.6,99.7,99.8,99.8,99.8,99.8,99.7,99.7,99.8,99.8,99.8,99.8,99.8,99.6,99.8,99.1,99.4,99.5,99.5,0.0,0.0,0.0,0.0,0.0,0.0,0.0,0.0,0.0,0.0,0.0,0.0,0.0,0.0,0.0,0.0,0.0,0.0,0.0,0.0,0.0,0.0,0.0,0.0,0.0,0.0,0.0,0.0,0.0,0.0,0.0,0.0,0.0,0.0,0.0,2793.2,28.00,36,36,36,76,112,447,2,2,Yes,No,Yes,No,No,No,No,No,No,No,No,No,No,No,No,No,No,No,No,No,No,No,No,No,No,No,No,Yes,No,Yes,No,No,No,No,No,No,No,No,31,45,31,90,78,42,1.066,5.080,3.424,3.328,12.192,2.024,0.664,3.424,3.200,1.072,1.264,1.648,1.064,1.000,1.000,0.904,1.824,1800,2014,3383,42.0,43.0,40.0,1.095,56.000,38.2,1.260,1.260,1.800,1.815,1.095,5.040,2.125,No,No,No,1.260,1.260,1.800,1.815,1.095,5.040,2.750,No,No,No,49,49,61,100.0,100.0,No,No,14698,23904,31,31,No,No,1299,631,0.2,0.1,0.3,0.345,0.475,16411,38448,0.0,0.0,0.0,0.000,0.000,0,27.1,30.0,29.9,84.0,0.910,12.165,12.154,12.168,12.172,0,0,11.348,5.797,10.899,10.902,3.639,0.000,7.490,7.650,210.0,50.6,1185.0,47.5,1290.0,1.0,2.0,0.0,0.0,10.6,0.0,0.2,0.0,0.0,0.0,0.0,0,0,Yes,No,No,No,No,Yes,No,5.5,7.3,3,0,0,0,0,0,0,0,0,76,0,0,0,0,0,0,0,0,0,0,0,0,0,0,0,0,0,0,0,0,10974,1308,1045,67,2.5,0,0,0,15.0,3.8,272.7,1.1,3.9,263.75,911.86,3.67,1.37,252.34,253.71,0.00,767,17,0.5,0.3,0,0,0.0,0.0,0,37.8,0.000,
14.10.2025,11:58:0.726,24393,45023,35.1,18655,46665,28.5,0.0,1.052,1.040,1.065,1.054,1.036,1.036,1.059,1.036,1.071,1.056,1.056,1.056,1.056,1.251,3616.2,3790.7,3890.5,3890.5,3790.7,3790.7,3790.7,3790.7,3890.5,3192.2,3192.2,3192.2,3192.2,99.8,3391.7,3658.6,3768.8,3779.5,3784.1,3784.7,3789.1,3789.2,3790.0,3789.6,3786.7,3789.4,3788.9,3789.8,3790.2,3790.5,3783.4,3790.4,3137.5,3148.9,3151.0,3150.9,3715.0,100.0,100.0,100.0,100.0,100.0,100.0,100.0,100.0,100.0,100.0,100.0,100.0,100.0,100.0,100.0,100.0,100.0,100.0,100.0,100.0,100.0,100.0,100.0,100.0,102.1,105.6,105.6,105.6,105.6,105.7,105.7,105.7,105.7,105.7,105.7,105.7,105.7,105.7,105.7,105.7,105.7,88.1,88.1,88.1,88.1,102.1,36.2,38.0,39.0,39.0,38.0,38.0,38.0,38.0,39.0,32.0,32.0,32.0,32.0,34.0,84,84,86,91,88,88,90,83,87,78,78,78,78,16,16,14,9,12,12,10,17,13,22,22,22,22,90,91,Yes,No,No,Yes,No,Yes,Yes,No,Yes,No,No,No,No,No,No,No,No,No,No,No,No,No,No,No,No,No,No,No,No,No,No,No,No,No,No,No,No,No,No,Yes,No,No,90,90,43,0.000,0.000,0.000,0.000,0.000,0.000,0.000,1.250,90.400,109.433,97.377,10.133,0.894,150.0,175.0,96.000,0.0,99.7,99.3,99.6,99.7,99.7,99.8,99.8,99.8,99.8,99.7,99.8,99.8,99.8,99.8,99.8,99.6,99.8,99.1,99.5,99.5,99.5,0.0,0.0,0.0,0.0,0.0,0.0,0.0,0.0,0.0,0.0,0.0,0.0,0.0,0.0,0.0,0.0,0.0,0.0,0.0,0.0,0.0,0.0,0.0,0.0,0.0,0.0,0.0,0.0,0.0,0.0,0.0,0.0,0.0,0.0,0.0,2793.2,28.00,36,36,36,76,112,447,2,2,Yes,No,Yes,No,No,No,No,No,No,No,No,No,No,No,No,No,No,No,No,No,No,No,No,No,No,No,No,Yes,No,Yes,No,No,No,No,No,No,No,No,31,45,31,89,79,42,1.048,5.080,3.424,3.328,12.192,2.024,0.664,3.424,3.200,1.072,1.264,1.648,1.064,1.000,1.000,0.904,1.824,1804,2011,3400,43.0,43.0,40.0,1.045,52.000,38.2,1.260,1.260,1.800,1.815,1.110,5.040,1.750,No,No,No,1.260,1.260,1.800,1.815,1.155,5.040,1.750,No,No,No,49,49,62,100.0,100.0,No,No,14698,23904,31,31,No,No,1299,631,0.1,0.1,0.3,0.262,0.765,16412,38450,0.0,0.0,0.0,0.000,0.000,0,27.1,30.0,30.0,84.0,0.910,12.167,12.158,12.169,12.173,0,0,11.069,5.798,10.649,10.843,3.749,0.197,7.498,7.650,210.0,50.6,1185.0,37.3,1290.0,0.0,1.0,0.0,0.0,10.6,0.0,0.1,0.0,0.0,0.0,0.0,0,0,Yes,No,No,No,No,Yes,No,5.4,7.3,3,0,0,0,0,0,0,0,0,76,0,0,0,0,0,0,0,0,0,0,0,0,0,0,0,0,0,0,0,0,10974,1308,1045,67,2.5,0,0,0,15.0,3.8,64.3,1.1,3.6,265.22,907.44,15.54,1.31,281.99,283.33,0.00,767,17,2.7,0.2,0,0,0.0,0.0,0,37.8,0.000,
14.10.2025,11:58:2.728,24336,45080,35.0,18641,46679,28.5,0.0,1.064,1.069,1.074,1.079,1.060,1.086,1.086,1.096,1.087,1.037,1.038,1.027,1.031,1.251,3674.3,3890.5,3890.5,3890.5,3890.5,3890.5,3890.5,3990.2,3990.2,3192.2,3192.2,3192.2,3192.2,99.8,3491.5,3661.1,3772.8,3783.3,3788.6,3787.7,3794.3,3794.3,3795.6,3791.1,3777.3,3786.2,3786.5,3786.6,3795.1,3796.6,3791.2,3797.2,3139.6,3152.0,3153.5,3152.8,3717.5,100.0,100.0,100.0,99.9,99.9,100.0,100.0,100.0,99.9,100.0,99.9,99.9,100.0,100.0,100.0,100.0,100.0,100.0,100.0,100.0,100.0,100.0,100.0,100.0,102.3,105.8,105.8,105.8,105.8,105.9,105.9,105.9,105.9,105.9,105.8,105.8,105.9,105.9,105.9,105.9,105.9,88.3,88.2,88.3,88.2,102.3,36.8,39.0,39.0,39.0,39.0,39.0,39.0,40.0,40.0,32.0,32.0,32.0,32.0,35.0,84,89,83,88,88,89,87,82,86,78,79,79,78,16,11,17,12,12,11,13,18,14,22,21,21,22,89,89,Yes,Yes,No,Yes,No,Yes,Yes,No,Yes,No,No,No,No,No,No,No,No,No,No,No,No,No,No,No,No,No,No,No,No,No,No,No,No,No,No,No,No,No,No,Yes,No,No,90,90,43,0.000,0.000,0.000,0.000,0.000,0.000,0.000,1.250,101.502,108.347,96.242,10.157,0.918,150.0,175.0,112.000,0.0,99.6,99.2,99.5,99.6,99.6,99.8,99.7,99.8,99.7,99.3,99.5,99.5,99.5,99.8,99.8,99.6,99.8,99.0,99.4,99.5,99.4,0.0,0.0,0.0,0.0,0.0,0.0,0.0,0.0,0.0,0.0,0.0,0.0,0.0,0.0,0.0,0.0,0.0,0.0,0.0,0.0,0.0,0.0,0.0,0.0,0.0,0.0,0.0,0.0,0.0,0.0,0.0,0.0,0.0,0.0,0.0,2793.2,28.00,36,36,36,76,112,447,2,2,Yes,No,Yes,No,No,No,No,No,No,No,No,No,No,No,No,No,No,No,No,No,No,No,No,No,No,No,No,Yes,No,Yes,No,No,No,No,No,No,No,No,31,45,31,89,78,41,1.021,5.040,3.424,3.328,12.192,2.024,0.664,3.424,3.200,1.072,1.264,1.648,1.064,1.000,1.000,0.904,1.824,1807,2000,3443,43.0,43.0,40.0,1.090,58.000,38.2,1.260,1.260,1.800,1.815,1.110,4.970,2.250,No,No,No,1.260,1.260,1.800,1.815,1.110,4.970,3.125,No,No,No,49,49,62,100.0,100.0,No,No,14698,23904,31,31,No,No,1299,631,0.1,0.1,0.2,0.209,0.415,16412,38451,0.0,0.0,0.0,0.000,0.000,0,27.1,30.0,30.0,84.0,0.910,12.166,12.157,12.169,12.173,0,0,11.161,5.801,10.684,10.854,3.725,0.171,7.525,7.645,210.0,50.6,1185.0,36.4,1290.0,0.0,12.0,0.0,0.0,10.6,0.0,0.2,0.0,0.0,0.0,0.0,0,0,Yes,No,No,No,No,Yes,No,5.4,7.3,3,0,0,0,0,0,0,0,0,76,0,0,0,0,0,0,0,0,0,0,0,0,0,0,0,0,0,0,0,0,10974,1308,1045,67,2.5,0,0,0,15.0,3.8,62.7,1.0,3.9,262.28,969.41,15.94,1.71,250.43,252.08,0.00,767,17,1.5,2.1,0,0,0.0,0.0,0,37.8,0.000,
14.10.2025,11:58:4.726,24338,45078,35.0,18649,46671,28.5,0.0,1.030,1.019,1.034,1.015,1.014,1.013,1.042,1.038,1.037,1.037,1.037,1.037,1.037,1.251,3558.0,3691.0,3790.7,3691.0,3691.0,3691.0,3790.7,3790.7,3790.7,3192.2,3192.2,3192.2,3192.2,99.8,3291.9,3662.7,3771.6,3780.4,3787.0,3791.0,3793.6,3793.1,3795.9,3795.7,3788.7,3791.9,3794.0,3794.3,3792.7,3794.9,3788.4,3793.6,3141.5,3154.7,3155.3,3154.7,3719.1,100.0,99.9,99.9,99.9,100.0,99.9,99.9,100.0,100.0,100.0,99.9,100.0,100.0,99.9,100.0,100.0,100.0,100.0,100.0,100.0,100.0,100.0,100.0,100.0,102.3,105.7,105.7,105.8,105.8,105.8,105.8,105.9,105.9,105.9,105.9,105.9,105.9,105.9,105.9,105.9,105.9,88.3,88.3,88.3,88.3,102.3,35.7,37.0,38.0,37.0,37.0,37.0,38.0,38.0,38.0,32.0,32.0,32.0,32.0,33.0,83,85,84,90,85,88,88,81,89,77,77,77,77,17,15,16,10,15,12,12,19,11,23,23,23,23,90,90,Yes,No,No,Yes,No,No,No,No,No,No,No,No,No,No,No,No,No,No,No,No,No,No,No,No,No,No,No,No,No,No,No,No,No,No,No,No,No,No,No,Yes,No,No,91,91,43,0.000,0.000,0.000,0.000,0.000,0.000,0.000,1.250,95.158,108.514,96.618,10.008,0.859,150.0,175.0,104.000,0.0,99.6,99.2,99.5,99.6,99.7,99.7,99.7,99.8,99.8,99.6,99.7,99.8,99.8,99.8,99.8,99.7,99.8,99.1,99.5,99.5,99.5,0.0,0.0,0.0,0.0,0.0,0.0,0.0,0.0,0.0,0.0,0.0,0.0,0.0,0.0,0.0,0.0,0.0,0.0,0.0,0.0,0.0,0.0,0.0,0.0,0.0,0.0,0.0,0.0,0.0,0.0,0.0,0.0,0.0,0.0,0.0,2793.2,28.00,36,36,36,76,112,447,2,2,Yes,No,Yes,No,No,No,No,No,No,No,No,No,No,No,No,No,No,No,No,No,No,No,No,No,No,No,No,Yes,No,Yes,No,No,No,No,No,No,No,No,31,45,31,89,79,42,1.039,5.080,3.424,3.328,12.192,2.024,0.664,3.424,3.200,1.072,1.264,1.648,1.064,1.000,1.000,0.904,1.824,1804,1997,3358,42.0,43.0,40.0,1.075,63.000,38.2,1.260,1.260,1.800,1.815,1.110,4.970,1.125,No,No,No,1.260,1.260,1.800,1.815,1.110,4.970,1.375,No,No,No,49,49,62,100.0,100.0,No,No,14698,23904,31,31,No,No,1299,631,0.2,0.2,0.4,0.156,0.773,16412,38452,0.0,0.0,0.0,0.000,0.000,0,27.2,28.0,29.9,84.0,0.910,12.165,12.157,12.167,12.171,0,0,11.652,6.164,11.031,11.754,4.394,0.724,7.580,7.666,210.0,50.6,1185.0,90.6,1290.0,5.0,3.0,0.0,0.0,10.7,0.2,0.9,0.0,0.0,0.0,0.0,0,0,Yes,No,No,No,No,Yes,No,5.9,9.9,3,0,0,0,0,0,0,0,0,76,0,0,0,0,0,0,0,0,0,0,0,0,0,0,0,0,0,0,0,0,10974,1308,1046,67,2.5,0,0,0,15.0,5.8,63.9,1.0,5.9,171.75,960.75,15.65,1.65,85.94,87.60,0.00,767,17,27.2,2.8,0,0,0.0,0.0,0,37.8,0.000,
14.10.2025,11:58:6.725,24344,45072,35.0,18651,46669,28.5,0.0,1.032,1.036,1.044,1.018,1.058,1.034,1.027,1.015,1.029,1.029,1.029,1.029,1.031,1.251,3574.6,3790.7,3790.7,3691.0,3790.7,3790.7,3790.7,3691.0,3790.7,3192.2,3192.2,3192.2,3192.2,99.8,3391.7,3630.8,3737.8,3746.3,3752.4,3752.7,3755.7,3756.1,3757.0,3757.0,3753.3,3756.6,3757.1,3757.4,3758.2,3757.9,3751.3,3757.3,3127.1,3139.9,3142.0,3142.0,3685.1,100.0,100.0,100.0,100.0,100.0,100.0,100.0,100.0,100.0,100.0,100.0,100.0,100.0,100.0,100.0,100.0,100.0,100.0,100.0,100.0,100.0,100.0,100.0,100.0,101.4,104.7,104.7,104.8,104.7,104.8,104.8,104.8,104.8,104.8,104.8,104.8,104.8,104.8,104.8,104.8,104.8,87.9,87.9,87.9,87.9,101.4,35.8,38.0,38.0,37.0,38.0,38.0,38.0,37.0,38.0,32.0,32.0,32.0,32.0,34.0,84,86,84,91,85,88,87,82,87,79,79,79,79,16,14,16,9,15,12,13,18,13,21,21,21,21,90,91,Yes,No,No,Yes,No,No,No,No,No,No,No,No,No,No,No,No,No,No,No,No,No,No,No,No,No,No,No,No,No,No,No,No,No,No,No,No,No,No,No,Yes,No,No,90,90,43,0.000,0.000,0.000,0.000,0.000,0.000,0.000,1.250,74.540,106.116,94.515,9.789,0.786,150.0,175.0,80.000,0.0,99.7,99.4,99.6,99.7,99.7,99.8,99.8,99.8,99.8,99.7,99.8,99.8,99.8,99.8,99.8,99.6,99.8,99.1,99.5,99.5,99.5,0.0,0.0,0.0,0.0,0.0,0.0,0.0,0.0,0.0,0.0,0.0,0.0,0.0,0.0,0.0,0.0,0.0,0.0,0.0,0.0,0.0,0.0,0.0,0.0,0.0,0.0,0.0,0.0,0.0,0.0,0.0,0.0,0.0,0.0,0.0,2793.2,28.00,36,36,36,76,112,447,2,2,Yes,No,Yes,No,No,No,No,No,No,No,No,No,No,No,No,No,No,No,No,No,No,No,No,No,No,No,No,Yes,No,Yes,No,No,No,No,No,No,No,No,31,45,31,90,78,42,1.066,5.080,3.424,3.328,12.192,2.024,0.664,3.424,3.200,1.072,1.264,1.648,1.064,1.000,1.000,0.904,1.824,1802,2002,3435,42.0,43.0,40.0,1.120,62.000,38.2,1.260,1.260,1.800,1.815,1.110,4.970,3.250,No,No,No,1.260,1.260,1.800,1.815,1.110,4.970,2.375,No,No,No,49,49,62,100.0,100.0,No,No,14698,23904,31,31,No,No,1299,631,0.1,0.3,0.5,0.136,0.445,16413,38453,0.0,0.0,0.0,0.000,0.000,0,27.2,30.0,30.0,84.0,0.910,12.164,12.155,12.167,12.171,0,0,11.471,5.919,10.773,11.120,3.943,0.357,7.580,7.663,210.0,50.6,1185.0,68.0,1290.0,3.0,6.0,0.0,0.0,10.7,0.1,0.4,0.0,0.0,0.0,0.0,0,0,Yes,No,No,No,No,Yes,No,5.9,7.6,3,0,0,0,0,0,0,0,0,76,0,0,0,0,0,0,0,0,0,0,0,0,0,0,0,0,0,0,0,0,10974,1308,1046,67,2.5,0,0,0,15.0,8.3,220.0,3.2,8.5,119.86,312.54,4.55,1.24,54.61,55.85,0.00,767,17,0.8,0.1,0,0,0.0,0.0,0,37.8,0.000,
14.10.2025,11:58:8.725,24342,45074,35.0,18651,46669,28.5,0.0,1.057,1.089,1.083,1.049,1.049,1.083,1.043,1.059,1.034,1.050,1.050,1.050,1.050,1.251,3649.4,3990.2,3990.2,3890.5,3890.5,3890.5,3790.7,3790.7,3790.7,3192.2,3192.2,3192.2,3192.2,99.8,3591.2,3662.5,3768.8,3778.1,3786.3,3787.4,3792.7,3792.1,3793.1,3794.4,3783.7,3791.3,3793.5,3794.6,3796.2,3796.3,3792.0,3798.1,3139.9,3156.3,3157.6,3157.8,3718.6,100.0,100.0,100.0,100.0,100.0,100.0,99.9,99.9,100.0,100.0,100.0,100.0,100.0,100.0,100.0,100.0,100.0,100.0,100.0,100.0,100.0,100.0,100.0,100.0,102.3,105.8,105.8,105.8,105.8,105.8,105.8,105.8,105.8,105.8,105.8,105.8,105.8,105.8,105.8,105.9,105.9,88.3,88.4,88.4,88.4,102.3,36.6,40.0,40.0,39.0,39.0,39.0,38.0,38.0,38.0,32.0,32.0,32.0,32.0,36.0,84,86,86,90,88,86,89,84,87,80,79,79,79,16,14,14,10,12,14,11,16,13,20,21,21,21,89,90,Yes,No,No,Yes,No,Yes,Yes,No,Yes,No,No,No,No,No,No,No,No,No,No,No,No,No,No,No,No,No,No,No,No,No,No,No,No,No,No,No,No,No,No,Yes,No,No,91,91,43,0.000,0.000,0.000,0.000,0.000,0.000,0.000,1.250,96.744,108.603,96.736,9.995,0.837,150.0,175.0,104.000,0.0,99.6,99.2,99.4,99.6,99.6,99.7,99.7,99.7,99.8,99.5,99.7,99.7,99.8,99.8,99.8,99.6,99.8,98.9,99.4,99.4,99.4,0.0,0.0,0.0,0.0,0.0,0.0,0.0,0.0,0.0,0.0,0.0,0.0,0.0,0.0,0.0,0.0,0.0,0.0,0.0,0.0,0.0,0.0,0.0,0.0,0.0,0.0,0.0,0.0,0.0,0.0,0.0,0.0,0.0,0.0,0.0,2793.2,28.00,36,36,36,76,112,447,2,2,Yes,No,Yes,No,No,No,No,No,No,No,No,No,No,No,No,No,No,No,No,No,No,No,No,No,No,No,No,Yes,No,Yes,No,No,No,No,No,No,No,No,31,45,31,89,79,42,1.066,5.040,3.424,3.328,12.192,2.024,0.664,3.424,3.200,1.072,1.264,1.648,1.064,1.000,1.000,0.904,1.824,1802,2005,3443,43.0,43.0,40.0,1.165,52.000,38.2,1.260,1.260,1.800,1.815,1.110,4.970,3.250,No,No,No,1.260,1.260,1.800,1.815,1.110,4.970,1.500,No,No,No,49,49,63,100.0,100.0,No,No,14698,23904,31,31,No,No,1299,631,0.5,1.1,1.6,0.630,1.918,16414,38457,0.0,0.0,0.0,0.000,0.000,0,27.3,30.0,30.0,84.0,0.910,12.162,12.153,12.165,12.168,0,0,11.320,6.568,11.424,12.798,5.184,1.382,7.508,7.678,210.0,50.6,1185.0,75.8,1290.0,18.0,4.0,0.0,1.0,10.7,0.4,1.8,0.0,0.0,0.0,0.0,0,0,Yes,No,No,No,No,Yes,No,6.4,9.6,3,0,0,0,0,0,0,0,0,76,0,0,0,0,0,0,0,0,0,0,0,0,0,0,0,0,0,0,0,0,10974,1308,1046,67,2.5,0,0,0,15.0,15.1,156.6,2.1,15.2,66.43,477.45,6.39,1.60,33.78,35.38,0.00,767,17,0.3,0.3,0,0,0.0,0.0,0,37.8,0.000,
14.10.2025,11:58:10.734,24353,45064,35.0,18667,46653,28.5,0.0,1.029,1.051,1.041,1.059,1.067,1.086,1.031,0.997,0.997,1.007,1.014,1.001,1.001,1.251,3566.3,3790.7,3790.7,3790.7,3890.5,3990.2,3790.7,3691.0,3691.0,3092.4,3092.4,3092.4,3092.4,99.8,3391.7,3668.9,3778.1,3786.7,3795.4,3798.3,3801.5,3801.5,3802.3,3801.3,3791.8,3799.3,3801.7,3802.3,3803.3,3803.5,3799.0,3805.2,3141.5,3154.2,3155.8,3155.4,3725.9,100.0,100.0,99.9,100.0,99.9,100.0,100.0,100.0,99.9,100.0,100.0,99.9,99.9,100.0,100.0,100.0,100.0,100.0,100.0,100.0,100.0,100.0,100.0,100.0,102.6,106.1,106.0,106.1,106.1,106.1,106.1,106.1,106.1,106.1,106.1,106.1,106.1,106.2,106.1,106.2,106.2,88.4,88.4,88.4,88.4,102.6,35.8,38.0,38.0,38.0,39.0,40.0,38.0,37.0,37.0,31.0,31.0,31.0,31.0,34.0,84,88,84,88,84,87,89,81,86,79,79,79,78,16,12,16,12,16,13,11,19,14,21,21,21,22,91,89,Yes,No,No,Yes,Yes,Yes,Yes,No,No,No,No,No,No,No,No,No,No,No,No,No,No,No,No,No,No,No,No,No,No,No,No,No,No,No,No,No,No,No,No,Yes,No,No,90,90,43,0.000,0.000,0.000,0.000,0.000,0.000,0.000,1.250,93.572,109.111,96.930,10.226,0.926,150.0,175.0,96.000,0.0,99.6,99.1,99.4,99.6,99.7,99.7,99.7,99.7,99.7,99.5,99.7,99.7,99.7,99.8,99.8,99.6,99.8,98.9,99.3,99.4,99.4,0.0,0.0,0.0,0.0,0.0,0.0,0.0,0.0,0.0,0.0,0.0,0.0,0.0,0.0,0.0,0.0,0.0,0.0,0.0,0.0,0.0,0.0,0.0,0.0,0.0,0.0,0.0,0.0,0.0,0.0,0.0,0.0,0.0,0.0,0.0,2793.2,28.00,36,36,36,76,112,447,2,2,Yes,No,Yes,No,No,No,No,No,No,No,No,No,No,No,No,No,No,No,No,No,No,No,No,No,No,No,No,Yes,No,Yes,No,No,No,No,No,No,No,No,31,45,31,89,78,42,1.048,5.040,3.424,3.328,12.192,2.024,0.664,3.424,3.200,1.072,1.264,1.648,1.064,1.000,1.000,0.904,1.824,1802,1997,3497,41.0,43.0,40.0,1.095,63.000,38.2,1.260,1.260,1.800,1.800,1.110,4.970,2.000,No,No,No,1.260,1.260,1.800,1.815,1.110,4.970,2.250,No,No,No,49,49,63,100.0,100.0,No,No,14698,23904,31,31,No,No,1299,631,1.4,0.5,1.9,1.678,1.382,16417,38459,0.0,0.0,0.0,0.000,0.000,0,27.2,30.0,30.0,84.0,0.910,12.167,12.157,12.170,12.174,0,0,12.182,5.855,11.046,11.039,3.677,0.000,7.585,7.636,210.0,50.6,1185.0,82.3,1290.0,2.0,2.0,0.0,0.0,10.7,0.4,1.9,0.0,0.0,0.0,0.0,0,0,Yes,No,No,No,No,Yes,No,5.5,8.3,3,0,0,0,0,0,0,0,0,76,0,0,0,0,0,0,0,0,0,0,0,0,0,0,0,0,0,0,0,0,10973,1309,1046,67,2.5,0,0,0,15.0,24.6,80.5,4.6,24.5,40.69,219.52,12.43,1.50,24.54,26.05,0.00,767,17,0.1,0.1,0,0,0.0,0.0,0,37.8,0.000,
14.10.2025,11:58:12.741,24413,45003,35.1,18677,46644,28.5,0.0,1.030,1.009,1.028,1.033,1.010,1.009,1.058,1.058,1.014,1.036,1.036,1.036,1.036,1.251,3566.3,3691.0,3790.7,3790.7,3691.0,3691.0,3790.7,3890.5,3691.0,3192.2,3192.2,3192.2,3192.2,99.8,3291.9,3657.5,3768.7,3779.7,3784.1,3784.6,3788.8,3789.4,3788.7,3786.4,3779.6,3784.7,3786.5,3784.3,3787.5,3787.9,3782.7,3788.5,3138.8,3152.6,3154.0,3153.5,3713.5,100.0,99.9,100.0,99.9,99.9,100.0,100.0,100.0,99.9,99.9,99.9,100.0,99.9,99.9,100.0,100.0,100.0,100.0,100.0,100.0,100.0,100.0,100.0,100.0,102.2,105.6,105.7,105.6,105.6,105.7,105.7,105.7,105.6,105.7,105.7,105.7,105.6,105.7,105.7,105.7,105.7,88.3,88.3,88.3,88.3,102.2,35.8,37.0,38.0,38.0,37.0,37.0,38.0,39.0,37.0,32.0,32.0,32.0,32.0,33.0,83,84,84,91,87,87,84,83,89,78,78,78,78,17,16,16,9,13,13,16,17,11,22,22,22,22,90,91,Yes,No,No,Yes,No,No,No,No,Yes,No,No,No,No,No,No,No,No,No,No,No,No,No,No,No,No,No,No,No,No,No,No,No,No,No,No,No,No,No,No,Yes,No,No,90,90,43,0.000,0.000,0.000,0.000,0.000,0.000,0.000,1.250,98.330,109.090,96.975,10.180,0.906,150.0,175.0,96.000,0.0,99.6,99.3,99.6,99.6,99.7,99.8,99.8,99.8,99.7,99.6,99.7,99.8,99.7,99.8,99.8,99.7,99.8,99.0,99.4,99.5,99.4,0.0,0.0,0.0,0.0,0.0,0.0,0.0,0.0,0.0,0.0,0.0,0.0,0.0,0.0,0.0,0.0,0.0,0.0,0.0,0.0,0.0,0.0,0.0,0.0,0.0,0.0,0.0,0.0,0.0,0.0,0.0,0.0,0.0,0.0,0.0,2793.2,28.00,36,36,36,76,112,447,2,2,Yes,No,Yes,No,No,No,No,No,No,No,No,No,No,No,No,No,No,No,No,No,No,No,No,No,No,No,No,Yes,No,Yes,No,No,No,No,No,No,No,No,31,45,31,90,78,42,1.048,5.040,3.424,3.328,12.192,2.024,0.664,3.424,3.200,1.072,1.264,1.648,1.064,1.000,1.000,0.904,1.824,1802,2014,3452,43.0,43.0,40.0,1.085,59.000,38.2,1.260,1.260,1.800,1.800,1.095,4.970,2.000,No,No,No,1.260,1.260,1.800,1.800,1.200,4.970,1.500,No,No,No,49,49,62,100.0,100.0,No,No,14698,23904,31,31,No,No,1299,631,2.7,0.2,2.9,1.173,0.380,16419,38460,0.0,0.0,0.0,0.000,0.000,0,27.2,30.0,30.1,84.0,0.910,12.165,12.156,12.168,12.171,0,0,11.380,5.957,10.575,11.182,4.126,0.612,7.493,7.711,210.0,50.6,1185.0,58.0,1290.0,3.0,3.0,0.0,1.0,10.7,0.1,0.4,0.0,0.0,0.0,0.0,0,0,Yes,No,No,No,No,Yes,No,5.6,7.9,3,0,0,0,0,0,0,0,0,76,0,0,0,0,0,0,0,0,0,0,0,0,0,0,0,0,0,0,0,0,10971,1311,1049,67,2.5,0,0,0,15.0,17.9,518.2,1.4,18.1,55.74,704.77,1.93,1.18,85.91,87.11,0.00,767,17,0.2,0.1,0,0,0.0,0.0,0,37.8,0.000,
14.10.2025,11:58:14.745,24356,45060,35.0,18677,46643,28.5,0.0,1.037,1.031,1.027,1.057,1.027,1.029,1.033,1.036,1.035,1.059,1.059,1.026,1.026,1.251,3582.9,3790.7,3691.0,3790.7,3790.7,3790.7,3790.7,3790.7,3790.7,3192.2,3192.2,3192.2,3192.2,99.8,3391.7,3630.8,3741.7,3747.7,3754.2,3755.4,3755.7,3757.3,3756.4,3756.1,3755.4,3757.2,3758.4,3759.0,3757.5,3758.4,3753.1,3759.6,3127.7,3134.5,3135.4,3135.3,3685.9,100.0,100.0,99.9,99.9,99.9,99.9,100.0,99.9,99.9,100.0,99.9,99.9,100.0,100.0,100.0,100.0,100.0,100.0,100.0,100.0,100.0,100.0,100.0,100.0,101.4,104.8,104.8,104.8,104.8,104.8,104.8,104.8,104.8,104.9,104.8,104.8,104.8,104.8,104.8,104.9,104.9,87.8,87.8,87.8,87.8,101.4,35.9,38.0,37.0,38.0,38.0,38.0,38.0,38.0,38.0,32.0,32.0,32.0,32.0,34.0,84,86,86,88,88,89,89,81,89,78,78,80,80,16,14,14,12,12,11,11,19,11,22,22,20,20,91,89,Yes,No,No,Yes,No,Yes,No,No,No,No,No,No,No,No,No,No,No,No,No,No,No,No,No,No,No,No,No,No,No,No,No,No,No,No,No,No,No,No,No,Yes,No,No,90,88,43,0.000,0.000,0.000,0.000,0.000,0.000,0.000,1.250,82.470,107.093,95.447,9.820,0.795,150.0,175.0,88.000,0.0,99.6,99.4,99.5,99.7,99.7,99.7,99.7,99.7,99.7,99.7,99.7,99.7,99.8,99.8,99.8,99.6,99.8,99.2,99.4,99.4,99.4,0.0,0.0,0.0,0.0,0.0,0.0,0.0,0.0,0.0,0.0,0.0,0.0,0.0,0.0,0.0,0.0,0.0,0.0,0.0,0.0,0.0,0.0,0.0,0.0,0.0,0.0,0.0,0.0,0.0,0.0,0.0,0.0,0.0,0.0,0.0,2793.2,28.00,36,36,36,76,112,447,2,2,Yes,No,Yes,No,No,No,No,No,No,No,No,No,No,No,No,No,No,No,No,No,No,No,No,No,No,No,No,Yes,No,Yes,No,No,No,No,No,No,No,No,31,45,31,89,78,42,1.039,5.040,3.424,3.328,12.192,2.024,0.664,3.424,3.200,1.072,1.264,1.648,1.064,1.000,1.000,0.896,1.824,1807,2008,3461,43.0,43.0,40.0,1.090,57.000,38.2,1.260,1.260,1.800,1.800,1.095,5.040,1.750,No,No,No,1.260,1.260,1.800,1.800,1.095,5.040,2.000,No,No,No,49,49,60,100.0,100.0,No,No,14698,23904,31,31,No,No,1299,631,0.4,2.3,2.7,0.603,15.068,16421,38488,0.0,0.0,0.0,0.000,0.000,0,27.2,30.0,30.0,84.0,0.910,12.165,12.153,12.168,12.172,0,0,11.501,5.857,11.099,11.036,3.639,0.000,7.585,7.642,210.0,50.6,1185.0,60.2,1290.0,2.0,6.0,0.0,0.0,10.7,0.1,0.3,0.0,0.0,0.0,0.0,0,0,Yes,No,No,No,No,Yes,No,5.5,7.7,3,0,0,0,0,0,0,0,0,76,0,0,0,0,0,0,0,0,0,0,0,0,0,0,0,0,0,0,0,0,10973,1309,1046,67,2.5,0,0,0,15.0,15.2,1118.4,1.5,15.2,65.98,660.97,0.89,1.42,88.26,89.66,0.00,767,17,1.0,0.2,0,0,0.0,0.0,0,38.0,0.000,
14.10.2025,11:58:16.742,24353,45064,35.0,18673,46647,28.5,0.0,1.023,1.032,1.023,1.019,1.038,1.041,1.045,1.022,1.011,1.012,1.012,1.011,1.011,1.251,3549.7,3790.7,3790.7,3790.7,3790.7,3790.7,3790.7,3790.7,3691.0,3092.4,3092.4,3092.4,3092.4,99.8,3391.7,3650.3,3762.0,3769.7,3775.1,3777.8,3777.4,3777.8,3780.1,3780.1,3776.7,3778.6,3778.2,3778.4,3780.3,3779.9,3773.8,3780.3,3140.6,3145.1,3147.4,3147.4,3706.2,100.0,100.0,100.0,100.0,100.0,99.9,100.0,100.0,100.0,100.0,100.0,100.0,99.9,100.0,100.0,100.0,100.0,100.0,100.0,100.0,100.0,100.0,100.0,100.0,101.9,105.4,105.4,105.4,105.4,105.4,105.4,105.4,105.4,105.4,105.4,105.4,105.4,105.4,105.4,105.4,105.5,88.0,88.0,88.0,88.0,101.9,35.6,38.0,38.0,38.0,38.0,38.0,38.0,38.0,37.0,31.0,31.0,31.0,31.0,34.0,84,85,84,88,85,88,88,84,87,79,79,79,78,16,15,16,12,15,12,12,16,13,21,21,21,22,91,88,Yes,No,No,Yes,No,No,No,No,No,No,No,No,No,No,No,No,No,No,No,No,No,No,No,No,No,No,No,No,No,No,No,No,No,No,No,No,No,No,No,Yes,No,No,90,90,43,0.000,0.000,0.000,0.000,0.000,0.000,0.000,1.250,101.502,108.259,96.194,10.151,0.888,150.0,175.0,112.000,0.0,99.7,99.4,99.6,99.7,99.8,99.7,99.8,99.8,99.8,99.7,99.8,99.8,99.8,99.8,99.8,99.6,99.8,99.3,99.5,99.5,99.5,0.0,0.0,0.0,0.0,0.0,0.0,0.0,0.0,0.0,0.0,0.0,0.0,0.0,0.0,0.0,0.0,0.0,0.0,0.0,0.0,0.0,0.0,0.0,0.0,0.0,0.0,0.0,0.0,0.0,0.0,0.0,0.0,0.0,0.0,0.0,2793.2,28.00,36,36,36,76,112,447,2,2,Yes,No,Yes,No,No,No,No,No,No,No,No,No,No,No,No,No,No,No,No,No,No,No,No,No,No,No,No,Yes,No,Yes,No,No,No,No,No,No,No,No,31,45,31,89,78,43,1.083,5.040,3.424,3.328,12.192,2.024,0.664,3.424,3.200,1.072,1.264,1.648,1.064,1.000,1.000,0.896,1.824,1804,2011,3435,42.0,43.0,40.0,1.075,45.000,38.2,1.245,1.260,1.800,1.800,1.095,5.040,1.500,No,No,No,1.260,1.260,1.800,1.800,1.095,5.040,3.250,No,No,No,49,49,60,100.0,100.0,No,No,14698,23904,31,31,No,No,1299,631,0.4,2.3,2.7,0.306,14.120,16421,38516,0.0,0.0,0.0,0.000,0.000,0,27.2,30.0,30.0,84.0,0.910,12.164,12.154,12.167,12.171,0,0,11.552,6.132,11.141,11.716,4.284,0.574,7.580,7.629,210.0,50.6,1185.0,59.4,1290.0,1.0,9.0,0.0,0.0,10.7,0.1,0.5,0.0,0.0,0.0,0.0,0,0,Yes,No,No,No,No,Yes,No,5.9,7.3,3,0,0,0,0,0,0,0,0,76,0,0,0,0,0,0,0,0,0,0,0,0,0,0,0,0,0,0,0,0,10973,1309,1046,67,2.5,0,0,0,15.0,18.4,104.5,2.9,18.6,54.34,342.45,9.57,1.32,39.84,41.17,0.00,767,17,2.6,0.5,0,0,0.0,0.0,0,38.0,0.000,
14.10.2025,11:58:18.776,24352,45064,35.0,18678,46642,28.5,0.0,1.082,1.066,1.062,1.054,1.035,1.062,1.089,1.107,1.099,1.093,1.103,1.103,1.116,1.251,3699.3,3890.5,3890.5,3890.5,3790.7,3790.7,3890.5,3990.2,3990.2,3291.9,3291.9,3291.9,3391.7,99.8,3491.5,3652.0,3763.7,3771.4,3777.7,3779.1,3779.1,3779.5,3778.8,3779.2,3777.7,3780.1,3780.2,3780.3,3781.8,3781.2,3776.4,3782.6,3138.9,3149.8,3151.3,3152.2,3707.6,100.0,100.0,100.0,100.0,100.0,100.0,100.0,100.0,100.0,100.0,100.0,100.0,100.0,100.0,100.0,100.0,100.0,100.0,100.0,100.0,100.0,100.0,100.0,100.0,102.0,105.4,105.4,105.4,105.4,105.4,105.4,105.4,105.4,105.4,105.4,105.4,105.4,105.4,105.4,105.5,105.5,88.2,88.2,88.2,88.2,102.0,37.1,39.0,39.0,39.0,38.0,38.0,39.0,40.0,40.0,33.0,33.0,33.0,34.0,35.0,84,85,86,91,87,88,87,81,87,79,79,79,78,16,15,14,9,13,12,13,19,13,21,21,21,22,90,91,Yes,No,No,Yes,No,No,Yes,No,Yes,No,No,No,No,No,No,No,No,No,No,No,No,No,No,No,No,No,No,No,No,No,No,No,No,No,No,No,No,No,No,Yes,No,No,91,91,43,0.000,0.000,0.000,0.000,0.000,0.000,0.000,1.250,76.126,107.948,95.920,10.110,0.884,150.0,175.0,80.000,0.0,99.7,99.4,99.6,99.7,99.8,99.8,99.8,99.8,99.8,99.7,99.8,99.8,99.8,99.8,99.8,99.6,99.8,99.1,99.4,99.5,99.5,0.0,0.0,0.0,0.0,0.0,0.0,0.0,0.0,0.0,0.0,0.0,0.0,0.0,0.0,0.0,0.0,0.0,0.0,0.0,0.0,0.0,0.0,0.0,0.0,0.0,0.0,0.0,0.0,0.0,0.0,0.0,0.0,0.0,0.0,0.0,2793.2,28.00,36,36,36,76,112,447,2,2,Yes,No,Yes,No,No,No,No,No,No,No,No,No,No,No,No,No,No,No,No,No,No,No,No,No,No,No,No,Yes,No,Yes,No,No,No,No,No,No,No,No,31,45,31,90,79,42,1.057,5.040,3.424,3.328,12.192,2.024,0.664,3.424,3.200,1.072,1.264,1.664,1.064,1.000,1.000,0.896,1.824,1804,2002,3333,43.0,43.0,40.0,1.115,53.000,38.5,1.245,1.260,1.800,1.800,1.095,5.040,2.375,No,No,No,1.245,1.260,1.800,1.800,1.095,5.040,2.125,No,No,No,49,49,62,100.0,100.0,No,No,14698,23904,31,31,No,No,1299,631,2.5,0.7,3.2,0.658,4.654,16422,38525,0.0,0.0,0.0,0.000,0.000,0,27.2,30.0,30.0,84.0,0.910,12.168,12.158,12.170,12.174,0,0,11.270,5.756,10.736,10.710,3.555,0.000,7.654,7.634,210.0,50.6,1185.0,56.1,1290.0,1.0,3.0,0.0,0.0,10.7,0.1,0.3,0.0,0.0,0.0,0.0,0,0,Yes,No,No,No,No,Yes,No,5.4,7.4,3,0,0,0,0,0,0,0,0,76,0,0,0,0,0,0,0,0,0,0,0,0,0,0,0,0,0,0,0,0,10973,1309,1046,67,2.5,0,0,0,15.0,16.5,153.1,1.3,16.7,60.49,798.55,6.53,1.25,82.31,83.55,0.00,767,17,0.6,0.4,0,0,0.0,0.0,0,38.0,0.000,
14.10.2025,11:58:20.741,24388,45028,35.1,18706,46614,28.6,0.0,1.012,1.008,1.011,1.011,1.008,1.009,1.018,1.016,1.013,1.013,1.013,1.014,1.014,1.251,3491.5,3691.0,3691.0,3691.0,3691.0,3691.0,3691.0,3691.0,3691.0,3092.4,3092.4,3092.4,3092.4,99.8,3291.9,3656.8,3770.1,3778.0,3785.7,3787.4,3788.8,3787.9,3790.1,3789.8,3780.1,3785.2,3785.3,3785.3,3786.9,3787.2,3781.7,3787.5,3138.2,3145.8,3147.6,3148.0,3713.4,100.0,100.0,100.0,100.0,99.9,100.0,99.9,100.0,100.0,100.0,100.0,99.9,99.9,99.9,100.0,100.0,100.0,100.0,100.0,100.0,100.0,100.0,100.0,100.0,102.3,105.7,105.7,105.8,105.7,105.8,105.7,105.8,105.8,105.8,105.8,105.8,105.7,105.8,105.8,105.8,105.8,88.3,88.3,88.3,88.3,102.3,35.0,37.0,37.0,37.0,37.0,37.0,37.0,37.0,37.0,31.0,31.0,31.0,31.0,33.0,83,84,83,90,87,88,89,80,86,79,79,78,78,17,16,17,10,13,12,11,20,14,21,21,22,22,90,90,Yes,No,No,Yes,No,Yes,No,No,No,No,No,No,No,No,No,No,No,No,No,No,No,No,No,No,No,No,No,No,No,No,No,No,No,No,No,No,No,No,No,Yes,No,No,90,90,43,0.000,0.000,0.000,0.000,0.000,0.000,0.000,1.250,96.744,108.040,96.025,10.106,0.883,150.0,175.0,104.000,0.0,99.6,99.2,99.5,99.6,99.7,99.7,99.7,99.8,99.8,99.5,99.7,99.7,99.7,99.7,99.8,99.6,99.8,99.0,99.3,99.3,99.4,0.0,0.0,0.0,0.0,0.0,0.0,0.0,0.0,0.0,0.0,0.0,0.0,0.0,0.0,0.0,0.0,0.0,0.0,0.0,0.0,0.0,0.0,0.0,0.0,0.0,0.0,0.0,0.0,0.0,0.0,0.0,0.0,0.0,0.0,0.0,2793.2,28.00,36,36,36,76,112,447,2,2,Yes,No,Yes,No,No,No,No,No,No,No,No,No,No,No,No,No,No,No,No,No,No,No,No,No,No,No,No,Yes,No,Yes,No,No,No,No,No,No,No,No,31,45,31,90,78,42,1.066,5.040,3.424,3.328,12.192,2.024,0.664,3.424,3.200,1.072,1.264,1.648,1.064,1.000,1.000,0.896,1.824,1804,2011,3461,42.0,43.0,40.0,1.090,58.000,38.5,1.245,1.260,1.800,1.800,1.095,5.040,1.375,No,No,No,1.245,1.260,1.800,1.800,1.095,5.040,3.000,No,No,No,49,49,62,100.0,100.0,No,No,14698,23904,31,31,No,No,1299,631,2.9,0.5,3.5,0.962,3.496,16424,38531,0.0,0.0,0.0,0.000,0.000,0,27.2,30.0,30.0,84.0,0.910,12.165,12.155,12.168,12.172,0,0,12.085,5.786,10.935,10.781,3.493,0.000,7.644,7.646,210.0,50.6,1185.0,93.9,1290.0,2.0,4.0,0.0,0.0,10.7,0.3,1.5,0.0,0.0,0.0,0.0,0,0,Yes,No,No,No,No,Yes,No,5.4,8.5,3,0,0,0,0,0,0,0,0,76,0,0,0,0,0,0,0,0,0,0,0,0,0,0,0,0,0,0,0,0,10973,1309,1047,67,2.5,0,0,0,15.0,20.5,70.0,1.3,20.7,48.72,771.43,14.29,1.47,48.45,49.92,0.00,767,17,0.4,0.2,0,0,0.0,0.0,0,38.0,0.000,
14.10.2025,11:58:22.734,24399,45018,35.1,18715,46605,28.6,0.0,1.056,1.057,1.076,1.074,1.087,1.050,1.058,1.054,1.045,1.045,1.045,1.037,1.037,1.251,3674.3,3890.5,3990.2,3990.2,3990.2,3890.5,3890.5,3890.5,3790.7,3192.2,3192.2,3192.2,3192.2,99.8,3491.5,3639.2,3746.6,3755.1,3762.3,3764.3,3766.3,3765.6,3767.4,3766.9,3765.6,3768.2,3768.9,3766.0,3770.4,3770.4,3765.2,3771.3,3125.2,3137.8,3140.6,3139.4,3694.6,100.0,100.0,99.9,100.0,100.0,100.0,99.9,100.0,100.0,100.0,100.0,100.0,99.9,100.0,100.0,100.0,100.0,99.8,100.0,99.9,99.9,100.0,100.0,100.0,101.6,105.0,104.9,105.0,105.0,105.0,105.0,105.0,105.0,105.1,105.0,105.0,104.9,105.0,105.0,105.1,105.1,87.8,87.8,87.8,87.8,101.6,36.8,39.0,40.0,40.0,40.0,39.0,39.0,39.0,38.0,32.0,32.0,32.0,32.0,35.0,84,85,86,91,88,89,89,83,87,79,79,79,79,16,15,14,9,12,11,11,17,13,21,21,21,21,88,91,Yes,No,No,Yes,No,Yes,No,No,Yes,No,No,No,No,No,No,No,No,No,No,No,No,No,No,No,No,No,No,No,No,No,No,No,No,No,No,No,No,No,No,Yes,No,No,89,89,43,0.000,0.000,0.000,0.000,0.000,0.000,0.000,1.250,90.400,107.705,95.655,10.131,0.885,150.0,175.0,96.000,0.0,99.6,99.3,99.6,99.7,99.7,99.8,99.7,99.8,99.8,99.7,99.7,99.8,99.7,99.8,99.8,99.6,99.8,98.9,99.3,99.4,99.4,0.0,0.0,0.0,0.0,0.0,0.0,0.0,0.0,0.0,0.1,0.0,0.0,0.1,0.0,0.0,0.0,0.0,0.0,0.0,0.0,0.0,0.0,0.0,0.0,0.0,0.0,0.0,0.0,0.0,0.0,0.0,0.0,0.0,0.0,0.0,2793.2,28.00,36,36,36,76,112,447,2,2,Yes,No,Yes,No,No,No,No,No,No,No,No,No,No,No,No,No,No,No,No,No,No,No,No,No,No,No,No,Yes,No,Yes,No,No,No,No,No,No,No,No,32,45,32,89,79,42,1.066,5.040,3.424,3.328,12.192,2.024,0.664,3.424,3.200,1.072,1.264,1.648,1.064,1.000,1.000,0.896,1.824,1802,2005,3391,43.0,43.0,40.0,1.090,59.000,38.5,1.245,1.260,1.800,1.800,1.095,5.040,1.250,No,No,No,1.245,1.260,1.800,1.815,1.095,5.040,3.625,No,No,No,49,49,59,100.0,100.0,No,No,14698,23904,31,31,No,No,1299,631,0.1,0.5,0.7,0.199,2.092,16425,38535,0.0,0.0,0.0,0.000,0.000,0,27.1,30.0,30.1,84.0,0.910,12.166,12.155,12.169,12.173,0,0,11.066,5.823,10.962,10.928,3.628,0.000,7.608,7.636,210.0,50.6,1185.0,38.8,1290.0,2.0,2.0,0.0,0.0,10.7,0.0,0.1,0.0,0.0,0.0,0.0,0,0,Yes,No,No,No,No,Yes,No,5.5,7.4,3,0,0,0,0,0,0,0,0,76,0,0,0,0,0,0,0,0,0,0,0,0,0,0,0,0,0,0,0,0,10973,1309,1047,67,2.5,0,0,0,15.0,13.6,63.5,1.2,13.8,73.31,862.77,15.75,1.33,221.83,223.15,0.00,767,17,0.7,0.1,0,0,0.0,0.0,0,38.0,0.000,
14.10.2025,11:58:24.735,24399,45017,35.1,18717,46604,28.6,0.0,1.025,1.008,1.010,1.015,1.014,1.013,1.020,1.039,1.035,1.043,1.033,1.033,1.033,1.251,3541.3,3691.0,3691.0,3691.0,3691.0,3691.0,3691.0,3790.7,3790.7,3192.2,3192.2,3192.2,3192.2,99.8,3291.9,3624.9,3734.5,3741.8,3748.5,3749.6,3751.4,3752.3,3752.6,3752.4,3746.7,3749.9,3750.3,3751.3,3753.3,3752.4,3745.5,3751.5,3119.8,3129.5,3132.0,3132.2,3679.6,100.0,100.0,100.0,100.0,100.0,100.0,100.0,100.0,100.0,100.0,100.0,100.0,100.0,100.0,100.0,100.0,100.0,100.0,100.0,100.0,100.0,100.0,100.0,100.0,101.3,104.7,104.7,104.7,104.7,104.7,104.7,104.7,104.7,104.7,104.7,104.7,104.7,104.7,104.7,104.7,104.7,87.7,87.7,87.7,87.7,101.3,35.5,37.0,37.0,37.0,37.0,37.0,37.0,38.0,38.0,32.0,32.0,32.0,32.0,33.0,83,85,86,90,87,86,85,81,86,78,78,78,78,17,15,14,10,13,14,15,19,14,22,22,22,22,90,90,Yes,No,No,Yes,No,No,No,No,No,No,No,No,No,No,No,No,No,No,No,No,No,No,No,No,No,No,No,No,No,No,No,No,No,No,No,No,No,No,No,Yes,No,No,90,90,43,0.000,0.000,0.000,0.000,0.000,0.000,0.000,1.250,96.744,107.006,94.922,10.148,0.908,150.0,175.0,96.000,0.0,99.6,99.3,99.5,99.7,99.7,99.7,99.8,99.8,99.8,99.6,99.7,99.7,99.8,99.8,99.8,99.6,99.8,99.1,99.4,99.5,99.5,0.0,0.0,0.0,0.0,0.0,0.0,0.0,0.0,0.0,0.0,0.0,0.0,0.0,0.0,0.0,0.0,0.0,0.0,0.0,0.0,0.0,0.0,0.0,0.0,0.0,0.0,0.0,0.0,0.0,0.0,0.0,0.0,0.0,0.0,0.0,2793.2,28.00,36,36,36,76,112,447,2,2,Yes,No,Yes,No,No,No,No,No,No,No,No,No,No,No,No,No,No,No,No,No,No,No,No,No,No,No,No,Yes,No,Yes,No,No,No,No,No,No,No,No,31,45,31,90,79,43,1.066,5.040,3.424,3.328,12.192,2.024,0.664,3.424,3.200,1.072,1.264,1.648,1.064,1.000,1.000,0.896,1.824,1800,2000,3497,42.0,43.0,40.0,1.055,54.000,38.5,1.245,1.260,1.800,1.800,1.095,5.040,2.125,No,No,No,1.245,1.260,1.800,1.800,1.185,5.040,1.750,No,No,No,49,49,59,100.0,100.0,No,No,14698,23904,31,31,No,No,1299,631,0.2,0.0,0.2,0.145,0.356,16425,38536,0.0,0.0,0.0,0.000,0.000,0,27.2,30.0,30.0,84.0,0.910,12.164,12.154,12.167,12.172,0,0,12.026,5.781,10.863,10.756,3.518,0.000,7.687,7.645,210.0,50.6,1185.0,90.1,1290.0,1.0,2.0,0.0,0.0,10.7,0.2,0.9,0.0,0.0,0.0,0.0,0,0,Yes,No,No,No,No,Yes,No,5.4,9.1,3,0,0,0,0,0,0,0,0,76,0,0,0,0,0,0,0,0,0,0,0,0,0,0,0,0,0,0,0,0,10972,1310,1047,67,2.5,0,0,0,15.0,18.4,675.4,2.7,18.6,54.24,372.69,1.48,1.32,44.84,46.16,0.00,767,17,0.1,0.0,0,0,0.0,0.0,0,38.0,0.000,
14.10.2025,11:58:26.749,24400,45017,35.1,18714,46606,28.6,0.0,1.035,1.043,1.044,1.032,1.017,1.038,1.044,1.057,1.052,1.016,1.026,1.026,1.026,1.251,3549.7,3790.7,3790.7,3790.7,3691.0,3790.7,3790.7,3790.7,3790.7,3092.4,3092.4,3092.4,3092.4,99.8,3391.7,3646.4,3756.5,3766.0,3771.9,3775.0,3777.0,3776.5,3775.9,3775.5,3770.9,3774.5,3775.8,3775.2,3777.8,3777.9,3771.5,3778.1,3128.6,3138.8,3142.0,3142.3,3702.4,100.0,100.0,100.0,99.9,100.0,100.0,100.0,100.0,100.0,100.0,100.0,100.0,99.9,100.0,100.0,100.0,100.0,100.0,100.0,100.0,100.0,100.0,100.0,100.0,101.9,105.3,105.3,105.3,105.3,105.4,105.4,105.3,105.3,105.4,105.3,105.3,105.3,105.4,105.4,105.4,105.4,87.9,87.9,87.9,87.9,101.9,35.6,38.0,38.0,38.0,37.0,38.0,38.0,38.0,38.0,31.0,31.0,31.0,31.0,34.0,83,85,83,91,85,87,88,81,86,77,77,77,77,17,15,17,9,15,13,12,19,14,23,23,23,23,91,91,Yes,No,No,Yes,No,No,No,No,No,No,No,No,No,No,No,No,No,No,No,No,No,No,No,No,No,No,No,No,No,No,No,No,No,No,No,No,No,No,No,Yes,No,No,90,90,43,0.000,0.000,0.000,0.000,0.000,0.000,0.000,1.250,84.056,108.120,95.941,10.225,0.925,150.0,175.0,88.000,0.0,99.6,99.3,99.6,99.7,99.7,99.8,99.8,99.8,99.8,99.6,99.7,99.7,99.7,99.8,99.8,99.6,99.8,99.0,99.4,99.5,99.5,0.0,0.0,0.0,0.0,0.0,0.0,0.0,0.0,0.0,0.0,0.0,0.0,0.0,0.0,0.0,0.0,0.0,0.0,0.0,0.0,0.0,0.0,0.0,0.0,0.0,0.0,0.0,0.0,0.0,0.0,0.0,0.0,0.0,0.0,0.0,2793.2,28.00,36,36,36,76,112,447,2,2,Yes,No,Yes,No,No,No,No,No,No,No,No,No,No,No,No,No,No,No,No,No,No,No,No,No,No,No,No,Yes,No,Yes,No,No,No,No,No,No,No,No,31,45,31,89,79,42,1.074,5.080,3.424,3.328,12.192,2.024,0.664,3.424,3.200,1.072,1.264,1.664,1.064,1.000,1.000,0.896,1.824,1800,2002,3443,42.0,43.0,40.0,1.090,58.000,38.5,1.245,1.260,1.800,1.800,1.095,4.970,3.125,No,No,No,1.245,1.260,1.800,1.800,1.095,5.040,2.250,No,No,No,49,49,58,100.0,100.0,No,No,14698,23904,31,31,No,No,1299,631,0.3,0.1,0.4,0.032,0.669,16425,38537,0.0,0.0,0.0,0.000,0.000,0,27.2,30.0,29.9,84.0,0.910,12.165,12.156,12.168,12.171,0,0,11.122,6.379,11.169,12.265,4.832,1.113,7.590,7.681,210.0,50.6,1185.0,45.5,1290.0,7.0,3.0,0.0,0.0,10.7,0.1,0.6,0.0,0.0,0.0,0.0,0,0,Yes,No,No,No,No,Yes,No,5.9,7.7,3,0,0,0,0,0,0,0,0,76,0,0,0,0,0,0,0,0,0,0,0,0,0,0,0,0,0,0,0,0,10972,1310,1047,67,2.5,0,0,0,15.0,17.3,90.5,2.3,17.4,57.75,432.88,11.05,1.45,57.14,58.58,0.00,767,17,6.4,4.7,0,0,0.0,0.0,0,38.0,0.000,
14.10.2025,11:58:28.752,24398,45018,35.1,18712,46609,28.6,0.0,1.009,0.987,1.011,0.978,1.021,1.015,1.010,1.007,1.030,1.012,1.010,1.010,1.016,1.251,3474.8,3591.2,3691.0,3591.2,3691.0,3691.0,3691.0,3691.0,3691.0,3092.4,3092.4,3092.4,3092.4,99.8,3192.2,3649.5,3761.7,3768.7,3777.7,3780.5,3781.4,3780.4,3780.2,3780.3,3772.4,3778.8,3778.6,3779.7,3780.6,3780.1,3774.0,3780.2,3126.5,3141.7,3142.9,3143.5,3705.7,100.0,99.9,100.0,100.0,100.0,100.0,100.0,100.0,100.0,100.0,100.0,100.0,100.0,100.0,100.0,100.0,100.0,100.0,100.0,100.0,100.0,100.0,100.0,100.0,102.0,105.4,105.5,105.5,105.5,105.5,105.5,105.5,105.5,105.5,105.5,105.5,105.5,105.5,105.5,105.5,105.5,88.1,88.1,88.1,88.1,102.0,34.8,36.0,37.0,36.0,37.0,37.0,37.0,37.0,37.0,31.0,31.0,31.0,31.0,32.0,82,83,84,88,85,82,85,79,82,78,78,78,78,18,17,16,12,15,18,15,21,18,22,22,22,22,88,88,Yes,No,No,Yes,No,Yes,Yes,No,No,No,No,No,No,No,No,No,No,No,No,No,No,No,No,No,No,No,No,No,No,No,No,No,No,No,No,No,No,No,No,Yes,No,No,91,91,43,0.000,0.000,0.000,0.000,0.000,0.000,0.000,1.250,90.400,107.689,95.494,10.228,0.935,150.0,175.0,96.000,0.0,99.6,99.3,99.5,99.7,99.7,99.8,99.8,99.8,99.8,99.6,99.7,99.7,99.8,99.8,99.8,99.6,99.8,98.9,99.4,99.4,99.5,0.0,0.0,0.0,0.0,0.0,0.0,0.0,0.0,0.0,0.0,0.0,0.0,0.0,0.0,0.0,0.0,0.0,0.0,0.0,0.0,0.0,0.0,0.0,0.0,0.0,0.0,0.0,0.0,0.0,0.0,0.0,0.0,0.0,0.0,0.0,2793.2,28.00,36,36,36,76,112,447,2,2,Yes,No,Yes,No,No,No,No,No,No,No,No,No,No,No,No,No,No,No,No,No,No,No,No,No,No,No,No,Yes,No,Yes,No,No,No,No,No,Yes,No,No,31,45,31,89,78,42,1.092,5.040,3.424,3.328,12.192,2.024,0.664,3.424,3.200,1.072,1.264,1.664,1.064,1.000,1.000,0.896,1.824,1802,1994,3452,42.0,43.0,40.0,1.065,54.000,38.5,1.260,1.260,1.800,1.800,1.095,4.970,1.500,No,No,No,1.260,1.260,1.800,1.800,1.095,4.970,2.000,No,No,No,49,49,58,100.0,100.0,No,No,14698,23904,31,31,No,No,1299,631,0.0,0.1,0.1,0.048,0.423,16425,38538,0.0,0.0,0.0,0.000,0.000,0,27.3,30.0,30.1,84.0,0.910,12.166,12.157,12.168,12.172,0,0,11.681,6.061,11.028,11.462,4.102,0.434,7.708,7.690,210.0,50.6,1185.0,68.9,1290.0,6.0,2.0,0.0,0.0,10.7,0.1,0.7,0.0,0.0,0.0,0.0,0,0,Yes,No,No,No,No,Yes,No,6.2,9.1,3,0,0,0,0,0,0,0,0,76,0,0,0,0,0,0,0,0,0,0,0,0,0,0,0,0,0,0,0,0,10972,1310,1047,67,2.5,0,0,0,15.0,20.6,130.7,2.7,20.8,48.61,375.92,7.65,1.28,45.24,46.53,0.00,767,17,3.6,0.0,0,0,0.0,0.0,0,38.0,0.000,
14.10.2025,11:58:30.734,24398,45018,35.1,18711,46609,28.6,0.0,1.031,1.044,1.036,1.040,1.041,1.014,1.014,1.012,1.061,1.018,1.018,1.038,1.038,1.251,3549.7,3790.7,3790.7,3790.7,3790.7,3691.0,3691.0,3691.0,3790.7,3092.4,3092.4,3192.2,3192.2,99.8,3391.7,3619.6,3723.6,3730.3,3739.5,3743.0,3746.2,3747.2,3748.8,3748.9,3737.6,3746.1,3748.8,3749.3,3749.8,3749.9,3743.8,3750.6,3109.1,3124.3,3127.5,3128.7,3674.3,100.0,100.0,100.0,100.0,100.0,100.0,100.0,100.0,100.0,100.0,100.0,100.0,100.0,100.0,100.0,100.0,100.0,100.0,100.0,100.0,100.0,100.0,100.0,100.0,101.1,104.5,104.5,104.5,104.5,104.5,104.5,104.5,104.5,104.5,104.5,104.5,104.5,104.5,104.5,104.5,104.5,87.5,87.5,87.5,87.5,101.1,35.6,38.0,38.0,38.0,38.0,37.0,37.0,37.0,38.0,31.0,31.0,32.0,32.0,34.0,83,86,84,90,85,87,87,82,85,78,78,79,79,17,14,16,10,15,13,13,18,15,22,22,21,21,91,90,Yes,No,No,Yes,No,No,No,No,No,No,No,No,No,No,No,No,No,No,No,No,No,No,No,No,No,No,No,No,No,No,No,No,No,No,No,No,No,No,No,Yes,No,No,90,90,43,0.000,0.000,0.000,0.000,0.000,0.000,0.000,1.250,87.228,107.219,95.053,10.207,0.931,150.0,175.0,96.000,0.0,99.6,99.2,99.4,99.6,99.7,99.7,99.7,99.8,99.8,99.5,99.7,99.7,99.8,99.8,99.8,99.6,99.8,98.8,99.3,99.4,99.4,0.0,0.0,0.0,0.0,0.0,0.0,0.0,0.0,0.0,0.0,0.0,0.0,0.0,0.0,0.0,0.0,0.0,0.0,0.0,0.0,0.0,0.0,0.0,0.0,0.0,0.0,0.0,0.0,0.0,0.0,0.0,0.0,0.0,0.0,0.0,2793.2,28.00,36,36,36,76,112,447,2,2,Yes,No,Yes,No,No,No,No,No,No,No,No,No,No,No,No,No,No,No,No,No,No,No,No,No,No,No,No,Yes,No,Yes,No,No,No,No,No,No,No,No,32,45,32,90,78,41,1.057,5.040,3.424,3.328,12.192,2.024,0.664,3.424,3.200,1.072,1.264,1.648,1.064,1.000,1.000,0.896,1.824,1802,2000,3426,42.0,43.0,40.0,1.065,59.000,38.5,1.260,1.260,1.800,1.800,1.095,4.970,1.125,No,No,No,1.260,1.260,1.800,1.800,1.095,4.970,2.125,No,No,No,49,49,58,100.0,100.0,No,No,14698,23904,31,31,No,No,1299,631,0.0,0.2,0.3,0.049,1.133,16425,38540,0.0,0.0,0.0,0.000,0.000,0,27.2,30.0,30.1,84.0,0.910,12.165,12.156,12.167,12.171,0,0,12.279,6.090,10.899,11.583,4.308,0.683,7.523,7.636,210.0,50.6,1185.0,107.8,1290.0,2.0,2.0,0.0,0.0,10.7,0.3,1.4,0.0,0.0,0.0,0.0,0,0,Yes,No,No,No,No,Yes,No,5.8,8.0,3,0,0,0,0,0,0,0,0,76,0,0,0,0,0,0,0,0,0,0,0,0,0,0,0,0,0,0,0,0,10972,1310,1048,67,2.5,0,0,0,15.0,28.0,67.8,4.2,27.9,35.67,237.49,14.74,1.30,25.70,27.00,0.00,767,17,0.3,0.1,0,0,0.0,0.0,0,38.0,0.000,
14.10.2025,11:58:32.747,24410,45006,35.1,18718,46602,28.6,0.0,1.052,1.062,1.059,1.057,1.059,1.059,1.059,1.061,1.062,1.034,1.034,1.040,1.040,1.251,3657.7,3890.5,3890.5,3890.5,3890.5,3890.5,3890.5,3890.5,3890.5,3192.2,3192.2,3192.2,3192.2,99.8,3491.5,3645.1,3748.5,3762.8,3769.2,3773.9,3776.6,3777.2,3776.0,3775.2,3758.9,3770.9,3764.0,3774.3,3776.6,3779.5,3775.1,3780.9,3129.0,3144.0,3146.0,3144.5,3700.7,100.0,100.0,100.0,99.9,100.0,100.0,100.0,100.0,99.9,100.0,100.0,100.0,99.9,100.0,100.0,100.0,100.0,100.0,100.0,100.0,100.0,100.0,100.0,100.0,101.9,105.4,105.3,105.3,105.4,105.4,105.4,105.4,105.4,105.4,105.4,105.4,105.3,105.4,105.4,105.4,105.4,88.1,88.1,88.1,88.1,101.9,36.7,39.0,39.0,39.0,39.0,39.0,39.0,39.0,39.0,32.0,32.0,32.0,32.0,35.0,85,83,86,91,88,89,89,83,90,79,79,79,79,15,17,14,9,12,11,11,17,10,21,21,21,21,88,91,Yes,No,No,Yes,No,No,Yes,No,Yes,No,No,No,No,No,No,No,No,No,No,No,No,No,No,No,No,No,No,No,No,No,No,No,No,No,No,No,No,No,No,No,No,No,91,91,43,0.000,0.000,0.000,0.000,0.000,0.000,0.000,1.250,93.572,107.167,95.080,10.161,0.900,150.0,175.0,80.000,0.0,99.5,99.0,99.4,99.6,99.7,99.7,99.7,99.7,99.7,99.3,99.6,99.4,99.7,99.7,99.8,99.6,99.8,98.8,99.3,99.3,99.3,0.0,0.0,0.0,0.0,0.0,0.0,0.0,0.0,0.0,0.0,0.0,0.0,0.0,0.0,0.0,0.0,0.0,0.0,0.0,0.0,0.0,0.0,0.0,0.0,0.0,0.0,0.0,0.0,0.0,0.0,0.0,0.0,0.0,0.0,0.0,2793.2,28.00,36,36,36,76,112,447,2,2,Yes,No,Yes,No,No,No,No,No,No,No,No,No,No,No,No,No,No,No,No,No,No,No,No,No,No,No,No,Yes,No,Yes,No,No,No,No,No,No,No,No,32,45,32,89,78,42,1.119,5.040,3.424,3.328,12.192,2.024,0.664,3.424,3.200,1.072,1.264,1.648,1.064,1.000,1.000,0.896,1.824,1804,2005,3435,43.0,43.0,40.0,1.075,45.000,38.5,1.260,1.260,1.800,1.800,1.095,4.970,1.250,No,No,No,1.260,1.260,1.800,1.800,1.095,4.970,2.125,No,No,No,49,49,57,100.0,100.0,No,No,14698,23904,31,31,No,No,1299,631,0.0,0.2,0.2,0.081,0.586,16425,38541,0.0,0.0,0.0,0.000,0.000,0,27.2,30.0,30.1,84.0,0.910,12.168,12.159,12.170,12.174,0,0,11.180,5.816,10.722,10.868,3.713,0.149,7.608,7.655,210.0,50.6,1185.0,44.3,1290.0,0.0,8.0,0.0,0.0,10.7,0.0,0.2,0.0,0.0,0.0,0.0,0,0,Yes,No,No,No,No,Yes,No,5.4,7.5,3,0,0,0,0,0,0,0,0,76,0,0,0,0,0,0,0,0,0,0,0,0,0,0,0,0,0,0,0,0,10972,1310,1048,67,2.5,0,0,0,15.0,19.8,119.4,1.7,18.8,50.60,586.24,8.38,1.22,121.55,122.73,0.00,767,17,4.4,2.0,0,0,0.0,0.0,0,38.2,0.000,
14.10.2025,11:58:34.749,24412,45004,35.1,18720,46600,28.6,0.0,1.015,1.010,1.012,1.023,1.029,1.013,1.010,1.036,1.009,1.008,1.010,1.010,1.010,1.251,3516.4,3691.0,3691.0,3790.7,3790.7,3691.0,3691.0,3790.7,3691.0,3092.4,3092.4,3092.4,3092.4,99.8,3291.9,3629.9,3738.3,3748.6,3755.2,3756.5,3756.5,3756.3,3757.1,3757.2,3751.5,3757.6,3755.3,3756.1,3757.0,3758.0,3751.5,3757.0,3121.2,3134.8,3137.7,3135.5,3684.7,100.0,100.0,100.0,100.0,100.0,100.0,100.0,100.0,100.0,100.0,100.0,100.0,100.0,100.0,100.0,100.0,100.0,100.0,100.0,100.0,100.0,100.0,100.0,100.0,101.4,104.8,104.8,104.8,104.8,104.8,104.8,104.8,104.8,104.9,104.9,104.8,104.8,104.8,104.9,104.9,104.8,87.8,87.8,87.8,87.8,101.4,35.2,37.0,37.0,38.0,38.0,37.0,37.0,38.0,37.0,31.0,31.0,31.0,31.0,33.0,84,85,84,91,87,89,87,84,87,79,80,78,78,16,15,16,9,13,11,13,16,13,21,20,22,22,90,91,Yes,No,No,Yes,No,No,No,No,No,No,No,No,No,No,No,No,No,No,No,No,No,No,No,No,No,No,No,No,No,No,No,No,No,No,No,No,No,No,No,Yes,No,No,91,91,44,0.000,0.000,0.000,0.000,0.000,0.000,0.000,1.250,95.158,107.633,95.483,10.195,0.920,150.0,175.0,104.000,0.0,99.6,99.3,99.6,99.7,99.7,99.8,99.8,99.8,99.8,99.6,99.8,99.7,99.8,99.8,99.8,99.6,99.8,99.0,99.4,99.5,99.4,0.0,0.0,0.0,0.0,0.0,0.0,0.0,0.0,0.0,0.0,0.0,0.0,0.0,0.0,0.0,0.0,0.0,0.0,0.0,0.0,0.0,0.0,0.0,0.0,0.0,0.0,0.0,0.0,0.0,0.0,0.0,0.0,0.0,0.0,0.0,2793.2,28.00,36,36,36,76,112,447,2,2,Yes,No,Yes,No,No,No,No,No,No,No,No,No,No,No,No,No,No,No,No,No,No,No,No,No,No,No,No,Yes,No,Yes,No,No,No,No,No,No,No,No,32,45,32,90,78,42,1.074,5.040,3.424,3.328,12.192,2.024,0.664,3.424,3.200,1.072,1.264,1.648,1.064,1.000,1.000,0.896,1.824,1804,2002,3366,42.0,43.0,40.0,1.090,60.000,38.5,1.260,1.260,1.800,1.800,1.095,4.970,1.375,No,No,No,1.260,1.260,1.800,1.815,1.095,4.970,2.375,No,No,No,49,49,57,100.0,100.0,No,No,14698,23904,31,31,No,No,1299,631,1.0,0.6,1.6,1.045,3.129,16427,38548,0.0,0.0,0.0,0.000,0.000,0,27.2,30.0,30.0,84.0,0.910,12.168,12.161,12.170,12.174,0,0,11.172,5.884,11.306,11.136,3.603,0.000,7.495,7.651,210.0,50.6,1185.0,44.6,1290.0,0.0,8.0,0.0,0.0,10.7,0.0,0.2,0.0,0.0,0.0,0.0,0,0,Yes,No,No,No,No,Yes,No,5.6,8.5,3,0,0,0,0,0,0,0,0,76,0,0,0,0,0,0,0,0,0,0,0,0,0,0,0,0,0,0,0,0,10972,1310,1047,67,2.5,0,0,0,15.0,13.8,101.6,1.6,14.0,72.48,614.37,9.84,1.26,145.60,146.85,0.00,767,17,0.2,0.1,0,0,0.0,0.0,0,38.2,0.000,
14.10.2025,11:58:36.751,24430,44986,35.1,18733,46587,28.6,0.0,1.053,1.034,1.013,1.005,1.027,1.059,1.069,1.063,1.080,1.067,1.072,1.072,1.072,1.251,3599.5,3790.7,3691.0,3691.0,3691.0,3890.5,3890.5,3890.5,3890.5,3192.2,3192.2,3192.2,3192.2,99.8,3391.7,3630.1,3737.0,3749.0,3753.7,3756.8,3758.1,3758.7,3759.1,3759.2,3752.0,3757.2,3759.9,3756.6,3760.9,3761.8,3755.0,3761.9,3114.4,3126.1,3132.5,3133.0,3685.4,100.0,99.9,100.0,100.0,100.0,100.0,100.0,100.0,100.0,100.0,100.0,100.0,99.9,100.0,100.0,100.0,100.0,99.9,99.9,100.0,100.0,100.0,100.0,100.0,101.4,104.8,104.8,104.8,104.8,104.8,104.8,104.9,104.9,104.9,104.9,104.9,104.8,104.9,104.9,104.9,104.9,87.6,87.6,87.7,87.7,101.4,36.1,38.0,37.0,37.0,37.0,39.0,39.0,39.0,39.0,32.0,32.0,32.0,32.0,34.0,84,88,84,91,87,89,89,83,87,78,78,78,78,16,12,16,9,13,11,11,17,13,22,22,22,22,91,91,Yes,No,No,Yes,No,Yes,Yes,No,No,No,No,No,No,No,No,No,No,No,No,No,No,No,No,No,No,No,No,No,No,No,No,No,No,No,No,No,No,No,No,Yes,No,No,90,91,43,0.000,0.000,0.000,0.000,0.000,0.000,0.000,1.250,93.572,107.415,95.279,10.192,0.917,150.0,175.0,96.000,0.0,99.6,99.2,99.5,99.7,99.7,99.8,99.8,99.8,99.8,99.6,99.7,99.8,99.7,99.8,99.8,99.6,99.8,98.9,99.2,99.4,99.5,0.0,0.0,0.0,0.0,0.0,0.0,0.0,0.0,0.0,0.1,0.1,0.0,0.0,0.0,0.0,0.0,0.0,0.0,0.0,0.0,0.0,0.0,0.0,0.0,0.0,0.0,0.0,0.0,0.0,0.0,0.0,0.0,0.0,0.0,0.0,2793.2,28.00,36,36,36,76,112,447,2,2,Yes,No,Yes,No,No,No,No,No,No,No,No,No,No,No,No,No,No,No,No,No,No,No,No,No,No,No,No,Yes,No,Yes,No,No,No,No,No,No,No,No,32,45,32,90,78,43,1.030,5.040,3.424,3.328,12.192,2.024,0.664,3.424,3.200,1.072,1.264,1.648,1.064,1.000,1.000,0.896,1.824,1802,2000,3488,43.0,43.0,40.0,1.095,62.000,38.8,1.260,1.260,1.800,1.800,1.140,4.970,2.375,No,No,No,1.260,1.260,1.800,1.800,1.185,4.970,2.500,No,No,No,49,49,57,100.0,100.0,No,No,14698,23904,31,31,No,No,1299,631,0.0,2.3,2.3,0.008,0.462,16427,38549,0.0,0.0,0.0,0.000,0.000,0,27.2,30.0,30.1,84.0,0.910,12.164,12.155,12.166,12.171,0,0,11.563,5.943,10.907,10.889,3.615,0.000,8.545,7.643,210.0,50.6,1185.0,68.0,1290.0,1.0,2.0,0.0,0.0,10.7,0.2,1.1,0.0,0.0,0.0,0.0,0,0,Yes,No,No,No,No,Yes,No,5.4,8.0,3,0,0,0,0,0,0,0,0,76,0,0,0,0,0,0,0,0,0,0,0,0,0,0,0,0,0,0,0,0,10971,1311,1048,67,2.5,0,0,0,15.0,15.4,62.8,1.6,15.6,64.98,615.27,15.91,1.56,56.52,58.09,0.00,767,17,0.1,0.1,0,0,0.0,0.0,0,38.2,0.000,
14.10.2025,11:58:38.744,24410,45006,35.1,18716,46604,28.6,0.0,1.025,1.023,1.000,0.998,0.998,0.999,1.044,1.048,1.057,1.033,1.033,1.033,1.033,1.251,3574.6,3790.7,3691.0,3691.0,3691.0,3691.0,3790.7,3890.5,3890.5,3192.2,3192.2,3192.2,3192.2,99.8,3391.7,3630.5,3741.9,3747.8,3754.1,3754.8,3758.3,3757.8,3757.6,3758.6,3752.4,3758.0,3757.4,3757.0,3757.6,3756.4,3752.1,3758.9,3121.4,3135.1,3136.9,3136.9,3685.4,100.0,100.0,100.0,100.0,99.9,100.0,99.9,99.9,100.0,100.0,100.0,100.0,99.9,100.0,100.0,100.0,100.0,100.0,100.0,100.0,100.0,100.0,100.0,100.0,101.4,104.8,104.8,104.8,104.8,104.8,104.8,104.8,104.8,104.8,104.9,104.8,104.8,104.8,104.8,104.9,104.9,87.8,87.8,87.8,87.8,101.4,35.8,38.0,37.0,37.0,37.0,37.0,38.0,39.0,39.0,32.0,32.0,32.0,32.0,34.0,83,85,84,88,84,89,84,81,87,79,79,79,79,17,15,16,12,16,11,16,19,13,21,21,21,21,90,89,Yes,No,No,Yes,No,No,No,No,No,No,No,No,No,No,No,No,No,No,No,No,No,No,No,No,No,No,No,No,No,No,No,No,No,No,No,No,No,No,No,Yes,No,No,90,90,44,0.000,0.000,0.000,0.000,0.000,0.000,0.000,1.250,87.228,106.860,94.830,10.109,0.890,150.0,175.0,88.000,0.0,99.6,99.4,99.5,99.7,99.7,99.8,99.8,99.8,99.8,99.6,99.8,99.8,99.8,99.8,99.8,99.6,99.8,99.0,99.4,99.5,99.5,0.0,0.0,0.0,0.0,0.0,0.0,0.0,0.0,0.0,0.0,0.0,0.0,0.0,0.0,0.0,0.0,0.0,0.0,0.0,0.0,0.0,0.0,0.0,0.0,0.0,0.0,0.0,0.0,0.0,0.0,0.0,0.0,0.0,0.0,0.0,2793.2,28.00,36,36,36,76,112,447,2,2,Yes,No,Yes,No,No,No,No,No,No,No,No,No,No,No,No,No,No,No,No,No,No,No,No,No,No,No,No,Yes,No,Yes,No,No,No,No,No,No,No,No,32,45,32,90,79,42,1.048,5.040,3.424,3.328,12.192,2.024,0.656,3.424,3.200,1.072,1.264,1.648,1.064,1.000,1.000,0.896,1.824,1804,2011,3375,42.0,44.0,40.0,1.090,55.000,38.8,1.260,1.260,1.800,1.800,1.140,5.040,1.500,No,No,No,1.260,1.260,1.800,1.800,1.140,5.040,2.375,No,No,No,49,49,56,100.0,100.0,No,No,14698,23904,31,31,No,No,1299,631,0.0,0.1,0.1,0.039,0.641,16428,38550,0.0,0.0,0.0,0.000,0.000,0,27.2,30.0,30.0,84.0,0.910,12.164,12.154,12.167,12.171,0,0,11.260,5.832,10.923,10.950,3.676,0.036,7.588,7.648,210.0,50.6,1185.0,52.3,1290.0,0.0,17.0,0.0,0.0,10.7,0.2,0.9,0.0,0.0,0.0,0.0,0,0,Yes,No,No,No,No,Yes,No,5.5,7.4,3,0,0,0,0,0,0,0,0,76,0,0,0,0,0,0,0,0,0,0,0,0,0,0,0,0,0,0,0,0,10971,1311,1048,67,2.5,0,0,0,15.0,14.9,63.5,1.8,15.1,67.21,562.99,15.75,1.79,74.41,76.20,0.00,767,17,0.2,0.2,0,0,0.0,0.0,0,38.2,0.000,
14.10.2025,11:58:40.746,24409,45007,35.1,18717,46603,28.6,0.0,1.044,1.056,1.038,1.035,1.038,1.040,1.037,1.039,1.038,1.052,1.052,1.052,1.052,1.251,3599.5,3890.5,3790.7,3790.7,3790.7,3790.7,3790.7,3790.7,3790.7,3192.2,3192.2,3192.2,3192.2,99.8,3491.5,3642.4,3750.0,3761.6,3766.7,3769.0,3770.0,3769.9,3770.0,3768.6,3767.2,3769.6,3770.5,3769.8,3770.6,3771.0,3765.7,3772.1,3130.7,3143.9,3145.7,3145.5,3697.6,100.0,100.0,100.0,100.0,100.0,100.0,100.0,100.0,99.9,100.0,100.0,100.0,99.9,100.0,100.0,100.0,100.0,100.0,100.0,100.0,100.0,100.0,100.0,100.0,101.7,105.1,105.1,105.1,105.1,105.1,105.1,105.1,105.1,105.1,105.1,105.1,105.1,105.1,105.2,105.2,105.2,88.0,88.0,88.0,88.0,101.7,36.1,39.0,38.0,38.0,38.0,38.0,38.0,38.0,38.0,32.0,32.0,32.0,32.0,35.0,85,86,87,90,85,87,88,81,89,81,81,81,81,15,14,13,10,15,13,12,19,11,19,19,19,19,91,90,Yes,No,No,Yes,No,Yes,No,No,Yes,No,No,No,No,No,No,No,No,No,No,No,No,No,No,No,No,No,No,No,No,No,No,No,No,No,No,No,No,No,No,Yes,No,No,90,90,43,0.000,0.000,0.000,0.000,0.000,0.000,0.000,1.250,98.330,107.849,95.757,10.161,0.900,150.0,175.0,104.000,0.0,99.7,99.3,99.6,99.7,99.8,99.8,99.8,99.8,99.8,99.7,99.8,99.8,99.8,99.8,99.8,99.6,99.8,99.0,99.4,99.5,99.5,0.0,0.0,0.0,0.0,0.0,0.0,0.0,0.0,0.0,0.0,0.0,0.0,0.0,0.0,0.0,0.0,0.0,0.0,0.0,0.0,0.0,0.0,0.0,0.0,0.0,0.0,0.0,0.0,0.0,0.0,0.0,0.0,0.0,0.0,0.0,2793.2,28.00,36,36,36,76,112,447,2,2,Yes,No,Yes,No,No,No,No,No,No,No,No,No,No,No,No,No,No,No,No,No,No,No,No,No,No,No,No,Yes,No,Yes,No,No,No,No,No,No,No,No,32,45,32,89,78,42,1.057,5.080,3.424,3.328,12.192,2.024,0.656,3.424,3.200,1.072,1.264,1.648,1.064,1.000,1.000,0.896,1.824,1802,1994,3383,43.0,44.0,40.0,1.090,60.000,38.8,1.260,1.260,1.800,1.800,1.140,5.040,2.625,No,No,No,1.260,1.260,1.800,1.800,1.140,5.040,1.375,No,No,No,49,49,56,100.0,100.0,No,No,14698,23904,31,31,No,No,1299,631,0.0,0.0,0.0,0.013,0.285,16428,38550,0.0,0.0,0.0,0.000,0.000,0,27.2,28.0,30.1,84.0,0.910,12.166,12.159,12.167,12.172,0,0,11.079,5.756,10.951,10.707,3.408,0.000,7.587,7.641,210.0,50.6,1185.0,40.2,1290.0,0.0,3.0,0.0,0.0,10.7,0.0,0.1,0.0,0.0,0.0,0.0,0,0,Yes,No,No,No,No,Yes,No,5.4,7.4,3,0,0,0,0,0,0,0,0,76,0,0,0,0,0,0,0,0,0,0,0,0,0,0,0,0,0,0,0,0,10971,1311,1048,67,2.5,0,0,0,15.0,12.3,60.3,1.1,12.5,81.23,921.55,16.58,1.27,242.36,243.53,0.00,767,17,1.3,2.5,0,0,0.0,0.0,0,38.2,0.000,
14.10.2025,11:58:42.739,24408,45008,35.1,18719,46601,28.6,0.0,1.040,1.015,1.040,1.039,1.041,1.023,1.032,1.033,1.044,1.040,1.056,1.056,1.056,1.251,3582.9,3691.0,3790.7,3790.7,3790.7,3790.7,3790.7,3790.7,3790.7,3192.2,3192.2,3192.2,3192.2,99.8,3291.9,3630.3,3742.2,3748.5,3755.0,3756.2,3757.6,3757.8,3757.8,3757.8,3754.5,3757.5,3756.2,3756.6,3755.2,3755.6,3749.8,3755.4,3125.4,3132.9,3137.4,3137.4,3685.1,100.0,100.0,100.0,100.0,100.0,100.0,100.0,100.0,100.0,100.0,100.0,100.0,100.0,100.0,100.0,100.0,100.0,100.0,100.0,100.0,100.0,100.0,100.0,100.0,101.4,104.8,104.7,104.8,104.8,104.8,104.8,104.8,104.8,104.8,104.8,104.8,104.8,104.7,104.8,104.8,104.8,87.8,87.8,87.8,87.8,101.4,35.9,37.0,38.0,38.0,38.0,38.0,38.0,38.0,38.0,32.0,32.0,32.0,32.0,33.0,84,85,83,90,85,89,87,83,89,78,79,79,79,16,15,17,10,15,11,13,17,11,22,21,21,21,89,90,Yes,No,No,Yes,No,Yes,No,No,Yes,No,No,No,No,No,No,No,No,No,No,No,No,No,No,No,No,No,No,No,No,No,No,No,No,No,No,No,No,No,No,No,No,No,90,90,44,0.000,0.000,0.000,0.000,0.000,0.000,0.000,1.250,93.572,107.851,95.847,10.089,0.883,150.0,175.0,96.000,0.0,99.7,99.4,99.6,99.7,99.8,99.8,99.8,99.8,99.8,99.7,99.8,99.8,99.8,99.8,99.8,99.6,99.8,99.1,99.4,99.5,99.5,0.0,0.0,0.0,0.0,0.0,0.0,0.0,0.0,0.0,0.0,0.0,0.0,0.0,0.0,0.0,0.0,0.0,0.0,0.0,0.0,0.0,0.0,0.0,0.0,0.0,0.0,0.0,0.0,0.0,0.0,0.0,0.0,0.0,0.0,0.0,2793.2,28.00,36,36,36,76,112,447,2,2,Yes,No,Yes,No,No,No,No,No,No,No,No,No,No,No,No,No,No,No,No,No,No,No,No,No,No,No,No,Yes,No,Yes,No,No,No,No,No,No,No,No,32,45,32,89,79,43,1.066,5.040,3.424,3.328,12.192,2.024,0.656,3.424,3.200,1.072,1.264,1.648,1.064,1.000,1.000,0.896,1.824,1800,1991,3443,43.0,43.0,40.0,1.085,54.000,38.8,1.260,1.260,1.800,1.800,1.140,5.040,1.125,No,No,No,1.260,1.260,1.800,1.800,1.140,5.040,2.000,No,No,No,49,49,57,100.0,100.0,No,No,14698,23904,31,31,No,No,1299,631,0.0,0.1,0.1,0.025,0.788,16428,38552,0.0,0.0,0.0,0.000,0.000,0,27.2,30.0,30.0,84.0,0.910,12.166,12.158,12.168,12.173,0,0,11.044,5.824,11.100,10.963,3.567,0.000,7.502,7.634,210.0,50.6,1185.0,37.4,1290.0,0.0,3.0,0.0,0.0,10.7,0.0,0.1,0.0,0.0,0.0,0.0,0,0,Yes,No,No,No,No,Yes,No,5.5,7.3,3,0,0,0,0,0,0,0,0,76,0,0,0,0,0,0,0,0,0,0,0,0,0,0,0,0,0,0,0,0,10971,1311,1048,67,2.5,0,0,0,15.0,9.6,160.8,1.0,9.7,104.69,985.66,6.22,1.36,332.07,333.46,0.00,767,17,0.0,0.0,0,0,0.0,0.0,0,38.2,0.000,
14.10.2025,11:58:44.743,24408,45008,35.1,18718,46602,28.6,0.0,1.015,1.030,1.010,1.008,1.006,1.012,1.028,1.034,1.009,1.010,1.010,1.010,1.010,1.251,3508.1,3790.7,3691.0,3691.0,3691.0,3691.0,3790.7,3691.0,3691.0,3092.4,3092.4,3092.4,3092.4,99.8,3391.7,3637.2,3749.8,3759.4,3763.7,3765.1,3764.2,3764.1,3764.7,3765.3,3759.8,3764.6,3761.0,3763.7,3763.8,3765.3,3760.2,3765.6,3131.0,3133.9,3138.3,3139.6,3692.5,100.0,100.0,99.9,99.9,99.9,99.9,99.9,99.9,99.9,100.0,100.0,99.9,99.9,99.9,100.0,100.0,100.0,100.0,100.0,100.0,100.0,100.0,100.0,100.0,101.6,105.0,105.0,105.0,105.0,105.0,105.0,105.0,105.1,105.1,105.1,105.0,105.0,105.0,105.1,105.1,105.1,87.9,87.9,87.9,87.9,101.6,35.2,38.0,37.0,37.0,37.0,37.0,38.0,37.0,37.0,31.0,31.0,31.0,31.0,34.0,84,85,86,90,87,87,89,80,89,80,80,80,80,16,15,14,10,13,13,11,20,11,20,20,20,20,91,90,Yes,No,No,Yes,No,No,Yes,No,Yes,No,No,No,No,No,No,No,No,No,No,No,No,No,No,No,No,No,No,No,No,No,No,No,No,No,No,No,No,No,No,Yes,No,No,90,90,44,0.000,0.000,0.000,0.000,0.000,0.000,0.000,1.250,93.572,107.597,95.496,10.167,0.907,150.0,175.0,72.000,0.0,99.6,99.4,99.6,99.7,99.7,99.7,99.7,99.7,99.8,99.6,99.8,99.7,99.8,99.8,99.8,99.6,99.8,99.2,99.3,99.5,99.5,0.0,0.0,0.0,0.0,0.0,0.0,0.0,0.0,0.0,0.0,0.0,0.0,0.0,0.0,0.0,0.0,0.0,0.0,0.0,0.0,0.0,0.0,0.0,0.0,0.0,0.0,0.0,0.0,0.0,0.0,0.0,0.0,0.0,0.0,0.0,2793.2,28.00,36,36,36,76,112,447,2,2,Yes,No,Yes,No,No,No,No,No,No,No,No,No,No,No,No,No,No,No,No,No,No,No,No,No,No,No,No,Yes,No,Yes,No,No,No,No,No,No,No,No,32,45,32,90,78,42,1.048,5.040,3.424,3.328,12.192,2.024,0.656,3.424,3.200,1.072,1.264,1.648,1.064,1.000,1.000,0.896,1.824,1800,1997,3308,43.0,43.0,40.0,1.065,49.000,38.8,1.260,1.260,1.800,1.800,1.140,5.040,1.875,No,No,No,1.260,1.260,1.800,1.800,1.140,5.040,1.375,No,No,No,49,49,59,100.0,100.0,No,No,14698,23904,31,31,No,No,1299,631,0.0,1.2,1.2,0.023,13.375,16428,38578,0.0,0.0,0.0,0.000,0.000,0,27.2,30.0,30.0,84.0,0.910,12.166,12.156,12.168,12.173,0,0,11.066,5.753,10.509,10.708,3.700,0.205,7.505,7.644,210.0,50.6,1185.0,42.3,1290.0,2.0,5.0,0.0,0.0,10.7,0.0,0.2,0.0,0.0,0.0,0.0,0,0,Yes,No,No,No,No,Yes,No,5.4,7.6,3,0,0,0,0,0,0,0,0,76,0,0,0,0,0,0,0,0,0,0,0,0,0,0,0,0,0,0,0,0,10971,1311,1048,67,2.5,0,0,0,15.0,7.9,107.7,1.0,7.1,125.89,984.73,9.29,1.39,331.83,333.21,0.00,767,17,0.1,0.0,0,0,0.0,0.0,0,38.2,0.000,
14.10.2025,11:58:46.744,24407,45009,35.1,18717,46604,28.6,0.0,1.033,1.003,0.998,0.998,1.087,1.059,1.032,1.037,1.035,1.035,1.027,1.040,1.040,1.251,3582.9,3691.0,3691.0,3691.0,3890.5,3890.5,3790.7,3790.7,3790.7,3192.2,3192.2,3192.2,3192.2,99.8,3291.9,3629.5,3739.6,3746.6,3751.7,3754.7,3754.6,3754.6,3753.9,3753.6,3752.4,3755.4,3754.3,3755.7,3756.2,3756.6,3751.5,3757.5,3130.7,3136.1,3136.1,3137.5,3684.2,100.0,100.0,99.9,99.9,100.0,100.0,100.0,99.9,99.9,99.9,100.0,99.9,100.0,100.0,100.0,100.0,100.0,100.0,100.0,100.0,100.0,100.0,100.0,100.0,101.3,104.7,104.7,104.7,104.8,104.7,104.7,104.7,104.7,104.7,104.8,104.7,104.7,104.8,104.8,104.8,104.8,87.8,87.8,87.8,87.7,101.3,35.9,37.0,37.0,37.0,39.0,39.0,38.0,38.0,38.0,32.0,32.0,32.0,32.0,33.0,83,85,84,88,83,87,88,81,87,77,79,79,79,17,15,16,12,17,13,12,19,13,23,21,21,21,90,88,Yes,No,No,Yes,No,No,No,No,No,No,No,No,No,No,No,No,No,No,No,No,No,No,No,No,No,No,No,No,No,No,No,No,No,No,No,No,No,No,No,Yes,No,No,91,91,44,0.000,0.000,0.000,0.000,0.000,0.000,0.000,1.250,85.642,106.931,94.949,10.080,0.873,150.0,175.0,88.000,0.0,99.7,99.4,99.6,99.7,99.8,99.8,99.8,99.8,99.7,99.7,99.8,99.7,99.8,99.8,99.8,99.6,99.8,99.3,99.5,99.5,99.5,0.0,0.0,0.0,0.0,0.0,0.0,0.0,0.0,0.0,0.0,0.0,0.0,0.0,0.0,0.0,0.0,0.0,0.0,0.0,0.0,0.0,0.0,0.0,0.0,0.0,0.0,0.0,0.0,0.0,0.0,0.0,0.0,0.0,0.0,0.0,2793.2,28.00,36,36,36,76,112,447,2,2,Yes,No,Yes,No,No,No,No,No,No,No,No,No,No,No,No,No,No,No,No,No,No,No,No,No,No,No,No,Yes,No,Yes,No,No,No,No,No,No,No,No,32,45,32,89,79,42,1.057,5.040,3.424,3.328,12.192,2.024,0.656,3.424,3.200,1.072,1.264,1.648,1.064,1.000,1.000,0.896,1.824,1804,2005,3443,42.0,44.0,40.0,1.095,52.000,38.8,1.260,1.260,1.800,1.815,1.140,5.040,1.500,No,No,No,1.260,1.260,1.800,1.815,1.140,5.040,1.750,No,No,No,49,49,60,100.0,100.0,No,No,14698,23904,31,31,No,No,1299,631,0.0,1.8,1.8,0.000,18.095,16428,38612,0.0,0.0,0.0,0.000,0.000,0,27.2,30.0,30.0,84.0,0.910,12.165,12.155,12.167,12.172,0,0,10.856,5.766,10.551,10.719,3.688,0.179,7.584,7.643,210.0,50.6,1185.0,32.5,1290.0,0.0,2.0,0.0,0.0,10.7,0.0,0.2,0.0,0.0,0.0,0.0,0,0,Yes,No,No,No,No,Yes,No,5.4,7.2,3,0,0,0,0,0,0,0,0,76,0,0,0,0,0,0,0,0,0,0,0,0,0,0,0,0,0,0,0,0,10971,1311,1048,67,2.5,0,0,0,15.0,6.9,99.6,1.0,7.0,144.76,990.98,10.04,1.39,331.81,333.16,0.00,767,17,0.2,0.1,0,0,0.0,0.0,0,38.2,0.000,
14.10.2025,11:58:48.756,24405,45011,35.1,18709,46611,28.6,0.0,1.045,1.011,1.018,1.071,1.046,1.044,1.044,1.036,1.016,1.066,1.066,1.060,1.060,1.251,3566.3,3691.0,3691.0,3790.7,3790.7,3790.7,3790.7,3790.7,3691.0,3192.2,3192.2,3192.2,3192.2,99.8,3291.9,3625.9,3733.7,3744.7,3748.6,3750.2,3751.4,3751.6,3752.2,3752.4,3750.5,3751.5,3751.3,3751.5,3753.0,3753.3,3746.7,3752.9,3122.6,3131.7,3133.2,3134.8,3680.5,100.0,100.0,100.0,99.9,100.0,100.0,100.0,100.0,100.0,100.0,100.0,100.0,99.9,100.0,100.0,100.0,100.0,100.0,100.0,100.0,100.0,100.0,100.0,100.0,101.3,104.6,104.6,104.6,104.6,104.6,104.6,104.6,104.7,104.7,104.7,104.6,104.6,104.7,104.7,104.7,104.7,87.7,87.7,87.7,87.7,101.3,35.8,37.0,37.0,38.0,38.0,38.0,38.0,38.0,37.0,32.0,32.0,32.0,32.0,33.0,83,86,83,88,85,87,88,81,89,77,77,77,77,17,14,17,12,15,13,12,19,11,23,23,23,23,90,89,Yes,No,No,Yes,No,No,No,No,No,No,No,No,No,No,No,No,No,No,No,No,No,No,No,No,No,No,No,No,No,No,No,No,No,No,No,No,No,No,No,Yes,No,No,90,90,44,0.000,0.000,0.000,0.000,0.000,0.000,0.000,1.250,85.642,107.289,95.302,10.081,0.872,150.0,175.0,88.000,0.0,99.6,99.3,99.6,99.7,99.7,99.8,99.8,99.8,99.8,99.7,99.7,99.8,99.8,99.8,99.8,99.6,99.8,99.1,99.4,99.4,99.5,0.0,0.0,0.0,0.0,0.0,0.0,0.0,0.0,0.0,0.0,0.0,0.0,0.0,0.0,0.0,0.0,0.0,0.0,0.0,0.0,0.0,0.0,0.0,0.0,0.0,0.0,0.0,0.0,0.0,0.0,0.0,0.0,0.0,0.0,0.0,2793.2,28.00,36,36,36,76,112,447,2,2,Yes,No,Yes,No,No,No,No,No,No,No,No,No,No,No,No,No,No,No,No,No,No,No,No,No,No,No,No,Yes,No,Yes,No,No,No,No,No,No,No,No,32,45,32,89,78,42,1.057,5.040,3.424,3.328,12.192,2.024,0.656,3.424,3.200,1.072,1.264,1.648,1.064,1.000,1.000,0.896,1.824,1804,1997,3391,43.0,44.0,40.0,1.090,52.000,38.8,1.260,1.260,1.800,1.815,1.140,5.040,3.000,No,No,No,1.260,1.260,1.800,1.815,1.185,5.040,1.375,No,No,No,49,49,58,100.0,100.0,No,No,14699,23904,31,31,No,No,1299,631,1.1,0.5,1.6,0.327,3.600,16428,38619,0.0,0.0,0.0,0.000,0.000,0,27.2,30.0,30.0,84.0,0.910,12.166,12.157,12.168,12.172,0,0,10.792,5.782,10.841,10.805,3.591,0.000,7.588,7.648,210.0,50.6,1185.0,35.9,1290.0,0.0,2.0,0.0,0.0,10.7,0.0,0.2,0.0,0.0,0.0,0.0,0,0,Yes,No,No,No,No,Yes,No,5.4,7.2,3,0,0,0,0,0,0,0,0,76,0,0,0,0,0,0,0,0,0,0,0,0,0,0,0,0,0,0,0,0,10971,1311,1048,67,2.5,0,0,0,15.0,6.2,63.8,1.0,6.2,162.43,980.66,15.67,1.43,334.59,336.12,0.00,767,17,0.8,0.2,0,0,0.0,0.0,0,38.2,0.000,
14.10.2025,11:58:50.759,24409,45008,35.1,18732,46589,28.6,0.0,1.018,1.013,1.035,1.013,1.014,1.042,1.012,1.008,1.036,1.004,1.017,1.015,1.015,1.251,3516.4,3691.0,3790.7,3691.0,3691.0,3790.7,3691.0,3691.0,3790.7,3092.4,3092.4,3092.4,3092.4,99.8,3291.9,3646.8,3754.8,3766.6,3769.2,3776.3,3778.6,3775.7,3778.0,3772.8,3764.4,3772.1,3777.5,3778.5,3779.1,3778.6,3773.8,3780.3,3126.1,3142.6,3144.5,3145.8,3702.5,99.9,99.8,99.9,99.9,99.9,99.9,99.8,99.9,99.7,99.8,99.8,99.9,99.9,99.9,99.9,100.0,100.0,99.8,99.9,99.9,100.0,100.0,99.9,100.0,101.9,105.3,105.4,105.3,105.4,105.4,105.3,105.4,105.2,105.4,105.3,105.4,105.4,105.5,105.4,105.5,105.5,88.1,88.1,88.1,88.2,101.9,35.2,37.0,38.0,37.0,37.0,38.0,37.0,37.0,38.0,31.0,31.0,31.0,31.0,33.0,84,85,84,91,87,87,88,81,87,79,79,79,79,16,15,16,9,13,13,12,19,13,21,21,21,21,90,91,Yes,No,No,Yes,No,No,No,No,No,No,No,No,No,No,No,No,No,No,No,No,No,No,No,No,No,No,No,No,No,No,No,No,No,No,No,No,No,No,No,Yes,No,No,90,90,44,0.000,0.000,0.000,0.000,0.000,0.000,0.000,1.250,93.572,107.103,94.996,10.171,0.907,150.0,175.0,104.000,0.0,99.5,99.1,99.4,99.5,99.7,99.7,99.6,99.7,99.6,99.3,99.5,99.7,99.7,99.8,99.7,99.6,99.8,98.7,99.3,99.3,99.4,0.0,0.0,0.0,0.0,0.0,0.0,0.0,0.0,0.0,0.1,0.1,0.1,0.0,0.0,0.0,0.0,0.0,0.0,0.0,0.0,0.0,0.0,0.0,0.0,0.0,0.0,0.0,0.0,0.0,0.0,0.0,0.0,0.0,0.0,0.0,2793.2,28.00,36,36,36,76,112,447,2,2,Yes,No,Yes,No,No,No,No,No,No,No,No,No,No,No,No,No,No,No,No,No,No,No,No,No,No,No,No,Yes,No,Yes,No,No,No,No,No,No,No,No,32,45,32,90,78,42,1.048,5.040,3.424,3.328,12.192,2.024,0.656,3.424,3.200,1.072,1.264,1.648,1.064,1.000,1.000,0.896,1.824,1804,1997,3488,42.0,44.0,40.0,1.060,53.000,38.8,1.260,1.260,1.800,1.815,1.140,5.040,1.875,No,No,No,1.260,1.260,1.800,1.815,1.140,5.040,1.500,No,No,No,49,49,60,100.0,100.0,No,No,14699,23904,31,31,No,No,1299,631,8.3,0.4,8.7,12.993,2.661,16454,38624,0.0,0.0,0.0,0.000,0.000,0,27.3,30.0,30.0,84.0,0.910,12.165,12.157,12.168,12.170,0,0,11.936,6.602,11.103,12.801,5.403,1.704,7.515,7.691,210.0,50.6,1185.0,75.6,1290.0,12.0,2.0,0.0,1.0,10.7,0.3,1.3,0.0,0.0,0.0,0.0,0,0,Yes,No,No,No,No,Yes,No,6.4,8.5,3,0,0,0,0,0,0,0,0,76,0,0,0,0,0,0,0,0,0,0,0,0,0,0,0,0,0,0,0,0,10971,1311,1048,67,2.5,0,0,0,15.0,10.2,70.5,1.0,10.3,98.44,961.08,14.18,1.23,65.76,67.00,0.00,767,17,2.7,0.2,0,0,0.0,0.0,0,38.2,0.000,
14.10.2025,11:58:52.765,24398,45018,35.1,18725,46595,28.6,0.0,1.025,1.032,1.036,1.037,0.997,1.044,1.039,1.015,1.017,1.012,1.014,1.013,1.041,1.251,3541.3,3790.7,3790.7,3790.7,3691.0,3790.7,3790.7,3691.0,3691.0,3092.4,3092.4,3092.4,3192.2,99.8,3391.7,3607.1,3712.3,3724.6,3730.7,3732.3,3731.9,3734.0,3732.3,3734.0,3727.2,3730.2,3732.9,3732.1,3734.2,3734.1,3728.3,3734.0,3103.7,3116.4,3116.9,3119.7,3661.4,100.0,99.9,100.0,100.0,100.0,99.9,100.0,99.9,100.0,100.0,100.0,100.0,99.9,100.0,100.0,100.0,100.0,99.9,100.0,100.0,100.0,100.0,100.0,100.0,100.7,104.0,104.1,104.1,104.1,104.1,104.1,104.1,104.1,104.1,104.1,104.1,104.1,104.1,104.1,104.1,104.1,87.2,87.3,87.3,87.3,100.7,35.5,38.0,38.0,38.0,37.0,38.0,38.0,37.0,37.0,31.0,31.0,31.0,32.0,34.0,84,86,86,90,87,87,88,81,85,78,78,78,78,16,14,14,10,13,13,12,19,15,22,22,22,22,90,90,Yes,No,No,Yes,No,No,No,No,No,No,No,No,No,No,No,No,No,No,No,No,No,No,No,No,No,No,No,No,No,No,No,No,No,No,No,No,No,No,No,Yes,No,No,91,91,44,0.000,0.000,0.000,0.000,0.000,0.000,0.000,1.250,95.158,107.007,95.025,10.075,0.876,150.0,175.0,104.000,0.0,99.6,99.3,99.6,99.7,99.8,99.8,99.8,99.8,99.8,99.6,99.7,99.8,99.8,99.8,99.8,99.7,99.8,99.0,99.4,99.4,99.5,0.0,0.0,0.0,0.0,0.0,0.0,0.0,0.0,0.0,0.1,0.0,0.0,0.0,0.0,0.0,0.0,0.0,0.0,0.0,0.0,0.0,0.0,0.0,0.0,0.0,0.0,0.0,0.0,0.0,0.0,0.0,0.0,0.0,0.0,0.0,2793.2,28.00,36,36,36,76,112,447,2,2,Yes,No,Yes,No,No,No,No,No,No,No,No,No,No,No,No,No,No,No,No,No,No,No,No,No,No,No,No,Yes,No,Yes,No,No,No,No,No,No,No,No,32,45,32,90,78,42,1.039,5.040,3.424,3.328,12.192,2.024,0.656,3.424,3.200,1.072,1.264,1.648,1.064,1.000,1.000,0.896,1.824,1800,2000,3479,43.0,44.0,40.0,1.075,56.000,38.8,1.260,1.260,1.800,1.815,1.140,5.040,1.125,No,No,No,1.260,1.260,1.800,1.815,1.140,5.040,1.875,No,No,No,49,49,59,100.0,100.0,No,No,14699,23904,31,31,No,No,1299,631,2.7,0.5,3.1,3.711,1.798,16461,38627,0.0,0.0,0.0,0.000,0.000,0,27.2,30.0,30.0,84.0,0.910,12.164,12.154,12.166,12.171,0,0,10.855,5.789,10.622,10.816,3.737,0.196,7.502,7.649,210.0,50.6,1185.0,37.6,1290.0,0.0,7.0,0.0,0.0,10.7,0.0,0.2,0.0,0.0,0.0,0.0,0,0,Yes,No,No,No,No,Yes,No,5.4,7.5,3,0,0,0,0,0,0,0,0,76,0,0,0,0,0,0,0,0,0,0,0,0,0,0,0,0,0,0,0,0,10971,1311,1048,66,2.5,0,0,0,15.0,9.3,64.2,1.1,9.4,107.99,872.18,15.58,1.27,143.18,144.45,0.00,767,17,1.3,0.1,0,0,0.0,0.0,0,38.2,0.000,
14.10.2025,11:58:54.773,24387,45029,35.1,18721,46599,28.6,0.0,1.033,1.049,1.052,1.040,1.057,1.012,1.016,1.012,1.015,1.037,1.037,1.037,1.037,1.251,3558.0,3790.7,3790.7,3790.7,3790.7,3691.0,3691.0,3691.0,3691.0,3192.2,3192.2,3192.2,3192.2,99.8,3391.7,3617.1,3717.1,3728.0,3739.0,3742.4,3741.8,3744.3,3747.1,3746.6,3731.1,3742.4,3740.7,3743.7,3746.8,3748.1,3742.9,3748.5,3109.4,3123.7,3128.7,3128.7,3671.3,99.9,99.8,99.9,99.9,100.0,99.8,99.9,99.9,99.9,99.9,100.0,99.8,99.9,99.9,100.0,100.0,100.0,99.8,100.0,100.0,100.0,100.0,99.9,100.0,101.1,104.3,104.4,104.5,104.5,104.4,104.4,104.5,104.5,104.4,104.5,104.4,104.4,104.5,104.5,104.6,104.6,87.5,87.6,87.6,87.6,101.1,35.7,38.0,38.0,38.0,38.0,37.0,37.0,37.0,37.0,32.0,32.0,32.0,32.0,34.0,83,86,83,90,85,89,87,81,86,78,78,78,78,17,14,17,10,15,11,13,19,14,22,22,22,22,90,90,Yes,No,No,Yes,No,No,No,No,No,No,No,No,No,No,No,No,No,No,No,No,No,No,No,No,No,No,No,No,No,No,No,No,No,No,No,No,No,No,No,Yes,No,No,91,91,44,0.000,0.000,0.000,0.000,0.000,0.000,0.000,1.250,95.158,106.147,94.450,9.870,0.801,150.0,175.0,104.000,0.0,99.5,99.1,99.3,99.6,99.7,99.6,99.7,99.8,99.7,99.4,99.7,99.6,99.7,99.8,99.8,99.6,99.8,98.8,99.3,99.4,99.4,0.0,0.0,0.0,0.0,0.0,0.0,0.0,0.0,0.0,0.1,0.0,0.0,0.0,0.0,0.0,0.0,0.0,0.0,0.0,0.0,0.0,0.0,0.0,0.0,0.0,0.0,0.0,0.0,0.0,0.0,0.0,0.0,0.0,0.0,0.0,2793.2,28.00,36,36,36,76,112,447,2,2,Yes,No,Yes,No,No,No,No,No,No,No,No,No,No,No,No,No,No,No,No,No,No,No,No,No,No,No,No,Yes,No,Yes,No,No,No,No,No,No,No,No,32,45,32,89,78,42,1.057,5.040,3.424,3.328,12.192,2.024,0.656,3.424,3.200,1.072,1.264,1.648,1.064,1.000,1.000,0.896,1.824,1802,2011,3349,42.0,44.0,40.0,1.120,59.000,38.8,1.260,1.260,1.800,1.815,1.140,5.040,2.000,No,No,No,1.260,1.260,1.800,1.815,1.140,5.040,1.625,No,No,No,49,49,58,100.0,100.0,No,No,14699,23904,31,31,No,No,1299,631,3.2,0.1,3.3,5.651,0.425,16472,38628,0.0,0.0,0.0,0.000,0.000,0,27.3,30.0,30.2,84.0,0.910,12.164,12.158,12.166,12.168,0,0,11.833,6.622,11.520,12.884,5.196,1.366,7.585,7.803,210.0,50.6,1185.0,71.0,1290.0,18.0,3.0,0.0,2.0,10.7,0.6,2.8,0.0,0.0,0.0,0.0,0,0,Yes,No,No,No,No,Yes,No,6.5,9.8,3,0,0,0,0,0,0,0,0,76,0,0,0,0,0,0,0,0,0,0,0,0,0,0,0,0,0,0,0,0,10971,1311,1049,66,2.5,0,0,0,15.0,18.2,101.7,3.6,18.4,55.05,278.86,9.83,1.69,28.32,30.00,0.00,767,17,0.2,0.0,0,0,0.0,0.0,0,38.2,0.000,
14.10.2025,11:58:56.767,24388,45029,35.1,18722,46598,28.6,0.0,1.021,1.055,1.060,1.056,0.998,1.016,1.011,1.008,1.011,1.009,1.009,1.009,1.009,1.251,3533.0,3790.7,3890.5,3890.5,3691.0,3691.0,3691.0,3691.0,3691.0,3092.4,3092.4,3092.4,3092.4,99.8,3391.7,3613.6,3713.2,3730.1,3735.4,3740.2,3740.7,3741.5,3742.6,3743.2,3730.2,3738.6,3742.5,3740.2,3744.6,3742.5,3730.8,3741.5,3104.7,3119.1,3126.2,3124.4,3667.9,99.9,99.9,100.0,99.9,99.9,99.9,99.9,99.9,99.9,99.9,99.9,99.9,99.9,99.9,99.9,99.7,99.9,99.7,99.8,99.9,99.9,100.0,99.9,100.0,101.0,104.2,104.3,104.3,104.4,104.3,104.3,104.4,104.4,104.3,104.4,104.4,104.3,104.4,104.4,104.2,104.3,87.4,87.4,87.5,87.5,101.0,35.4,38.0,39.0,39.0,37.0,37.0,37.0,37.0,37.0,31.0,31.0,31.0,31.0,34.0,83,84,86,90,87,83,85,82,87,78,78,78,78,17,16,14,10,13,17,15,18,13,22,22,22,22,88,90,Yes,No,No,Yes,No,Yes,No,No,No,No,No,No,No,No,No,No,No,No,No,No,No,No,No,No,No,No,No,No,No,No,No,No,No,No,No,No,No,No,No,Yes,No,No,90,90,44,0.000,0.000,0.000,0.000,0.000,0.000,0.000,1.250,84.056,106.524,94.628,10.021,0.844,150.0,175.0,88.000,0.0,99.5,99.1,99.5,99.6,99.7,99.7,99.7,99.7,99.8,99.4,99.6,99.7,99.7,99.7,99.7,99.4,99.7,98.7,99.2,99.4,99.3,0.0,0.0,0.0,0.0,0.0,0.0,0.0,0.0,0.0,0.2,0.2,0.0,0.1,0.0,0.0,0.0,0.0,0.0,0.0,0.0,0.0,0.0,0.0,0.0,0.0,0.0,0.0,0.0,0.0,0.0,0.0,0.0,0.0,0.0,0.0,2793.2,28.00,36,36,36,76,112,447,2,2,Yes,No,Yes,No,No,No,No,No,No,No,No,No,No,No,No,No,No,No,No,No,No,No,No,No,No,No,No,Yes,No,Yes,No,No,No,No,No,No,No,No,32,45,32,90,78,42,1.083,5.040,3.424,3.328,12.192,2.024,0.656,3.424,3.200,1.072,1.264,1.648,1.064,1.000,1.000,0.896,1.824,1804,2000,3443,41.0,44.0,40.0,1.065,55.000,38.8,1.260,1.260,1.800,1.815,1.140,5.040,2.375,No,No,No,1.260,1.260,1.800,1.815,1.140,5.040,1.250,No,No,No,49,49,58,100.0,100.0,No,No,14699,23904,31,31,No,No,1299,631,4.9,0.2,5.1,10.208,1.133,16491,38630,0.0,0.0,0.0,0.000,0.000,0,27.3,30.0,30.1,84.0,0.910,12.164,12.152,12.168,12.172,0,0,11.927,6.029,10.610,11.352,4.285,0.752,7.540,7.665,210.0,50.6,1185.0,79.7,1290.0,0.0,13.0,0.0,0.0,10.7,0.4,2.1,0.0,0.0,0.0,0.0,0,0,Yes,No,No,No,No,Yes,No,5.7,7.4,3,0,0,0,0,0,0,0,0,76,0,0,0,0,0,0,0,0,0,0,0,0,0,0,0,0,0,0,0,0,10971,1311,1049,66,2.5,0,0,0,15.0,27.4,61.1,8.6,25.8,36.55,116.77,16.36,1.67,22.27,23.94,0.00,767,17,0.7,0.1,0,0,0.0,0.0,0,38.2,0.000,
14.10.2025,11:58:58.782,24383,45034,35.1,18719,46601,28.6,0.0,1.051,1.075,1.076,1.080,1.032,1.058,1.035,1.043,1.062,1.038,1.037,1.037,1.037,1.251,3616.2,3890.5,3890.5,3890.5,3790.7,3790.7,3790.7,3790.7,3790.7,3192.2,3192.2,3192.2,3192.2,99.8,3491.5,3630.9,3736.3,3743.8,3755.8,3756.8,3757.8,3756.2,3760.9,3758.0,3751.1,3756.9,3755.9,3759.9,3763.6,3763.9,3754.1,3763.0,3120.1,3134.0,3133.2,3136.9,3686.0,99.9,99.9,99.9,100.0,99.9,99.9,99.9,100.0,99.9,100.0,100.0,99.9,99.9,100.0,100.0,99.9,99.9,99.9,99.9,99.9,99.9,100.0,99.9,100.0,101.5,104.8,104.8,104.9,104.9,104.9,104.8,104.9,104.8,104.9,104.9,104.8,104.9,105.0,105.0,104.9,104.9,87.7,87.8,87.7,87.7,101.5,36.2,39.0,39.0,39.0,38.0,38.0,38.0,38.0,38.0,32.0,32.0,32.0,32.0,35.0,84,88,82,90,87,87,87,81,87,79,79,79,79,16,12,18,10,13,13,13,19,13,21,21,21,21,89,90,Yes,No,No,Yes,No,Yes,No,No,Yes,No,No,No,No,No,No,No,No,No,No,No,No,No,No,No,No,No,No,No,No,No,No,No,No,No,No,No,No,No,No,Yes,No,No,90,90,44,0.000,0.000,0.000,0.000,0.000,0.000,0.000,1.250,90.400,106.853,94.844,10.107,0.878,150.0,175.0,96.000,0.0,99.5,99.2,99.4,99.6,99.7,99.7,99.7,99.8,99.7,99.5,99.7,99.6,99.7,99.8,99.8,99.5,99.7,98.9,99.3,99.3,99.4,0.0,0.0,0.0,0.0,0.0,0.0,0.0,0.0,0.1,0.1,0.0,0.1,0.1,0.0,0.0,0.0,0.0,0.0,0.0,0.0,0.0,0.0,0.0,0.0,0.0,0.0,0.0,0.0,0.0,0.0,0.0,0.0,0.0,0.0,0.0,2793.2,28.00,36,36,36,76,112,447,2,2,Yes,No,Yes,No,No,No,No,No,No,No,No,No,No,No,No,No,No,No,No,No,No,No,No,No,No,No,No,Yes,No,Yes,No,No,No,No,No,No,No,No,32,45,32,90,79,43,1.039,5.080,3.424,3.328,12.192,2.024,0.656,3.424,3.200,1.072,1.264,1.648,1.064,1.000,1.000,0.896,1.824,1800,2005,3470,42.0,44.0,40.0,1.095,58.000,38.8,1.260,1.260,1.800,1.800,1.140,5.040,3.500,No,No,No,1.260,1.260,1.800,1.815,1.140,5.040,2.250,No,No,No,49,49,58,100.0,100.0,No,No,14699,23904,31,31,No,No,1299,631,2.8,0.1,2.9,5.497,0.671,16502,38632,0.0,0.0,0.0,0.000,0.000,0,27.3,30.0,30.1,84.0,0.910,12.162,12.153,12.166,12.168,0,0,11.808,6.563,11.199,12.677,5.208,1.478,7.585,7.791,210.0,50.6,1185.0,77.2,1290.0,8.0,8.0,0.0,1.0,10.7,0.3,1.7,0.0,0.0,0.0,0.0,0,0,Yes,No,No,No,No,Yes,No,6.3,9.6,3,0,0,0,0,0,0,0,0,76,0,0,0,0,0,0,0,0,0,0,0,0,0,0,0,0,0,0,0,0,10971,1311,1049,66,2.5,0,0,0,15.0,25.6,62.1,2.7,25.8,39.09,376.82,16.09,1.58,48.13,49.70,0.00,767,17,0.4,0.2,0,0,0.0,0.0,0,38.2,0.000,
14.10.2025,11:59:0.750,24390,45026,35.1,18725,46595,28.6,0.0,1.022,1.039,1.040,1.046,1.002,1.009,1.020,1.038,1.011,1.015,1.015,1.015,1.015,1.251,3533.0,3790.7,3790.7,3790.7,3691.0,3691.0,3790.7,3790.7,3691.0,3092.4,3092.4,3092.4,3092.4,99.8,3391.7,3622.5,3726.4,3734.8,3743.2,3749.1,3752.2,3750.4,3751.6,3751.0,3738.9,3744.7,3750.6,3750.8,3752.7,3752.7,3744.0,3750.6,3114.2,3130.4,3132.2,3129.9,3677.1,100.0,100.0,99.9,99.9,100.0,100.0,99.9,100.0,99.9,100.0,100.0,100.0,100.0,100.0,100.0,99.9,100.0,99.9,100.0,100.0,99.9,100.0,100.0,100.0,101.3,104.6,104.5,104.6,104.7,104.7,104.6,104.7,104.7,104.7,104.6,104.7,104.7,104.7,104.7,104.6,104.7,87.7,87.7,87.8,87.7,101.3,35.4,38.0,38.0,38.0,37.0,37.0,38.0,38.0,37.0,31.0,31.0,31.0,31.0,34.0,83,86,83,90,85,88,85,82,89,77,77,77,77,17,14,17,10,15,12,15,18,11,23,23,23,23,91,90,Yes,No,No,Yes,No,Yes,Yes,No,Yes,No,No,No,No,No,No,No,No,No,No,No,No,No,No,No,No,No,No,No,No,No,No,No,No,No,No,No,No,No,No,Yes,No,No,90,90,44,0.000,0.000,0.000,0.000,0.000,0.000,0.000,1.250,90.400,107.402,95.368,10.121,0.879,150.0,175.0,96.000,0.0,99.6,99.2,99.4,99.5,99.7,99.8,99.7,99.8,99.8,99.5,99.6,99.8,99.8,99.8,99.8,99.6,99.8,98.9,99.4,99.4,99.4,0.0,0.0,0.0,0.0,0.0,0.0,0.0,0.0,0.0,0.1,0.0,0.0,0.1,0.0,0.0,0.0,0.0,0.0,0.0,0.0,0.0,0.0,0.0,0.0,0.0,0.0,0.0,0.0,0.0,0.0,0.0,0.0,0.0,0.0,0.0,2793.2,28.00,36,36,36,76,112,447,2,2,Yes,No,Yes,No,No,No,No,No,No,No,No,No,No,No,No,No,No,No,No,No,No,No,No,No,No,No,No,Yes,No,Yes,No,No,No,No,No,No,No,No,32,45,32,90,78,42,1.048,5.040,3.424,3.328,12.192,2.024,0.656,3.424,3.200,1.072,1.264,1.648,1.064,1.000,1.000,0.896,1.824,1804,2014,3417,42.0,44.0,40.0,1.095,48.000,39.0,1.260,1.260,1.800,1.800,1.110,5.040,2.125,No,No,No,1.260,1.260,1.800,1.800,1.185,5.040,1.375,No,No,No,49,49,58,100.0,100.0,No,No,14699,23904,31,31,No,No,1299,631,2.3,0.3,2.6,4.087,0.487,16510,38633,0.0,0.0,0.0,0.000,0.000,0,27.3,30.0,30.1,84.0,0.910,12.166,12.158,12.169,12.172,0,0,11.924,6.379,10.973,12.254,4.942,1.283,7.525,7.676,210.0,50.6,1185.0,75.8,1290.0,19.0,4.0,0.0,2.0,10.7,0.6,2.9,0.0,0.0,0.0,0.0,0,0,Yes,No,No,No,No,Yes,No,6.1,8.1,3,0,0,0,0,0,0,0,0,76,0,0,0,0,0,0,0,0,0,0,0,0,0,0,0,0,0,0,0,0,10970,1312,1050,66,2.5,0,0,0,15.0,32.7,63.2,5.2,32.7,30.57,191.57,15.81,1.57,24.74,26.32,0.00,767,17,4.3,4.6,0,0,0.0,0.0,0,38.5,0.000,
14.10.2025,11:59:2.762,24382,45034,35.1,18724,46597,28.6,0.0,1.007,1.024,1.023,0.996,0.997,0.998,1.023,1.024,0.999,1.000,1.000,1.000,1.000,1.251,3524.7,3790.7,3790.7,3691.0,3691.0,3691.0,3790.7,3790.7,3691.0,3092.4,3092.4,3092.4,3092.4,99.8,3391.7,3639.2,3743.2,3754.2,3759.3,3759.3,3764.1,3768.0,3766.5,3771.5,3754.2,3767.1,3770.8,3769.1,3770.5,3773.5,3766.0,3772.0,3126.3,3141.8,3143.8,3143.1,3694.3,99.9,99.8,99.9,99.9,99.8,100.0,99.9,99.9,100.0,100.0,100.0,100.0,99.9,100.0,100.0,100.0,99.9,99.9,100.0,100.0,100.0,100.0,99.9,100.0,101.7,105.0,105.1,105.1,105.0,105.2,105.1,105.2,105.2,105.2,105.2,105.2,105.2,105.2,105.2,105.2,105.2,88.0,88.1,88.0,88.0,101.7,35.3,38.0,38.0,37.0,37.0,37.0,38.0,38.0,37.0,31.0,31.0,31.0,31.0,34.0,84,86,86,90,85,87,88,83,87,78,78,78,78,16,14,14,10,15,13,12,17,13,22,22,22,22,91,90,Yes,Yes,No,Yes,Yes,Yes,Yes,No,No,No,No,No,No,No,No,No,No,No,No,No,No,No,No,No,No,No,No,No,No,No,No,No,No,No,No,No,No,No,No,Yes,No,No,91,91,44,0.000,0.000,0.000,0.000,0.000,0.000,0.000,1.250,88.814,106.599,94.727,10.003,0.839,150.0,175.0,80.000,0.0,99.5,99.1,99.4,99.4,99.4,99.6,99.7,99.6,99.7,99.3,99.6,99.7,99.7,99.7,99.8,99.6,99.7,98.9,99.3,99.4,99.4,0.0,0.0,0.0,0.0,0.0,0.0,0.0,0.0,0.0,0.1,0.0,0.0,0.0,0.0,0.0,0.0,0.0,0.0,0.0,0.0,0.0,0.0,0.0,0.0,0.0,0.0,0.0,0.0,0.0,0.0,0.0,0.0,0.0,0.0,0.0,2793.2,28.00,36,36,36,76,112,447,2,2,Yes,No,Yes,No,No,No,No,No,No,No,No,No,No,No,No,No,No,No,No,No,No,No,No,No,No,No,No,Yes,No,Yes,No,No,No,No,No,Yes,No,No,32,45,32,89,78,43,1.048,5.040,3.424,3.328,12.192,2.024,0.656,3.424,3.200,1.072,1.264,1.648,1.064,1.000,1.000,0.896,1.824,1802,2014,3470,43.0,44.0,40.0,1.060,57.000,39.0,1.260,1.260,1.800,1.800,1.110,5.040,2.250,No,No,No,1.260,1.260,1.800,1.800,1.110,5.040,1.500,No,No,No,49,49,58,100.0,100.0,No,No,14699,23904,31,31,No,No,1299,631,3.4,0.0,3.4,6.129,0.339,16521,38633,0.0,0.0,0.0,0.000,0.000,0,27.2,30.0,30.1,84.0,0.910,12.164,12.152,12.168,12.172,0,0,11.184,5.823,10.841,10.939,3.712,0.106,7.505,7.661,210.0,50.6,1185.0,44.3,1290.0,3.0,2.0,0.0,0.0,10.7,0.1,0.3,0.0,0.0,0.0,0.0,0,0,Yes,No,No,No,No,Yes,No,5.5,8.7,3,0,0,0,0,0,0,0,0,76,0,0,0,0,0,0,0,0,0,0,0,0,0,0,0,0,0,0,0,0,10969,1313,1050,66,2.5,0,0,0,15.0,19.0,63.6,2.3,19.3,52.51,426.42,15.72,1.29,124.37,125.62,0.00,767,17,0.1,0.2,0,0,0.0,0.0,0,38.5,0.000,
14.10.2025,11:59:4.755,24373,45043,35.1,18717,46603,28.6,0.0,1.034,1.034,1.034,1.005,1.016,1.022,1.056,1.041,1.037,1.034,1.041,1.042,1.042,1.251,3566.3,3790.7,3790.7,3691.0,3691.0,3691.0,3790.7,3790.7,3790.7,3192.2,3192.2,3192.2,3192.2,99.8,3391.7,3605.2,3712.0,3722.9,3728.0,3728.1,3729.9,3728.7,3729.6,3728.9,3726.7,3729.1,3728.8,3730.2,3730.7,3730.5,3725.1,3731.7,3105.8,3117.4,3119.6,3120.3,3659.1,100.0,99.9,100.0,100.0,99.9,100.0,99.9,100.0,100.0,100.0,100.0,100.0,100.0,100.0,100.0,100.0,100.0,99.9,100.0,100.0,100.0,100.0,100.0,100.0,100.7,103.9,104.0,104.0,104.0,104.0,104.0,104.0,104.0,104.0,104.0,104.0,104.0,104.0,104.0,104.0,104.1,87.2,87.3,87.3,87.3,100.7,35.8,38.0,38.0,37.0,37.0,37.0,38.0,38.0,38.0,32.0,32.0,32.0,32.0,34.0,84,86,86,91,87,88,85,83,89,79,78,78,78,16,14,14,9,13,12,15,17,11,21,22,22,22,91,91,Yes,No,No,Yes,No,Yes,No,No,Yes,No,No,No,No,No,No,No,No,No,No,No,No,No,No,No,No,No,No,No,No,No,No,No,No,No,No,No,No,No,No,Yes,No,No,88,88,44,0.000,0.000,0.000,0.000,0.000,0.000,0.000,1.250,95.158,106.865,95.089,9.932,0.813,150.0,175.0,96.000,0.0,99.7,99.4,99.6,99.7,99.7,99.8,99.8,99.8,99.8,99.7,99.8,99.8,99.8,99.8,99.8,99.6,99.8,99.1,99.4,99.5,99.5,0.0,0.0,0.0,0.0,0.0,0.0,0.0,0.0,0.0,0.0,0.0,0.0,0.0,0.0,0.0,0.0,0.0,0.0,0.0,0.0,0.0,0.0,0.0,0.0,0.0,0.0,0.0,0.0,0.0,0.0,0.0,0.0,0.0,0.0,0.0,2793.2,28.00,36,36,36,76,112,447,2,2,Yes,No,Yes,No,No,No,No,No,No,No,No,No,No,No,No,No,No,No,No,No,No,No,No,No,No,No,No,Yes,No,Yes,No,No,No,No,No,No,No,No,32,45,32,90,79,42,1.039,5.040,3.424,3.328,12.192,2.024,0.656,3.424,3.200,1.072,1.264,1.648,1.064,1.000,1.000,0.896,1.824,1802,1994,3443,43.0,44.0,40.0,1.090,58.000,39.0,1.260,1.260,1.800,1.800,1.110,5.040,1.125,No,No,No,1.260,1.260,1.800,1.800,1.110,5.040,2.000,No,No,No,49,49,60,100.0,100.0,No,No,14699,23904,31,31,No,No,1299,631,1.3,0.2,1.5,2.858,0.953,16527,38635,0.0,0.0,0.0,0.000,0.000,0,27.3,30.0,30.1,84.0,0.910,12.166,12.155,12.169,12.173,0,0,11.228,5.872,11.070,11.074,3.701,0.012,7.585,7.665,210.0,50.6,1185.0,32.8,1290.0,3.0,8.0,0.0,0.0,10.7,0.1,0.3,0.0,0.0,0.0,0.0,0,0,Yes,No,No,No,No,Yes,No,5.5,8.9,3,0,0,0,0,0,0,0,0,76,0,0,0,0,0,0,0,0,0,0,0,0,0,0,0,0,0,0,0,0,10969,1313,1050,66,2.5,0,0,0,15.0,13.2,62.1,1.0,13.3,76.03,955.67,16.11,1.46,215.18,216.62,0.00,767,17,0.7,0.0,0,0,0.0,0.0,0,38.5,0.000,
14.10.2025,11:59:6.763,24370,45046,35.1,18717,46603,28.6,0.0,1.040,1.039,1.062,1.055,1.055,1.024,1.032,1.037,1.032,1.033,1.033,1.040,1.040,1.251,3591.2,3790.7,3790.7,3790.7,3790.7,3790.7,3790.7,3790.7,3790.7,3192.2,3192.2,3192.2,3192.2,99.8,3391.7,3626.6,3730.1,3738.8,3746.2,3751.0,3752.5,3755.8,3755.8,3754.8,3740.6,3751.1,3755.4,3756.4,3757.6,3757.6,3750.2,3754.9,3119.6,3132.9,3135.6,3134.7,3681.2,100.0,100.0,100.0,99.9,100.0,99.9,100.0,100.0,100.0,99.9,100.0,100.0,100.0,100.0,100.0,99.9,99.9,100.0,100.0,100.0,100.0,100.0,100.0,100.0,101.3,104.7,104.7,104.7,104.7,104.7,104.7,104.7,104.7,104.6,104.7,104.8,104.8,104.8,104.8,104.7,104.7,87.8,87.7,87.8,87.7,101.3,36.0,38.0,38.0,38.0,38.0,38.0,38.0,38.0,38.0,32.0,32.0,32.0,32.0,34.0,85,86,86,86,85,89,88,82,89,81,81,81,81,15,14,14,14,15,11,12,18,11,19,19,19,19,90,89,Yes,No,No,Yes,No,Yes,Yes,No,Yes,No,No,No,No,No,No,No,No,No,No,No,No,No,No,No,No,No,No,No,No,No,No,No,No,No,No,No,No,No,No,Yes,No,No,88,88,44,0.000,0.000,0.000,0.000,0.000,0.000,0.000,1.250,91.986,107.066,95.319,9.908,0.808,150.0,175.0,96.000,0.0,99.6,99.2,99.4,99.6,99.7,99.7,99.8,99.8,99.8,99.4,99.7,99.7,99.8,99.8,99.8,99.6,99.7,99.0,99.4,99.5,99.4,0.0,0.0,0.0,0.0,0.0,0.0,0.0,0.0,0.0,0.0,0.0,0.0,0.0,0.0,0.0,0.0,0.0,0.0,0.0,0.0,0.0,0.0,0.0,0.0,0.0,0.0,0.0,0.0,0.0,0.0,0.0,0.0,0.0,0.0,0.0,2793.2,28.00,36,36,36,76,112,447,2,2,Yes,No,Yes,No,No,No,No,No,No,No,No,No,No,No,No,No,No,No,No,No,No,No,No,No,No,No,No,Yes,No,Yes,No,No,No,No,No,No,No,No,32,45,32,89,79,42,1.048,5.040,3.424,3.328,12.192,2.024,0.656,3.424,3.200,1.072,1.264,1.648,1.064,1.000,1.000,0.896,1.824,1797,2002,3470,42.0,44.0,40.0,1.090,45.000,39.0,1.260,1.260,1.800,1.800,1.110,5.040,2.500,No,No,No,1.260,1.260,1.800,1.800,1.110,5.040,1.500,No,No,No,49,49,61,100.0,100.0,No,No,14699,23904,31,31,No,No,1299,631,2.5,0.3,2.8,4.694,0.527,16535,38636,0.0,0.0,0.0,0.000,0.000,0,27.3,30.0,30.2,84.0,0.910,12.166,12.159,12.169,12.171,0,0,12.532,6.666,11.529,13.009,5.319,1.482,7.589,7.735,210.0,50.6,1185.0,92.3,1290.0,7.0,4.0,0.0,1.0,10.7,0.5,2.7,0.0,0.0,0.0,0.0,0,0,Yes,No,No,No,No,Yes,No,6.5,9.5,3,0,0,0,0,0,0,0,0,76,0,0,0,0,0,0,0,0,0,0,0,0,0,0,0,0,0,0,0,0,10970,1312,1050,66,2.5,0,0,0,15.0,28.0,61.8,3.6,28.2,35.78,278.02,16.17,1.59,24.64,26.25,0.00,767,17,0.1,0.1,0,0,0.0,0.0,0,38.5,0.000,
14.10.2025,11:59:8.759,24369,45047,35.1,18712,46608,28.6,0.0,1.041,1.047,1.057,1.038,1.036,1.084,1.037,1.034,1.057,1.057,1.016,1.016,1.016,1.251,3575.5,3791.6,3791.6,3791.6,3791.6,3891.4,3791.6,3791.6,3791.6,3193.0,3093.2,3093.2,3093.2,99.8,3392.5,3630.6,3737.5,3746.9,3753.9,3754.9,3758.7,3760.4,3760.3,3759.5,3750.2,3755.9,3756.9,3758.3,3762.3,3762.2,3754.0,3760.1,3119.0,3132.7,3135.3,3132.8,3685.8,99.9,99.9,99.9,99.9,99.9,100.0,100.0,100.0,100.0,99.9,99.9,99.9,99.9,100.0,100.0,99.9,99.9,99.9,100.0,100.0,99.9,100.0,99.9,100.0,101.4,104.8,104.8,104.8,104.8,104.8,104.9,104.9,104.8,104.8,104.8,104.8,104.8,104.9,104.9,104.9,104.9,87.7,87.7,87.8,87.7,101.4,35.8,38.0,38.0,38.0,38.0,39.0,38.0,38.0,38.0,32.0,31.0,31.0,31.0,34.0,84,85,82,88,85,89,88,85,87,80,78,78,78,16,15,18,12,15,11,12,15,13,20,22,22,22,90,89,Yes,No,No,Yes,No,No,No,No,Yes,No,No,No,No,No,No,No,No,No,No,No,No,No,No,No,No,No,No,No,No,No,No,No,No,No,No,No,No,No,No,Yes,No,No,90,90,44,0.000,0.000,0.000,0.000,0.000,0.000,0.000,1.250,90.400,106.899,94.919,10.080,0.871,150.0,175.0,96.000,0.0,99.6,99.2,99.5,99.6,99.7,99.8,99.8,99.8,99.8,99.5,99.7,99.7,99.7,99.8,99.8,99.6,99.8,99.0,99.4,99.5,99.4,0.0,0.0,0.0,0.0,0.0,0.0,0.0,0.0,0.0,0.1,0.0,0.0,0.1,0.0,0.0,0.0,0.0,0.0,0.0,0.0,0.0,0.0,0.0,0.0,0.0,0.0,0.0,0.0,0.0,0.0,0.0,0.0,0.0,0.0,0.0,2793.8,28.00,36,36,36,76,112,447,2,2,Yes,No,Yes,No,No,No,No,No,No,No,No,No,No,No,No,No,No,No,No,No,No,No,No,No,No,No,No,Yes,No,Yes,No,No,No,No,No,No,No,No,32,45,32,90,79,42,1.092,5.080,3.424,3.328,12.192,2.024,0.656,3.424,3.200,1.072,1.264,1.648,1.064,1.000,1.000,0.896,1.824,1802,2000,3409,43.0,44.0,40.0,1.075,56.000,39.0,1.260,1.260,1.815,1.800,1.110,5.040,2.375,No,No,No,1.260,1.260,1.800,1.800,1.110,5.040,1.500,No,No,No,49,49,61,100.0,100.0,No,No,14699,23904,31,31,No,No,1299,631,1.3,0.1,1.4,1.485,0.568,16538,38637,0.0,0.0,0.0,0.000,0.000,0,27.3,30.0,30.1,84.0,0.910,12.165,12.157,12.168,12.170,0,0,11.903,6.650,11.525,12.995,5.318,1.486,7.508,7.715,210.0,50.6,1185.0,69.5,1290.0,7.0,2.0,0.0,0.0,10.7,0.4,1.8,0.0,0.0,0.0,0.0,0,0,Yes,No,No,No,No,Yes,No,6.5,8.4,3,0,0,0,0,0,0,0,0,76,0,0,0,0,0,0,0,0,0,0,0,0,0,0,0,0,0,0,0,0,10970,1312,1050,66,2.5,0,0,0,15.0,28.9,60.9,3.1,29.2,34.56,326.56,16.41,1.54,33.61,35.15,0.00,767,17,0.2,0.2,0,0,0.0,0.0,0,38.5,0.000,
14.10.2025,11:59:10.751,24370,45047,35.1,18722,46598,28.6,0.0,1.062,1.012,1.009,1.015,1.059,1.035,1.063,1.064,1.080,1.093,1.103,1.103,1.104,1.251,3624.5,3691.0,3691.0,3691.0,3790.7,3790.7,3890.5,3890.5,3890.5,3291.9,3291.9,3291.9,3291.9,99.8,3291.9,3621.4,3728.5,3736.7,3742.2,3745.4,3749.3,3747.2,3747.6,3747.8,3739.6,3747.2,3748.8,3749.9,3749.5,3750.2,3744.2,3752.2,3115.1,3127.4,3129.2,3129.9,3676.0,100.0,100.0,100.0,100.0,100.0,100.0,99.9,100.0,100.0,100.0,100.0,100.0,100.0,100.0,100.0,100.0,100.0,100.0,100.0,100.0,100.0,100.0,100.0,100.0,101.2,104.5,104.5,104.5,104.5,104.6,104.5,104.5,104.6,104.6,104.6,104.6,104.6,104.6,104.6,104.6,104.6,87.6,87.6,87.6,87.6,101.2,36.3,37.0,37.0,37.0,38.0,38.0,39.0,39.0,39.0,33.0,33.0,33.0,33.0,33.0,84,85,84,90,87,88,88,81,84,79,79,79,79,16,15,16,10,13,12,12,19,16,21,21,21,21,90,90,Yes,No,No,Yes,No,No,No,No,Yes,No,No,No,No,No,No,No,No,No,No,No,No,No,No,No,No,No,No,No,No,No,No,No,No,No,No,No,No,No,No,Yes,No,No,90,90,44,0.000,0.000,0.000,0.000,0.000,0.000,0.000,1.250,66.610,106.431,94.651,9.923,0.827,150.0,175.0,80.000,0.0,99.6,99.3,99.5,99.6,99.7,99.8,99.7,99.8,99.8,99.5,99.7,99.8,99.8,99.8,99.8,99.6,99.8,99.0,99.4,99.4,99.5,0.0,0.0,0.0,0.0,0.0,0.0,0.0,0.0,0.0,0.0,0.0,0.0,0.0,0.0,0.0,0.0,0.0,0.0,0.0,0.0,0.0,0.0,0.0,0.0,0.0,0.0,0.0,0.0,0.0,0.0,0.0,0.0,0.0,0.0,0.0,2793.2,28.00,36,36,36,76,112,447,2,2,Yes,No,Yes,No,No,No,No,No,No,No,No,No,No,No,No,No,No,No,No,No,No,No,No,No,No,No,No,Yes,No,Yes,No,No,No,No,No,No,No,No,32,45,32,89,78,42,1.057,5.040,3.424,3.328,12.192,2.024,0.656,3.424,3.200,1.072,1.264,1.648,1.064,1.000,1.000,0.896,1.824,1804,2008,3400,43.0,44.0,40.0,1.095,61.000,39.0,1.260,1.260,1.815,1.800,1.110,5.040,2.000,No,No,No,1.260,1.260,1.815,1.815,1.110,5.040,1.500,No,No,No,49,49,59,100.0,100.0,No,No,14699,23904,31,31,No,No,1299,631,0.8,0.0,0.8,0.634,0.343,16540,38638,0.0,0.0,0.0,0.000,0.000,0,27.3,30.0,30.1,84.0,0.910,12.163,12.151,12.166,12.172,0,0,11.631,5.820,10.687,10.840,3.712,0.154,7.690,7.657,210.0,50.6,1185.0,72.1,1290.0,0.0,8.0,0.0,0.0,10.7,0.4,1.9,0.0,0.0,0.0,0.0,0,0,Yes,No,No,No,No,Yes,No,5.4,7.3,3,0,0,0,0,0,0,0,0,76,0,0,0,0,0,0,0,0,0,0,0,0,0,0,0,0,0,0,0,0,10970,1312,1050,66,2.5,0,0,0,15.0,35.2,63.4,5.0,35.4,28.43,201.46,15.78,1.73,23.10,24.83,0.00,767,17,4.7,2.6,0,0,0.0,0.0,0,38.5,0.000,
14.10.2025,11:59:12.755,24370,45046,35.1,18725,46595,28.6,0.0,1.014,1.008,1.012,1.031,1.044,1.036,1.007,0.986,1.009,1.009,1.009,1.009,1.010,1.251,3508.1,3691.0,3691.0,3790.7,3790.7,3790.7,3691.0,3591.2,3691.0,3092.4,3092.4,3092.4,3092.4,99.8,3291.9,3612.2,3720.5,3731.8,3736.5,3736.2,3736.9,3737.8,3738.2,3738.1,3737.6,3739.5,3740.0,3739.4,3737.8,3737.0,3731.2,3734.8,3109.1,3119.5,3120.9,3120.8,3666.8,100.0,100.0,100.0,100.0,100.0,100.0,100.0,100.0,100.0,100.0,100.0,100.0,100.0,100.0,100.0,100.0,100.0,100.0,100.0,100.0,100.0,100.0,100.0,100.0,100.9,104.2,104.2,104.3,104.3,104.3,104.3,104.3,104.3,104.3,104.3,104.3,104.3,104.3,104.3,104.3,104.3,87.4,87.4,87.4,87.4,100.9,35.2,37.0,37.0,38.0,38.0,38.0,37.0,36.0,37.0,31.0,31.0,31.0,31.0,33.0,84,86,86,90,85,87,88,81,87,81,81,81,81,16,14,14,10,15,13,12,19,13,19,19,19,19,90,90,Yes,No,No,Yes,No,No,No,No,Yes,No,No,No,No,No,No,No,No,No,No,No,No,No,No,No,No,No,No,No,No,No,No,No,No,No,No,No,No,No,No,Yes,No,No,88,88,44,0.000,0.000,0.000,0.000,0.000,0.000,0.000,1.250,77.712,106.968,95.039,10.036,0.860,150.0,175.0,96.000,0.0,99.7,99.4,99.7,99.7,99.7,99.8,99.8,99.8,99.8,99.7,99.8,99.8,99.8,99.8,99.8,99.6,99.8,99.1,99.5,99.5,99.5,0.0,0.0,0.0,0.0,0.0,0.0,0.0,0.0,0.0,0.0,0.0,0.0,0.0,0.0,0.0,0.0,0.0,0.0,0.0,0.0,0.0,0.0,0.0,0.0,0.0,0.0,0.0,0.0,0.0,0.0,0.0,0.0,0.0,0.0,0.0,2793.2,28.00,36,36,36,76,112,447,2,2,Yes,No,Yes,No,No,No,No,No,No,No,No,No,No,No,No,No,No,No,No,No,No,No,No,No,No,No,No,Yes,No,Yes,No,No,No,No,No,No,No,No,32,45,32,89,79,41,1.066,5.040,3.424,3.328,12.192,2.024,0.656,3.424,3.200,1.072,1.264,1.648,1.064,1.000,1.000,0.896,1.824,1802,1991,3470,42.0,44.0,40.0,1.090,59.000,39.0,1.260,1.260,1.815,1.800,1.140,5.040,3.000,No,No,No,1.260,1.260,1.815,1.800,1.155,5.040,2.875,No,No,No,49,49,58,100.0,100.0,No,No,14699,23904,31,31,No,No,1299,631,0.0,0.2,0.3,0.032,0.755,16540,38639,0.0,0.0,0.0,0.000,0.000,0,27.2,30.0,30.1,84.0,0.910,12.167,12.156,12.170,12.174,0,0,11.198,5.933,10.950,11.209,3.908,0.268,7.534,7.661,210.0,50.6,1185.0,37.9,1290.0,0.0,3.0,0.0,0.0,10.7,0.0,0.2,0.0,0.0,0.0,0.0,0,0,Yes,No,No,No,No,Yes,No,5.6,7.4,3,0,0,0,0,0,0,0,0,76,0,0,0,0,0,0,0,0,0,0,0,0,0,0,0,0,0,0,0,0,10970,1312,1050,66,2.5,0,0,0,15.0,21.7,64.7,1.1,20.3,46.11,882.22,15.45,1.34,191.56,192.84,0.00,767,17,0.3,0.2,0,0,0.0,0.0,0,38.5,0.000,
14.10.2025,11:59:14.756,24368,45048,35.1,18721,46599,28.6,0.0,1.026,1.033,1.052,1.052,1.034,1.059,1.029,1.030,1.030,0.998,0.998,0.998,0.998,1.251,3541.3,3790.7,3790.7,3790.7,3790.7,3790.7,3790.7,3691.0,3691.0,3092.4,3092.4,3092.4,3092.4,99.8,3391.7,3634.4,3733.8,3752.8,3758.1,3760.1,3761.2,3761.8,3761.2,3755.0,3759.6,3758.0,3759.2,3763.3,3763.2,3764.9,3757.5,3763.1,3134.0,3141.0,3142.2,3138.2,3689.3,99.9,99.7,100.0,100.0,100.0,99.9,100.0,99.9,99.8,100.0,99.9,99.9,100.0,100.0,100.0,99.9,99.9,100.0,100.0,100.0,99.8,100.0,99.9,100.0,101.5,104.6,104.8,104.9,104.9,104.9,104.9,104.9,104.7,104.9,104.8,104.9,104.9,104.9,105.0,104.9,104.9,87.9,87.9,87.9,87.8,101.5,35.5,38.0,38.0,38.0,38.0,38.0,38.0,37.0,37.0,31.0,31.0,31.0,31.0,34.0,83,85,86,88,87,88,89,81,86,77,77,77,77,17,15,14,12,13,12,11,19,14,23,23,23,23,90,89,Yes,No,No,Yes,No,Yes,No,No,Yes,No,No,No,No,No,No,No,No,No,No,No,No,No,No,No,No,No,No,No,No,No,No,No,No,No,No,No,No,No,No,Yes,No,No,90,90,44,0.000,0.000,0.000,0.000,0.000,0.000,0.000,1.250,95.158,106.758,94.829,10.038,0.862,150.0,175.0,96.000,0.0,99.6,99.1,99.6,99.7,99.7,99.7,99.8,99.7,99.6,99.7,99.6,99.7,99.8,99.8,99.8,99.6,99.7,99.2,99.4,99.5,99.3,0.0,0.0,0.0,0.0,0.0,0.0,0.0,0.0,0.0,0.0,0.0,0.0,0.2,0.0,0.0,0.0,0.0,0.0,0.0,0.0,0.0,0.0,0.0,0.0,0.0,0.0,0.0,0.0,0.0,0.0,0.0,0.0,0.0,0.0,0.0,2793.2,28.00,36,36,36,76,112,447,2,2,Yes,No,Yes,No,No,No,No,No,No,No,No,No,No,No,No,No,No,No,No,No,No,No,No,No,No,No,No,Yes,No,Yes,No,No,No,No,No,No,No,No,32,45,32,90,79,43,1.092,5.040,3.424,3.328,12.192,2.024,0.656,3.424,3.200,1.072,1.264,1.648,1.064,1.000,1.000,0.896,1.824,1804,2002,3435,42.0,44.0,40.0,1.090,55.000,39.0,1.260,1.260,1.815,1.800,1.140,5.040,1.125,No,No,No,1.260,1.260,1.815,1.800,1.140,4.970,1.750,No,No,No,49,49,60,100.0,100.0,No,No,14699,23904,31,31,No,No,1299,631,0.0,1.9,1.9,0.000,18.101,16540,38673,0.0,0.0,0.0,0.000,0.000,0,27.2,30.0,30.1,84.0,0.910,12.165,12.155,12.168,12.173,0,0,11.129,5.888,11.025,11.110,3.761,0.090,7.585,7.644,210.0,50.6,1185.0,32.8,1290.0,0.0,3.0,0.0,0.0,10.7,0.0,0.1,0.0,0.0,0.0,0.0,0,0,Yes,No,No,No,No,Yes,No,5.6,7.4,3,0,0,0,0,0,0,0,0,76,0,0,0,0,0,0,0,0,0,0,0,0,0,0,0,0,0,0,0,0,10970,1312,1050,66,2.5,0,0,0,15.0,14.0,63.2,1.1,14.2,71.40,915.90,15.83,1.30,282.19,283.51,0.00,767,17,0.1,0.0,0,0,0.0,0.0,0,38.5,0.000,
14.10.2025,11:59:16.759,24369,45047,35.1,18718,46602,28.6,0.0,1.047,1.056,1.014,1.010,1.033,1.048,1.083,1.109,1.061,1.037,1.037,1.039,1.039,1.251,3599.5,3890.5,3691.0,3691.0,3691.0,3790.7,3890.5,3890.5,3890.5,3192.2,3192.2,3192.2,3192.2,99.8,3391.7,3644.4,3755.8,3765.8,3770.3,3771.9,3771.9,3772.5,3772.8,3773.1,3767.2,3771.0,3770.3,3771.2,3773.6,3773.9,3766.7,3773.1,3137.1,3142.2,3144.1,3143.5,3700.0,100.0,100.0,100.0,100.0,100.0,99.9,100.0,100.0,100.0,100.0,100.0,99.9,100.0,100.0,100.0,100.0,100.0,100.0,100.0,100.0,100.0,100.0,100.0,100.0,101.8,105.2,105.2,105.2,105.2,105.2,105.3,105.3,105.3,105.3,105.3,105.2,105.2,105.3,105.3,105.2,105.2,88.0,88.0,88.0,88.0,101.8,36.1,39.0,37.0,37.0,37.0,38.0,39.0,39.0,39.0,32.0,32.0,32.0,32.0,34.0,83,88,83,90,85,87,84,81,89,78,78,78,78,17,12,17,10,15,13,16,19,11,22,22,22,22,91,90,Yes,No,No,Yes,No,No,No,No,Yes,No,No,No,No,No,No,No,No,No,No,No,No,No,No,No,No,No,No,No,No,No,No,No,No,No,No,No,No,No,No,Yes,No,No,90,90,44,0.000,0.000,0.000,0.000,0.000,0.000,0.000,1.250,104.673,106.753,94.806,10.047,0.868,150.0,175.0,112.000,0.0,99.7,99.4,99.6,99.7,99.8,99.7,99.8,99.8,99.8,99.6,99.7,99.7,99.8,99.8,99.8,99.6,99.8,99.3,99.4,99.5,99.5,0.0,0.0,0.0,0.0,0.0,0.0,0.0,0.0,0.0,0.0,0.0,0.0,0.0,0.0,0.0,0.0,0.0,0.0,0.0,0.0,0.0,0.0,0.0,0.0,0.0,0.0,0.0,0.0,0.0,0.0,0.0,0.0,0.0,0.0,0.0,2793.2,28.00,36,36,36,76,112,447,2,2,Yes,No,Yes,No,No,No,No,No,No,No,No,No,No,No,No,No,No,No,No,No,No,No,No,No,No,No,No,Yes,No,Yes,No,No,No,No,No,No,No,No,32,45,32,89,78,43,1.083,5.040,3.424,3.328,12.192,2.024,0.656,3.424,3.200,1.072,1.264,1.648,1.064,1.000,1.000,0.896,1.824,1804,1997,3400,42.0,44.0,40.0,1.090,59.000,39.0,1.260,1.260,1.815,1.800,1.140,5.040,2.000,No,No,No,1.260,1.260,1.815,1.800,1.140,5.040,2.000,No,No,No,49,49,61,100.0,100.0,No,No,14699,23904,31,31,No,No,1299,631,0.0,2.2,2.2,0.000,21.630,16540,38715,0.0,0.0,0.0,0.000,0.000,0,27.2,30.0,30.0,84.0,0.910,12.165,12.154,12.169,12.173,0,0,10.961,5.788,10.469,10.757,3.774,0.295,7.574,7.651,210.0,50.6,1185.0,37.8,1290.0,1.0,3.0,0.0,0.0,10.7,0.0,0.2,0.0,0.0,0.0,0.0,0,0,Yes,No,No,No,No,Yes,No,5.4,7.5,3,0,0,0,0,0,0,0,0,76,0,0,0,0,0,0,0,0,0,0,0,0,0,0,0,0,0,0,0,0,10970,1312,1050,66,2.5,0,0,0,15.0,10.4,64.8,1.0,9.0,96.03,993.50,15.43,1.46,334.50,335.95,0.00,767,17,0.2,0.1,0,0,0.0,0.0,0,38.5,0.000,
14.10.2025,11:59:18.754,24370,45046,35.1,18715,46605,28.6,0.0,1.039,1.062,1.030,1.058,1.036,1.036,1.039,1.043,1.033,1.033,1.033,1.033,1.033,1.251,3599.5,3890.5,3790.7,3790.7,3790.7,3790.7,3790.7,3790.7,3790.7,3192.2,3192.2,3192.2,3192.2,99.8,3491.5,3628.0,3738.7,3747.0,3752.8,3753.5,3755.2,3755.7,3756.7,3756.3,3752.5,3755.1,3756.5,3756.4,3757.0,3757.3,3746.1,3752.9,3120.7,3128.2,3129.5,3131.1,3683.3,100.0,100.0,100.0,100.0,100.0,100.0,100.0,100.0,100.0,100.0,100.0,100.0,100.0,100.0,100.0,99.9,100.0,100.0,100.0,100.0,100.0,100.0,100.0,100.0,101.3,104.7,104.7,104.7,104.7,104.7,104.7,104.7,104.7,104.8,104.8,104.8,104.7,104.8,104.8,104.7,104.7,87.7,87.7,87.7,87.7,101.3,36.1,39.0,38.0,38.0,38.0,38.0,38.0,38.0,38.0,32.0,32.0,32.0,32.0,35.0,84,86,86,88,87,88,88,82,90,79,79,79,79,16,14,14,12,13,12,12,18,10,21,21,21,21,89,90,Yes,No,No,Yes,No,No,No,No,Yes,No,No,No,No,No,No,No,No,No,No,No,No,No,No,No,No,No,No,No,No,No,No,No,No,No,No,No,No,No,No,Yes,No,No,91,91,44,0.000,0.000,0.000,0.000,0.000,0.000,0.000,1.250,106.259,107.235,95.265,10.065,0.876,150.0,175.0,104.000,0.0,99.6,99.4,99.6,99.7,99.7,99.8,99.8,99.8,99.8,99.7,99.7,99.8,99.8,99.8,99.8,99.6,99.8,99.1,99.4,99.4,99.5,0.0,0.0,0.0,0.0,0.0,0.0,0.0,0.0,0.0,0.0,0.0,0.0,0.0,0.0,0.0,0.0,0.0,0.0,0.0,0.0,0.0,0.0,0.0,0.0,0.0,0.0,0.0,0.0,0.0,0.0,0.0,0.0,0.0,0.0,0.0,2793.2,28.00,36,36,36,76,112,447,2,2,Yes,No,Yes,No,No,No,No,No,No,No,No,No,No,No,No,No,No,No,No,No,No,No,No,No,No,No,No,Yes,No,Yes,No,No,No,No,No,No,No,No,32,45,32,89,78,43,1.101,5.080,3.424,3.328,12.192,2.024,0.656,3.424,3.200,1.072,1.264,1.648,1.064,1.000,1.000,0.896,1.824,1802,2005,3375,43.0,44.0,40.0,1.065,54.000,39.0,1.260,1.260,1.815,1.800,1.140,5.040,1.500,No,No,No,1.260,1.260,1.815,1.800,1.140,5.040,2.875,No,No,No,49,49,61,100.0,100.0,No,No,14699,23904,31,31,No,No,1299,631,1.2,0.8,2.0,0.367,1.664,16540,38718,0.0,0.0,0.0,0.000,0.000,0,27.2,30.0,30.0,84.0,0.910,12.165,12.154,12.169,12.173,0,0,10.869,5.846,10.617,10.892,3.810,0.280,7.682,7.642,210.0,50.6,1185.0,36.1,1290.0,0.0,1.0,0.0,0.0,10.7,0.0,0.2,0.0,0.0,0.0,0.0,0,0,Yes,No,No,No,No,Yes,No,5.4,7.2,3,0,0,0,0,0,0,0,0,76,0,0,0,0,0,0,0,0,0,0,0,0,0,0,0,0,0,0,0,0,10970,1312,1050,66,2.5,0,0,0,15.0,8.5,96.1,1.0,8.6,117.50,979.79,10.41,1.32,329.42,330.74,0.00,767,17,0.7,0.4,0,0,0.0,0.0,0,38.5,0.000,
14.10.2025,11:59:20.756,24364,45053,35.0,18702,46618,28.6,0.0,1.062,1.066,1.065,1.059,1.065,1.039,1.039,1.038,1.044,1.079,1.079,1.084,1.084,1.251,3625.3,3891.4,3891.4,3891.4,3891.4,3791.6,3791.6,3791.6,3791.6,3193.0,3193.0,3193.0,3193.0,99.8,3492.3,3644.8,3755.3,3762.5,3771.5,3773.5,3774.2,3773.6,3775.1,3774.6,3764.3,3772.0,3774.9,3774.7,3776.3,3776.3,3767.7,3774.5,3127.8,3141.3,3143.9,3142.2,3700.6,100.0,100.0,99.9,100.0,100.0,100.0,100.0,100.0,100.0,99.9,100.0,100.0,100.0,100.0,100.0,100.0,100.0,100.0,100.0,100.0,100.0,100.0,100.0,100.0,101.8,105.2,105.2,105.3,105.3,105.3,105.3,105.3,105.3,105.3,105.3,105.3,105.3,105.3,105.3,105.3,105.3,88.1,88.1,88.1,88.1,101.8,36.3,39.0,39.0,39.0,39.0,38.0,38.0,38.0,38.0,32.0,32.0,32.0,32.0,35.0,84,84,86,91,88,88,89,81,87,77,77,77,77,16,16,14,9,12,12,11,19,13,23,23,23,23,88,91,Yes,No,No,Yes,No,Yes,No,No,Yes,No,No,No,No,No,No,No,No,No,No,No,No,No,No,No,No,No,No,No,No,No,No,No,No,No,No,No,No,No,No,Yes,No,No,90,90,44,0.000,0.000,0.000,0.000,0.000,0.000,0.000,1.250,98.330,107.382,95.214,10.214,0.922,150.0,175.0,112.000,0.0,99.6,99.3,99.5,99.7,99.7,99.8,99.8,99.8,99.8,99.5,99.7,99.8,99.8,99.8,99.8,99.6,99.8,98.9,99.3,99.4,99.3,0.0,0.0,0.0,0.0,0.0,0.0,0.0,0.0,0.0,0.0,0.0,0.0,0.0,0.0,0.0,0.0,0.0,0.0,0.0,0.0,0.0,0.0,0.0,0.0,0.0,0.0,0.0,0.0,0.0,0.0,0.0,0.0,0.0,0.0,0.0,2793.8,28.00,36,36,36,76,112,447,2,2,Yes,No,Yes,No,No,No,No,No,No,No,No,No,No,No,No,No,No,No,No,No,No,No,No,No,No,No,No,Yes,No,Yes,No,No,No,No,No,No,No,No,32,46,32,89,78,43,1.101,5.040,3.424,3.328,12.192,2.024,0.656,3.424,3.200,1.072,1.264,1.648,1.064,1.000,1.000,0.896,1.824,1804,1994,3391,42.0,44.0,40.0,1.090,55.000,39.0,1.260,1.260,1.800,1.800,1.140,5.040,1.500,No,No,No,1.260,1.260,1.815,1.800,1.140,5.040,2.625,No,No,No,49,49,61,100.0,100.0,No,No,14699,23904,31,31,No,No,1299,631,1.4,0.9,2.4,0.654,2.949,16542,38724,0.0,0.0,0.0,0.000,0.000,0,27.3,30.0,30.1,84.0,0.910,12.167,12.158,12.170,12.174,0,0,11.461,5.831,10.982,10.953,3.628,0.000,7.608,7.649,210.0,50.6,1185.0,49.8,1290.0,3.0,10.0,0.0,0.0,10.7,0.1,0.6,0.0,0.0,0.0,0.0,0,0,Yes,No,No,No,No,Yes,No,5.5,7.5,3,0,0,0,0,0,0,0,0,76,0,0,0,0,0,0,0,0,0,0,0,0,0,0,0,0,0,0,0,0,10969,1313,1050,68,2.5,0,0,0,15.0,8.2,1906.1,1.0,8.2,122.35,981.16,0.52,1.34,142.26,143.61,0.00,767,17,2.7,4.1,0,0,0.0,0.0,0,38.5,0.000,
14.10.2025,11:59:22.758,24369,45047,35.1,18713,46607,28.6,0.0,1.037,1.039,1.047,1.056,1.081,1.036,1.036,1.014,1.039,1.040,1.040,1.012,1.012,1.251,3574.6,3790.7,3790.7,3790.7,3890.5,3790.7,3790.7,3691.0,3790.7,3192.2,3192.2,3092.4,3092.4,99.8,3391.7,3631.9,3744.5,3750.3,3759.2,3752.7,3762.4,3761.6,3761.5,3760.8,3743.7,3757.2,3758.7,3761.6,3763.8,3763.1,3756.2,3761.9,3113.7,3135.4,3135.5,3134.7,3687.1,100.0,100.0,100.0,100.0,100.0,100.0,100.0,100.0,100.0,100.0,100.0,100.0,99.9,100.0,100.0,100.0,100.0,100.0,100.0,100.0,100.0,100.0,100.0,100.0,101.6,104.9,104.9,105.0,105.0,105.0,105.0,105.0,104.9,105.0,105.0,105.0,105.0,105.0,105.0,105.0,105.0,87.8,87.8,87.8,87.8,101.6,35.8,38.0,38.0,38.0,39.0,38.0,38.0,37.0,38.0,32.0,32.0,31.0,31.0,34.0,84,86,87,86,88,89,89,81,87,78,78,79,79,16,14,13,14,12,11,11,19,13,22,22,21,21,90,89,Yes,No,No,Yes,No,Yes,No,No,No,No,No,No,No,No,No,No,No,No,No,No,No,No,No,No,No,No,No,No,No,No,No,No,No,No,No,No,No,No,No,Yes,No,No,90,90,44,0.000,0.000,0.000,0.000,0.000,0.000,0.000,1.250,104.673,107.404,95.254,10.202,0.920,150.0,175.0,112.000,0.0,99.5,99.3,99.5,99.7,99.5,99.8,99.7,99.7,99.7,99.2,99.6,99.6,99.7,99.8,99.8,99.6,99.7,98.7,99.4,99.4,99.4,0.0,0.0,0.0,0.0,0.0,0.0,0.0,0.0,0.0,0.0,0.0,0.0,0.0,0.0,0.0,0.0,0.0,0.0,0.0,0.0,0.0,0.0,0.0,0.0,0.0,0.0,0.0,0.0,0.0,0.0,0.0,0.0,0.0,0.0,0.0,2793.2,28.00,36,36,36,76,112,447,2,2,Yes,No,Yes,No,No,No,No,No,No,No,No,No,No,No,No,No,No,No,No,No,No,No,No,No,No,No,No,Yes,No,Yes,No,No,No,No,No,No,No,No,32,45,32,90,79,42,1.039,5.040,3.424,3.328,12.192,2.024,0.656,3.424,3.200,1.072,1.264,1.648,1.064,1.000,1.000,0.896,1.824,1807,2008,3497,42.0,44.0,40.0,1.120,47.000,39.0,1.260,1.260,1.800,1.815,1.140,5.040,2.875,No,No,No,1.260,1.260,1.800,1.815,1.140,5.040,3.125,No,No,No,49,49,60,100.0,100.0,No,No,14699,23904,31,31,No,No,1299,631,0.0,0.3,0.3,0.070,0.617,16542,38725,0.0,0.0,0.0,0.000,0.000,0,27.2,30.0,30.1,84.0,0.910,12.166,12.158,12.168,12.172,0,0,11.227,5.787,10.755,10.829,3.664,0.077,7.536,7.646,210.0,50.6,1185.0,38.9,1290.0,0.0,7.0,0.0,0.0,10.7,0.0,0.2,0.0,0.0,0.0,0.0,0,0,Yes,No,No,No,No,Yes,No,5.4,7.5,3,0,0,0,0,0,0,0,0,76,0,0,0,0,0,0,0,0,0,0,0,0,0,0,0,0,0,0,0,0,10969,1313,1050,68,2.5,0,0,0,15.0,8.3,118.4,1.7,7.7,120.29,581.66,8.44,1.30,107.01,108.29,0.00,767,17,23.5,16.9,0,0,0.0,0.0,0,38.5,0.000,
14.10.2025,11:59:24.753,24364,45052,35.0,18705,46615,28.6,0.0,1.048,1.039,1.062,1.075,1.055,1.055,1.058,1.004,1.043,1.043,1.044,1.047,1.047,1.251,3624.5,3790.7,3890.5,3890.5,3890.5,3890.5,3890.5,3691.0,3790.7,3192.2,3192.2,3192.2,3192.2,99.8,3391.7,3629.5,3738.6,3750.0,3754.2,3756.2,3756.5,3756.4,3756.9,3756.1,3753.3,3756.8,3755.3,3756.7,3759.8,3759.9,3752.0,3757.5,3117.9,3130.2,3133.1,3132.7,3684.7,100.0,100.0,100.0,100.0,100.0,100.0,100.0,100.0,100.0,100.0,100.0,100.0,100.0,100.0,100.0,100.0,100.0,100.0,100.0,100.0,100.0,100.0,100.0,100.0,101.3,104.7,104.7,104.7,104.8,104.8,104.8,104.8,104.8,104.8,104.8,104.8,104.8,104.8,104.8,104.8,104.8,87.6,87.6,87.6,87.6,101.3,36.3,38.0,39.0,39.0,39.0,39.0,39.0,37.0,38.0,32.0,32.0,32.0,32.0,34.0,84,85,86,88,87,89,89,84,86,79,78,78,78,16,15,14,12,13,11,11,16,14,21,22,22,22,88,89,Yes,No,No,Yes,No,Yes,Yes,No,Yes,No,No,No,No,No,No,No,No,No,No,No,No,No,No,No,No,No,No,No,No,No,No,No,No,No,No,No,No,No,No,Yes,No,No,90,90,44,0.000,0.000,0.000,0.000,0.000,0.000,0.000,1.250,88.814,107.775,95.611,10.213,0.922,150.0,175.0,88.000,0.0,99.6,99.4,99.7,99.7,99.8,99.8,99.8,99.8,99.8,99.7,99.8,99.7,99.8,99.8,99.8,99.6,99.8,99.0,99.4,99.5,99.5,0.0,0.0,0.0,0.0,0.0,0.0,0.0,0.0,0.0,0.0,0.0,0.0,0.0,0.0,0.0,0.0,0.0,0.0,0.0,0.0,0.0,0.0,0.0,0.0,0.0,0.0,0.0,0.0,0.0,0.0,0.0,0.0,0.0,0.0,0.0,2793.2,28.00,36,36,36,76,112,447,2,2,Yes,No,Yes,No,No,No,No,No,No,No,No,No,No,No,No,No,No,No,No,No,No,No,No,No,No,No,No,Yes,No,Yes,No,No,No,No,No,No,No,No,32,45,32,89,78,43,1.021,5.080,3.424,3.328,12.192,2.024,0.656,3.424,3.200,1.072,1.264,1.648,1.064,1.000,1.000,0.896,1.824,1804,2008,3435,43.0,44.0,40.0,1.075,58.000,39.0,1.260,1.260,1.800,1.815,1.155,5.040,2.375,No,No,No,1.260,1.260,1.800,1.815,1.170,5.040,1.250,No,No,No,49,49,58,100.0,100.0,No,No,14699,23904,31,31,No,No,1299,631,0.0,0.2,0.2,0.008,0.396,16542,38726,0.0,0.0,0.0,0.000,0.000,0,27.3,30.0,30.1,84.0,0.910,12.165,12.155,12.167,12.172,0,0,11.111,5.800,10.658,10.792,3.700,0.145,7.657,7.648,210.0,50.6,1185.0,33.6,1290.0,0.0,1.0,0.0,0.0,10.7,0.0,0.1,0.0,0.0,0.0,0.0,0,0,Yes,No,No,No,No,Yes,No,5.4,7.4,3,0,0,0,0,0,0,0,0,76,0,0,0,0,0,0,0,0,0,0,0,0,0,0,0,0,0,0,0,0,10969,1313,1050,68,2.5,0,0,0,15.0,7.2,88.6,1.1,7.3,139.45,907.76,11.28,1.39,327.67,329.04,0.00,767,17,5.6,1.8,0,0,0.0,0.0,0,38.5,0.000,
14.10.2025,11:59:26.759,24360,45056,35.0,18702,46618,28.6,0.0,1.023,1.009,1.033,1.091,1.058,1.061,1.023,1.000,0.998,1.003,1.003,0.998,0.998,1.251,3541.3,3691.0,3790.7,3890.5,3790.7,3790.7,3790.7,3691.0,3691.0,3092.4,3092.4,3092.4,3092.4,99.8,3291.9,3640.8,3753.6,3763.3,3766.8,3769.0,3770.3,3770.2,3770.2,3770.4,3768.4,3769.4,3768.3,3769.8,3769.8,3769.2,3761.2,3766.4,3124.7,3135.9,3139.7,3138.7,3696.5,100.0,100.0,100.0,100.0,100.0,100.0,100.0,100.0,100.0,100.0,100.0,100.0,100.0,100.0,100.0,100.0,99.9,99.9,100.0,100.0,100.0,100.0,100.0,100.0,101.7,105.1,105.1,105.2,105.2,105.2,105.2,105.2,105.2,105.2,105.2,105.2,105.2,105.2,105.2,105.2,105.2,87.9,87.9,87.9,87.9,101.7,35.5,37.0,38.0,39.0,38.0,38.0,38.0,37.0,37.0,31.0,31.0,31.0,31.0,33.0,83,83,86,86,87,84,88,83,87,78,78,78,78,17,17,14,14,13,16,12,17,13,22,22,22,22,90,88,Yes,No,No,Yes,No,No,Yes,No,Yes,No,No,No,No,No,No,No,No,No,No,No,No,No,No,No,No,No,No,No,No,No,No,No,No,No,No,No,No,No,No,Yes,No,No,91,91,44,0.000,0.000,0.000,0.000,0.000,0.000,0.000,1.250,88.814,107.082,94.915,10.204,0.928,150.0,175.0,96.000,0.0,99.6,99.4,99.6,99.7,99.8,99.8,99.8,99.8,99.8,99.7,99.7,99.7,99.8,99.8,99.8,99.6,99.7,99.0,99.4,99.5,99.5,0.0,0.0,0.0,0.0,0.0,0.0,0.0,0.0,0.0,0.0,0.0,0.0,0.0,0.0,0.0,0.0,0.0,0.0,0.0,0.0,0.0,0.0,0.0,0.0,0.0,0.0,0.0,0.0,0.0,0.0,0.0,0.0,0.0,0.0,0.0,2793.2,28.00,36,36,36,76,112,447,2,2,Yes,No,Yes,No,No,No,No,No,No,No,No,No,No,No,No,No,No,No,No,No,No,No,No,No,No,No,No,Yes,No,Yes,No,No,No,No,No,No,No,No,32,45,32,89,78,43,1.021,5.040,3.424,3.328,12.192,2.024,0.656,3.424,3.200,1.072,1.264,1.648,1.064,1.000,1.000,0.896,1.824,1802,2002,3443,43.0,44.0,40.0,1.115,54.000,39.0,1.260,1.260,1.800,1.815,1.155,4.970,2.375,No,No,No,1.260,1.260,1.800,1.815,1.155,5.040,1.750,No,No,No,49,49,57,100.0,100.0,No,No,14699,23904,31,31,No,No,1299,631,0.2,0.2,0.4,0.119,0.974,16542,38727,0.0,0.0,0.0,0.000,0.000,0,27.3,30.0,30.1,84.0,0.910,12.166,12.157,12.168,12.173,0,0,11.064,5.825,10.616,10.866,3.786,0.258,7.585,7.661,210.0,50.6,1185.0,39.9,1290.0,0.0,2.0,0.0,0.0,10.7,0.0,0.2,0.0,0.0,0.0,0.0,0,0,Yes,No,No,No,No,Yes,No,5.4,7.5,3,0,0,0,0,0,0,0,0,76,0,0,0,0,0,0,0,0,0,0,0,0,0,0,0,0,0,0,0,0,10969,1313,1050,68,2.5,0,0,0,15.0,6.4,62.7,1.0,6.0,155.16,981.97,15.95,1.37,287.87,289.23,0.00,767,17,1.0,0.2,0,0,0.0,0.0,0,38.5,0.000,
14.10.2025,11:59:28.766,24361,45055,35.0,18702,46618,28.6,0.0,1.013,1.021,1.008,1.010,1.009,0.977,1.032,1.010,1.019,1.037,1.010,1.010,1.014,1.251,3491.5,3691.0,3691.0,3691.0,3691.0,3591.2,3790.7,3691.0,3691.0,3092.4,3092.4,3092.4,3092.4,99.8,3291.9,3631.0,3742.1,3752.5,3759.5,3760.3,3757.1,3758.1,3758.8,3758.8,3755.1,3757.0,3756.7,3758.2,3760.0,3760.8,3753.7,3760.7,3116.9,3129.9,3132.6,3131.6,3686.5,100.0,100.0,99.9,100.0,100.0,99.9,100.0,100.0,100.0,100.0,100.0,100.0,100.0,100.0,100.0,100.0,100.0,99.9,100.0,100.0,100.0,100.0,100.0,100.0,101.4,104.8,104.8,104.9,104.9,104.8,104.9,104.9,104.9,104.9,104.9,104.9,104.9,104.9,104.9,104.9,104.9,87.6,87.7,87.7,87.7,101.4,35.0,37.0,37.0,37.0,37.0,36.0,38.0,37.0,37.0,31.0,31.0,31.0,31.0,33.0,83,83,83,90,87,88,87,83,87,78,78,78,78,17,17,17,10,13,12,13,17,13,22,22,22,22,88,90,Yes,No,No,Yes,No,No,No,No,No,No,No,No,No,No,No,No,No,No,No,No,No,No,No,No,No,No,No,No,No,No,No,No,No,No,No,No,No,No,No,Yes,No,No,91,91,44,0.000,0.000,0.000,0.000,0.000,0.000,0.000,1.250,98.330,107.325,95.064,10.271,0.961,150.0,175.0,104.000,0.0,99.6,99.3,99.6,99.8,99.8,99.7,99.8,99.8,99.8,99.7,99.8,99.7,99.8,99.8,99.8,99.6,99.8,99.0,99.4,99.5,99.4,0.0,0.0,0.0,0.0,0.0,0.0,0.0,0.0,0.0,0.1,0.0,0.0,0.0,0.0,0.0,0.0,0.0,0.0,0.0,0.0,0.0,0.0,0.0,0.0,0.0,0.0,0.0,0.0,0.0,0.0,0.0,0.0,0.0,0.0,0.0,2793.2,28.00,36,36,36,76,112,447,2,2,Yes,No,Yes,No,No,No,No,No,No,No,No,No,No,No,No,No,No,No,No,No,No,No,No,No,No,No,No,Yes,No,Yes,No,No,No,No,No,No,No,No,32,46,32,90,78,43,1.083,5.040,3.424,3.328,12.192,2.024,0.656,3.424,3.200,1.072,1.264,1.648,1.064,1.000,1.000,0.896,1.824,1800,2008,3452,42.0,44.0,40.0,1.060,58.000,39.2,1.260,1.260,1.800,1.815,1.155,4.970,3.375,No,No,No,1.260,1.260,1.800,1.815,1.155,4.970,2.750,No,No,No,49,49,58,100.0,100.0,No,No,14699,23904,31,31,No,No,1299,631,0.0,0.1,0.2,0.058,0.462,16542,38728,0.0,0.0,0.0,0.000,0.000,0,27.3,30.0,30.1,84.0,0.910,12.167,12.158,12.170,12.174,0,0,11.101,5.952,10.497,10.795,3.798,0.302,8.631,7.643,210.0,50.6,1185.0,34.0,1290.0,0.0,2.0,0.0,0.0,10.7,0.0,0.2,0.0,0.0,0.0,0.0,0,0,Yes,No,No,No,No,Yes,No,5.4,7.4,3,0,0,0,0,0,0,0,0,76,0,0,0,0,0,0,0,0,0,0,0,0,0,0,0,0,0,0,0,0,10969,1313,1050,67,2.5,0,0,0,15.0,6.0,96.2,1.1,5.7,165.88,902.04,10.40,1.35,249.20,250.55,0.00,767,17,0.1,0.1,0,0,0.0,0.0,0,38.5,0.000,
14.10.2025,11:59:30.746,21765,47652,31.3,16411,48910,25.1,0.0,1.289,1.327,1.316,1.306,1.286,1.286,1.270,1.270,1.290,1.280,1.280,1.280,1.285,1.251,4455.8,4788.3,4788.3,4788.3,4788.3,4788.3,4788.3,4788.3,4788.3,3790.7,3790.7,3790.7,3790.7,99.8,4389.3,2533.4,2563.1,2523.6,2559.3,2540.5,2535.9,2533.6,2530.0,2698.9,2790.2,2575.8,2652.8,2500.1,2532.9,2920.4,2702.2,2493.8,2143.3,2167.6,2172.8,2532.0,2553.6,69.8,68.6,67.0,67.8,67.3,67.3,67.6,66.8,71.7,73.7,68.6,70.9,67.3,68.1,76.5,72.2,66.7,69.2,69.7,69.8,79.9,79.9,69.8,100.0,71.5,71.9,70.6,71.6,71.0,71.0,71.0,71.0,75.9,78.7,72.6,74.9,71.0,72.0,82.6,76.8,71.0,61.4,61.8,61.9,71.7,71.5,44.7,48.0,48.0,48.0,48.0,48.0,48.0,48.0,48.0,38.0,38.0,38.0,38.0,44.0,67,67,67,68,68,67,69,67,66,66,66,66,66,33,33,33,32,32,33,31,33,34,34,34,34,34,69,69,No,No,No,No,No,No,No,No,No,No,No,No,No,No,No,No,No,No,No,No,No,No,No,No,No,No,No,No,No,No,No,No,No,No,No,No,No,No,No,No,No,No,70,70,44,0.000,0.000,0.000,0.000,0.000,0.000,0.000,1.250,50.751,107.125,95.022,10.162,0.912,150.0,175.0,72.000,0.0,69.4,68.3,67.5,68.2,67.8,67.7,67.6,67.5,71.2,73.1,68.5,70.2,66.7,67.4,75.6,70.9,66.5,67.9,68.6,68.8,78.9,9.0,6.6,4.4,1.4,18.9,19.4,23.3,13.2,15.5,1.8,1.3,1.0,1.1,9.7,0.0,0.0,0.0,0.8,0.4,1.7,4.8,0.8,29.4,29.5,29.8,19.3,14.2,24.2,26.5,30.5,7.8,4.4,3.6,4.6,11.7,2793.2,28.00,36,36,36,76,112,447,2,2,Yes,No,No,No,No,No,No,No,No,No,Yes,No,No,No,No,No,No,No,No,No,No,No,No,No,No,No,No,Yes,No,No,No,No,No,No,No,Yes,No,No,32,45,32,81,78,42,1.296,5.080,3.424,3.328,12.192,2.024,0.656,3.424,3.200,1.072,1.264,1.664,1.064,1.000,1.000,0.888,1.824,1804,2020,3375,42.0,44.0,40.0,1.305,19.000,39.2,1.260,1.260,1.800,1.815,1.155,4.970,0.875,No,No,No,1.260,1.275,1.800,1.815,1.155,4.970,0.750,No,No,No,49,49,57,100.0,100.0,No,No,14699,23904,31,31,No,No,1299,631,0.0,0.2,0.2,0.042,0.738,16542,38730,0.0,0.0,0.0,0.000,0.000,0,27.3,30.0,30.1,84.0,0.910,12.166,12.158,12.169,12.173,0,0,11.552,5.780,10.607,10.794,3.713,0.188,7.511,7.650,210.0,50.6,1185.0,61.4,1290.0,0.0,19.0,0.0,0.0,10.7,0.1,0.3,0.0,0.0,0.0,0.0,0,0,Yes,No,No,No,No,Yes,No,5.4,7.5,3,0,0,0,0,0,0,0,0,76,0,0,0,0,0,0,0,0,0,0,0,0,0,0,0,0,0,0,0,0,10969,1313,1050,68,2.5,0,0,0,15.0,7.4,79.3,1.1,7.3,135.27,872.16,12.61,1.48,99.79,101.28,0.00,767,17,0.8,0.2,0,0,0.0,0.0,0,38.5,0.000,
14.10.2025,11:59:32.754,21723,47693,31.2,16371,48949,25.0,0.0,1.242,1.325,1.310,1.295,1.265,0.623,1.303,1.298,1.318,1.303,1.288,1.288,1.288,1.251,3807.4,4788.3,4788.3,4788.3,4788.3,798.0,798.0,4888.0,4888.0,3790.7,3790.7,3790.7,3790.7,99.8,4389.3,353.6,232.6,26.5,138.6,125.3,58.5,25.8,61.9,805.1,1425.1,33.4,818.7,32.1,36.5,1603.8,551.5,30.2,247.4,194.7,182.7,441.9,358.2,8.6,5.6,1.1,3.7,3.2,1.9,0.3,4.1,17.5,31.3,0.0,18.2,1.1,0.0,34.9,12.5,1.2,8.2,6.9,6.4,13.8,34.9,8.6,100.0,10.2,6.7,0.8,4.0,3.6,1.7,0.8,2.0,22.8,40.7,1.2,23.6,1.1,1.4,45.8,15.8,1.0,7.1,5.6,5.2,12.5,10.2,38.2,48.0,48.0,48.0,48.0,8.0,8.0,49.0,49.0,38.0,38.0,38.0,38.0,44.0,62,63,62,62,63,63,62,62,62,60,60,60,60,38,37,38,38,37,37,38,38,38,40,40,40,40,65,63,No,No,No,No,No,No,No,No,No,No,No,No,No,No,No,No,No,No,No,No,No,No,No,No,No,No,No,No,No,No,No,No,No,No,No,No,No,No,No,No,No,No,73,73,43,0.000,0.000,0.000,0.000,0.000,0.000,0.000,1.250,20.618,84.542,73.175,9.563,0.771,150.0,175.0,32.000,0.2,8.0,5.1,0.6,3.1,2.7,1.3,0.6,1.4,17.2,30.7,0.7,17.5,0.7,0.8,34.2,11.8,0.7,6.9,5.6,5.1,12.6,19.0,12.5,14.6,3.4,39.6,58.9,32.2,55.4,9.9,1.8,0.0,0.0,0.0,30.9,0.0,0.0,0.0,0.0,1.4,0.5,1.7,2.0,90.7,93.9,94.5,86.7,53.6,80.9,78.7,94.2,40.2,6.7,47.7,6.3,74.6,2793.2,28.00,36,36,36,76,112,447,2,2,Yes,No,No,No,No,No,No,No,No,No,Yes,No,No,No,No,No,No,No,No,No,No,No,No,No,No,No,No,Yes,No,No,No,No,No,No,No,Yes,No,No,32,45,32,68,71,42,1.296,5.080,3.424,3.328,12.192,2.024,0.672,3.424,3.200,1.072,1.264,1.648,1.064,1.000,1.000,0.888,1.824,1802,1988,3426,42.0,43.0,40.0,1.290,24.000,39.0,1.260,1.260,1.800,1.815,1.155,4.970,0.875,No,No,No,1.260,1.260,1.800,1.815,1.155,4.970,0.875,No,No,No,49,49,57,100.0,100.0,No,No,14699,23904,31,31,No,No,1299,631,0.1,0.2,0.3,0.057,0.581,16542,38731,0.0,0.0,0.0,0.000,0.000,0,27.3,32.0,30.0,84.0,0.910,12.166,12.157,12.170,12.172,0,0,10.915,5.206,9.375,10.332,4.078,0.973,7.590,4.093,210.0,50.6,1185.0,36.4,1290.0,0.0,6.0,0.0,0.0,10.7,0.0,0.1,0.0,0.0,0.0,0.0,0,0,Yes,No,No,No,No,Yes,No,5.2,7.3,3,0,0,0,0,0,0,0,0,76,0,0,0,0,0,0,0,0,0,0,0,0,0,0,0,0,0,0,0,0,10969,1313,1050,68,2.5,0,0,0,15.0,7.1,1013.2,1.4,7.2,140.31,697.31,0.99,1.35,198.68,199.88,0.00,767,17,0.2,0.1,0,0,0.0,0.0,0,38.5,0.000,
14.10.2025,11:59:34.756,21721,47695,31.2,16367,48953,25.0,0.0,1.292,1.305,1.305,1.305,1.284,1.284,1.274,1.269,1.269,1.294,1.306,1.306,1.306,1.251,4497.3,4888.0,4788.3,4788.3,4888.0,4888.0,4888.0,4888.0,4788.3,3790.7,3790.7,3790.7,3790.7,99.8,4489.0,190.6,76.2,38.9,26.3,25.3,26.7,60.4,27.9,539.6,909.5,28.0,178.2,26.7,28.5,1049.6,133.0,25.9,106.3,79.0,76.9,349.8,188.1,4.3,1.6,0.7,0.4,0.4,0.5,1.2,0.0,11.6,19.6,2.0,3.8,1.2,2.0,22.5,1.2,2.0,2.1,1.3,1.3,9.8,22.5,4.3,100.0,5.5,2.2,1.1,0.7,0.7,0.8,1.7,0.9,15.8,26.0,0.9,5.2,0.8,0.9,29.9,3.8,0.7,3.1,2.3,2.2,9.9,5.5,45.1,49.0,48.0,48.0,49.0,49.0,49.0,49.0,48.0,38.0,38.0,38.0,38.0,45.0,58,59,57,59,59,59,58,61,58,57,57,57,57,42,41,43,41,41,41,42,39,42,43,43,43,43,60,61,No,No,No,No,No,No,No,No,No,No,No,No,No,No,No,No,No,No,No,No,No,No,No,No,No,No,No,No,No,No,No,No,No,No,No,No,No,No,No,No,No,No,62,60,43,0.000,0.000,0.000,0.000,0.000,0.000,0.000,1.250,45.993,40.668,31.050,8.093,0.503,150.0,175.0,64.000,0.8,4.3,1.7,0.8,0.6,0.5,0.6,1.3,0.6,11.5,19.8,0.6,3.9,0.6,0.6,22.8,2.8,0.5,3.0,2.2,2.1,9.8,16.0,13.6,0.0,2.1,30.8,63.6,12.9,63.5,4.1,0.6,0.6,0.0,0.0,31.8,0.0,0.0,0.0,0.0,0.0,0.0,0.0,1.9,96.0,97.0,97.7,89.5,66.3,83.3,98.8,95.7,55.2,13.9,81.7,11.3,90.2,2793.2,28.00,36,36,36,76,112,447,2,2,Yes,No,No,No,No,No,No,No,No,No,Yes,No,No,No,No,No,No,No,No,No,No,No,No,No,No,No,No,Yes,No,No,No,No,No,No,No,Yes,No,No,32,44,32,63,53,42,0.764,5.080,3.424,3.328,12.192,2.024,0.680,3.424,3.200,1.072,1.264,1.664,1.064,1.000,1.000,0.888,1.824,1804,2008,3417,43.0,42.0,40.0,1.235,24.000,39.0,1.260,1.260,1.800,1.800,1.155,4.970,1.000,No,No,No,1.260,1.260,1.800,1.815,1.155,4.970,1.000,No,No,No,49,49,57,100.0,100.0,No,No,14699,23904,31,31,No,No,1299,631,0.0,0.1,0.1,0.041,0.723,16542,38732,0.0,0.0,0.0,0.000,0.000,0,27.3,30.0,30.1,84.0,0.910,12.169,12.163,12.171,12.173,0,0,10.814,5.778,9.863,10.954,4.382,1.101,7.586,6.561,210.0,50.6,1185.0,36.2,1290.0,0.0,33.0,0.0,0.0,10.7,0.0,0.1,0.0,0.0,0.0,0.0,0,0,Yes,No,No,No,No,Yes,No,5.5,7.4,3,0,0,0,0,0,0,0,0,76,0,0,0,0,0,0,0,0,0,0,0,0,0,0,0,0,0,0,0,0,10969,1313,1050,68,2.5,0,0,0,15.0,6.0,38.5,0.7,6.1,166.09,1464.77,25.94,1.46,659.91,661.64,0.00,767,17,0.6,0.3,0,0,0.0,0.0,0,38.5,0.000,
14.10.2025,11:59:36.743,21099,48317,30.3,15743,49578,24.1,0.0,1.291,1.323,1.305,1.305,1.251,1.251,1.251,1.296,1.291,1.316,1.301,1.301,1.301,1.251,4455.8,4788.3,4788.3,4788.3,4788.3,4788.3,4788.3,4788.3,4788.3,3790.7,3790.7,3790.7,3790.7,99.8,3591.2,244.1,127.7,25.4,59.1,28.8,105.3,25.7,27.8,664.7,1052.8,28.9,290.1,26.5,27.6,875.0,221.9,26.2,247.7,150.1,122.8,748.5,222.9,5.4,2.6,0.0,0.3,0.0,2.0,1.1,0.0,14.3,22.5,0.0,3.9,0.9,0.0,18.8,3.9,0.0,8.2,4.1,3.3,22.0,22.5,5.4,100.0,7.1,3.9,0.7,1.7,0.8,3.0,0.7,0.9,19.5,30.5,0.9,8.5,0.5,0.9,25.3,6.5,0.8,7.1,4.3,3.5,21.3,7.1,44.7,48.0,48.0,48.0,48.0,48.0,48.0,48.0,48.0,38.0,38.0,38.0,38.0,36.0,57,57,55,57,57,59,60,58,56,55,55,55,55,43,43,45,43,43,41,40,42,44,45,45,45,45,59,60,No,No,No,No,No,No,No,No,No,No,No,No,No,No,No,No,No,No,No,No,No,No,No,No,No,No,No,No,No,No,No,No,No,No,No,No,No,No,No,No,No,No,59,57,42,0.000,0.000,0.000,0.000,0.000,0.000,0.000,1.250,39.649,27.924,18.633,7.787,0.486,150.0,175.0,56.000,0.1,5.7,2.8,0.5,1.3,0.6,2.2,0.5,0.6,14.6,22.7,0.6,6.4,0.6,0.6,19.1,4.8,0.6,6.9,4.2,3.4,21.4,21.2,12.7,4.5,0.0,57.7,61.2,31.5,68.2,13.7,0.6,0.0,0.0,3.8,29.9,0.0,0.0,0.0,0.0,1.1,0.0,0.6,0.0,92.1,95.4,96.3,73.6,57.5,83.2,93.2,97.0,25.4,12.2,60.0,9.4,79.7,2793.2,28.00,36,36,36,76,112,447,2,2,Yes,No,No,No,No,No,No,No,No,No,Yes,No,No,No,No,No,No,No,No,No,No,No,No,No,No,No,No,Yes,No,No,No,No,No,No,No,Yes,No,No,32,44,32,61,50,42,1.101,5.080,3.424,3.328,12.192,2.024,0.688,3.424,3.200,1.072,1.264,1.664,1.064,1.000,1.000,0.888,1.824,1802,1970,3409,42.0,42.0,40.0,1.245,23.000,39.0,1.260,1.260,1.800,1.800,1.140,4.970,0.875,No,No,No,1.260,1.260,1.800,1.800,1.170,4.970,0.750,No,No,No,49,49,56,100.0,100.0,No,No,14699,23904,31,31,No,No,1299,631,0.1,0.1,0.2,0.092,0.412,16543,38733,0.0,0.0,0.0,0.000,0.000,0,27.2,30.0,29.9,84.0,0.910,12.166,12.158,12.169,12.172,0,0,10.774,5.553,9.297,10.319,4.126,1.033,7.585,6.511,210.0,50.6,1185.0,36.4,1290.0,0.0,12.0,0.0,0.0,10.7,0.1,0.3,0.0,0.0,0.0,0.0,0,0,Yes,No,No,No,No,Yes,No,5.2,7.2,3,0,0,0,0,0,0,0,0,76,0,0,0,0,0,0,0,0,0,0,0,0,0,0,0,0,0,0,0,0,10967,1315,1053,66,2.5,0,0,0,15.0,5.6,103.8,0.6,5.7,179.01,1712.75,9.63,1.46,286.47,287.95,0.00,767,17,0.1,0.1,0,0,0.0,0.0,0,38.2,0.000,
14.10.2025,11:59:38.754,21089,48327,30.3,15729,49591,24.0,0.0,1.271,1.328,1.255,1.255,1.230,1.250,1.265,1.275,1.275,1.300,1.290,1.265,1.265,1.251,3765.8,4788.3,4688.5,4688.5,4688.5,4788.3,798.0,4788.3,798.0,3790.7,3790.7,3790.7,3790.7,99.8,3591.2,205.3,125.0,25.6,26.4,24.8,25.7,25.4,28.3,736.8,854.2,27.9,216.6,13.5,27.6,753.9,288.8,26.3,196.9,116.5,107.9,457.4,196.7,5.4,2.9,2.2,1.5,2.2,0.7,0.7,0.7,16.1,18.9,3.7,7.2,0.0,0.7,16.7,8.5,1.5,4.2,3.5,3.3,13.0,18.9,5.4,100.0,5.9,3.7,0.7,0.8,0.7,0.7,0.7,0.9,21.2,24.6,0.9,6.4,0.7,0.8,21.8,8.3,0.8,5.6,3.4,3.1,13.1,5.9,37.8,48.0,47.0,47.0,47.0,48.0,8.0,48.0,8.0,38.0,38.0,38.0,38.0,36.0,54,54,54,56,56,57,55,54,53,53,53,53,53,46,46,46,44,44,43,45,46,47,47,47,47,47,56,57,No,No,No,No,No,No,No,No,No,No,No,No,No,No,No,No,No,No,No,No,No,No,No,No,No,No,No,No,No,No,No,No,No,No,No,No,No,No,No,No,No,No,57,55,42,0.000,0.000,0.000,0.000,0.000,0.000,0.000,1.250,49.165,30.471,21.165,7.796,0.497,150.0,175.0,72.000,0.4,4.8,2.7,0.5,0.6,0.5,0.5,0.5,0.6,15.9,18.8,0.6,4.9,0.3,0.6,16.6,6.2,0.5,5.5,3.3,3.1,12.8,19.7,10.4,0.0,0.0,43.3,65.3,30.4,67.8,13.3,2.0,0.0,0.0,3.9,30.6,0.0,0.0,0.0,0.0,0.0,0.0,0.0,0.0,92.0,96.4,96.6,82.2,61.0,85.9,98.8,98.8,37.9,13.2,62.3,12.9,78.4,2793.2,28.00,36,36,36,76,112,447,2,2,Yes,No,No,No,No,No,No,No,No,No,Yes,No,No,No,No,No,No,No,No,No,No,No,No,No,No,No,No,Yes,No,No,No,No,No,No,No,Yes,No,No,32,43,32,59,50,43,1.003,5.080,3.424,3.328,12.192,2.024,0.688,3.424,3.200,1.072,1.264,1.648,1.064,1.000,1.000,0.888,1.824,1804,1790,3409,43.0,42.0,40.0,1.275,16.000,38.8,1.260,1.260,1.800,1.800,1.140,5.040,1.000,No,No,No,1.260,1.260,1.800,1.800,1.140,5.040,0.750,No,No,No,49,49,57,100.0,100.0,No,No,14699,23904,31,31,No,No,1299,631,0.1,0.1,0.3,0.196,0.811,16543,38735,0.0,0.0,0.0,0.000,0.000,0,27.2,30.0,30.0,84.0,0.910,12.167,12.160,12.170,12.172,0,0,11.154,5.459,9.065,10.076,4.041,1.021,7.579,6.431,210.0,50.6,1185.0,35.5,1290.0,0.0,6.0,0.0,0.0,10.7,0.0,0.2,0.0,0.0,0.0,0.0,0,0,Yes,No,No,No,No,Yes,No,5.0,7.3,3,0,0,0,0,0,0,0,0,76,0,0,0,0,0,0,0,0,0,0,0,0,0,0,0,0,0,0,0,0,10967,1315,1053,66,2.5,0,0,0,15.0,4.9,43.1,0.6,5.0,202.66,1606.50,23.19,1.42,654.57,655.91,0.00,767,17,0.8,0.2,0,0,0.0,0.0,0,38.2,0.000,
14.10.2025,11:59:40.758,21085,48331,30.3,15725,49595,24.0,0.0,1.280,1.280,1.272,1.257,1.282,1.272,1.287,1.287,1.307,1.291,1.276,1.276,1.276,1.251,4439.1,4688.5,4688.5,4688.5,4788.3,4788.3,4788.3,4788.3,4888.0,3790.7,3790.7,3790.7,3790.7,99.8,3591.2,205.6,79.8,25.3,49.2,31.5,25.9,25.2,28.1,759.3,817.4,27.6,219.3,25.7,28.4,861.9,140.1,25.3,191.9,147.7,98.8,503.5,195.0,4.7,1.6,0.4,0.9,0.5,0.4,0.9,0.0,16.2,17.8,0.0,4.0,0.4,2.7,18.7,2.1,0.4,6.7,4.1,2.8,13.9,18.7,4.7,100.0,5.9,2.3,0.7,1.4,0.9,0.7,0.4,0.9,21.8,23.5,0.9,6.5,0.7,0.9,24.7,4.1,0.7,5.5,4.2,2.8,14.2,5.9,44.5,47.0,47.0,47.0,48.0,48.0,48.0,48.0,49.0,38.0,38.0,38.0,38.0,36.0,54,53,54,59,54,55,52,54,53,55,55,55,55,46,47,46,41,46,45,48,46,47,45,45,45,45,60,59,No,No,No,No,No,No,No,No,No,No,No,No,No,No,No,No,No,No,No,No,No,No,No,No,No,No,No,No,No,No,No,No,No,No,No,No,No,No,No,No,No,No,65,65,42,0.000,0.000,0.000,0.000,0.000,0.000,0.000,1.250,41.235,27.995,18.824,7.671,0.488,150.0,175.0,56.000,0.3,4.8,1.8,0.5,1.1,0.7,0.6,0.5,0.6,16.3,18.0,0.6,4.9,0.6,0.6,18.9,3.1,0.5,5.5,4.2,2.9,14.1,19.1,8.5,1.0,0.0,41.3,67.7,30.0,67.5,7.9,1.0,0.0,0.0,4.0,30.5,0.0,0.0,0.0,0.3,0.0,0.0,0.0,0.0,93.1,95.5,96.9,80.6,62.2,88.7,97.1,99.0,39.4,11.7,62.7,11.3,87.6,2793.2,28.00,36,36,36,76,112,447,2,2,Yes,No,No,No,No,No,No,No,No,No,Yes,No,No,No,No,No,No,No,No,No,No,No,No,No,No,No,No,Yes,No,No,No,No,No,No,No,Yes,No,No,32,43,32,56,49,42,1.137,5.080,3.424,3.328,12.192,2.024,0.696,3.424,3.200,1.072,1.264,1.664,1.064,1.000,1.000,0.888,1.824,1797,1744,3383,42.0,42.0,40.0,1.215,17.000,38.8,1.245,1.260,1.800,1.800,1.140,5.040,1.375,No,No,No,1.260,1.260,1.800,1.800,1.140,5.040,1.250,No,No,No,49,49,59,100.0,100.0,No,No,14699,23904,31,31,No,No,1299,631,0.0,0.0,0.0,0.008,0.297,16543,38735,0.0,0.0,0.0,0.000,0.000,0,27.2,32.0,30.0,84.0,0.910,12.168,12.161,12.170,12.172,0,0,11.093,5.726,9.738,10.698,4.211,0.963,7.587,6.883,210.0,50.6,1185.0,35.2,1290.0,0.0,37.0,0.0,0.0,10.7,0.0,0.1,0.0,0.0,0.0,0.0,0,0,Yes,No,No,No,No,Yes,No,5.4,7.3,3,0,0,0,0,0,0,0,0,76,0,0,0,0,0,0,0,0,0,0,0,0,0,0,0,0,0,0,0,0,10967,1315,1053,66,2.5,0,0,0,15.0,4.5,84.3,0.5,4.6,222.33,1913.12,11.87,1.25,502.81,504.08,0.00,767,17,3.7,2.2,0,0,0.0,0.0,0,38.2,0.000,
14.10.2025,11:59:42.746,21082,48334,30.3,15722,49598,24.0,0.0,1.272,1.339,1.262,1.252,1.252,1.267,1.252,1.237,1.237,1.291,1.291,1.291,1.293,1.251,4464.1,4788.3,4788.3,4788.3,4788.3,4888.0,4788.3,4788.3,4788.3,3790.7,3790.7,3790.7,3790.7,99.8,4489.0,196.7,69.4,25.6,37.4,48.3,25.6,13.2,28.1,656.8,944.2,27.6,169.2,25.9,28.6,900.1,102.4,53.2,144.9,129.4,69.8,434.0,190.6,5.1,2.0,1.0,1.3,1.5,1.0,0.0,1.1,14.6,20.8,4.0,5.1,0.0,1.0,19.8,2.8,2.9,3.0,4.2,2.4,13.2,20.8,5.1,100.0,5.7,2.0,0.7,1.1,1.4,0.7,0.7,0.9,19.1,27.1,0.9,5.1,0.7,0.9,25.8,3.0,1.2,4.2,3.7,2.0,12.6,5.7,44.8,48.0,48.0,48.0,48.0,49.0,48.0,48.0,48.0,38.0,38.0,38.0,38.0,45.0,51,51,50,51,53,52,51,52,55,50,50,50,50,49,49,50,49,47,48,49,48,45,50,50,50,50,53,55,No,No,No,No,No,No,No,No,No,No,No,No,No,No,No,No,No,No,No,No,No,No,No,No,No,No,No,No,No,No,No,No,No,No,No,No,No,No,No,No,No,No,54,52,42,0.000,0.000,0.000,0.000,0.000,0.000,0.000,1.250,36.477,27.246,18.146,7.599,0.488,150.0,175.0,48.000,0.0,4.5,1.5,0.5,0.8,1.0,0.5,0.3,0.6,14.3,20.6,0.6,3.9,0.6,0.6,19.6,2.3,1.1,4.0,3.7,2.0,12.4,19.5,8.4,3.6,0.0,46.0,62.0,28.5,69.4,10.3,2.9,0.0,0.0,3.2,30.9,0.0,0.0,0.0,0.0,1.1,0.0,0.0,0.0,92.7,96.0,97.8,83.2,61.5,89.0,94.2,98.8,37.0,13.8,65.3,8.6,85.3,2793.2,28.00,36,36,36,76,112,447,2,2,Yes,No,No,No,No,No,No,No,No,No,Yes,No,No,No,No,No,No,No,No,No,No,No,No,No,No,No,No,Yes,No,No,No,No,No,No,No,Yes,No,No,32,43,32,55,49,42,0.684,5.080,3.424,3.328,12.192,2.024,0.696,3.424,3.200,1.072,1.264,1.648,1.064,1.000,1.000,0.888,1.824,1700,1648,3461,43.0,42.0,40.0,1.260,24.000,38.8,1.245,1.260,1.800,1.800,1.140,5.040,0.750,No,No,No,1.245,1.260,1.800,1.800,1.140,5.040,0.750,No,No,No,49,49,60,100.0,100.0,No,No,14699,23904,31,31,No,No,1299,631,0.0,0.1,0.1,0.106,0.620,16543,38736,0.0,0.0,0.0,0.000,0.000,0,27.2,30.0,30.0,84.0,0.910,12.169,12.164,12.171,12.173,0,0,10.550,5.128,9.191,9.797,3.676,0.613,7.535,5.081,210.0,50.6,1185.0,36.2,1290.0,0.0,3.0,0.0,0.0,10.7,0.0,0.1,0.0,0.0,0.0,0.0,0,0,Yes,No,No,No,No,Yes,No,4.9,7.3,3,0,0,0,0,0,0,0,0,76,0,0,0,0,0,0,0,0,0,0,0,0,0,0,0,0,0,0,0,0,10967,1315,1053,66,2.5,0,0,0,15.0,4.1,61.9,0.5,4.2,244.50,1928.58,16.15,1.47,665.54,666.89,0.00,767,17,0.1,0.2,0,0,0.0,0.0,0,38.2,0.000,
14.10.2025,11:59:44.748,21080,48336,30.3,15723,49597,24.0,0.0,1.300,1.341,1.346,1.303,1.288,1.288,1.308,1.288,1.291,1.281,1.281,1.281,1.302,1.251,4497.3,4788.3,4788.3,4888.0,4888.0,4888.0,4888.0,4788.3,4888.0,3790.7,3790.7,3790.7,3790.7,99.8,3591.2,393.2,223.4,25.8,50.1,25.6,31.0,25.4,27.0,524.8,828.2,28.7,160.1,26.0,28.4,534.5,122.6,25.6,1510.6,1036.2,742.4,1887.3,290.8,10.8,4.1,0.0,1.2,0.6,0.8,0.0,2.9,11.3,17.4,0.0,3.0,3.6,1.4,11.0,2.9,0.0,46.1,32.0,22.8,55.6,55.6,10.8,100.0,11.2,7.0,0.7,1.5,0.7,0.9,0.7,0.8,15.5,23.7,0.9,4.8,0.8,0.9,15.2,3.6,1.1,42.5,29.2,21.0,52.8,11.2,45.1,48.0,48.0,49.0,49.0,49.0,49.0,48.0,49.0,38.0,38.0,38.0,38.0,36.0,52,48,49,52,47,50,50,54,53,56,56,56,56,48,52,51,48,53,50,50,46,47,44,44,44,44,54,56,No,No,No,No,No,No,No,No,No,No,No,No,No,No,No,No,No,No,No,No,No,No,No,No,No,No,No,No,No,No,No,No,No,No,No,No,No,No,No,No,No,No,57,57,41,0.000,0.000,0.000,0.000,0.000,0.000,0.000,1.250,23.789,26.903,17.854,7.553,0.488,150.0,175.0,40.000,0.1,10.7,4.8,0.5,1.1,0.5,0.7,0.5,0.6,12.1,18.1,0.6,3.6,0.5,0.6,11.9,2.8,0.5,45.4,31.2,21.9,55.9,16.6,14.3,1.5,1.3,68.9,54.9,8.2,41.4,8.2,0.0,0.0,0.0,0.5,20.1,0.0,0.0,0.0,0.0,0.0,0.0,0.0,0.0,53.7,68.1,77.5,42.5,66.1,78.7,96.3,97.1,16.0,24.5,85.9,43.6,86.8,2793.2,28.00,36,36,36,76,112,447,2,2,Yes,No,No,No,No,No,No,No,No,No,Yes,No,No,No,No,No,No,No,No,No,No,No,No,No,No,No,No,Yes,No,No,No,No,No,No,No,Yes,No,No,32,43,32,56,48,41,1.208,5.080,3.424,3.328,12.192,2.024,0.696,3.424,3.200,1.072,1.264,1.648,1.064,1.000,1.000,0.888,1.824,1632,1640,3435,42.0,41.0,39.0,1.255,19.000,38.8,1.245,1.260,1.800,1.800,1.140,5.040,1.250,No,No,No,1.245,1.260,1.800,1.800,1.140,5.040,1.000,No,No,No,49,49,60,100.0,100.0,No,No,14699,23904,31,31,No,No,1299,631,0.0,2.1,2.1,0.008,19.026,16543,38773,0.0,0.0,0.0,0.000,0.000,0,27.2,28.0,29.9,84.0,0.910,12.169,12.164,12.170,12.173,0,0,11.090,4.936,8.997,9.566,3.567,0.568,7.505,4.353,210.0,50.6,1185.0,38.0,1290.0,0.0,45.0,0.0,0.0,10.7,0.0,0.1,0.0,0.0,0.0,0.0,0,0,Yes,No,No,No,No,Yes,No,5.3,7.3,3,0,0,0,0,0,0,0,0,76,0,0,0,0,0,0,0,0,0,0,0,0,0,0,0,0,0,0,0,0,10967,1315,1053,66,2.5,0,0,0,15.0,3.8,64.7,0.5,3.9,261.17,1889.63,15.46,1.47,498.09,499.51,0.00,767,17,0.7,0.0,0,0,0.0,0.0,0,38.2,0.000,
14.10.2025,11:59:46.746,21079,48337,30.3,15726,49594,24.0,0.0,1.285,1.363,1.314,1.284,1.279,1.289,1.314,1.288,1.268,1.274,1.204,1.204,1.337,1.251,4514.0,4788.3,4888.0,4888.0,4888.0,4888.0,4888.0,4888.0,4888.0,3790.7,3790.7,3790.7,3790.7,99.8,3591.2,422.9,123.1,25.6,109.7,25.9,29.0,25.7,26.3,385.8,693.0,28.6,163.5,25.9,28.4,594.0,134.4,25.6,1923.3,986.1,946.1,2157.7,297.4,11.9,2.9,1.4,1.7,0.7,0.8,1.4,1.4,9.3,15.2,1.5,4.0,0.0,0.5,13.4,3.2,0.0,57.4,30.6,28.6,64.6,64.6,11.9,100.0,12.1,4.0,0.7,3.1,0.7,0.8,0.7,0.8,11.6,20.0,0.9,5.1,0.7,0.6,17.4,3.9,0.7,53.8,27.9,26.7,60.9,12.1,45.2,48.0,49.0,49.0,49.0,49.0,49.0,49.0,49.0,38.0,38.0,38.0,38.0,36.0,52,48,48,51,50,50,50,57,51,55,55,55,55,48,52,52,49,50,50,50,43,49,45,45,45,45,61,57,No,No,No,No,No,No,No,No,No,No,No,No,No,No,No,No,No,No,No,No,No,No,No,No,No,No,No,No,No,No,No,No,No,No,No,No,No,No,No,No,No,No,53,53,41,0.000,0.000,0.000,0.000,0.000,0.000,0.000,1.250,34.891,32.507,23.285,7.711,0.499,150.0,175.0,48.000,0.0,11.7,2.7,0.5,2.3,0.6,0.6,0.5,0.6,9.3,15.2,0.6,4.0,0.5,0.6,13.1,3.1,0.5,57.2,30.2,28.2,64.0,16.3,11.2,0.0,0.0,73.3,38.8,28.4,37.5,6.4,0.0,0.0,0.0,0.0,18.1,0.0,0.0,0.0,0.0,0.0,0.0,0.0,0.0,41.8,69.1,71.1,34.9,67.1,84.1,96.7,98.6,14.4,42.9,65.4,46.0,88.4,2793.2,28.00,36,36,36,76,112,447,2,2,Yes,No,No,No,No,No,No,No,No,No,Yes,No,No,No,No,No,No,No,No,No,No,No,No,No,No,No,No,Yes,No,No,No,No,No,No,No,Yes,No,No,32,43,32,55,47,43,1.234,5.080,3.424,3.328,12.192,2.024,0.696,3.424,3.200,1.072,1.264,1.648,1.064,1.000,1.000,0.888,1.824,1501,1622,3452,43.0,41.0,39.0,1.260,17.000,38.8,1.245,1.260,1.800,1.800,1.140,5.040,1.000,No,No,No,1.245,1.260,1.800,1.815,1.140,5.040,0.750,No,No,No,49,49,59,100.0,100.0,No,No,14699,23904,31,31,No,No,1299,631,0.0,2.6,2.6,0.000,24.155,16543,38819,0.0,0.0,0.0,0.000,0.000,0,27.2,30.0,29.9,84.0,0.910,12.167,12.160,12.170,12.173,0,0,11.253,5.048,9.190,9.809,3.676,0.625,7.503,4.534,210.0,50.6,1185.0,35.9,1290.0,0.0,60.0,0.0,0.0,10.7,0.0,0.1,0.0,0.0,0.0,0.0,0,0,Yes,No,No,No,No,Yes,No,4.9,7.4,3,0,0,0,0,0,0,0,0,76,0,0,0,0,0,0,0,0,0,0,0,0,0,0,0,0,0,0,0,0,10967,1315,1053,66,2.5,0,0,0,15.0,3.6,60.0,0.5,3.6,281.20,1912.84,16.67,1.62,659.93,661.67,0.00,767,17,0.1,0.1,0,0,0.0,0.0,0,38.0,0.000,
14.10.2025,11:59:48.744,21082,48334,30.3,15723,49597,24.0,0.0,1.279,1.308,1.295,1.270,1.275,1.283,1.298,1.313,1.278,1.211,1.272,1.272,1.272,1.251,4106.6,4788.3,4688.5,4688.5,4788.3,4788.3,798.0,4788.3,4788.3,3790.7,3790.7,3790.7,3790.7,99.8,3591.2,324.2,173.7,26.7,73.5,87.9,58.0,26.0,28.4,776.7,951.8,28.2,382.7,26.2,16.7,1370.9,434.9,26.7,601.6,339.5,296.9,757.6,301.7,7.4,4.0,1.5,0.0,2.0,0.0,0.7,0.0,17.2,21.1,0.8,8.8,0.0,0.0,29.5,9.4,0.7,15.9,8.3,6.9,21.7,29.5,7.4,100.0,9.3,5.0,0.8,2.1,2.8,1.9,0.7,0.9,22.3,27.2,0.9,11.1,0.8,0.9,39.0,12.1,0.8,17.1,9.5,8.3,21.7,9.3,41.2,48.0,47.0,47.0,48.0,48.0,8.0,48.0,48.0,38.0,38.0,38.0,38.0,36.0,53,49,49,51,51,59,51,53,59,53,53,53,53,47,51,51,49,49,41,49,47,41,47,47,47,47,59,59,No,No,No,No,No,No,No,No,No,No,No,No,No,No,No,No,No,No,No,No,No,No,No,No,No,No,No,No,No,No,No,No,No,No,No,No,No,No,No,No,No,No,54,54,41,0.000,0.000,0.000,0.000,0.000,0.000,0.000,1.250,26.961,33.036,23.839,7.691,0.498,150.0,175.0,40.000,0.0,7.7,3.8,0.6,1.6,1.9,1.2,0.5,0.6,17.1,21.0,0.6,8.6,0.6,0.4,29.4,9.5,0.6,16.8,9.6,8.3,21.1,23.0,10.1,3.1,2.2,62.5,67.1,44.0,61.0,21.6,1.7,0.6,0.6,1.2,28.2,0.0,0.0,0.0,0.0,1.1,0.0,0.1,0.0,80.9,89.4,90.9,76.6,52.4,84.8,92.7,95.5,17.9,8.4,45.3,7.3,67.2,2793.2,28.00,36,36,36,76,112,447,2,2,Yes,No,No,No,No,No,No,No,No,No,Yes,No,No,No,No,No,No,No,No,No,No,No,No,No,No,No,No,Yes,No,No,No,No,No,No,No,Yes,No,No,32,43,32,56,46,42,1.288,5.080,3.424,3.328,12.192,2.024,0.696,3.424,3.200,1.072,1.264,1.648,1.064,1.000,1.000,0.888,1.824,1356,1571,3391,43.0,41.0,39.0,1.285,13.000,38.5,1.245,1.260,1.800,1.800,1.170,5.040,0.875,No,No,No,1.245,1.260,1.800,1.800,1.185,5.040,1.000,No,No,No,49,49,59,100.0,100.0,No,No,14699,23904,31,31,No,No,1299,631,1.8,1.0,2.8,0.713,3.092,16544,38825,0.0,0.0,0.0,0.000,0.000,0,27.3,28.0,30.1,84.0,0.910,12.167,12.160,12.169,12.173,0,0,11.133,5.848,10.898,11.013,3.749,0.120,7.505,7.649,210.0,50.6,1185.0,36.7,1290.0,0.0,35.0,0.0,0.0,10.7,0.0,0.1,0.0,0.0,0.0,0.0,0,0,Yes,No,No,No,No,Yes,No,5.5,7.5,3,0,0,0,0,0,0,0,0,76,0,0,0,0,0,0,0,0,0,0,0,0,0,0,0,0,0,0,0,0,10967,1315,1053,66,2.5,0,0,0,15.0,3.4,62.2,0.5,3.4,295.79,1905.63,16.07,1.34,502.39,503.81,0.00,767,17,0.1,0.0,0,0,0.0,0.0,0,38.0,0.000,
14.10.2025,11:59:50.742,21037,48379,30.3,15682,49638,24.0,0.0,1.283,1.277,1.276,1.276,1.251,1.256,1.297,1.312,1.312,1.283,1.283,1.283,1.283,1.251,4480.7,4788.3,4788.3,4788.3,4788.3,4788.3,4888.0,4888.0,4888.0,3790.7,3790.7,3790.7,3790.7,99.8,3591.2,323.4,142.0,27.1,156.6,13.2,41.5,25.6,31.9,540.1,1153.2,29.0,365.0,26.0,185.5,1045.4,359.8,26.1,756.4,434.4,312.0,796.9,297.7,8.4,3.0,0.5,6.2,0.0,3.1,0.0,4.3,10.5,25.0,1.8,8.0,1.2,9.4,16.5,8.0,0.0,23.3,14.2,9.2,23.1,25.0,8.4,100.0,9.3,4.1,0.8,4.5,0.4,1.2,0.7,1.0,15.7,32.9,0.7,10.6,0.8,5.4,29.8,10.8,0.8,21.6,12.4,9.0,22.7,9.3,44.9,48.0,48.0,48.0,48.0,48.0,49.0,49.0,49.0,38.0,38.0,38.0,38.0,36.0,50,47,47,47,48,59,49,56,49,48,48,48,48,50,53,53,53,52,41,51,44,51,52,52,52,52,57,59,No,No,No,No,No,No,No,No,No,No,No,No,No,No,No,No,No,No,No,No,No,No,No,No,No,No,No,No,No,No,No,No,No,No,No,No,No,No,No,No,No,No,54,54,41,0.000,0.000,0.000,0.000,0.000,0.000,0.000,1.250,31.719,33.618,24.500,7.608,0.501,150.0,175.0,48.000,0.1,7.9,3.2,0.6,3.4,0.3,0.9,0.5,0.7,12.1,25.2,0.6,8.1,0.6,4.0,22.4,7.8,0.6,21.8,12.7,9.0,22.9,21.3,11.5,5.9,1.1,54.5,67.3,37.3,51.1,20.0,0.3,0.0,0.0,6.4,27.1,0.0,0.0,0.0,0.0,0.8,0.0,0.0,0.0,77.3,86.8,90.7,69.5,56.1,84.0,89.9,97.2,30.9,4.5,52.1,20.3,69.8,2793.2,28.00,36,36,36,76,112,447,2,2,Yes,No,No,No,No,No,No,No,No,No,Yes,No,No,No,No,No,No,No,No,No,No,No,No,No,No,No,No,Yes,No,No,No,No,No,No,No,Yes,No,No,32,43,32,53,49,42,1.003,5.080,3.424,3.328,12.192,2.024,0.696,3.424,3.200,1.072,1.264,1.664,1.064,1.000,1.000,0.888,1.824,1240,1546,3443,42.0,41.0,39.0,1.280,19.000,38.5,1.245,1.260,1.800,1.800,1.170,5.040,0.750,No,No,No,1.245,1.260,1.800,1.800,1.170,5.040,0.875,No,No,No,49,49,60,100.0,100.0,No,No,14699,23904,31,31,No,No,1299,631,1.2,0.6,1.8,0.460,3.547,16545,38832,0.0,0.0,0.0,0.000,0.000,0,27.2,30.0,30.0,84.0,0.910,12.168,12.164,12.169,12.172,0,0,11.119,5.293,9.884,10.673,4.090,0.797,7.500,4.111,210.0,50.6,1185.0,35.4,1290.0,0.0,44.0,0.0,0.0,10.7,0.0,0.1,0.0,0.0,0.0,0.0,0,0,Yes,No,No,No,No,Yes,No,5.3,7.3,3,0,0,0,0,0,0,0,0,76,0,0,0,0,0,0,0,0,0,0,0,0,0,0,0,0,0,0,0,0,10967,1315,1053,66,2.5,0,0,0,15.0,3.2,60.0,0.5,3.2,314.12,1912.90,16.66,1.65,660.13,661.67,0.00,767,17,0.2,0.1,0,0,0.0,0.0,0,38.0,0.000,
14.10.2025,11:59:52.751,21039,48377,30.3,15679,49641,24.0,0.0,1.285,1.323,1.262,1.267,1.282,1.282,1.272,1.286,1.286,1.271,1.291,1.291,1.306,1.251,4397.6,4788.3,4788.3,4788.3,4788.3,4888.0,4788.3,4788.3,4788.3,3591.2,3591.2,3591.2,3591.2,99.8,3591.2,240.4,122.7,45.0,76.2,25.3,50.0,25.8,32.7,25.7,1287.5,16.0,534.1,27.2,861.0,28.1,515.4,27.9,377.6,301.9,204.0,223.2,243.3,6.1,3.1,1.3,2.0,5.3,2.9,1.7,1.8,0.0,28.3,0.0,11.7,0.0,19.2,0.9,10.0,0.2,11.1,9.0,6.8,6.5,28.3,6.1,100.0,6.9,3.6,1.3,2.2,0.7,1.4,0.7,0.9,0.7,36.8,0.8,15.5,0.8,25.0,0.9,14.8,0.9,10.7,8.5,5.8,6.6,6.9,44.1,48.0,48.0,48.0,48.0,49.0,48.0,48.0,48.0,36.0,36.0,36.0,36.0,36.0,49,48,45,51,51,51,47,48,48,48,50,50,50,51,52,55,49,49,49,53,52,52,52,50,50,50,51,51,No,No,No,No,No,No,No,No,No,No,No,No,No,No,No,No,No,No,No,No,No,No,No,No,No,No,No,No,No,No,No,No,No,No,No,No,No,No,No,No,No,No,54,54,41,0.000,0.000,0.000,0.000,0.000,0.000,0.000,1.250,15.860,32.741,23.611,7.621,0.501,150.0,175.0,24.000,0.0,5.6,2.7,1.0,1.7,0.5,1.1,0.5,0.7,0.5,28.2,0.3,12.1,0.6,18.9,0.6,11.1,0.6,10.7,8.6,5.7,6.2,21.1,11.2,4.8,1.1,0.4,69.5,53.0,70.4,25.7,1.2,0.0,0.0,15.4,29.1,0.0,0.0,0.0,0.0,0.1,0.0,0.0,0.0,87.4,90.9,93.9,77.0,59.1,84.1,92.5,97.0,98.1,0.1,32.4,8.4,60.2,2793.2,28.00,36,36,36,76,112,447,2,2,Yes,No,No,No,No,No,No,No,No,No,Yes,No,No,No,No,No,No,No,No,No,No,No,No,No,No,No,No,Yes,No,No,No,No,No,No,No,Yes,No,No,32,43,32,53,46,41,1.252,5.080,3.424,3.328,12.192,2.024,0.704,3.424,3.200,1.072,1.264,1.664,1.064,1.000,1.000,0.888,1.824,1187,1542,3417,43.0,41.0,39.0,1.200,13.000,38.5,1.260,1.260,1.800,1.800,1.170,5.040,0.875,No,No,No,1.260,1.260,1.800,1.800,1.170,5.040,1.000,No,No,No,49,49,58,100.0,100.0,No,No,14699,23904,31,31,No,No,1299,631,0.1,0.5,0.6,0.098,1.220,16546,38834,0.0,0.0,0.0,0.000,0.000,0,27.4,30.0,30.2,84.0,0.910,12.169,12.164,12.171,12.172,0,0,11.532,6.531,11.013,12.621,5.283,1.611,7.547,7.645,210.0,50.6,1185.0,57.9,1290.0,10.0,2.0,0.0,0.0,10.7,0.1,0.7,0.0,0.0,0.0,0.0,0,0,Yes,No,No,No,No,Yes,No,6.3,9.5,3,0,0,0,0,0,0,0,0,76,0,0,0,0,0,0,0,0,0,0,0,0,0,0,0,0,0,0,0,0,10970,1312,1050,68,2.5,0,0,0,15.0,6.5,229.9,0.8,6.6,154.44,1196.02,4.35,1.32,66.20,67.53,0.00,767,17,0.0,0.0,0,0,0.0,0.0,0,38.0,0.000,
14.10.2025,11:59:54.754,21031,48386,30.2,15674,49646,23.9,0.0,1.288,1.321,1.276,1.276,1.297,1.297,1.286,1.281,1.302,1.279,1.279,1.279,1.279,1.251,4497.3,4788.3,4788.3,4788.3,4888.0,4888.0,4888.0,4888.0,4888.0,3790.7,3790.7,3790.7,3790.7,99.8,3591.2,203.5,236.7,85.0,51.4,25.2,58.1,25.7,58.1,25.6,976.4,27.8,322.5,26.4,777.1,27.4,308.7,26.5,441.1,240.9,209.9,118.9,207.8,4.9,5.1,1.1,1.2,0.6,0.0,0.6,0.0,5.7,21.5,0.0,7.9,0.6,16.8,0.0,8.2,0.0,12.2,6.6,6.3,3.6,21.5,4.9,100.0,5.9,6.8,2.5,1.5,0.7,1.7,0.7,1.7,0.7,27.9,0.9,9.4,0.8,22.3,0.8,8.9,0.8,12.6,6.9,6.0,3.6,5.9,45.1,48.0,48.0,48.0,49.0,49.0,49.0,49.0,49.0,38.0,38.0,38.0,38.0,36.0,47,46,44,46,46,49,50,47,44,47,47,47,47,53,54,56,54,54,51,50,53,56,53,53,53,53,48,50,No,No,No,No,No,No,No,No,No,No,No,No,No,No,No,No,No,No,No,No,No,No,No,No,No,No,No,No,No,No,No,No,No,No,No,No,No,No,No,No,No,No,54,54,41,0.000,0.000,0.000,0.000,0.000,0.000,0.000,1.250,28.547,29.050,20.043,7.507,0.497,150.0,175.0,40.000,0.4,4.8,5.0,1.8,1.1,0.5,1.3,0.5,1.2,0.5,21.5,0.6,7.2,0.6,16.8,0.6,6.7,0.6,12.7,7.1,6.2,3.5,18.2,13.1,2.7,4.1,3.9,74.9,35.1,56.3,14.8,2.9,0.0,1.0,9.7,29.5,0.0,0.0,0.0,0.0,0.0,0.0,0.0,0.0,83.6,92.5,92.4,85.7,64.9,79.2,95.3,93.8,94.1,1.4,55.1,24.2,76.1,2793.2,28.00,36,36,36,76,112,447,2,2,Yes,No,No,No,No,No,No,No,No,No,Yes,No,No,No,No,No,No,No,No,No,No,No,No,No,No,No,No,Yes,No,No,No,No,No,No,No,Yes,No,No,32,43,32,50,45,42,0.950,5.080,3.424,3.328,12.192,2.024,0.704,3.424,3.200,1.072,1.264,1.648,1.064,1.000,1.000,0.888,1.824,1168,1523,3366,43.0,41.0,39.0,1.230,14.000,38.5,1.260,1.260,1.800,1.800,1.170,5.040,0.750,No,No,No,1.260,1.260,1.800,1.800,1.170,5.040,0.875,No,No,No,49,49,57,100.0,100.0,No,No,14699,23904,31,31,No,No,1299,631,0.2,0.3,0.5,0.260,1.181,16546,38837,0.0,0.0,0.0,0.000,0.000,0,27.3,30.0,30.0,84.0,0.910,12.170,12.166,12.172,12.173,0,0,11.050,5.510,9.686,10.601,4.151,0.925,9.112,4.096,210.0,50.6,1185.0,35.2,1290.0,0.0,6.0,0.0,0.0,10.7,0.0,0.1,0.0,0.0,0.0,0.0,0,0,Yes,No,No,No,No,Yes,No,5.3,7.4,3,0,0,0,0,0,0,0,0,76,0,0,0,0,0,0,0,0,0,0,0,0,0,0,0,0,0,0,0,0,10970,1312,1050,68,2.5,0,0,0,15.0,6.9,60.9,30.4,6.9,145.83,32.90,16.41,1.44,19.48,20.83,0.00,767,17,0.7,0.5,0,0,0.0,0.0,0,37.8,0.000,
14.10.2025,11:59:56.747,21034,48382,30.3,15683,49637,24.0,0.0,1.281,1.332,1.285,1.285,1.270,1.255,1.300,1.285,1.270,1.270,1.280,1.270,1.270,1.251,4497.3,4888.0,4888.0,4888.0,4788.3,4788.3,4888.0,4888.0,4788.3,3790.7,3790.7,3790.7,3790.7,99.8,3591.2,206.5,227.5,30.6,52.7,25.4,31.6,24.9,25.6,25.7,985.0,28.3,423.9,26.6,930.3,28.6,329.3,26.6,393.8,225.0,151.6,136.4,213.4,5.0,4.3,0.1,1.4,0.0,0.9,0.8,0.8,0.8,21.2,2.3,8.8,1.6,19.6,2.3,5.2,4.5,11.5,6.6,4.7,3.5,21.2,5.0,100.0,6.0,6.9,0.9,1.6,0.7,0.9,0.7,0.7,0.7,28.5,0.9,12.6,0.8,26.7,0.9,9.6,0.8,11.1,6.4,4.3,4.1,6.0,45.1,49.0,49.0,49.0,48.0,48.0,49.0,49.0,48.0,38.0,38.0,38.0,38.0,36.0,46,44,44,46,46,46,48,46,46,46,46,46,46,54,56,56,54,54,54,52,54,54,54,54,54,54,48,48,No,No,No,No,No,No,No,No,No,No,No,No,No,No,No,No,No,No,No,No,No,No,No,No,No,No,No,No,No,No,No,No,No,No,No,No,No,No,No,No,No,No,47,46,41,0.000,0.000,0.000,0.000,0.000,0.000,0.000,1.250,30.133,25.969,17.046,7.427,0.488,150.0,175.0,48.000,0.0,4.8,4.9,0.7,1.2,0.5,0.7,0.5,0.5,0.5,21.8,0.6,9.3,0.6,20.0,0.6,7.1,0.6,11.3,6.3,4.4,4.0,18.1,10.1,6.1,0.0,0.0,74.5,35.8,57.3,22.7,1.2,0.5,0.6,9.1,30.0,0.0,0.0,0.0,0.0,0.0,0.0,0.0,0.0,86.9,92.8,94.6,85.8,64.1,82.9,91.8,98.6,98.8,1.1,52.0,19.7,67.7,2793.2,28.00,36,36,36,76,112,447,2,2,Yes,No,No,No,No,No,No,No,No,No,Yes,No,No,No,No,No,No,No,No,No,No,No,No,No,No,No,No,Yes,No,No,No,No,No,No,No,Yes,No,No,32,42,32,50,45,43,1.172,5.080,3.424,3.328,12.192,2.024,0.704,3.424,3.200,1.072,1.264,1.648,1.064,1.000,1.000,0.888,1.824,1158,1505,3443,41.0,41.0,39.0,1.210,9.000,38.5,1.260,1.260,1.800,1.800,1.170,5.040,1.125,No,No,No,1.260,1.260,1.800,1.800,1.170,5.040,0.875,No,No,No,49,49,57,100.0,100.0,No,No,14699,23904,31,31,No,No,1299,631,0.1,0.1,0.2,0.073,0.458,16546,38838,0.0,0.0,0.0,0.000,0.000,0,27.3,30.0,30.1,84.0,0.910,12.170,12.164,12.172,12.174,0,0,10.510,5.668,9.725,10.918,4.431,1.193,9.197,4.215,210.0,50.6,1185.0,34.9,1290.0,0.0,16.0,0.0,0.0,10.7,0.0,0.1,0.0,0.0,0.0,0.0,0,0,Yes,No,No,No,No,Yes,No,5.5,7.4,3,0,0,0,0,0,0,0,0,76,0,0,0,0,0,0,0,0,0,0,0,0,0,0,0,0,0,0,0,0,10970,1312,1050,68,2.5,0,0,0,15.0,5.7,53.0,0.5,5.8,173.94,1934.98,18.85,1.32,711.68,713.00,0.00,767,17,0.2,1.0,0,0,0.0,0.0,0,37.8,0.000,
14.10.2025,11:59:58.746,21036,48381,30.3,15683,49637,24.0,0.0,1.295,1.295,1.280,1.259,1.274,1.299,1.277,1.302,1.302,1.321,1.321,1.321,1.291,1.251,4148.2,4788.3,4788.3,4788.3,4788.3,4888.0,4888.0,4888.0,798.0,3790.7,3790.7,3790.7,3790.7,99.8,4389.3,230.0,369.2,29.2,66.2,25.6,28.9,60.1,25.4,42.0,1108.8,28.3,560.6,26.6,733.5,27.6,345.9,26.7,474.5,291.7,194.2,135.1,237.3,5.4,7.9,0.0,1.5,2.1,0.7,0.5,0.6,0.2,24.0,0.0,12.3,0.0,16.0,0.0,9.0,0.0,13.9,8.9,6.1,3.9,24.0,5.4,100.0,6.6,10.5,0.9,1.9,0.7,0.8,1.7,0.7,1.2,31.8,0.9,16.5,0.8,21.1,0.9,10.0,0.8,13.5,8.3,5.5,4.0,6.6,41.6,48.0,48.0,48.0,48.0,49.0,49.0,49.0,8.0,38.0,38.0,38.0,38.0,44.0,48,45,43,47,46,61,55,51,46,46,46,46,46,52,55,57,53,54,39,45,49,54,54,54,54,54,61,61,No,No,No,No,No,No,No,No,No,No,No,No,No,No,No,No,No,No,No,No,No,No,No,No,No,No,No,No,No,No,No,No,No,No,No,No,No,No,No,No,No,No,51,51,41,0.000,0.000,0.000,0.000,0.000,0.000,0.000,1.250,31.719,26.692,17.783,7.415,0.488,150.0,175.0,48.000,0.4,5.4,7.8,0.6,1.4,0.5,0.6,1.3,0.5,0.9,24.1,0.6,12.3,0.6,16.0,0.6,7.5,0.6,13.7,8.8,6.0,3.9,18.4,13.4,3.8,2.0,1.1,69.9,45.8,55.7,22.3,0.0,0.0,0.0,6.8,29.9,0.0,0.0,0.0,0.0,0.0,0.0,0.0,0.0,85.7,90.8,93.7,88.3,62.5,77.2,93.9,95.8,97.2,3.4,38.8,25.5,67.9,2793.2,28.00,36,36,36,76,112,447,2,2,Yes,No,No,No,No,No,No,No,No,No,Yes,No,No,No,No,No,No,No,No,No,No,No,No,No,No,No,No,Yes,No,No,No,No,No,No,No,Yes,No,No,32,42,32,49,46,42,1.225,5.080,3.424,3.328,12.192,2.024,0.704,3.424,3.200,1.072,1.264,1.664,1.064,1.000,1.000,0.888,1.824,1120,1483,3391,43.0,41.0,39.0,1.240,11.000,38.2,1.260,1.260,1.800,1.800,1.170,5.040,0.875,No,No,No,1.260,1.260,1.800,1.815,1.170,5.040,0.750,No,No,No,49,49,57,100.0,100.0,No,No,14699,23904,31,31,No,No,1299,631,0.0,0.2,0.2,0.089,0.534,16546,38839,0.0,0.0,0.0,0.000,0.000,0,27.3,30.0,30.2,84.0,0.910,12.173,12.169,12.174,12.175,0,0,11.306,5.737,9.854,10.981,4.420,1.134,9.200,4.570,210.0,50.6,1185.0,49.4,1290.0,0.0,50.0,0.0,0.0,10.7,0.0,0.1,0.0,0.0,0.0,0.0,0,0,Yes,No,No,No,No,Yes,No,5.5,7.3,3,0,0,0,0,0,0,0,0,76,0,0,0,0,0,0,0,0,0,0,0,0,0,0,0,0,0,0,0,0,10970,1312,1050,68,2.5,0,0,0,15.0,5.1,82.2,0.5,5.2,194.20,1883.65,12.17,1.30,386.68,387.97,0.00,767,17,2.4,1.3,0,0,0.0,0.0,0,37.8,0.000,
14.10.2025,12:0:0.750,21036,48380,30.3,15681,49639,24.0,0.0,1.280,1.306,1.271,1.271,1.256,1.273,1.268,1.283,1.283,1.303,1.308,1.273,1.263,1.251,4073.4,4788.3,4788.3,4788.3,4788.3,4788.3,798.0,4788.3,4788.3,3790.7,3591.2,3591.2,3591.2,99.8,3591.2,216.5,264.5,32.7,65.0,50.9,28.7,25.6,27.4,25.7,1109.6,28.7,415.7,27.1,727.7,27.9,359.4,26.9,431.6,284.0,177.2,194.4,220.0,5.5,6.2,4.9,1.2,0.0,0.4,0.0,1.1,1.1,24.5,0.0,9.8,2.6,16.3,1.1,8.3,1.1,12.7,8.5,4.1,6.5,24.5,5.5,100.0,6.2,7.8,1.0,1.9,1.5,0.8,0.7,0.8,0.7,31.8,0.9,12.2,0.8,20.9,0.9,10.3,0.8,12.2,8.0,5.1,5.7,6.2,40.8,48.0,48.0,48.0,48.0,48.0,8.0,48.0,48.0,38.0,36.0,36.0,36.0,36.0,47,43,43,46,45,54,47,48,50,47,47,47,47,53,57,57,54,55,46,53,52,50,53,53,53,53,52,54,No,No,No,No,No,No,No,No,No,No,No,No,No,No,No,No,No,No,No,No,No,No,No,No,No,No,No,No,No,No,No,No,No,No,No,No,No,No,No,No,No,No,52,52,41,0.000,0.000,0.000,0.000,0.000,0.000,0.000,1.250,38.063,27.628,18.697,7.438,0.491,150.0,175.0,56.000,0.0,5.1,5.7,0.7,1.4,1.1,0.6,0.5,0.6,0.5,24.2,0.6,9.2,0.6,15.9,0.6,7.8,0.6,12.2,8.0,5.0,5.9,18.7,10.3,7.7,0.0,0.0,72.7,38.8,63.1,22.3,0.7,0.0,0.0,9.0,29.7,0.0,0.0,0.0,0.0,0.0,0.0,0.0,0.0,86.5,91.6,94.6,84.0,63.0,81.9,89.3,98.7,98.7,0.9,49.0,18.6,67.3,2793.2,28.00,36,36,36,76,112,447,2,2,Yes,No,No,No,No,No,No,No,No,No,Yes,No,No,No,No,No,No,No,No,No,No,No,No,No,No,No,No,Yes,No,No,No,No,No,No,No,Yes,No,No,32,42,32,49,45,43,1.252,5.080,3.424,3.328,12.192,2.024,0.712,3.424,3.200,1.072,1.264,1.664,1.064,1.000,1.000,0.888,1.824,1099,1456,3409,43.0,41.0,39.0,1.250,12.000,38.2,1.260,1.260,1.800,1.800,1.140,5.040,1.250,No,No,No,1.260,1.260,1.800,1.800,1.110,5.040,1.000,No,No,No,49,49,57,100.0,100.0,No,No,14699,23904,31,31,No,No,1299,631,0.1,0.1,0.2,0.171,1.100,16547,38841,0.0,0.0,0.0,0.000,0.000,0,27.4,30.0,30.2,84.0,0.910,12.170,12.165,12.171,12.174,0,0,10.751,6.162,11.064,11.770,4.395,0.712,7.523,7.673,210.0,50.6,1185.0,34.7,1290.0,0.0,33.0,0.0,0.0,10.7,0.0,0.1,0.0,0.0,0.0,0.0,0,0,Yes,No,No,No,No,Yes,No,5.9,6.6,3,0,0,0,0,0,0,0,0,76,0,0,0,0,0,0,0,0,0,0,0,0,0,0,0,0,0,0,0,0,10970,1312,1050,68,2.5,0,0,0,15.0,4.9,321.4,0.7,4.9,205.54,1521.00,3.11,1.16,335.48,336.72,0.00,767,17,0.6,0.2,0,0,0.0,0.0,0,37.8,0.000,
14.10.2025,12:0:2.754,21035,48381,30.3,15675,49645,23.9,0.0,1.279,1.313,1.308,1.323,1.238,1.253,1.267,1.267,1.267,1.286,1.276,1.276,1.276,1.251,4455.8,4788.3,4788.3,4788.3,4788.3,4788.3,4788.3,4788.3,4788.3,3790.7,3790.7,3790.7,3790.7,99.8,4389.3,355.1,516.5,30.6,421.0,28.4,154.8,27.0,62.7,26.5,1175.6,422.4,916.1,30.7,1416.1,35.0,703.4,30.3,456.7,302.5,184.8,160.8,375.3,8.3,11.2,0.0,10.4,6.3,3.3,2.7,1.8,0.4,17.4,16.8,19.7,0.0,30.6,0.6,13.8,1.3,12.3,7.8,5.9,4.6,30.6,8.3,100.0,10.2,14.9,1.0,12.0,0.9,4.4,0.8,1.5,0.8,33.6,12.4,26.2,1.0,40.5,1.3,20.2,1.0,13.1,8.7,5.3,4.8,10.2,44.7,48.0,48.0,48.0,48.0,48.0,48.0,48.0,48.0,38.0,38.0,38.0,38.0,44.0,45,44,43,46,51,44,44,46,44,45,45,45,45,55,56,57,54,49,56,56,54,56,55,55,55,55,47,51,No,No,No,No,No,No,No,No,No,No,No,No,No,No,No,No,No,No,No,No,No,No,No,No,No,No,No,No,No,No,No,No,No,No,No,No,No,No,No,No,No,No,47,46,41,0.000,0.000,0.000,0.000,0.000,0.000,0.000,1.250,41.235,26.661,17.754,7.409,0.491,150.0,175.0,56.000,0.4,8.0,11.2,0.7,9.0,0.6,3.4,0.6,1.4,0.6,25.0,9.3,19.6,0.7,30.4,0.8,15.1,0.7,12.9,8.5,5.2,4.7,18.6,27.2,11.0,6.5,1.3,55.0,39.1,56.5,19.4,2.3,0.0,0.0,4.3,30.1,0.0,0.0,0.0,0.0,0.8,0.4,0.9,0.0,83.9,90.9,94.4,89.9,55.2,59.4,78.4,88.8,96.1,8.2,38.2,9.8,62.9,2793.2,28.00,36,36,36,76,112,447,2,2,Yes,No,No,No,No,No,No,No,No,No,Yes,No,No,No,No,No,No,No,No,No,No,No,No,No,No,No,No,Yes,No,No,No,No,No,No,No,Yes,No,No,32,42,32,50,53,43,1.083,5.080,3.424,3.328,12.192,2.024,0.704,3.424,3.200,1.072,1.264,1.664,1.064,1.000,1.000,0.888,1.824,1077,1442,3435,43.0,41.0,39.0,1.205,9.000,38.2,1.260,1.260,1.800,1.800,1.140,5.040,0.750,No,No,No,1.260,1.260,1.800,1.800,1.140,5.040,1.000,No,No,No,49,49,58,100.0,100.0,No,No,14699,23904,31,31,No,No,1299,631,0.0,0.2,0.2,0.048,0.573,16547,38842,0.0,0.0,0.0,0.000,0.000,0,27.4,30.0,30.2,84.0,0.910,12.168,12.163,12.169,12.172,0,0,11.092,5.542,9.477,10.551,4.236,1.075,9.331,4.123,210.0,50.6,1185.0,34.8,1290.0,0.0,45.0,0.0,0.0,10.7,0.0,0.1,0.0,0.0,0.0,0.0,0,0,Yes,No,No,No,No,Yes,No,5.3,7.4,3,0,0,0,0,0,0,0,0,76,0,0,0,0,0,0,0,0,0,0,0,0,0,0,0,0,0,0,0,0,10970,1312,1050,68,2.5,0,0,0,15.0,4.5,33.0,0.8,4.4,220.80,1302.52,30.34,1.40,665.23,666.43,0.00,767,17,0.2,0.1,0,0,0.0,0.0,0,37.8,0.000,
14.10.2025,12:0:4.756,21033,48383,30.3,15674,49646,23.9,0.0,1.280,1.313,1.284,1.259,1.237,1.266,1.281,1.296,1.276,1.286,1.286,1.286,1.286,1.251,4131.6,4788.3,4788.3,4788.3,4788.3,4788.3,798.0,4888.0,4788.3,3790.7,3790.7,3790.7,3790.7,99.8,4389.3,199.6,188.3,25.6,66.2,25.4,26.1,25.4,25.4,25.5,28.9,1068.9,436.4,26.9,799.5,27.7,254.3,26.4,404.7,233.3,143.4,133.1,206.4,4.5,4.1,0.5,0.0,0.5,0.6,0.5,0.6,0.5,0.6,23.2,9.6,0.0,17.6,0.0,4.8,0.0,11.8,6.7,4.2,3.9,23.2,4.5,100.0,5.7,5.4,0.7,1.9,0.7,0.7,0.7,0.7,0.7,0.9,30.4,12.6,0.8,23.0,0.9,7.4,0.8,11.5,6.7,4.1,4.0,5.7,41.4,48.0,48.0,48.0,48.0,48.0,8.0,49.0,48.0,38.0,38.0,38.0,38.0,44.0,44,43,43,45,51,45,44,45,44,43,43,43,43,56,57,57,55,49,55,56,55,56,57,57,57,57,47,51,No,No,No,No,No,No,No,No,No,No,No,No,No,No,No,No,No,No,No,No,No,No,No,No,No,No,No,No,No,No,No,No,No,No,No,No,No,No,No,No,No,No,51,51,41,0.000,0.000,0.000,0.000,0.000,0.000,0.000,1.250,36.477,35.784,26.765,7.514,0.502,150.0,175.0,40.000,0.2,4.7,4.1,0.5,1.4,0.5,0.6,0.5,0.5,0.5,0.6,23.3,9.6,0.6,17.6,0.6,5.5,0.6,11.7,6.6,4.2,3.9,18.5,14.6,4.8,0.0,0.0,65.7,39.9,67.1,17.3,3.0,1.0,0.0,8.5,30.0,0.0,0.0,0.0,0.0,1.4,0.0,0.0,0.0,84.4,91.9,95.5,86.5,64.1,79.9,92.9,98.8,98.8,7.4,47.7,12.5,74.7,2793.2,28.00,36,36,36,76,112,447,2,2,Yes,No,No,No,No,No,No,No,No,No,Yes,No,No,No,No,No,No,No,No,No,No,No,No,No,No,No,No,Yes,No,No,No,No,No,No,No,Yes,No,No,32,42,32,49,43,42,1.243,5.080,3.424,3.328,12.192,2.024,0.712,3.424,3.200,1.072,1.264,1.664,1.064,1.000,1.000,0.888,1.824,1075,1409,3383,43.0,41.0,39.0,1.250,12.000,38.2,1.260,1.260,1.800,1.800,1.140,5.040,0.750,No,No,No,1.260,1.260,1.800,1.800,1.140,5.040,0.750,No,No,No,49,49,57,100.0,100.0,No,No,14699,23904,31,31,No,No,1299,631,0.0,0.1,0.1,0.008,0.477,16547,38843,0.0,0.0,0.0,0.000,0.000,0,27.4,32.0,30.2,84.0,0.910,12.168,12.163,12.170,12.172,0,0,10.497,5.491,9.627,10.673,4.260,1.052,8.700,4.122,210.0,50.6,1185.0,34.8,1290.0,0.0,16.0,0.0,0.0,10.7,0.0,0.1,0.0,0.0,0.0,0.0,0,0,Yes,No,No,No,No,Yes,No,5.3,7.4,3,0,0,0,0,0,0,0,0,76,0,0,0,0,0,0,0,0,0,0,0,0,0,0,0,0,0,0,0,0,10970,1312,1050,68,2.5,0,0,0,15.0,3.9,34.1,0.5,4.0,253.49,1944.55,29.28,1.34,883.61,885.04,0.00,767,17,0.4,0.0,0,0,0.0,0.0,0,37.8,0.000,
14.10.2025,12:0:6.744,21033,48383,30.3,15675,49645,23.9,0.0,1.286,1.328,1.288,1.288,1.288,1.273,1.273,1.288,1.303,1.283,1.264,1.279,1.279,1.251,4164.8,4888.0,4788.3,4788.3,4888.0,4888.0,798.0,4888.0,4888.0,3790.7,3790.7,3790.7,3790.7,99.8,4489.0,201.7,133.5,25.7,55.6,25.7,26.9,25.6,42.6,25.6,28.7,1000.5,557.1,27.1,708.3,51.3,405.0,27.4,357.7,225.1,159.0,126.5,208.3,5.7,2.8,4.7,2.4,0.0,1.0,0.2,0.0,0.2,4.7,21.6,11.7,5.4,15.3,3.8,10.5,4.7,9.8,6.3,5.1,3.4,21.6,5.7,100.0,5.8,4.0,0.7,1.6,0.7,0.8,0.7,1.6,0.7,0.9,28.5,16.1,0.8,20.3,1.5,11.6,0.8,10.2,6.4,4.5,3.8,5.8,41.8,49.0,48.0,48.0,49.0,49.0,8.0,49.0,49.0,38.0,38.0,38.0,38.0,45.0,44,43,43,44,43,45,44,45,43,44,44,44,44,56,57,57,56,57,55,56,55,57,56,56,56,56,47,45,No,No,No,No,No,No,No,No,No,No,No,No,No,No,No,No,No,No,No,No,No,No,No,No,No,No,No,No,No,No,No,No,No,No,No,No,No,No,No,No,No,No,46,46,41,0.000,0.000,0.000,0.000,0.000,0.000,0.000,1.250,15.860,25.804,16.945,7.370,0.487,150.0,175.0,24.000,0.1,4.7,3.1,0.5,1.2,0.5,0.6,0.5,0.9,0.5,0.6,22.0,12.0,0.6,15.6,1.2,8.7,0.6,10.0,6.5,4.7,3.7,18.7,18.9,3.6,0.0,1.2,67.4,39.2,68.4,13.9,2.9,0.0,0.0,9.4,30.1,0.0,0.0,0.0,0.0,0.0,0.4,0.0,0.0,86.4,93.1,95.0,85.9,63.6,76.3,94.3,98.7,97.1,8.2,46.2,12.9,74.9,2793.2,28.00,36,36,36,76,112,447,2,2,Yes,No,No,No,No,No,No,No,No,No,Yes,No,No,No,No,No,No,No,No,No,No,No,No,No,No,No,No,Yes,No,No,No,No,No,No,No,Yes,No,No,32,42,32,48,44,42,0.932,5.080,3.424,3.328,12.192,2.024,0.712,3.424,3.200,1.072,1.264,1.664,1.064,1.000,1.000,0.888,1.824,1057,1401,3375,43.0,41.0,39.0,1.235,8.000,38.2,1.260,1.260,1.800,1.800,1.140,5.040,0.750,No,No,No,1.260,1.260,1.800,1.800,1.140,5.040,0.875,No,No,No,50,50,57,100.0,100.0,No,No,14699,23904,31,31,No,No,1299,631,0.0,0.1,0.1,0.016,0.492,16547,38844,0.0,0.0,0.0,0.000,0.000,0,27.4,30.0,30.1,84.0,0.910,12.169,12.165,12.170,12.173,0,0,10.541,5.370,9.555,10.625,4.261,1.075,7.701,4.376,210.0,50.6,1185.0,35.4,1290.0,0.0,37.0,0.0,0.0,10.7,0.0,0.1,0.0,0.0,0.0,0.0,0,0,Yes,No,No,No,No,Yes,No,5.3,7.4,3,0,0,0,0,0,0,0,0,76,0,0,0,0,0,0,0,0,0,0,0,0,0,0,0,0,0,0,0,0,10970,1312,1050,68,2.5,0,0,0,15.0,3.6,77.4,0.5,3.7,274.36,1944.64,12.92,1.24,669.91,671.09,0.00,767,17,0.5,0.1,0,0,0.0,0.0,0,37.5,0.000,
14.10.2025,12:0:8.754,21031,48385,30.2,15673,49647,23.9,0.0,1.309,1.333,1.280,1.290,1.298,1.298,1.313,1.313,1.293,1.323,1.323,1.323,1.323,1.251,4472.4,4788.3,4788.3,4788.3,4788.3,4788.3,4888.0,4888.0,4788.3,3790.7,3790.7,3790.7,3790.7,99.8,3591.2,202.0,187.3,26.0,30.6,25.4,25.5,25.4,25.6,25.5,29.0,1040.8,602.7,26.7,824.4,27.9,329.2,26.8,334.0,225.6,108.6,91.9,213.3,4.6,4.3,0.0,0.7,2.3,0.0,0.8,0.8,0.8,0.0,22.9,13.1,0.0,18.2,0.0,7.4,0.0,10.4,6.0,2.0,2.9,22.9,4.6,100.0,5.8,5.6,0.8,0.6,0.7,0.7,0.7,0.7,0.7,0.9,29.8,17.4,0.8,23.5,0.9,9.6,0.8,9.5,6.4,3.1,2.8,5.8,44.8,48.0,48.0,48.0,48.0,48.0,49.0,49.0,48.0,38.0,38.0,38.0,38.0,36.0,44,42,50,43,43,45,46,47,44,43,43,43,43,56,58,50,57,57,55,54,53,56,57,57,57,57,47,50,No,No,No,No,No,No,No,No,No,No,No,No,No,No,No,No,No,No,No,No,No,No,No,No,No,No,No,No,No,No,No,No,No,No,No,No,No,No,No,No,No,No,48,48,41,0.000,0.000,0.000,0.000,0.000,0.000,0.000,1.250,22.203,26.153,17.300,7.358,0.488,150.0,175.0,32.000,1.1,4.6,4.0,0.5,0.7,0.5,0.5,0.5,0.5,0.5,0.6,22.7,12.9,0.6,18.1,0.6,7.1,0.6,9.4,6.4,3.2,2.6,18.2,13.5,0.0,0.0,0.0,65.7,39.3,69.9,18.9,1.1,0.6,0.0,9.0,30.5,0.0,0.0,0.0,0.0,0.0,0.0,0.0,0.0,88.9,92.7,96.5,87.4,64.0,80.8,98.7,98.8,98.8,9.0,45.2,9.4,71.5,2793.2,28.00,36,36,36,76,112,447,2,2,Yes,No,No,No,No,No,No,No,No,No,Yes,No,No,No,No,No,No,No,No,No,No,No,No,No,No,No,No,Yes,No,No,No,No,No,No,No,Yes,No,No,32,42,32,48,44,42,0.977,5.080,3.424,3.328,12.192,2.024,0.712,3.424,3.200,1.072,1.264,1.664,1.064,1.000,1.000,0.888,1.824,1051,1398,3391,42.0,41.0,38.0,1.245,11.000,38.2,1.260,1.260,1.800,1.800,1.140,5.040,0.750,No,No,No,1.260,1.260,1.800,1.800,1.140,5.040,0.875,No,No,No,50,50,58,100.0,100.0,No,No,14699,23904,31,31,No,No,1299,631,0.0,0.0,0.0,0.000,0.618,16547,38845,0.0,0.0,0.0,0.000,0.000,0,27.4,28.0,30.2,84.0,0.910,12.168,12.164,12.170,12.171,0,0,11.017,5.584,9.519,10.673,4.321,1.157,9.208,4.211,210.0,50.6,1185.0,36.0,1290.0,0.0,37.0,0.0,0.0,10.7,0.0,0.1,0.0,0.0,0.0,0.0,0,0,Yes,No,No,No,No,Yes,No,5.3,7.3,3,0,0,0,0,0,0,0,0,76,0,0,0,0,0,0,0,0,0,0,0,0,0,0,0,0,0,0,0,0,10970,1312,1050,68,2.5,0,0,0,15.0,3.5,130.2,0.5,3.5,288.90,1888.19,7.68,1.43,494.84,496.30,0.00,767,17,0.2,0.2,0,0,0.0,0.0,0,37.5,0.000,
14.10.2025,12:0:10.754,21399,48017,30.8,15889,49431,24.3,0.0,1.287,1.309,1.313,1.313,1.303,1.293,1.288,1.273,1.283,1.267,1.267,1.267,1.267,1.251,4522.3,4888.0,4888.0,4888.0,4888.0,4888.0,4888.0,4888.0,4888.0,3790.7,3790.7,3790.7,3790.7,99.8,3591.2,815.9,1042.9,30.5,1295.7,32.7,889.5,40.1,776.0,30.7,1222.7,1418.4,1468.4,34.8,2604.8,63.8,1321.1,32.1,1451.4,1044.6,783.4,735.3,822.2,19.2,23.2,11.0,28.1,0.7,19.6,0.9,17.2,0.7,33.5,20.6,31.8,0.0,55.9,0.5,28.5,0.0,40.1,30.0,21.9,20.5,55.9,19.2,100.0,23.5,30.3,1.0,37.5,1.2,25.9,1.3,22.4,1.1,34.9,40.8,42.2,1.3,74.5,2.3,37.8,1.1,41.2,29.8,22.5,21.2,23.5,45.3,49.0,49.0,49.0,49.0,49.0,49.0,49.0,49.0,38.0,38.0,38.0,38.0,36.0,48,47,45,47,47,54,46,56,46,47,46,46,46,52,53,55,53,53,46,54,44,54,53,54,54,54,54,56,No,No,No,No,No,No,No,No,No,No,No,No,No,No,No,No,No,No,No,No,No,No,No,No,No,No,No,No,No,No,No,No,No,No,No,No,No,No,No,No,No,No,53,53,41,0.000,0.000,0.000,0.000,0.000,0.000,0.000,1.250,15.860,25.902,17.078,7.335,0.487,150.0,175.0,24.000,0.0,18.9,23.0,0.7,28.3,0.7,19.6,0.9,17.1,0.7,26.3,30.4,32.1,0.8,55.7,1.4,28.9,0.7,39.8,28.7,21.7,20.3,31.0,48.6,40.0,37.8,32.9,41.2,51.9,35.4,45.5,12.2,9.7,9.6,7.1,20.9,0.0,0.1,0.1,0.0,0.0,0.1,1.6,3.5,46.5,60.2,67.5,71.0,22.6,25.7,29.3,39.8,47.9,1.3,13.2,4.1,19.9,2793.2,28.00,36,36,36,76,112,447,2,2,Yes,No,No,No,No,No,No,No,No,No,Yes,No,No,No,No,No,No,No,No,No,No,No,No,No,No,No,No,Yes,No,No,No,No,No,No,No,Yes,No,No,32,42,32,61,51,42,1.261,5.040,3.424,3.328,12.192,2.024,0.704,3.424,3.200,1.072,1.264,1.648,1.064,1.000,1.000,0.888,1.824,1054,1398,3391,43.0,41.0,38.0,1.290,14.000,38.2,1.260,1.260,1.800,1.800,1.140,5.040,0.875,No,No,No,1.260,1.260,1.800,1.815,1.140,5.040,0.750,No,No,No,50,50,59,100.0,100.0,No,No,14699,23904,31,31,No,No,1299,631,22.0,3.9,25.9,16.535,2.175,16579,38849,0.0,0.0,0.0,0.000,0.000,0,28.5,32.0,30.9,84.0,0.960,12.155,12.140,12.175,12.150,0,0,26.122,14.085,18.731,28.903,16.415,11.810,10.555,10.556,2505.0,1312.7,2055.0,1752.3,2025.0,0.0,0.0,0.0,0.0,10.9,0.0,0.1,0.0,0.0,0.0,0.0,0,0,Yes,No,No,No,No,Yes,No,15.3,20.6,3,0,0,0,0,0,0,0,0,77,0,0,0,0,0,0,0,0,0,0,0,0,0,0,0,0,0,0,0,0,10947,1335,1073,73,16.0,0,0,0,15.0,3.2,72.7,0.5,3.3,308.07,1944.65,13.75,1.32,670.50,671.65,0.00,767,17,6.5,3.5,0,0,0.0,0.0,0,37.5,1.627,
14.10.2025,12:0:12.754,21355,48061,30.7,15838,49482,24.2,0.0,1.267,1.304,1.279,1.242,1.242,1.242,1.257,1.272,1.267,1.282,1.272,1.272,1.271,1.251,4139.9,4788.3,4788.3,4788.3,4788.3,4788.3,798.0,4888.0,4888.0,3790.7,3790.7,3790.7,3790.7,99.8,3591.2,237.4,207.2,31.3,76.5,29.7,31.2,25.6,72.4,25.5,1086.8,27.6,734.9,28.5,872.9,27.3,526.8,27.6,384.7,252.5,166.3,113.2,248.3,5.6,4.5,0.0,0.9,0.6,0.7,0.5,1.6,0.5,23.6,2.1,16.5,0.6,19.1,2.8,12.0,0.6,10.1,6.6,5.5,3.3,23.6,5.6,100.0,6.8,6.0,0.9,2.2,0.9,0.9,0.7,2.1,0.7,31.1,0.9,21.1,0.9,25.3,0.8,15.0,0.8,10.9,7.2,4.7,3.4,6.8,41.5,48.0,48.0,48.0,48.0,48.0,8.0,49.0,49.0,38.0,38.0,38.0,38.0,36.0,45,43,43,46,45,45,46,46,48,45,45,45,45,55,57,57,54,55,55,54,54,52,55,55,55,55,47,48,No,No,No,No,No,No,No,No,No,No,No,No,No,No,No,No,No,No,No,No,No,No,No,No,No,No,No,No,No,No,No,No,No,No,No,No,No,No,No,No,No,No,47,46,41,0.000,0.000,0.000,0.000,0.000,0.000,0.000,1.250,14.274,59.828,49.568,8.674,0.579,150.0,175.0,24.000,0.2,5.5,4.5,0.7,1.7,0.6,0.7,0.5,1.6,0.5,23.7,0.6,15.9,0.6,18.9,0.6,11.3,0.6,10.7,7.3,4.7,3.3,18.8,15.2,4.4,2.1,2.9,72.2,38.4,61.2,21.1,1.4,0.7,0.0,5.7,30.4,0.0,0.0,0.0,0.0,0.0,0.0,1.4,0.0,87.2,91.6,95.0,90.0,61.0,78.5,92.9,96.4,94.7,1.8,42.9,15.9,64.8,2793.2,28.00,36,36,36,76,112,447,2,2,Yes,No,No,No,No,No,No,No,No,No,Yes,No,No,No,No,No,No,No,No,No,No,No,No,No,No,No,No,Yes,No,No,No,No,No,No,No,Yes,No,No,32,42,32,49,44,43,0.932,5.080,3.424,3.328,12.192,2.024,0.712,3.424,3.200,1.072,1.264,1.648,1.064,1.000,1.000,0.888,1.824,1083,1485,3409,43.0,41.0,38.0,1.225,8.000,38.0,1.260,1.260,1.800,1.800,1.125,5.040,0.875,No,No,No,1.260,1.260,1.800,1.800,1.155,5.040,0.750,No,No,No,50,50,59,100.0,100.0,No,No,14699,23904,31,31,No,No,1299,631,0.1,0.6,0.7,0.074,1.203,16579,38851,0.0,0.0,0.0,0.000,0.000,0,28.1,32.0,31.0,84.0,0.930,12.169,12.164,12.172,12.171,0,0,30.604,7.298,13.005,13.510,4.844,0.514,9.564,9.648,465.0,101.2,1965.0,2505.0,1965.0,0.0,1.0,0.0,0.0,10.9,0.0,0.0,0.0,0.0,0.0,0.0,0,0,Yes,No,No,No,No,Yes,No,6.8,11.6,3,0,0,0,0,0,0,0,0,78,0,0,0,0,0,0,0,0,0,0,0,0,0,0,0,0,0,0,0,0,10947,1335,1073,73,5.0,0,0,0,15.0,3.1,66.8,0.5,3.1,326.06,1929.56,14.98,2.60,663.78,666.74,0.00,767,17,0.3,0.1,0,0,0.0,0.0,0,37.5,0.000,
14.10.2025,12:0:14.752,21351,48066,30.7,15837,49483,24.2,0.0,1.296,1.333,1.334,1.314,1.314,1.299,1.306,1.286,1.286,1.271,1.271,1.271,1.271,1.251,4455.8,4888.0,4888.0,4888.0,4888.0,4888.0,4888.0,4888.0,4888.0,3591.2,3591.2,3591.2,3591.2,99.8,3591.2,401.4,342.4,26.7,117.0,25.8,45.8,25.3,25.4,25.7,156.9,650.6,153.6,26.0,654.4,28.3,227.1,26.3,1914.4,1618.7,1059.5,877.1,338.4,12.2,7.0,0.8,3.6,0.8,0.5,0.8,0.8,0.8,0.0,22.5,3.1,10.5,14.1,0.0,4.7,7.3,58.4,49.3,32.6,25.8,58.4,12.2,100.0,11.4,10.3,0.8,3.7,0.7,1.3,0.7,0.7,0.7,4.6,18.6,4.6,0.7,18.7,0.9,6.6,0.8,53.7,45.5,29.8,24.8,11.4,44.7,49.0,49.0,49.0,49.0,49.0,49.0,49.0,49.0,36.0,36.0,36.0,36.0,36.0,46,44,43,45,45,43,44,44,44,50,50,50,50,54,56,57,55,55,57,56,56,56,50,50,50,50,50,50,No,No,No,No,No,No,No,No,No,No,No,No,No,No,No,No,No,No,No,No,No,No,No,No,No,No,No,No,No,No,No,No,No,No,No,No,No,No,No,No,No,No,51,51,41,0.000,0.000,0.000,0.000,0.000,0.000,0.000,1.250,28.547,29.423,19.739,8.181,0.495,150.0,175.0,40.000,0.0,11.1,7.5,0.6,2.6,0.5,1.0,0.5,0.6,0.5,3.3,14.6,3.6,0.6,14.6,0.6,5.2,0.6,58.0,48.9,32.2,26.1,16.5,16.0,3.3,0.0,0.0,68.7,15.3,74.0,18.0,0.0,0.0,0.0,2.5,19.3,2.0,0.0,0.0,0.0,0.4,0.0,0.0,0.0,41.1,50.2,67.1,70.4,66.8,71.9,92.4,98.0,98.7,11.0,78.8,9.2,74.5,2793.2,28.00,36,36,36,76,112,447,2,2,Yes,No,No,No,No,No,No,No,No,No,Yes,No,No,No,No,No,No,No,No,No,No,No,No,No,No,No,No,Yes,No,No,No,No,No,No,No,Yes,No,No,32,42,32,50,44,42,1.225,5.040,3.424,3.328,12.192,2.024,0.712,3.424,3.200,1.072,1.264,1.648,1.064,1.000,1.000,0.888,1.824,1188,1558,3426,43.0,41.0,38.0,1.295,16.000,38.0,1.260,1.260,1.800,1.800,1.125,5.040,0.875,No,No,No,1.260,1.260,1.800,1.800,1.125,5.040,1.125,No,No,No,50,50,59,100.0,100.0,No,No,14699,23904,31,31,No,No,1299,631,0.0,2.4,2.4,0.040,18.934,16579,38888,0.0,0.0,0.0,0.000,0.000,0,27.8,30.0,30.7,84.0,0.910,12.170,12.166,12.171,12.173,0,0,13.426,6.085,11.016,11.453,4.115,0.444,7.742,7.827,210.0,50.6,1185.0,67.8,1290.0,0.0,12.0,0.0,0.0,10.9,0.0,0.0,0.0,0.0,0.0,0.0,0,0,Yes,No,No,No,No,Yes,No,5.7,6.6,3,0,0,0,0,0,0,0,0,79,0,0,0,0,0,0,0,0,0,0,0,0,0,0,0,0,0,0,0,0,10947,1335,1073,71,2.5,0,0,0,15.0,2.9,66.8,0.5,3.0,342.96,1916.69,14.97,0.30,662.11,662.35,0.00,767,17,0.1,0.0,0,0,0.0,0.0,0,37.5,0.000,
14.10.2025,12:0:16.751,21350,48066,30.7,15839,49481,24.2,0.0,1.306,1.315,1.332,1.337,1.317,1.297,1.312,1.297,1.312,1.292,1.292,1.277,1.292,1.251,4455.8,4888.0,4888.0,4888.0,4888.0,4888.0,4888.0,4888.0,4888.0,3591.2,3591.2,3591.2,3591.2,99.8,3591.2,434.9,478.9,26.4,289.7,26.4,90.2,25.9,25.9,25.9,28.0,763.7,246.3,26.5,676.2,29.3,106.8,25.8,1847.4,1738.8,1206.0,1013.2,359.9,12.4,10.8,0.0,5.2,0.4,2.6,0.4,0.4,0.4,4.9,17.5,6.0,0.0,15.3,5.6,2.4,0.0,55.5,52.9,37.0,30.1,55.5,12.4,100.0,12.6,16.1,0.8,10.3,0.8,2.9,0.7,0.7,0.7,0.9,22.1,7.6,0.8,19.4,0.9,3.2,0.7,51.9,48.8,34.0,28.7,12.6,44.7,49.0,49.0,49.0,49.0,49.0,49.0,49.0,49.0,36.0,36.0,36.0,36.0,36.0,46,44,43,45,43,54,42,51,44,47,47,47,47,54,56,57,55,57,46,58,49,56,53,53,53,53,54,54,No,No,No,No,No,No,No,No,No,No,No,No,No,No,No,No,No,No,No,No,No,No,No,No,No,No,No,No,No,No,No,No,No,No,No,No,No,No,No,No,No,No,52,52,41,0.000,0.000,0.000,0.000,0.000,0.000,0.000,1.250,49.165,31.659,22.490,7.668,0.497,150.0,175.0,72.000,0.0,11.8,10.3,0.6,6.2,0.6,2.0,0.6,0.6,0.5,0.6,17.3,5.4,0.6,14.8,0.6,2.5,0.5,54.9,52.3,36.4,29.4,15.4,18.7,6.7,3.7,0.0,79.7,9.5,58.8,5.6,0.3,0.0,0.0,1.6,18.6,0.0,0.0,0.0,0.0,0.0,0.0,1.8,0.0,43.9,47.0,63.0,68.1,67.0,66.1,83.2,92.8,98.7,0.4,82.4,22.2,89.7,2793.2,28.00,36,36,36,76,112,447,2,2,Yes,No,No,No,No,No,No,No,No,No,Yes,No,No,No,No,No,No,No,No,No,No,No,No,No,No,No,No,Yes,No,No,No,No,No,No,No,Yes,No,No,32,42,32,50,43,43,1.181,5.080,3.424,3.328,12.192,2.024,0.712,3.424,3.200,1.072,1.264,1.664,1.064,1.000,1.000,0.888,1.824,1237,1537,3409,43.0,41.0,38.0,1.280,16.000,38.0,1.245,1.260,1.800,1.800,1.125,5.040,1.125,No,No,No,1.260,1.260,1.800,1.800,1.125,5.040,1.000,No,No,No,50,50,58,100.0,100.0,No,No,14699,23904,31,31,No,No,1299,631,0.0,1.4,1.4,0.000,11.428,16579,38909,0.0,0.0,0.0,0.000,0.000,0,27.8,30.0,30.6,84.0,0.910,12.164,12.156,12.167,12.170,0,0,11.203,5.307,8.979,10.038,4.053,1.061,7.779,5.243,210.0,50.6,1185.0,36.4,1290.0,0.0,40.0,0.0,0.0,10.9,0.0,0.1,0.0,0.0,0.0,0.0,0,0,Yes,No,No,No,No,Yes,No,5.0,7.5,3,0,0,0,0,0,0,0,0,79,0,0,0,0,0,0,0,0,0,0,0,0,0,0,0,0,0,0,0,0,10947,1335,1073,71,2.5,0,0,0,15.0,3.0,84.2,60.8,2.8,332.20,16.44,11.87,0.62,13.58,14.15,0.00,767,17,0.2,0.1,0,0,0.0,0.0,0,37.5,0.000,
14.10.2025,12:0:18.743,21347,48069,30.7,15837,49483,24.2,0.0,1.274,1.297,1.287,1.267,1.261,1.251,1.281,1.296,1.261,1.306,1.286,1.262,1.228,1.251,3715.9,4788.3,4788.3,4688.5,4688.5,4688.5,798.0,4788.3,798.0,3591.2,3591.2,3591.2,3790.7,99.8,3591.2,336.7,477.7,26.5,354.0,26.4,34.7,45.9,32.4,25.3,28.9,1041.4,643.4,28.1,1325.7,27.5,548.5,27.3,810.2,566.9,349.2,313.5,337.3,7.7,10.1,0.0,8.6,0.0,1.2,0.0,0.4,0.0,0.0,22.5,13.7,0.0,28.3,0.0,12.3,0.0,23.1,15.9,9.5,8.4,28.3,7.7,100.0,9.6,14.1,0.8,10.1,0.8,1.0,1.3,0.9,0.7,0.9,29.9,18.5,0.9,37.8,0.9,15.7,0.8,22.9,16.1,9.8,8.8,9.6,37.2,48.0,48.0,47.0,47.0,47.0,8.0,48.0,8.0,36.0,36.0,36.0,38.0,36.0,49,49,58,48,45,51,47,48,45,47,47,50,51,51,51,42,52,55,49,53,52,55,53,53,50,49,57,58,No,No,No,No,No,No,No,No,No,No,No,No,No,No,No,No,No,No,No,No,No,No,No,No,No,No,No,No,No,No,No,No,No,No,No,No,No,No,No,No,No,No,49,49,41,0.000,0.000,0.000,0.000,0.000,0.000,0.000,1.250,41.235,33.384,24.291,7.592,0.498,150.0,175.0,56.000,0.2,8.0,10.3,0.6,7.5,0.6,0.8,1.0,0.7,0.5,0.6,22.9,14.0,0.6,28.5,0.6,12.0,0.6,23.2,16.1,9.9,8.9,21.1,24.0,10.5,1.4,0.6,66.2,43.9,65.7,34.1,0.2,1.2,0.0,5.0,27.7,0.0,0.0,0.0,0.0,0.0,0.0,0.0,0.0,75.7,82.2,89.6,85.0,55.1,63.3,80.7,96.5,97.9,8.2,39.4,3.6,51.4,2793.2,28.00,36,36,36,76,112,447,2,2,Yes,No,No,No,No,No,No,No,No,No,Yes,No,No,No,No,No,No,No,No,No,No,No,No,No,No,No,No,Yes,No,No,No,No,No,No,No,Yes,No,No,32,42,32,51,41,43,1.261,5.040,3.424,3.328,12.192,2.024,0.712,3.424,3.200,1.072,1.264,1.664,1.064,1.000,1.000,0.888,1.824,1126,1480,3409,42.0,41.0,38.0,1.265,20.000,38.0,1.245,1.260,1.800,1.800,1.125,5.040,0.875,No,No,No,1.245,1.260,1.800,1.800,1.125,5.040,1.000,No,No,No,50,50,61,100.0,100.0,No,No,14699,23904,31,31,No,No,1299,631,2.5,1.4,4.0,0.915,7.559,16581,38924,0.0,0.0,0.0,0.000,0.000,0,27.7,30.0,30.5,84.0,0.910,12.169,12.163,12.170,12.172,0,0,10.596,5.177,9.674,10.223,3.773,0.558,7.698,4.314,210.0,50.6,1185.0,37.3,1290.0,0.0,30.0,0.0,0.0,10.9,0.0,0.1,0.0,0.0,0.0,0.0,0,0,Yes,No,No,No,No,Yes,No,5.1,7.4,3,0,0,0,0,0,0,0,0,79,0,0,0,0,0,0,0,0,0,0,0,0,0,0,0,0,0,0,0,0,10947,1335,1073,71,2.5,0,0,0,15.0,2.6,18.1,0.5,2.7,380.42,1984.13,55.25,1.29,1321.67,1322.79,0.00,767,17,0.2,0.2,0,0,0.0,0.0,0,37.5,0.000,
14.10.2025,12:0:20.752,21351,48065,30.7,15820,49500,24.2,0.0,1.286,1.318,1.282,1.272,1.287,1.272,1.302,1.282,1.302,1.287,1.277,1.277,1.277,1.251,4505.6,4788.3,4788.3,4888.0,4888.0,4888.0,4888.0,4888.0,4888.0,3790.7,3790.7,3790.7,3790.7,99.8,3591.2,309.4,402.6,26.1,283.0,26.0,65.7,25.5,25.6,39.1,30.6,1007.3,402.7,174.3,1222.6,29.1,442.4,26.6,563.8,618.8,415.1,360.3,300.7,8.8,9.2,3.9,5.0,11.2,2.3,2.4,0.9,3.5,1.0,22.5,0.0,15.3,26.7,3.2,10.0,2.4,15.2,17.9,12.0,11.3,26.7,8.8,100.0,8.9,11.7,0.8,8.2,0.8,1.6,0.7,0.7,1.1,1.0,28.7,11.7,5.1,34.9,1.0,12.8,0.8,16.0,17.5,12.0,10.7,8.9,45.2,48.0,48.0,49.0,49.0,49.0,49.0,49.0,49.0,38.0,38.0,38.0,38.0,36.0,45,41,41,55,45,47,43,44,44,44,44,44,44,55,59,59,45,55,53,57,56,56,56,56,56,56,47,55,No,No,No,No,No,No,No,No,No,No,No,No,No,No,No,No,No,No,No,No,No,No,No,No,No,No,No,No,No,No,No,No,No,No,No,No,No,No,No,No,No,No,48,48,41,0.000,0.000,0.000,0.000,0.000,0.000,0.000,1.250,52.337,33.219,24.175,7.534,0.503,150.0,175.0,32.000,0.1,7.4,8.8,0.6,6.1,0.5,1.4,0.5,0.6,0.8,0.7,22.2,8.9,3.8,26.4,0.6,9.7,0.6,16.0,17.4,11.9,10.6,21.4,27.3,12.1,2.0,2.7,69.0,44.8,65.5,26.0,0.7,0.6,0.7,5.1,27.9,0.0,0.0,0.0,0.0,0.0,0.0,0.0,0.0,82.8,81.4,86.9,83.3,56.1,62.0,80.4,95.8,95.6,6.6,40.7,5.7,61.8,2793.2,28.00,36,36,36,76,112,447,2,2,Yes,No,No,No,No,No,No,No,No,No,Yes,No,No,No,No,No,No,No,No,No,No,No,No,No,No,No,No,Yes,No,No,No,No,No,No,No,Yes,No,No,32,42,32,48,43,43,1.128,5.080,3.424,3.328,12.192,2.024,0.712,3.424,3.200,1.072,1.264,1.664,1.064,1.000,1.000,0.888,1.824,1102,1505,3400,43.0,41.0,38.0,1.205,12.000,38.0,1.245,1.260,1.800,1.800,1.125,5.040,0.750,No,No,No,1.245,1.260,1.800,1.800,1.125,5.040,0.750,No,No,No,50,50,62,100.0,100.0,No,No,14699,23904,31,31,No,No,1299,631,1.6,0.7,2.3,0.712,2.836,16582,38929,0.0,0.0,0.0,0.000,0.000,0,27.8,30.0,30.8,84.0,0.910,12.168,12.162,12.169,12.172,0,0,11.179,6.041,10.869,10.989,3.737,0.124,8.739,7.832,210.0,50.6,1185.0,36.4,1290.0,0.0,16.0,0.0,0.0,10.9,0.0,0.1,0.0,0.0,0.0,0.0,0,0,Yes,No,No,No,No,Yes,No,5.5,7.4,3,0,0,0,0,0,0,0,0,79,0,0,0,0,0,0,0,0,0,0,0,0,0,0,0,0,0,0,0,0,10947,1335,1073,71,2.5,0,0,0,15.0,2.5,64.2,0.5,2.6,394.88,1928.00,15.58,1.36,665.01,666.45,0.00,767,17,0.1,0.1,0,0,0.0,0.0,0,37.5,0.000,
14.10.2025,12:0:22.750,21351,48065,30.7,15820,49500,24.2,0.0,1.286,1.318,1.282,1.272,1.287,1.272,1.302,1.282,1.302,1.287,1.277,1.277,1.277,1.251,4505.6,4788.3,4788.3,4888.0,4888.0,4888.0,4888.0,4888.0,4888.0,3790.7,3790.7,3790.7,3790.7,99.8,3591.2,309.4,402.6,26.1,283.0,26.0,65.7,25.5,25.6,39.1,30.6,1007.3,402.7,174.3,1222.6,29.1,442.4,26.6,563.8,618.8,415.1,360.3,300.7,8.8,9.2,3.9,5.0,11.2,2.3,2.4,0.9,3.5,1.0,22.5,0.0,15.3,26.7,3.2,10.0,2.4,15.2,17.9,12.0,11.3,26.7,8.8,100.0,8.9,11.7,0.8,8.2,0.8,1.6,0.7,0.7,1.1,1.0,28.7,11.7,5.1,34.9,1.0,12.8,0.8,16.0,17.5,12.0,10.7,8.9,45.2,48.0,48.0,49.0,49.0,49.0,49.0,49.0,49.0,38.0,38.0,38.0,38.0,36.0,45,41,41,55,45,47,43,44,44,44,44,44,44,55,59,59,45,55,53,57,56,56,56,56,56,56,47,55,No,No,No,No,No,No,No,No,No,No,No,No,No,No,No,No,No,No,No,No,No,No,No,No,No,No,No,No,No,No,No,No,No,No,No,No,No,No,No,No,No,No,45,44,40,0.000,0.000,0.000,0.000,0.000,0.000,0.000,1.250,17.446,31.380,22.376,7.499,0.500,150.0,175.0,24.000,0.1,7.4,8.8,0.6,6.1,0.5,1.4,0.5,0.6,0.8,0.7,22.2,8.9,3.8,26.4,0.6,9.7,0.6,16.0,17.4,11.9,10.6,21.4,27.3,12.1,2.0,2.7,69.0,44.8,65.5,26.0,0.7,0.6,0.7,5.1,27.9,0.0,0.0,0.0,0.0,0.0,0.0,0.0,0.0,82.8,81.4,86.9,83.3,56.1,62.0,80.4,95.8,95.6,6.6,40.7,5.7,61.8,2793.2,28.00,36,36,36,76,112,447,2,2,Yes,No,No,No,No,No,No,No,No,No,Yes,No,No,No,No,No,No,No,No,No,No,No,No,No,No,No,No,Yes,No,No,No,No,No,No,No,Yes,No,No,32,42,32,48,43,43,1.137,5.080,3.424,3.328,12.192,2.024,0.720,3.424,3.200,1.072,1.264,1.648,1.064,1.000,1.000,0.888,1.824,1146,1523,3417,43.0,40.0,38.0,1.250,9.000,38.0,1.245,1.260,1.800,1.800,1.125,5.040,0.750,No,No,No,1.245,1.260,1.800,1.815,1.125,5.040,0.875,No,No,No,50,50,62,100.0,100.0,No,No,14699,23904,31,31,No,No,1299,631,1.6,0.7,2.3,0.712,2.836,16582,38929,0.0,0.0,0.0,0.000,0.000,0,27.8,30.0,30.6,84.0,0.910,12.169,12.162,12.171,12.174,0,0,11.156,5.055,9.303,9.847,3.640,0.547,7.700,4.348,210.0,50.6,1185.0,33.9,1290.0,0.0,48.0,0.0,0.0,10.9,0.0,0.1,0.0,0.0,0.0,0.0,0,0,Yes,No,No,No,No,Yes,No,4.9,7.5,3,0,0,0,0,0,0,0,0,79,0,0,0,0,0,0,0,0,0,0,0,0,0,0,0,0,0,0,0,0,10947,1335,1073,71,2.5,0,0,0,15.0,2.5,64.2,0.5,2.6,394.88,1928.00,15.58,1.36,665.01,666.45,0.00,767,17,0.1,0.1,0,0,0.0,0.0,0,37.2,0.000,
14.10.2025,12:0:24.756,21350,48066,30.7,15824,49496,24.2,0.0,1.280,1.313,1.283,1.283,1.268,1.253,1.253,1.285,1.300,1.293,1.283,1.283,1.268,1.251,4472.4,4788.3,4788.3,4788.3,4788.3,4788.3,4788.3,4888.0,4888.0,3790.7,3790.7,3790.7,3790.7,99.8,3591.2,219.0,209.7,26.6,139.6,25.8,63.1,25.7,26.3,25.7,90.1,972.8,28.5,655.5,869.0,28.7,219.9,25.9,89.6,369.2,306.2,181.6,216.2,5.3,4.6,7.8,3.0,0.6,0.1,0.6,1.4,0.6,1.3,21.1,0.0,12.9,18.7,0.0,4.9,0.0,3.4,10.0,9.3,5.2,21.1,5.3,100.0,6.4,7.2,0.8,4.6,0.7,2.1,0.7,0.7,0.7,2.7,28.3,0.9,17.4,25.7,0.9,6.4,0.8,2.6,10.7,8.8,5.4,6.4,44.8,48.0,48.0,48.0,48.0,48.0,48.0,49.0,49.0,38.0,38.0,38.0,38.0,36.0,43,43,41,44,43,45,43,43,45,43,43,43,42,57,57,59,56,57,55,57,57,55,57,57,57,58,46,45,No,No,No,No,No,No,No,No,No,No,No,No,No,No,No,No,No,No,No,No,No,No,No,No,No,No,No,No,No,No,No,No,No,No,No,No,No,No,No,No,No,No,50,50,40,0.000,0.000,0.000,0.000,0.000,0.000,0.000,1.250,38.063,27.080,18.225,7.361,0.489,150.0,175.0,48.000,0.0,5.1,4.6,0.6,3.0,0.5,1.4,0.5,0.6,0.5,2.0,21.2,0.6,14.0,18.8,0.6,4.9,0.6,2.5,10.3,9.0,5.1,18.9,20.4,7.0,1.4,0.0,68.2,34.5,62.2,20.4,0.0,2.1,1.1,9.7,29.8,0.0,0.0,0.0,0.0,0.0,0.0,0.0,0.0,97.2,86.9,89.4,84.0,62.4,72.0,88.3,96.5,98.7,6.5,49.6,15.8,72.0,2793.2,28.00,36,36,36,76,112,447,2,2,Yes,No,No,No,No,No,No,No,No,No,Yes,No,No,No,No,No,No,No,No,No,No,No,No,No,No,No,No,Yes,No,No,No,No,No,No,No,Yes,No,No,32,42,32,47,42,43,0.906,5.040,3.424,3.328,12.192,2.024,0.720,3.424,3.200,1.072,1.264,1.664,1.064,1.000,1.000,0.888,1.824,1171,1490,3260,42.0,40.0,38.0,1.225,9.000,38.0,1.245,1.260,1.800,1.800,1.140,5.040,0.875,No,No,No,1.245,1.260,1.800,1.800,1.185,5.040,0.750,No,No,No,50,50,63,100.0,100.0,No,No,14699,23904,31,31,No,No,1299,631,0.0,0.4,0.4,0.072,1.269,16582,38932,0.0,0.0,0.0,0.000,0.000,0,27.8,32.0,30.6,84.0,0.910,12.168,12.162,12.170,12.173,0,0,10.750,5.007,9.073,9.687,3.628,0.615,7.702,4.346,210.0,50.6,1185.0,36.0,1290.0,0.0,26.0,0.0,0.0,10.9,0.0,0.1,0.0,0.0,0.0,0.0,0,0,Yes,No,No,No,No,Yes,No,4.8,7.6,3,0,0,0,0,0,0,0,0,79,0,0,0,0,0,0,0,0,0,0,0,0,0,0,0,0,0,0,0,0,10947,1335,1073,71,2.5,0,0,0,15.0,2.4,63.4,0.5,2.5,408.66,1929.46,15.78,1.26,665.99,667.15,0.00,767,17,0.2,0.2,0,0,0.0,0.0,0,37.2,0.000,
14.10.2025,12:0:26.748,21348,48068,30.7,15823,49497,24.2,0.0,1.309,1.316,1.311,1.296,1.316,1.311,1.311,1.331,1.311,1.297,1.292,1.312,1.302,1.251,4514.0,4788.3,4888.0,4888.0,4888.0,4888.0,4888.0,4888.0,4888.0,3790.7,3790.7,3790.7,3790.7,99.8,3591.2,200.7,163.1,25.4,77.0,25.8,31.5,25.3,26.0,25.2,28.2,800.5,29.0,701.1,776.8,93.7,240.9,26.8,73.0,383.6,272.5,187.7,197.4,5.0,3.4,1.1,3.0,0.3,1.2,0.3,0.0,0.3,0.3,17.6,1.9,16.0,16.5,4.0,5.2,5.5,1.0,9.9,6.7,5.0,17.6,5.0,100.0,5.9,4.7,0.7,2.2,0.7,0.9,0.7,0.7,0.7,0.9,23.4,0.9,22.1,22.3,2.8,7.1,0.8,2.1,10.8,7.7,5.4,5.9,45.2,48.0,49.0,49.0,49.0,49.0,49.0,49.0,49.0,38.0,38.0,38.0,38.0,36.0,42,42,40,42,42,43,43,43,40,43,43,43,43,58,58,60,58,58,57,57,57,60,57,57,57,57,46,43,No,No,No,No,No,No,No,No,No,No,No,No,No,No,No,No,No,No,No,No,No,No,No,No,No,No,No,No,No,No,No,No,No,No,No,No,No,No,No,No,No,No,53,53,40,0.000,0.000,0.000,0.000,0.000,0.000,0.000,1.250,23.789,25.778,16.952,7.335,0.487,150.0,175.0,32.000,0.3,4.7,3.6,0.5,1.7,0.5,0.7,0.5,0.6,0.5,0.6,17.9,0.6,15.1,16.8,2.0,5.3,0.6,2.0,10.9,7.7,5.3,19.4,14.2,2.8,0.5,0.0,75.5,48.2,63.3,23.6,0.0,0.6,0.0,4.2,30.6,0.0,0.0,0.0,0.0,0.0,0.2,0.0,0.0,97.7,87.9,91.9,89.3,61.6,80.7,94.6,98.0,98.8,3.9,32.1,15.7,68.9,2793.2,28.00,36,36,36,76,112,447,2,2,Yes,No,No,No,No,No,No,No,No,No,Yes,No,No,No,No,No,No,No,No,No,No,No,No,No,No,No,No,Yes,No,No,No,No,No,No,No,Yes,No,No,32,41,32,47,42,42,0.693,5.080,3.424,3.328,12.192,2.024,0.720,3.424,3.200,1.072,1.264,1.648,1.064,1.000,1.000,0.888,1.824,1027,1376,3292,43.0,40.0,38.0,1.270,20.000,38.0,1.245,1.260,1.800,1.800,1.140,5.040,1.000,No,No,No,1.245,1.260,1.800,1.800,1.140,5.040,1.000,No,No,No,50,50,63,100.0,100.0,No,No,14699,23904,31,31,No,No,1299,631,0.1,0.3,0.4,0.123,1.309,16582,38934,0.0,0.0,0.0,0.000,0.000,0,27.8,30.0,30.7,84.0,0.910,12.167,12.161,12.169,12.172,0,0,10.717,5.034,9.228,9.735,3.578,0.511,7.779,4.408,210.0,50.6,1185.0,35.8,1290.0,0.0,23.0,0.0,0.0,10.9,0.0,0.1,0.0,0.0,0.0,0.0,0,0,Yes,No,No,No,No,Yes,No,4.9,7.5,3,0,0,0,0,0,0,0,0,79,0,0,0,0,0,0,0,0,0,0,0,0,0,0,0,0,0,0,0,0,10947,1335,1073,71,2.5,0,0,0,15.0,2.4,66.8,0.5,2.4,421.72,1927.49,14.97,1.35,664.55,666.00,0.00,767,17,0.1,0.0,0,0,0.0,0.0,0,37.2,0.000,
14.10.2025,12:0:28.751,21350,48066,30.7,15826,49495,24.2,0.0,1.280,1.329,1.292,1.292,1.263,1.248,1.248,1.250,1.290,1.290,1.290,1.290,1.281,1.251,4123.2,4788.3,4788.3,4788.3,4788.3,4788.3,4788.3,4788.3,798.0,3790.7,3790.7,3790.7,3790.7,99.8,3591.2,220.7,234.8,25.8,116.4,25.3,57.6,25.4,25.8,25.6,29.3,1053.6,27.9,501.1,912.7,29.7,194.6,26.1,84.9,487.8,261.4,268.0,215.8,6.5,4.7,0.0,2.1,0.1,0.0,0.1,0.1,0.1,6.7,22.6,10.0,10.7,19.1,9.4,4.0,6.7,3.4,15.0,8.5,7.0,22.6,6.5,100.0,6.3,6.8,0.7,3.3,0.7,1.7,0.7,0.7,0.7,1.0,30.0,0.9,14.7,25.8,1.0,5.8,0.8,2.4,13.8,7.5,7.5,6.3,41.3,48.0,48.0,48.0,48.0,48.0,48.0,48.0,8.0,38.0,38.0,38.0,38.0,36.0,46,44,45,46,42,50,44,56,43,47,47,47,47,54,56,55,54,58,50,56,44,57,53,53,53,53,56,56,No,No,No,No,No,No,No,No,No,No,No,No,No,No,No,No,No,No,No,No,No,No,No,No,No,No,No,No,No,No,No,No,No,No,No,No,No,No,No,No,No,No,44,43,40,0.000,0.000,0.000,0.000,0.000,0.000,0.000,1.250,25.375,26.611,17.761,7.358,0.490,150.0,175.0,32.000,0.3,5.2,5.1,0.5,2.5,0.5,1.3,0.5,0.6,0.5,0.6,23.1,0.6,11.1,19.7,0.6,4.4,0.6,2.3,13.9,7.4,7.6,18.7,13.3,6.1,2.1,0.0,67.4,47.6,58.7,21.6,0.0,0.6,0.0,6.4,29.9,0.0,0.0,0.0,0.0,0.0,0.0,0.0,0.0,97.4,84.7,92.1,85.0,62.6,80.1,90.4,95.7,98.7,7.0,38.2,18.8,71.7,2793.2,28.00,36,36,36,76,112,447,2,2,Yes,No,No,No,No,No,No,No,No,No,Yes,No,No,No,No,No,No,No,No,No,No,No,No,No,No,No,No,Yes,No,No,No,No,No,No,No,Yes,No,No,32,41,32,47,42,43,1.119,5.080,3.424,3.328,12.192,2.024,0.720,3.424,3.200,1.072,1.264,1.648,1.064,1.000,1.000,0.888,1.824,993,1362,3366,43.0,40.0,38.0,1.280,13.000,38.0,1.245,1.260,1.800,1.800,1.140,5.040,0.750,No,No,No,1.260,1.260,1.800,1.800,1.140,5.040,0.750,No,No,No,50,50,64,100.0,100.0,No,No,14699,23904,31,31,No,No,1299,631,0.0,0.1,0.2,0.057,0.436,16582,38935,0.0,0.0,0.0,0.000,0.000,0,27.8,32.0,30.7,84.0,0.910,12.169,12.164,12.169,12.173,0,0,11.165,5.897,10.994,11.026,3.688,0.030,7.696,7.844,210.0,50.6,1185.0,36.3,1290.0,0.0,16.0,0.0,0.0,10.9,0.0,0.1,0.0,0.0,0.0,0.0,0,0,Yes,No,No,No,No,Yes,No,5.5,7.5,3,0,0,0,0,0,0,0,0,79,0,0,0,0,0,0,0,0,0,0,0,0,0,0,0,0,0,0,0,0,10947,1335,1073,70,2.5,0,0,0,15.0,2.3,59.4,0.5,2.3,434.29,1934.13,16.83,1.29,667.84,669.03,0.00,767,17,0.3,0.1,0,0,0.0,0.0,0,37.2,0.000,
14.10.2025,12:0:30.761,21355,48061,30.7,15821,49500,24.2,0.0,1.310,1.326,1.309,1.309,1.314,1.324,1.309,1.319,1.304,1.319,1.304,1.304,1.279,1.251,4422.5,4888.0,4888.0,4788.3,4788.3,4788.3,4888.0,4888.0,4788.3,3591.2,3591.2,3591.2,3591.2,99.8,3591.2,201.7,130.4,25.5,70.0,25.5,34.6,31.4,25.6,25.7,30.2,1021.6,27.5,501.1,865.5,29.1,341.3,26.4,54.9,410.8,169.3,186.5,204.3,4.8,3.5,0.4,1.4,0.0,1.4,0.0,1.9,1.2,0.0,22.8,0.0,11.6,19.5,0.0,7.9,0.0,1.4,12.0,4.7,6.2,22.8,4.8,100.0,5.8,3.8,0.7,2.0,0.7,1.0,0.9,0.7,0.7,1.0,29.0,0.8,14.5,25.1,0.9,9.8,0.8,1.6,11.6,4.8,5.7,5.8,44.3,49.0,49.0,48.0,48.0,48.0,49.0,49.0,48.0,36.0,36.0,36.0,36.0,36.0,44,42,40,44,42,45,42,56,43,44,44,44,44,56,58,60,56,58,55,58,44,57,56,56,56,56,54,56,No,No,No,No,No,No,No,No,No,No,No,No,No,No,No,No,No,No,No,No,No,No,No,No,No,No,No,No,No,No,No,No,No,No,No,No,No,No,No,No,No,No,49,49,40,0.000,0.000,0.000,0.000,0.000,0.000,0.000,1.250,47.579,25.820,16.998,7.331,0.487,150.0,175.0,64.000,0.8,4.7,2.9,0.5,1.5,0.5,0.7,0.7,0.5,0.5,0.6,22.4,0.6,11.1,18.8,0.6,7.4,0.6,1.6,11.4,4.8,5.3,19.7,15.2,2.9,2.6,0.0,65.9,54.9,63.2,22.1,0.0,0.1,0.0,8.9,30.5,0.0,0.0,0.0,0.0,0.0,0.0,0.0,0.0,98.2,87.8,94.8,84.6,61.7,80.5,94.8,95.7,98.8,9.3,31.4,15.6,67.9,2793.2,28.00,36,36,36,76,112,447,2,2,Yes,No,No,No,No,No,No,No,No,No,Yes,No,No,No,No,No,No,No,No,No,No,No,No,No,No,No,No,Yes,No,No,No,No,No,No,No,Yes,No,No,32,41,32,46,41,42,1.003,5.080,3.424,3.328,12.192,2.024,0.720,3.424,3.200,1.072,1.264,1.664,1.064,1.000,1.000,0.888,1.824,1009,1359,3383,43.0,40.0,38.0,1.275,19.000,38.0,1.245,1.260,1.800,1.800,1.140,5.040,0.750,No,No,No,1.245,1.260,1.800,1.800,1.140,5.040,0.875,No,No,No,50,50,64,100.0,100.0,No,No,14699,23904,31,31,No,No,1299,631,0.1,0.2,0.3,0.147,1.076,16583,38937,0.0,0.0,0.0,0.000,0.000,0,27.8,30.0,30.7,84.0,0.910,12.171,12.165,12.172,12.175,0,0,11.313,5.029,9.089,9.726,3.665,0.639,7.696,4.392,210.0,50.6,1185.0,35.9,1290.0,0.0,18.0,0.0,0.0,10.9,0.0,0.1,0.0,0.0,0.0,0.0,0,0,Yes,No,No,No,No,Yes,No,4.9,7.6,3,0,0,0,0,0,0,0,0,79,0,0,0,0,0,0,0,0,0,0,0,0,0,0,0,0,0,0,0,0,10947,1335,1073,70,2.5,0,0,0,15.0,2.2,100.6,0.5,2.3,446.03,1927.52,9.94,1.29,663.04,664.44,0.00,767,17,0.3,0.0,0,0,0.0,0.0,0,37.2,0.000,
14.10.2025,12:0:32.767,21350,48067,30.7,15819,49501,24.2,0.0,1.300,1.334,1.294,1.299,1.284,1.284,1.307,1.302,1.302,1.297,1.312,1.300,1.280,1.251,4414.2,4888.0,4788.3,4788.3,4788.3,4788.3,4788.3,4788.3,4788.3,3591.2,3591.2,3591.2,3790.7,99.8,3591.2,200.0,129.6,26.0,70.8,25.5,36.3,25.7,25.9,25.4,62.9,994.5,27.9,486.0,885.6,53.6,274.2,26.4,60.5,407.6,204.3,151.5,202.5,4.4,2.4,0.1,0.3,0.0,0.3,2.3,0.0,0.0,0.0,21.2,4.6,10.3,18.7,0.0,4.9,0.8,1.2,11.4,6.1,3.9,21.2,4.4,100.0,5.7,3.8,0.7,2.0,0.7,1.0,0.7,0.7,0.7,1.9,28.2,0.9,14.1,25.3,1.6,8.0,0.8,1.8,11.5,5.8,4.4,5.7,44.2,49.0,48.0,48.0,48.0,48.0,48.0,48.0,48.0,36.0,36.0,36.0,38.0,36.0,44,42,40,44,41,46,47,52,39,44,44,46,46,56,58,60,56,59,54,53,48,61,56,56,54,54,55,52,No,No,No,No,No,No,No,No,No,No,No,No,No,No,No,No,No,No,No,No,No,No,No,No,No,No,No,No,No,No,No,No,No,No,No,No,No,No,No,No,No,No,51,51,40,0.000,0.000,0.000,0.000,0.000,0.000,0.000,1.250,23.789,25.597,16.788,7.319,0.487,150.0,175.0,48.000,1.1,4.7,2.9,0.6,1.5,0.5,0.8,0.5,0.5,0.5,1.4,21.7,0.6,10.8,19.2,1.1,6.1,0.6,1.7,11.8,5.8,4.5,18.3,11.4,2.5,0.0,0.0,64.2,48.1,60.8,24.1,0.3,0.6,0.5,7.7,30.5,0.0,0.0,0.0,0.0,1.2,0.0,0.0,0.0,97.8,87.0,93.3,86.7,63.6,84.5,95.2,98.5,98.8,9.7,38.3,16.8,67.4,2793.2,28.00,36,36,36,76,112,447,2,2,Yes,No,No,No,No,No,No,No,No,No,Yes,No,No,No,No,No,No,No,No,No,No,No,No,No,No,No,No,Yes,No,No,No,No,No,No,No,Yes,No,No,32,41,32,48,45,43,1.154,5.080,3.424,3.328,12.192,2.024,0.720,3.424,3.200,1.072,1.264,1.648,1.064,1.000,1.000,0.888,1.824,1028,1384,3417,43.0,40.0,38.0,1.250,15.000,37.8,1.245,1.260,1.800,1.800,1.140,5.040,1.125,No,No,No,1.245,1.260,1.800,1.800,1.140,5.040,1.000,No,No,No,50,50,64,100.0,100.0,No,No,14699,23904,31,31,No,No,1299,631,0.0,0.0,0.1,0.081,0.466,16583,38938,0.0,0.0,0.0,0.000,0.000,0,27.8,32.0,30.7,84.0,0.910,12.168,12.160,12.170,12.173,0,0,10.836,5.069,8.931,9.748,3.798,0.821,7.705,4.483,210.0,50.6,1185.0,35.1,1290.0,0.0,44.0,0.0,0.0,10.9,0.0,0.1,0.0,0.0,0.0,0.0,0,0,Yes,No,No,No,No,Yes,No,4.9,7.5,3,0,0,0,0,0,0,0,0,79,0,0,0,0,0,0,0,0,0,0,0,0,0,0,0,0,0,0,0,0,10947,1335,1073,70,2.5,0,0,0,15.0,2.2,61.0,0.5,2.2,457.30,1927.99,16.39,1.33,665.44,666.68,0.00,767,17,0.8,0.1,0,0,0.0,0.0,0,37.2,0.000,
14.10.2025,12:0:34.764,21350,48066,30.7,15819,49502,24.2,0.0,1.285,1.315,1.284,1.274,1.274,1.264,1.264,1.272,1.272,1.307,1.297,1.317,1.281,1.251,4131.6,4788.3,4788.3,798.0,4788.3,4788.3,4788.3,4888.0,4788.3,3790.7,3790.7,3790.7,3790.7,99.8,3591.2,371.4,457.9,27.3,495.5,29.9,235.0,27.6,75.3,26.7,35.6,1499.1,31.4,850.8,1526.5,86.8,665.0,29.9,125.9,583.6,342.4,275.2,378.3,9.0,10.5,6.1,11.1,0.0,5.6,0.3,2.1,1.0,1.1,32.6,0.0,18.8,32.7,2.3,15.5,0.0,4.8,16.6,10.1,8.6,32.7,9.0,100.0,10.7,13.6,0.9,14.6,1.0,6.7,0.9,2.2,0.8,1.3,43.1,1.1,24.2,43.1,2.8,19.1,1.0,3.7,16.7,9.8,8.3,10.7,41.4,48.0,48.0,8.0,48.0,48.0,48.0,49.0,48.0,38.0,38.0,38.0,38.0,36.0,45,43,41,43,42,49,45,58,44,43,43,43,43,55,57,59,57,58,51,55,42,56,57,57,57,57,56,58,No,No,No,No,No,No,No,No,No,No,No,No,No,No,No,No,No,No,No,No,No,No,No,No,No,No,No,No,No,No,No,No,No,No,No,No,No,No,No,No,No,No,45,43,40,0.000,0.000,0.000,0.000,0.000,0.000,0.000,1.250,15.860,36.170,27.172,7.491,0.505,150.0,175.0,24.000,0.2,8.4,10.1,0.6,10.6,0.7,5.1,0.6,1.7,0.6,0.8,32.2,0.7,18.5,32.5,1.8,14.3,0.7,3.5,16.0,9.6,7.9,21.4,33.4,14.8,8.2,0.5,59.5,56.1,51.2,20.2,0.5,3.0,1.0,8.8,29.4,0.0,2.4,0.0,0.0,0.3,0.0,1.7,1.1,95.6,80.2,88.9,82.1,50.9,54.3,69.9,85.5,96.7,5.2,23.1,11.1,61.4,2793.2,28.00,36,36,36,76,112,447,2,2,Yes,No,No,No,No,No,No,No,No,No,Yes,No,No,No,No,No,No,No,No,No,No,No,No,No,No,No,No,Yes,No,No,No,No,No,No,No,Yes,No,No,32,41,32,46,41,43,1.083,5.080,3.424,3.328,12.192,2.024,0.728,3.424,3.200,1.072,1.264,1.648,1.064,1.000,1.000,0.888,1.824,1300,1575,3391,43.0,40.0,38.0,1.230,9.000,37.8,1.245,1.260,1.800,1.800,1.140,5.040,0.875,No,No,No,1.245,1.260,1.800,1.815,1.140,5.040,0.875,No,No,No,51,51,65,100.0,100.0,No,No,14699,23904,31,31,No,No,1299,631,0.1,0.2,0.3,0.113,0.866,16583,38940,0.0,0.0,0.0,0.000,0.000,0,27.8,30.0,30.8,84.0,0.910,12.170,12.164,12.172,12.175,0,0,10.836,5.127,9.491,10.005,3.689,0.524,7.708,4.473,210.0,50.6,1185.0,36.4,1290.0,0.0,22.0,0.0,0.0,10.9,0.0,0.1,0.0,0.0,0.0,0.0,0,0,Yes,No,No,No,No,Yes,No,5.0,7.6,3,0,0,0,0,0,0,0,0,79,0,0,0,0,0,0,0,0,0,0,0,0,0,0,0,0,0,0,0,0,10947,1335,1073,70,2.5,0,0,0,15.0,2.2,124.3,0.5,2.2,453.24,1898.67,8.04,1.23,405.29,406.57,0.00,768,17,1.0,0.0,0,0,0.0,0.0,0,37.2,0.000,
14.10.2025,12:0:36.762,21350,48066,30.7,15817,49504,24.2,0.0,1.280,1.313,1.303,1.286,1.271,1.255,1.257,1.262,1.277,1.284,1.284,1.299,1.274,1.251,4123.2,4788.3,4788.3,4788.3,4788.3,4788.3,4788.3,4788.3,798.0,3790.7,3790.7,3790.7,3790.7,99.8,3591.2,198.4,135.6,25.3,34.3,25.6,38.5,25.3,25.8,57.6,29.2,945.4,27.0,582.8,922.8,29.8,212.5,26.1,57.6,350.8,217.8,198.9,197.3,4.6,2.6,0.0,0.4,6.0,0.4,0.9,0.2,0.8,0.0,20.3,1.7,12.5,20.0,0.0,4.4,0.0,0.0,9.7,5.9,5.7,20.3,4.6,100.0,5.8,4.0,0.7,1.0,0.7,1.1,0.7,0.7,1.6,0.9,26.9,0.8,17.1,26.9,1.0,6.3,0.8,1.7,10.0,6.2,5.8,5.8,41.3,48.0,48.0,48.0,48.0,48.0,48.0,48.0,8.0,38.0,38.0,38.0,38.0,36.0,44,42,40,44,40,51,44,52,44,43,43,43,43,56,58,60,56,60,49,56,48,56,57,57,57,57,57,52,No,No,No,No,No,No,No,No,No,No,No,No,No,No,No,No,No,No,No,No,No,No,No,No,No,No,No,No,No,No,No,No,No,No,No,No,No,No,No,No,No,No,55,55,40,0.000,0.000,0.000,0.000,0.000,0.000,0.000,1.250,36.477,25.676,16.864,7.321,0.488,150.0,175.0,48.000,0.4,4.6,2.9,0.5,0.7,0.5,0.8,0.5,0.5,1.2,0.6,20.8,0.6,12.7,20.0,0.6,4.7,0.5,1.7,10.0,6.3,6.0,18.9,11.6,1.9,1.9,1.9,66.9,47.9,68.2,19.9,0.0,0.6,0.1,6.1,30.6,0.0,0.0,0.0,0.0,0.0,0.0,0.0,0.0,98.1,88.8,93.3,86.8,62.9,84.3,96.6,96.5,96.2,10.0,36.8,9.4,72.9,2793.2,28.00,36,36,36,76,112,447,2,2,Yes,No,No,No,No,No,No,No,No,No,Yes,No,No,No,No,No,No,No,No,No,No,No,No,No,No,No,No,Yes,No,No,No,No,No,No,No,Yes,No,No,32,41,32,48,43,43,1.190,5.040,3.424,3.328,12.192,2.024,0.728,3.424,3.200,1.072,1.264,1.664,1.064,1.000,1.000,0.888,1.824,1343,1513,3316,43.0,40.0,38.0,1.265,27.000,37.8,1.245,1.260,1.800,1.800,1.125,5.040,0.750,No,No,No,1.245,1.260,1.800,1.800,1.185,5.040,1.125,No,No,No,51,51,65,100.0,100.0,No,No,14699,23904,31,31,No,No,1299,631,0.0,0.2,0.2,0.016,0.448,16583,38941,0.0,0.0,0.0,0.000,0.000,0,27.8,32.0,30.6,84.0,0.910,12.169,12.163,12.170,12.173,0,0,10.798,5.044,9.291,9.809,3.603,0.517,7.730,4.359,210.0,50.6,1185.0,37.5,1290.0,0.0,28.0,0.0,0.0,10.9,0.0,0.1,0.0,0.0,0.0,0.0,0,0,Yes,No,No,No,No,Yes,No,5.1,7.6,3,0,0,0,0,0,0,0,0,79,0,0,0,0,0,0,0,0,0,0,0,0,0,0,0,0,0,0,0,0,10947,1335,1073,70,2.5,0,0,0,15.0,2.2,59.1,0.5,2.2,463.64,1928.00,16.93,1.43,665.63,666.98,0.00,768,17,0.2,0.0,0,0,0.0,0.0,0,37.2,0.000,
14.10.2025,12:0:38.762,21365,48051,30.7,15832,49488,24.2,0.0,1.273,1.313,1.241,1.246,1.246,1.246,1.271,1.271,1.271,1.311,1.301,1.286,1.276,1.251,4139.9,4788.3,4788.3,4788.3,4788.3,4788.3,4888.0,4888.0,798.0,3790.7,3790.7,3790.7,3790.7,99.8,4389.3,250.9,195.6,27.0,169.3,26.3,48.8,25.6,26.9,25.9,28.6,964.5,27.5,386.6,590.3,277.0,170.4,26.2,263.6,747.3,537.2,453.2,223.8,7.8,4.2,4.9,3.4,0.0,1.7,0.0,0.4,1.2,11.5,21.0,2.0,8.5,7.0,19.0,3.6,9.6,8.5,21.7,14.9,13.7,21.7,7.8,100.0,7.2,5.8,0.8,4.9,0.8,1.4,0.7,0.8,0.7,0.9,27.7,0.8,11.4,17.1,8.0,5.1,0.8,7.5,21.2,15.2,13.0,7.2,41.5,48.0,48.0,48.0,48.0,48.0,49.0,49.0,8.0,38.0,38.0,38.0,38.0,44.0,43,42,41,44,42,45,44,46,46,42,42,42,42,57,58,59,56,58,55,56,54,54,58,58,58,58,47,46,No,No,No,No,No,No,No,No,No,No,No,No,No,No,No,No,No,No,No,No,No,No,No,No,No,No,No,No,No,No,No,No,No,No,No,No,No,No,No,No,No,No,44,43,40,0.000,0.000,0.000,0.000,0.000,0.000,0.000,1.250,25.375,27.006,18.154,7.357,0.492,150.0,175.0,32.000,0.0,6.2,4.3,0.6,3.6,0.6,1.1,0.5,0.6,0.5,0.6,21.2,0.6,8.7,12.9,5.9,3.8,0.6,7.8,21.6,15.5,13.7,17.9,17.7,5.4,0.0,0.0,69.4,44.7,54.8,16.0,0.0,2.5,0.7,3.3,27.7,0.0,0.7,0.0,0.0,0.0,0.0,0.0,0.0,91.8,75.1,83.2,81.9,64.3,76.3,89.2,98.0,98.6,6.8,43.6,24.2,77.7,2793.2,28.00,36,36,36,76,112,447,2,2,Yes,No,No,No,No,No,No,No,No,No,Yes,No,No,No,No,No,No,No,No,No,No,No,No,No,No,No,No,Yes,No,No,No,No,No,No,No,Yes,No,No,32,41,32,46,41,44,1.092,5.080,3.424,3.328,12.192,2.024,0.728,3.424,3.200,1.072,1.264,1.648,1.064,1.000,1.000,0.896,1.824,1088,1365,3308,44.0,40.0,38.0,1.285,20.000,37.8,1.245,1.260,1.800,1.800,1.125,4.970,1.000,No,No,No,1.245,1.260,1.800,1.800,1.125,5.040,1.125,No,No,No,51,51,65,100.0,100.0,No,No,14699,23904,31,31,No,No,1299,631,0.0,0.0,0.0,0.000,0.286,16583,38941,0.0,0.0,0.0,0.000,0.000,0,27.8,32.0,30.7,84.0,0.910,12.170,12.164,12.171,12.174,0,0,10.768,5.086,9.044,9.810,3.774,0.767,7.724,4.483,210.0,50.6,1185.0,36.3,1290.0,0.0,26.0,0.0,0.0,10.9,0.0,0.1,0.0,0.0,0.0,0.0,0,0,Yes,No,No,No,No,Yes,No,5.1,7.5,3,0,0,0,0,0,0,0,0,79,0,0,0,0,0,0,0,0,0,0,0,0,0,0,0,0,0,0,0,0,10947,1335,1073,70,2.5,0,0,0,15.0,2.1,63.6,0.5,2.1,473.51,1928.09,15.73,1.31,664.99,666.34,0.00,768,17,0.2,0.1,0,0,0.0,0.0,0,37.2,0.000,
14.10.2025,12:0:40.767,21348,48069,30.7,15809,49511,24.2,0.0,1.283,1.300,1.288,1.293,1.278,1.263,1.280,1.264,1.309,1.283,1.268,1.298,1.278,1.251,4514.0,4788.3,4888.0,4888.0,4888.0,4888.0,4888.0,4888.0,4888.0,3790.7,3790.7,3790.7,3790.7,99.8,3591.2,206.1,180.0,27.2,49.9,25.6,28.3,25.5,25.7,25.1,29.0,963.6,27.8,565.4,933.6,126.4,258.5,26.3,43.1,336.8,249.7,173.9,205.4,5.1,4.0,0.0,1.9,0.0,0.0,2.1,1.4,0.6,0.0,21.2,5.1,12.6,24.4,0.0,5.8,0.0,1.3,8.7,7.3,5.2,24.4,5.1,100.0,5.9,5.2,0.8,1.4,0.7,0.8,0.7,0.7,0.7,0.9,27.5,0.9,16.3,26.4,3.7,7.6,0.8,1.3,9.6,7.1,5.2,5.9,45.2,48.0,49.0,49.0,49.0,49.0,49.0,49.0,49.0,38.0,38.0,38.0,38.0,36.0,44,42,40,44,42,47,45,52,43,42,42,42,42,56,58,60,56,58,53,55,48,57,58,58,58,58,51,52,No,No,No,No,No,No,No,No,No,No,No,No,No,No,No,No,No,No,No,No,No,No,No,No,No,No,No,No,No,No,No,No,No,No,No,No,No,No,No,No,No,No,45,45,40,0.000,0.000,0.000,0.000,0.000,0.000,0.000,1.250,25.375,25.952,17.129,7.331,0.490,150.0,175.0,32.000,1.0,4.8,3.9,0.6,1.1,0.5,0.6,0.5,0.5,0.5,0.6,21.2,0.6,12.6,19.9,2.7,5.8,0.6,1.2,9.3,7.1,5.1,19.4,12.2,3.1,0.0,0.0,64.9,60.4,51.9,28.5,0.0,0.6,0.0,11.1,30.4,0.0,0.0,0.0,0.0,0.0,0.0,2.1,0.0,98.6,89.5,92.5,82.6,61.9,82.3,95.0,98.7,98.8,11.3,24.7,21.1,63.2,2793.2,28.00,36,36,36,76,112,447,2,2,Yes,No,No,No,No,No,No,No,No,No,Yes,No,No,No,No,No,No,No,No,No,No,No,No,No,No,No,No,Yes,No,No,No,No,No,No,No,Yes,No,No,32,41,32,46,40,42,1.190,5.080,3.424,3.328,12.192,2.024,0.728,3.424,3.200,1.072,1.264,1.648,1.064,1.000,1.000,0.896,1.824,934,1337,3341,43.0,40.0,38.0,1.260,29.000,37.8,1.260,1.260,1.800,1.800,1.125,4.970,0.875,No,No,No,1.245,1.260,1.800,1.800,1.125,4.970,0.875,No,No,No,51,51,65,100.0,100.0,No,No,14699,23904,31,31,No,No,1299,631,0.0,0.1,0.1,0.000,0.748,16583,38943,0.0,0.0,0.0,0.000,0.000,0,27.8,32.0,30.8,84.0,0.910,12.169,12.164,12.171,12.173,0,0,10.651,5.219,9.521,10.126,3.774,0.610,7.708,4.798,210.0,50.6,1185.0,36.2,1290.0,0.0,43.0,0.0,0.0,10.9,0.0,0.1,0.0,0.0,0.0,0.0,0,0,Yes,No,No,No,No,Yes,No,5.1,7.4,3,0,0,0,0,0,0,0,0,79,0,0,0,0,0,0,0,0,0,0,0,0,0,0,0,0,0,0,0,0,10947,1335,1073,70,2.5,0,0,0,15.0,2.0,138.5,0.5,2.1,492.05,1961.82,7.22,1.30,661.88,663.15,0.00,768,17,0.2,0.1,0,0,0.0,0.0,0,37.2,0.000,
14.10.2025,12:0:42.762,21336,48080,30.7,15801,49519,24.1,0.0,1.286,1.313,1.303,1.279,1.279,1.259,1.274,1.284,1.294,1.284,1.284,1.294,1.284,1.251,4106.6,4788.3,4888.0,4888.0,4888.0,4888.0,798.0,4888.0,4888.0,3591.2,3591.2,3591.2,3591.2,99.8,3591.2,213.1,141.2,25.4,79.1,25.8,31.2,62.2,29.8,25.5,28.4,905.6,28.0,622.7,901.6,29.6,283.3,26.3,84.6,413.7,295.9,221.4,208.0,5.4,3.2,0.0,0.9,0.5,0.7,1.3,0.0,0.5,11.6,20.0,0.0,13.5,19.6,0.6,6.1,0.5,1.7,12.6,8.7,6.4,20.0,5.4,100.0,6.2,4.4,0.7,2.3,0.7,0.9,1.8,0.8,0.7,0.9,26.2,0.9,18.3,26.1,1.0,8.2,0.8,2.4,11.7,8.4,6.5,6.2,41.2,48.0,49.0,49.0,49.0,49.0,8.0,49.0,49.0,36.0,36.0,36.0,36.0,36.0,42,40,39,44,42,43,43,43,43,43,43,43,43,58,60,61,56,58,57,57,57,57,57,57,57,57,45,44,No,No,No,No,No,No,No,No,No,No,No,No,No,No,No,No,No,No,No,No,No,No,No,No,No,No,No,No,No,No,No,No,No,No,No,No,No,No,No,No,No,No,45,45,40,0.000,0.000,0.000,0.000,0.000,0.000,0.000,1.250,31.719,26.247,17.436,7.317,0.490,150.0,175.0,40.000,0.4,5.0,3.2,0.5,1.7,0.5,0.7,1.3,0.6,0.5,0.6,20.1,0.6,13.6,19.4,0.6,6.2,0.6,2.5,11.9,8.7,6.4,18.8,13.9,3.1,1.3,0.0,72.6,50.2,56.6,17.5,0.0,2.1,0.0,8.2,29.8,0.0,0.0,0.0,0.0,0.0,0.0,0.0,0.0,97.3,85.1,90.8,84.3,63.0,81.2,94.3,96.4,98.7,4.6,33.2,21.8,73.9,2793.2,28.00,36,36,36,76,112,447,2,2,Yes,No,No,No,No,No,No,No,No,No,Yes,No,No,No,No,No,No,No,No,No,No,No,No,No,No,No,No,Yes,No,No,No,No,No,No,No,Yes,No,No,32,41,32,46,40,43,1.003,5.080,3.424,3.328,12.192,2.024,0.728,3.424,3.200,1.072,1.264,1.664,1.064,1.000,1.000,0.896,1.824,976,1335,3349,44.0,40.0,38.0,1.285,32.000,37.8,1.260,1.260,1.800,1.800,1.125,4.970,0.875,No,No,No,1.260,1.260,1.800,1.800,1.125,4.970,0.750,No,No,No,51,51,64,100.0,100.0,No,No,14699,23904,31,31,No,No,1299,631,0.0,0.1,0.2,0.065,0.654,16583,38944,0.0,0.0,0.0,0.000,0.000,0,27.9,30.0,30.8,84.0,0.910,12.168,12.161,12.170,12.173,0,0,10.811,5.149,9.411,9.991,3.713,0.586,7.702,4.640,210.0,50.6,1185.0,35.9,1290.0,0.0,29.0,0.0,0.0,10.9,0.0,0.1,0.0,0.0,0.0,0.0,0,0,Yes,No,No,No,No,Yes,No,5.0,7.6,3,0,0,0,0,0,0,0,0,79,0,0,0,0,0,0,0,0,0,0,0,0,0,0,0,0,0,0,0,0,10947,1335,1073,70,2.5,0,0,0,15.0,2.1,190.9,58.0,2.0,468.72,17.25,5.24,1.24,11.46,12.75,0.00,768,17,0.1,0.1,0,0,0.0,0.0,0,37.2,0.000,
14.10.2025,12:0:44.773,21333,48083,30.7,15794,49526,24.1,0.0,1.282,1.308,1.260,1.270,1.280,1.270,1.285,1.280,1.305,1.290,1.265,1.285,1.285,1.251,4139.9,4788.3,4888.0,798.0,4888.0,4888.0,4888.0,4888.0,4888.0,3591.2,3790.7,3591.2,3790.7,99.8,3591.2,202.2,194.4,25.3,110.8,37.0,27.6,25.6,26.7,43.6,28.2,955.3,27.0,486.7,855.3,29.6,304.4,26.7,72.8,390.9,214.9,161.8,203.8,4.8,4.3,4.3,2.4,0.0,0.6,0.5,0.6,0.9,0.0,21.0,0.6,10.8,18.3,0.0,6.6,1.3,2.2,10.7,5.3,4.8,21.0,4.8,100.0,5.8,5.6,0.7,3.2,1.1,0.8,0.7,0.8,1.3,0.9,27.2,0.8,14.1,24.6,1.0,8.8,0.8,2.1,11.1,6.1,4.8,5.8,41.5,48.0,49.0,8.0,49.0,49.0,49.0,49.0,49.0,36.0,38.0,36.0,38.0,36.0,42,41,39,44,40,43,42,42,43,41,41,41,41,58,59,61,56,60,57,58,58,57,59,59,59,59,43,44,No,No,No,No,No,No,No,No,No,No,No,No,No,No,No,No,No,No,No,No,No,No,No,No,No,No,No,No,No,No,No,No,No,No,No,No,No,No,No,No,No,No,45,43,40,0.000,0.000,0.000,0.000,0.000,0.000,0.000,1.250,45.993,25.470,16.678,7.301,0.489,150.0,175.0,64.000,1.0,4.7,4.2,0.5,2.4,0.8,0.6,0.5,0.6,0.9,0.6,21.1,0.6,10.8,18.3,0.6,6.6,0.6,2.2,11.2,6.0,4.8,18.4,13.3,8.2,0.0,1.4,67.6,51.8,48.7,21.4,0.0,0.3,0.2,8.2,30.5,0.0,0.0,0.0,0.0,0.0,0.9,0.0,0.0,97.6,87.8,93.4,85.9,63.3,81.0,88.0,98.7,96.9,8.7,34.0,29.8,69.6,2793.2,28.00,36,36,36,76,112,447,2,2,Yes,No,No,No,No,No,No,No,No,No,Yes,No,No,No,No,No,No,No,No,No,No,No,No,No,No,No,No,Yes,No,No,No,No,No,No,No,Yes,No,No,32,41,32,46,40,43,0.977,5.080,3.424,3.328,12.192,2.024,0.728,3.424,3.200,1.072,1.264,1.664,1.064,1.000,1.000,0.896,1.824,1007,1330,3391,42.0,40.0,38.0,1.250,10.000,37.8,1.260,1.260,1.800,1.800,1.125,4.970,0.875,No,No,No,1.260,1.260,1.800,1.800,1.125,4.970,0.875,No,No,No,51,51,63,100.0,100.0,No,No,14699,23904,31,31,No,No,1299,631,0.0,0.2,0.2,0.008,0.452,16583,38945,0.0,0.0,0.0,0.000,0.000,0,27.9,30.0,30.7,84.0,0.910,12.168,12.161,12.170,12.173,0,0,10.826,5.058,9.374,9.833,3.579,0.466,7.705,4.446,210.0,50.6,1185.0,35.6,1290.0,0.0,47.0,0.0,0.0,10.9,0.0,0.1,0.0,0.0,0.0,0.0,0,0,Yes,No,No,No,No,Yes,No,4.9,7.6,3,0,0,0,0,0,0,0,0,79,0,0,0,0,0,0,0,0,0,0,0,0,0,0,0,0,0,0,0,0,10947,1335,1073,70,2.5,0,0,0,15.0,2.0,62.2,0.5,2.1,494.65,1965.73,16.08,1.69,791.81,793.49,0.00,768,17,0.0,0.0,0,0,0.0,0.0,0,37.2,0.000,
14.10.2025,12:0:46.770,21315,48101,30.7,15776,49544,24.1,0.0,1.262,1.326,1.311,1.228,1.218,1.233,1.273,1.273,1.253,1.253,1.238,1.271,1.271,1.251,4139.9,798.0,4788.3,4788.3,4788.3,4788.3,4888.0,4888.0,4788.3,3790.7,3790.7,3790.7,3790.7,99.8,3591.2,245.1,151.4,26.4,34.0,25.6,34.1,25.2,25.7,25.6,184.8,701.7,29.2,677.5,826.6,28.7,326.6,26.3,206.2,678.0,522.9,346.3,224.1,6.7,3.7,0.8,1.8,3.8,1.8,0.8,1.6,0.8,2.7,15.9,3.1,14.9,18.1,0.1,7.3,0.0,7.0,21.2,16.8,10.8,21.2,6.7,100.0,7.0,4.4,0.8,1.0,0.7,1.0,0.7,0.7,0.7,5.3,20.0,0.9,19.4,23.6,0.9,9.4,0.8,5.8,19.2,14.8,10.0,7.0,41.5,8.0,48.0,48.0,48.0,48.0,49.0,49.0,48.0,38.0,38.0,38.0,38.0,36.0,42,42,40,42,42,42,43,42,43,43,43,43,43,58,58,60,58,58,58,57,58,57,57,57,57,57,44,43,No,No,No,No,No,No,No,No,No,No,No,No,No,No,No,No,No,No,No,No,No,No,No,No,No,No,No,No,No,No,No,No,No,No,No,No,No,No,No,No,No,No,48,48,40,0.000,0.000,0.000,0.000,0.000,0.000,0.000,1.250,26.961,27.028,18.199,7.338,0.490,150.0,175.0,40.000,1.5,6.1,3.4,0.6,0.7,0.5,0.7,0.5,0.5,0.5,3.9,15.7,0.6,14.6,17.9,0.6,7.1,0.6,6.0,20.8,15.8,10.5,16.5,15.9,0.0,0.0,0.0,70.6,45.7,50.0,13.8,0.0,0.6,0.0,1.9,28.5,0.0,0.0,0.0,0.0,0.0,0.0,0.0,0.0,93.7,77.8,83.6,86.6,65.8,79.1,98.4,98.6,98.8,8.1,36.8,29.3,77.0,2793.2,28.00,36,36,36,76,112,447,2,2,Yes,No,No,No,No,No,No,No,No,No,Yes,No,No,No,No,No,No,No,No,No,No,No,No,No,No,No,No,Yes,No,No,No,No,No,No,No,Yes,No,No,32,41,32,48,43,43,1.199,5.080,3.424,3.328,12.192,2.024,0.728,3.424,3.200,1.072,1.264,1.648,1.064,1.000,1.000,0.896,1.824,1024,1345,3366,42.0,40.0,38.0,1.250,23.000,37.8,1.260,1.260,1.800,1.800,1.125,4.970,1.375,No,No,No,1.260,1.260,1.800,1.815,1.125,4.970,0.875,No,No,No,51,51,63,100.0,100.0,No,No,14699,23904,31,31,No,No,1299,631,0.0,0.2,0.2,0.000,1.751,16583,38948,0.0,0.0,0.0,0.000,0.000,0,27.9,30.0,30.7,84.0,0.910,12.167,12.163,12.169,12.171,0,0,10.734,5.574,10.020,10.867,4.187,0.851,7.705,5.392,210.0,50.6,1185.0,36.2,1290.0,0.0,28.0,0.0,0.0,10.9,0.0,0.1,0.0,0.0,0.0,0.0,0,0,Yes,No,No,No,No,Yes,No,5.4,7.4,3,0,0,0,0,0,0,0,0,79,0,0,0,0,0,0,0,0,0,0,0,0,0,0,0,0,0,0,0,0,10947,1335,1073,70,2.5,0,0,0,15.0,2.0,64.3,0.5,2.0,503.66,1934.46,15.54,1.33,667.36,668.79,0.00,768,17,0.1,0.0,0,0,0.0,0.0,0,37.0,0.000,
14.10.2025,12:0:48.758,21314,48102,30.7,15789,49532,24.1,0.0,1.288,1.267,1.292,1.280,1.280,1.280,1.295,1.295,1.295,1.294,1.294,1.290,1.300,1.251,4381.0,4688.5,4788.3,4788.3,4788.3,4788.3,4788.3,4788.3,4788.3,3591.2,3591.2,3591.2,3591.2,99.8,3591.2,369.3,355.9,27.4,250.9,26.3,150.9,26.1,49.8,25.7,29.3,940.7,28.6,582.1,606.6,46.4,223.5,26.4,704.9,1186.1,1065.5,1033.6,293.8,11.3,7.7,1.3,6.1,1.3,3.9,0.0,1.1,0.0,10.4,20.6,0.0,12.6,13.5,10.7,4.9,11.6,22.0,35.8,32.3,31.0,35.8,11.3,100.0,10.6,11.1,0.8,8.5,0.8,4.5,0.8,1.4,0.7,1.0,26.8,0.9,16.7,17.5,1.4,6.6,0.8,19.8,33.4,29.9,29.1,10.6,43.9,47.0,48.0,48.0,48.0,48.0,48.0,48.0,48.0,36.0,36.0,36.0,36.0,36.0,48,51,52,48,42,43,44,43,44,51,51,51,51,52,49,48,52,58,57,56,57,56,49,49,49,49,52,52,No,No,No,No,No,No,No,No,No,No,No,No,No,No,No,No,No,No,No,No,No,No,No,No,No,No,No,No,No,No,No,No,No,No,No,No,No,No,No,No,No,No,48,48,40,0.000,0.000,0.000,0.000,0.000,0.000,0.000,1.250,39.649,30.931,21.978,7.446,0.501,150.0,175.0,56.000,0.1,9.7,7.9,0.6,5.4,0.6,3.2,0.6,1.1,0.5,0.6,20.6,0.6,12.6,13.5,1.0,4.9,0.6,21.3,35.1,31.6,30.9,18.6,33.8,6.9,3.4,0.0,62.7,33.6,64.0,12.7,0.1,1.1,0.0,4.5,22.7,0.0,0.0,0.0,0.0,0.0,0.0,0.0,0.0,78.1,62.9,67.7,63.5,61.8,55.3,84.8,92.0,98.0,14.1,51.2,19.4,79.8,2793.2,28.00,36,36,36,76,112,447,2,2,Yes,No,No,No,No,No,No,No,No,No,Yes,No,No,No,No,No,No,No,No,No,No,No,No,No,No,No,No,Yes,No,No,No,No,No,No,No,Yes,No,No,32,41,32,50,43,43,1.208,5.080,3.424,3.328,12.192,2.024,0.728,3.424,3.200,1.072,1.264,1.664,1.064,1.000,1.000,0.896,1.824,1025,1373,3400,42.0,40.0,38.0,1.300,21.000,37.8,1.260,1.260,1.800,1.800,1.125,4.970,0.875,No,No,No,1.260,1.260,1.800,1.800,1.140,4.970,1.250,No,No,No,51,51,64,100.0,100.0,No,No,14699,23904,31,31,No,No,1299,631,1.3,1.6,2.9,0.530,9.655,16584,38967,0.0,0.0,0.0,0.000,0.000,0,27.9,30.0,30.7,84.0,0.910,12.169,12.163,12.170,12.173,0,0,10.529,5.155,9.273,10.004,3.822,0.734,7.710,4.544,210.0,50.6,1185.0,35.9,1290.0,0.0,49.0,0.0,0.0,10.9,0.0,0.1,0.0,0.0,0.0,0.0,0,0,Yes,No,No,No,No,Yes,No,5.0,7.4,3,0,0,0,0,0,0,0,0,79,0,0,0,0,0,0,0,0,0,0,0,0,0,0,0,0,0,0,0,0,10947,1335,1073,70,2.5,0,0,0,15.0,2.1,104.9,60.5,2.0,487.60,16.54,9.53,1.25,11.90,13.04,0.00,768,17,0.1,0.1,0,0,0.0,0.0,0,37.0,0.000,
14.10.2025,12:0:50.769,21320,48096,30.7,15794,49526,24.1,0.0,1.287,1.302,1.303,1.303,1.296,1.256,1.296,1.281,1.296,1.291,1.276,1.276,1.272,1.251,4397.6,4688.5,4788.3,4788.3,4788.3,4788.3,4788.3,4788.3,4788.3,3591.2,3591.2,3591.2,3790.7,99.8,3591.2,584.3,421.0,28.2,286.3,27.0,206.2,26.2,62.9,25.7,28.6,651.1,26.0,221.1,658.3,31.8,164.2,26.3,1831.5,2559.0,2274.8,2128.8,404.5,17.4,9.6,0.0,6.2,2.8,4.4,2.0,0.0,2.8,0.0,14.4,3.5,5.3,14.6,5.0,3.7,4.9,56.4,77.3,69.3,64.9,77.3,17.4,100.0,16.7,13.2,0.9,9.4,0.8,7.1,0.8,2.1,0.7,0.9,18.9,0.8,6.5,18.9,1.0,4.8,0.8,51.6,72.1,64.0,59.8,16.7,44.1,47.0,48.0,48.0,48.0,48.0,48.0,48.0,48.0,36.0,36.0,36.0,38.0,36.0,48,45,50,57,44,47,41,46,44,52,52,52,52,52,55,50,43,56,53,59,54,56,48,48,48,48,57,57,No,No,No,No,No,No,No,No,No,No,No,No,No,No,No,No,No,No,No,No,No,No,No,No,No,No,No,No,No,No,No,No,No,No,No,No,No,No,No,No,No,No,48,48,40,0.000,0.000,0.000,0.000,0.000,0.000,0.000,1.250,39.649,36.481,27.211,7.745,0.523,150.0,175.0,48.000,0.0,16.5,9.9,0.6,6.2,0.6,4.5,0.6,1.4,0.5,0.6,14.5,0.6,5.4,14.6,0.7,3.7,0.6,55.9,76.6,68.8,64.4,19.9,71.9,9.6,2.5,3.8,46.7,35.4,63.9,5.0,0.0,0.0,0.0,0.1,10.9,0.0,0.0,0.0,0.0,0.0,0.0,1.2,0.0,43.2,22.1,30.1,34.4,59.9,14.9,81.1,90.4,93.6,35.7,56.3,17.8,89.3,2793.2,28.00,36,36,36,76,112,447,2,2,Yes,No,No,No,No,No,No,No,No,No,Yes,No,No,No,No,No,No,No,No,No,No,No,No,No,No,No,No,Yes,No,No,No,No,No,No,No,Yes,No,No,32,41,32,49,42,44,1.181,5.040,3.424,3.328,12.192,2.024,0.728,3.424,3.200,1.072,1.264,1.664,1.064,1.000,1.000,0.896,1.824,1079,1427,3400,43.0,40.0,38.0,1.290,22.000,37.8,1.260,1.260,1.800,1.800,1.125,5.040,1.125,No,No,No,1.260,1.260,1.800,1.800,1.125,5.040,0.750,No,No,No,51,51,65,100.0,100.0,No,No,14699,23904,31,31,No,No,1299,631,2.2,2.0,4.1,0.787,16.849,16586,38999,0.0,0.0,0.0,0.000,0.000,0,27.9,30.0,30.8,84.0,0.910,12.166,12.161,12.168,12.170,0,0,11.190,5.622,9.722,10.963,4.478,1.241,7.757,5.194,210.0,50.6,1185.0,35.7,1290.0,0.0,12.0,0.0,0.0,10.9,0.0,0.1,0.0,0.0,0.0,0.0,0,0,Yes,No,No,No,No,Yes,No,5.5,7.5,3,0,0,0,0,0,0,0,0,79,0,0,0,0,0,0,0,0,0,0,0,0,0,0,0,0,0,0,0,0,10947,1335,1073,69,2.5,0,0,0,15.0,1.9,109.7,0.5,2.0,519.53,1983.41,9.12,1.30,990.43,991.76,0.00,768,17,0.2,0.2,0,0,0.0,0.0,0,37.0,0.000,
14.10.2025,12:0:52.768,21322,48095,30.7,15790,49530,24.1,0.0,1.295,1.317,1.324,1.339,1.303,1.288,1.298,1.298,1.303,1.261,1.257,1.277,1.277,1.251,4464.1,4788.3,4888.0,4888.0,4888.0,4788.3,4788.3,4788.3,4788.3,3591.2,3790.7,3790.7,3790.7,99.8,3591.2,504.3,401.0,27.0,358.6,26.2,164.1,25.9,46.5,25.6,324.1,579.0,51.9,255.9,579.1,27.5,410.2,26.0,1236.6,1874.7,1907.4,1737.9,357.8,13.7,9.0,5.2,7.8,0.0,3.0,0.0,2.8,0.0,20.6,2.9,0.6,0.0,13.1,0.0,9.5,0.0,37.1,55.1,56.4,51.7,56.4,13.7,100.0,14.6,13.5,0.8,12.8,0.8,5.4,0.7,1.5,0.7,9.3,17.1,1.5,7.7,16.6,0.9,11.7,0.8,34.7,52.5,53.6,49.0,14.6,44.8,48.0,49.0,49.0,49.0,48.0,48.0,48.0,48.0,36.0,38.0,38.0,38.0,36.0,48,52,53,48,44,43,43,46,44,49,50,50,50,52,48,47,52,56,57,57,54,56,51,50,50,50,53,53,No,No,No,No,No,No,No,No,No,No,No,No,No,No,No,No,No,No,No,No,No,No,No,No,No,No,No,No,No,No,No,No,No,No,No,No,No,No,No,No,No,No,47,47,40,0.000,0.000,0.000,0.000,0.000,0.000,0.000,1.250,28.547,35.886,26.786,7.593,0.506,150.0,175.0,40.000,0.0,13.6,9.0,0.6,7.7,0.5,3.6,0.5,1.1,0.5,6.9,12.6,1.1,5.8,13.0,0.6,9.4,0.6,36.8,54.7,55.9,51.1,19.5,42.0,8.3,6.5,2.3,37.2,28.5,61.6,46.9,0.4,0.4,0.0,0.6,16.9,0.0,0.0,0.0,0.0,2.7,0.0,0.0,2.9,62.1,44.0,43.2,47.3,58.7,44.3,79.4,88.0,95.6,37.8,62.5,22.9,38.8,2793.2,28.00,36,36,36,76,112,447,2,2,Yes,No,No,No,No,No,No,No,No,No,Yes,No,No,No,No,No,No,No,No,No,No,No,No,No,No,No,No,Yes,No,No,No,No,No,No,No,Yes,No,No,32,41,32,48,38,43,1.217,5.080,3.424,3.328,12.192,2.024,0.728,3.424,3.200,1.072,1.264,1.664,1.064,1.000,1.000,0.896,1.824,1089,1424,3417,43.0,40.0,38.0,1.280,24.000,37.8,1.260,1.260,1.800,1.800,1.125,5.040,0.875,No,No,No,1.260,1.260,1.800,1.800,1.125,5.040,0.750,No,No,No,52,52,64,100.0,100.0,No,No,14699,23904,31,31,No,No,1299,631,1.2,2.1,3.3,0.942,18.460,16588,39034,0.0,0.0,0.0,0.000,0.000,0,27.9,32.0,30.9,84.0,0.910,12.169,12.163,12.171,12.173,0,0,10.605,6.322,11.132,12.025,4.601,0.898,7.744,7.857,210.0,50.6,1185.0,34.5,1290.0,0.0,42.0,0.0,0.0,10.9,0.0,0.1,0.0,0.0,0.0,0.0,0,0,Yes,No,No,No,No,Yes,No,6.0,7.4,3,0,0,0,0,0,0,0,0,79,0,0,0,0,0,0,0,0,0,0,0,0,0,0,0,0,0,0,0,0,10947,1335,1073,69,2.5,0,0,0,15.0,2.0,61.2,58.7,1.9,503.07,17.02,16.34,1.25,15.52,16.68,0.00,768,17,0.2,0.2,0,0,0.0,0.0,0,37.0,0.000,
14.10.2025,12:0:54.761,21317,48099,30.7,15783,49538,24.1,0.0,1.305,1.324,1.318,1.293,1.318,1.338,1.297,1.302,1.281,1.297,1.297,1.297,1.297,1.251,4081.7,4788.3,4888.0,4788.3,4688.5,4888.0,4888.0,4888.0,798.0,3591.2,3591.2,3591.2,3591.2,99.8,3591.2,443.4,392.0,27.3,338.8,25.9,167.5,25.8,35.8,25.8,810.2,28.9,30.9,25.9,577.7,28.0,208.3,25.7,1194.9,1011.5,1978.7,1907.5,276.7,13.3,9.2,0.0,7.4,8.5,4.6,1.5,0.0,3.7,17.6,0.0,1.6,12.3,12.7,0.0,5.2,0.0,36.4,29.3,59.3,57.2,59.3,13.3,100.0,12.7,12.6,0.8,11.5,0.8,5.0,0.7,1.1,0.7,23.0,0.9,0.9,0.7,16.6,0.9,6.0,0.7,33.8,28.8,55.6,53.7,12.7,40.9,48.0,49.0,48.0,47.0,49.0,49.0,49.0,8.0,36.0,36.0,36.0,36.0,36.0,45,43,41,45,42,43,43,43,44,48,48,48,48,55,57,59,55,58,57,57,57,56,52,52,52,52,48,48,No,No,No,No,No,No,No,No,No,No,No,No,No,No,No,No,No,No,No,No,No,No,No,No,No,No,No,No,No,No,No,No,No,No,No,No,No,No,No,No,No,No,56,56,40,0.000,0.000,0.000,0.000,0.000,0.000,0.000,1.250,34.891,32.896,23.811,7.576,0.505,150.0,175.0,56.000,0.0,12.1,9.4,0.6,7.3,0.6,3.7,0.6,0.9,0.5,17.5,0.6,0.7,0.6,12.6,0.6,5.1,0.5,35.9,29.8,58.8,56.8,15.4,72.6,5.6,7.1,1.4,31.8,0.0,24.3,41.1,0.0,0.0,0.0,0.4,18.2,0.0,0.0,0.0,0.0,3.1,0.0,0.0,0.0,63.4,69.6,40.3,41.8,66.9,14.4,83.1,86.9,96.5,44.6,98.3,59.7,51.9,2793.2,28.00,36,36,36,76,112,447,2,2,Yes,No,No,No,No,No,No,No,No,No,Yes,No,No,No,No,No,No,No,No,No,No,No,No,No,No,No,No,Yes,No,No,No,No,No,No,No,Yes,No,No,32,41,32,48,40,44,1.199,5.040,3.424,3.328,12.192,2.024,0.728,3.424,3.200,1.072,1.264,1.664,1.064,1.000,1.000,0.896,1.824,1083,1431,3470,43.0,40.0,38.0,1.235,18.000,37.8,1.260,1.260,1.800,1.800,1.125,5.040,1.000,No,No,No,1.260,1.260,1.800,1.800,1.125,5.040,1.000,No,No,No,52,52,65,100.0,100.0,No,No,14699,23904,31,31,No,No,1299,631,0.0,1.5,1.6,0.046,11.770,16588,39057,0.0,0.0,0.0,0.000,0.000,0,27.9,30.0,30.8,84.0,0.910,12.168,12.162,12.170,12.173,0,0,11.354,5.148,9.096,9.675,3.615,0.588,8.832,4.227,210.0,50.6,1185.0,34.2,1290.0,0.0,36.0,0.0,0.0,10.9,0.0,0.1,0.0,0.0,0.0,0.0,0,0,Yes,No,No,No,No,Yes,No,5.5,7.5,3,0,0,0,0,0,0,0,0,79,0,0,0,0,0,0,0,0,0,0,0,0,0,0,0,0,0,0,0,0,10947,1335,1073,69,2.5,0,0,0,15.0,1.8,18.2,0.5,1.9,542.97,1983.77,54.92,1.51,1321.14,1322.64,0.00,768,17,3.1,1.9,0,0,0.0,0.0,0,37.0,0.000,
14.10.2025,12:0:56.768,21317,48099,30.7,15783,49537,24.1,0.0,1.301,1.320,1.296,1.276,1.326,1.296,1.326,1.318,1.273,1.292,1.297,1.267,1.327,1.251,4106.6,4788.3,4888.0,4888.0,4888.0,4888.0,4888.0,4888.0,798.0,3591.2,3591.2,3591.2,3591.2,99.8,3591.2,407.2,232.9,26.1,158.0,25.8,138.2,25.8,72.4,25.6,712.9,41.5,84.5,26.2,485.0,27.8,428.0,26.3,1094.3,775.1,1833.8,1904.2,244.8,12.6,5.1,1.4,2.9,0.0,0.9,3.6,4.6,2.1,15.0,11.8,2.6,0.6,10.1,11.0,8.9,0.0,32.7,24.0,56.1,58.3,58.3,12.6,100.0,11.6,7.0,0.8,4.9,0.7,4.2,0.7,2.1,0.7,20.3,1.3,2.4,0.8,14.2,0.9,12.2,0.8,30.9,21.9,51.6,53.5,11.6,41.2,48.0,49.0,49.0,49.0,49.0,49.0,49.0,8.0,36.0,36.0,36.0,36.0,36.0,45,43,41,43,42,40,43,42,44,50,50,50,50,55,57,59,57,58,60,57,58,56,50,50,50,50,50,50,No,No,No,No,No,No,No,No,No,No,No,No,No,No,No,No,No,No,No,No,No,No,No,No,No,No,No,No,No,No,No,No,No,No,No,No,No,No,No,No,No,No,52,52,40,0.000,0.000,0.000,0.000,0.000,0.000,0.000,1.250,33.305,31.429,22.421,7.507,0.498,150.0,175.0,48.000,0.0,11.4,6.0,0.6,3.6,0.5,3.1,0.5,1.6,0.5,15.7,0.9,1.8,0.6,10.7,0.6,9.6,0.6,33.4,23.1,56.0,58.3,17.4,66.6,9.6,9.0,3.1,48.8,0.9,31.7,35.6,0.0,0.0,0.9,2.6,18.7,0.0,0.0,0.0,0.0,1.3,0.0,0.0,0.6,65.9,76.2,42.1,38.2,65.5,25.1,84.6,86.0,94.2,31.4,96.4,54.2,52.0,2793.2,28.00,36,36,36,76,112,447,2,2,Yes,No,No,No,No,No,No,No,No,No,Yes,No,No,No,No,No,No,No,No,No,No,No,No,No,No,No,No,Yes,No,No,No,No,No,No,No,Yes,No,No,32,41,32,48,40,43,1.270,5.080,3.424,3.328,12.192,2.024,0.728,3.424,3.200,1.072,1.264,1.648,1.064,1.000,1.000,0.896,1.824,1079,1422,3435,43.0,40.0,37.0,1.255,12.000,37.8,1.260,1.260,1.800,1.800,1.125,5.040,0.750,No,No,No,1.260,1.260,1.800,1.800,1.125,5.040,1.000,No,No,No,52,52,65,100.0,100.0,No,No,14699,23904,31,31,No,No,1299,631,0.1,1.2,1.3,0.121,11.726,16588,39079,0.0,0.0,0.0,0.000,0.000,0,27.9,30.0,30.7,84.0,0.910,12.167,12.160,12.169,12.172,0,0,10.546,5.026,9.099,9.686,3.627,0.595,7.709,4.463,210.0,50.6,1185.0,35.9,1290.0,0.0,18.0,0.0,0.0,10.9,0.0,0.1,0.0,0.0,0.0,0.0,0,0,Yes,No,No,No,No,Yes,No,4.8,7.4,3,0,0,0,0,0,0,0,0,79,0,0,0,0,0,0,0,0,0,0,0,0,0,0,0,0,0,0,0,0,10947,1335,1073,69,2.5,0,0,0,15.0,1.8,65.1,0.5,1.8,549.51,1928.35,15.35,1.32,665.09,666.47,0.00,768,17,5.0,4.3,0,0,0.0,0.0,0,37.0,0.000,
14.10.2025,12:0:58.766,21319,48098,30.7,15789,49531,24.1,0.0,1.273,1.297,1.302,1.287,1.272,1.272,1.272,1.272,1.292,1.267,1.275,1.275,1.200,1.251,4522.3,4888.0,4888.0,4888.0,4888.0,4888.0,4888.0,4888.0,4888.0,3790.7,3790.7,3790.7,3790.7,99.8,3591.2,406.1,326.9,26.7,317.2,25.9,91.6,25.4,49.6,25.8,727.8,28.4,34.5,25.5,481.2,28.0,440.0,25.4,1094.6,832.0,1790.4,1724.8,255.9,13.3,8.3,1.1,7.4,12.0,4.1,8.2,0.9,7.6,16.6,0.0,0.0,0.0,11.1,0.0,10.1,10.8,34.9,25.5,55.0,52.8,55.0,13.3,100.0,11.5,9.5,0.8,9.2,0.8,2.8,0.7,1.5,0.7,20.7,0.9,1.0,0.7,13.9,0.9,12.5,0.7,30.9,23.6,50.4,48.5,11.5,45.3,49.0,49.0,49.0,49.0,49.0,49.0,49.0,49.0,38.0,38.0,38.0,38.0,36.0,44,43,39,44,42,42,43,43,43,47,47,47,47,56,57,61,56,58,58,57,57,57,53,53,53,53,46,47,No,No,No,No,No,No,No,No,No,No,No,No,No,No,No,No,No,No,No,No,No,No,No,No,No,No,No,No,No,No,No,No,No,No,No,No,No,No,No,No,No,No,47,47,40,0.000,0.000,0.000,0.000,0.000,0.000,0.000,1.250,22.203,31.885,22.868,7.515,0.498,150.0,175.0,32.000,0.0,11.2,7.9,0.6,6.9,0.5,2.1,0.5,1.1,0.5,16.2,0.6,0.8,0.5,10.6,0.6,9.7,0.5,33.6,24.7,54.3,52.2,17.4,57.3,8.5,5.5,2.5,74.7,1.4,35.2,21.4,0.5,0.0,0.0,1.4,19.2,0.0,0.0,0.0,0.0,0.0,0.0,0.0,0.0,65.2,74.7,44.8,45.4,65.3,32.3,82.3,91.0,95.3,7.0,97.1,51.0,66.8,2793.2,28.00,36,36,36,76,112,447,2,2,Yes,No,No,No,No,No,No,No,No,No,Yes,No,No,No,No,No,No,No,No,No,No,No,No,No,No,No,No,Yes,No,No,No,No,No,No,No,Yes,No,No,32,41,32,50,43,43,1.181,5.080,3.424,3.328,12.192,2.024,0.728,3.424,3.200,1.072,1.264,1.648,1.064,1.000,1.000,0.896,1.824,1080,1430,3333,43.0,40.0,37.0,1.255,14.000,37.5,1.260,1.260,1.800,1.800,1.125,5.040,0.750,No,No,No,1.260,1.260,1.800,1.815,1.125,5.040,1.500,No,No,No,52,52,65,100.0,100.0,No,No,14699,23904,31,31,No,No,1299,631,0.0,0.9,0.9,0.000,14.247,16588,39106,0.0,0.0,0.0,0.000,0.000,0,28.0,30.0,30.8,84.0,0.910,12.168,12.163,12.170,12.172,0,0,11.401,5.665,9.636,10.929,4.504,1.296,8.876,4.413,210.0,50.6,1185.0,42.4,1290.0,0.0,49.0,0.0,0.0,10.9,0.0,0.1,0.0,0.0,0.0,0.0,0,0,Yes,No,No,No,No,Yes,No,5.2,7.5,3,0,0,0,0,0,0,0,0,79,0,0,0,0,0,0,0,0,0,0,0,0,0,0,0,0,0,0,0,0,10947,1335,1073,69,2.5,0,0,0,15.0,1.8,64.2,0.5,1.8,555.74,1927.94,15.58,1.20,665.36,666.55,0.00,768,17,0.1,0.1,0,0,0.0,0.0,0,37.0,0.000,
14.10.2025,12:1:0.760,21318,48098,30.7,15788,49532,24.1,0.0,1.288,1.302,1.290,1.290,1.290,1.281,1.302,1.266,1.302,1.292,1.292,1.276,1.276,1.251,3840.6,4888.0,4888.0,798.0,798.0,4888.0,4888.0,4888.0,4888.0,3790.7,3790.7,3790.7,3790.7,99.8,3591.2,435.1,285.3,26.6,199.0,26.0,157.7,26.0,59.2,25.8,802.3,28.5,31.0,25.6,882.9,29.3,535.4,26.1,920.7,941.5,1926.3,1747.2,279.4,11.7,6.4,5.3,4.0,0.0,1.6,0.0,0.1,2.4,17.1,0.0,0.2,1.6,18.5,0.0,11.4,0.0,27.9,26.8,57.3,52.8,57.3,11.7,100.0,12.4,8.6,0.8,6.0,0.8,4.7,0.7,1.7,0.7,23.0,0.9,0.9,0.7,25.2,1.0,15.2,0.8,26.0,26.5,54.1,49.2,12.4,38.5,49.0,49.0,8.0,8.0,49.0,49.0,49.0,49.0,38.0,38.0,38.0,38.0,36.0,44,43,40,45,41,40,43,42,44,48,48,48,48,56,57,60,55,59,60,57,58,56,52,52,52,52,47,48,No,No,No,No,No,No,No,No,No,No,No,No,No,No,No,No,No,No,No,No,No,No,No,No,No,No,No,No,No,No,No,No,No,No,No,No,No,No,No,No,No,No,47,47,40,0.000,0.000,0.000,0.000,0.000,0.000,0.000,1.250,22.203,33.383,24.331,7.550,0.502,150.0,175.0,24.000,0.0,11.8,6.9,0.6,4.5,0.6,3.6,0.5,1.3,0.5,17.5,0.6,0.7,0.5,18.9,0.6,12.0,0.6,28.0,27.5,57.2,52.6,17.1,55.9,12.7,7.4,0.6,52.5,1.1,30.2,43.8,0.0,0.0,0.0,0.9,19.3,0.0,0.0,0.0,0.0,0.0,0.0,0.4,0.0,71.3,72.0,41.9,45.5,64.1,34.3,80.4,86.8,96.9,27.2,97.3,47.4,42.2,2793.2,28.00,36,36,36,76,112,447,2,2,Yes,No,No,No,No,No,No,No,No,No,Yes,No,No,No,No,No,No,No,No,No,No,No,No,No,No,No,No,Yes,No,No,No,No,No,No,No,Yes,No,No,32,41,32,48,39,44,1.199,5.080,3.424,3.328,12.192,2.024,0.728,3.424,3.200,1.072,1.264,1.664,1.064,1.000,1.000,0.896,1.824,1075,1410,3349,43.0,40.0,37.0,1.240,12.000,37.5,1.260,1.260,1.800,1.800,1.125,5.040,0.750,No,No,No,1.260,1.260,1.800,1.800,1.170,5.040,0.875,No,No,No,52,52,65,100.0,100.0,No,No,14699,23904,31,31,No,No,1299,631,1.6,2.4,4.0,1.432,24.744,16591,39154,0.0,0.0,0.0,0.000,0.000,0,28.0,32.0,30.9,84.0,0.910,12.168,12.164,12.171,12.174,0,0,10.910,5.665,10.549,10.978,3.944,0.438,7.725,7.829,210.0,50.6,1185.0,35.7,1290.0,0.0,3.0,0.0,0.0,10.9,0.0,0.1,0.0,0.0,0.0,0.0,0,0,Yes,No,No,No,No,Yes,No,5.2,7.5,3,0,0,0,0,0,0,0,0,79,0,0,0,0,0,0,0,0,0,0,0,0,0,0,0,0,0,0,0,0,10947,1335,1073,69,2.5,0,0,0,15.0,1.9,60.1,0.6,1.9,535.67,1582.83,16.63,1.35,332.01,333.37,0.00,768,17,0.4,0.2,0,0,0.0,0.0,0,37.0,0.000,
14.10.2025,12:1:2.765,21328,48089,30.7,15797,49523,24.1,0.0,1.298,1.340,1.345,1.329,1.289,1.279,1.289,1.289,1.269,1.289,1.284,1.289,1.284,1.251,4139.9,4788.3,4888.0,4888.0,4888.0,4888.0,4888.0,4888.0,798.0,3591.2,3790.7,3591.2,3790.7,99.8,3591.2,406.2,228.7,27.6,181.8,26.0,151.8,25.7,52.6,25.7,812.7,29.2,43.1,26.0,550.1,27.6,364.9,25.9,910.5,951.4,1834.7,1826.9,247.9,11.3,5.8,0.0,4.3,0.0,3.5,0.0,0.5,0.0,17.6,0.0,1.8,0.0,12.3,1.5,8.4,0.0,28.4,28.6,55.7,57.0,57.0,11.3,100.0,11.5,6.9,0.8,5.5,0.8,4.5,0.7,1.5,0.7,23.1,0.9,1.2,0.7,15.8,0.8,10.4,0.8,25.8,26.8,51.6,51.3,11.5,41.5,48.0,49.0,49.0,49.0,49.0,49.0,49.0,8.0,36.0,38.0,36.0,38.0,36.0,45,42,40,45,42,42,43,44,45,49,49,49,49,55,58,60,55,58,58,57,56,55,51,51,51,51,49,49,No,No,No,No,No,No,No,No,No,No,No,No,No,No,No,No,No,No,No,No,No,No,No,No,No,No,No,No,No,No,No,No,No,No,No,No,No,No,No,No,No,No,49,49,40,0.000,0.000,0.000,0.000,0.000,0.000,0.000,1.250,36.477,31.473,22.469,7.502,0.498,150.0,175.0,48.000,0.0,11.3,5.7,0.6,4.1,0.5,3.4,0.5,1.2,0.5,17.4,0.6,0.9,0.5,12.2,0.6,8.4,0.5,28.0,28.3,55.2,56.6,16.7,60.9,8.1,9.5,3.0,28.9,0.0,42.6,45.8,0.0,0.0,0.0,1.6,19.0,0.0,0.0,0.0,0.0,0.0,0.0,0.3,0.0,71.2,71.1,44.0,40.9,66.3,30.8,85.5,85.1,94.7,50.8,98.3,41.9,43.5,2793.2,28.00,36,36,36,76,112,447,2,2,Yes,No,No,No,No,No,No,No,No,No,Yes,No,No,No,No,No,No,No,No,No,No,No,No,No,No,No,No,Yes,No,No,No,No,No,No,No,Yes,No,No,32,41,32,51,44,43,1.261,5.080,3.424,3.328,12.192,2.024,0.728,3.424,3.200,1.072,1.264,1.648,1.064,1.000,1.000,0.896,1.824,1059,1403,3375,44.0,40.0,37.0,1.260,14.000,37.5,1.260,1.260,1.800,1.800,1.110,5.040,1.000,No,No,No,1.260,1.260,1.800,1.800,1.110,5.040,0.750,No,No,No,52,52,66,100.0,100.0,No,No,14699,23904,31,31,No,No,1299,631,0.0,0.7,0.7,0.000,10.795,16591,39175,0.0,0.0,0.0,0.000,0.000,0,28.0,30.0,30.9,84.0,0.910,12.170,12.159,12.168,12.171,0,0,11.200,5.923,8.889,9.613,3.688,0.726,7.794,4.485,210.0,50.6,1185.0,35.4,1290.0,0.0,33.0,0.0,0.0,10.9,0.0,0.1,0.0,0.0,0.0,0.0,0,0,Yes,No,No,No,No,Yes,No,5.5,6.6,3,0,0,0,0,0,0,0,0,79,0,0,0,0,0,0,0,0,0,0,0,0,0,0,0,0,0,0,0,0,10947,1335,1073,69,2.5,0,0,0,15.0,1.9,143.8,0.8,1.9,524.99,1288.72,6.96,1.42,398.51,399.93,0.00,768,17,0.2,0.1,0,0,0.0,0.0,0,37.0,0.000,
14.10.2025,12:1:4.769,21325,48091,30.7,15795,49526,24.1,0.0,1.310,1.326,1.311,1.336,1.331,1.305,1.280,1.295,1.310,1.295,1.320,1.305,1.310,1.251,4480.7,4788.3,4888.0,4888.0,4888.0,4888.0,4888.0,4888.0,4888.0,3790.7,3591.2,3591.2,3790.7,99.8,3591.2,581.9,600.4,29.7,506.3,26.7,301.9,27.5,187.5,26.8,1383.5,223.1,318.9,42.4,1283.0,66.7,658.6,29.4,1039.6,951.1,1887.3,2048.2,428.0,16.9,13.8,3.3,11.4,6.1,7.9,4.0,6.8,1.0,30.0,4.4,7.3,9.1,28.0,12.0,15.3,4.7,30.7,28.3,54.3,59.3,59.3,16.9,100.0,16.7,19.0,0.9,16.3,0.8,8.8,0.8,5.4,0.8,39.5,6.7,9.2,1.3,36.6,2.3,18.8,1.0,29.3,26.9,53.0,57.5,16.7,44.9,48.0,49.0,49.0,49.0,49.0,49.0,49.0,49.0,38.0,36.0,36.0,38.0,36.0,44,43,40,45,43,41,44,41,44,48,48,48,48,56,57,60,55,57,59,56,59,56,52,52,52,52,48,48,No,No,No,No,No,No,No,No,No,No,No,No,No,No,No,No,No,No,No,No,No,No,No,No,No,No,No,No,No,No,No,No,No,No,No,No,No,No,No,No,No,No,60,60,40,0.000,0.000,0.000,0.000,0.000,0.000,0.000,1.250,55.509,42.940,33.766,7.656,0.513,150.0,175.0,72.000,0.0,14.7,13.4,0.7,11.0,0.6,6.8,0.6,4.2,0.6,29.5,4.7,6.8,0.9,27.4,1.4,15.1,0.6,30.2,27.1,53.8,58.8,22.1,55.8,17.9,29.0,7.8,34.6,1.7,37.3,79.2,0.0,0.0,0.8,0.7,19.5,0.0,0.0,0.0,0.0,6.0,0.0,1.5,1.2,69.0,72.2,44.5,39.6,48.6,26.3,66.5,62.0,86.3,24.2,89.7,30.9,2.5,2793.2,28.00,36,36,36,76,112,447,2,2,Yes,No,No,No,No,No,No,No,No,No,Yes,No,No,No,No,No,No,No,No,No,No,No,No,No,No,No,No,Yes,No,No,No,No,No,No,No,Yes,No,No,32,41,32,49,39,43,1.163,5.080,3.424,3.328,12.192,2.024,0.728,3.424,3.200,1.072,1.264,1.664,1.064,1.000,1.000,0.896,1.824,1052,1413,3452,44.0,40.0,37.0,1.290,21.000,37.5,1.260,1.260,1.800,1.800,1.110,5.040,0.750,No,No,No,1.245,1.260,1.800,1.800,1.110,5.040,0.750,No,No,No,52,52,64,100.0,100.0,No,No,14699,23904,31,31,No,No,1299,631,0.0,0.8,0.9,0.012,11.965,16591,39197,0.0,0.0,0.0,0.000,0.000,0,28.0,30.0,30.8,84.0,0.910,12.166,12.159,12.166,12.169,0,0,10.593,5.028,9.738,10.682,4.198,0.952,7.822,4.258,210.0,50.6,1185.0,35.0,1290.0,0.0,12.0,0.0,0.0,10.9,0.0,0.1,0.0,0.0,0.0,0.0,0,0,Yes,No,No,No,No,Yes,No,4.8,7.4,3,0,0,0,0,0,0,0,0,79,0,0,0,0,0,0,0,0,0,0,0,0,0,0,0,0,0,0,0,0,10947,1335,1073,69,2.5,0,0,0,15.0,1.9,61.2,0.5,1.9,532.42,1928.01,16.33,1.21,665.54,666.76,0.00,768,17,0.0,0.0,0,0,0.0,0.0,0,37.0,0.000,
14.10.2025,12:1:6.765,21330,48086,30.7,15800,49520,24.1,0.0,1.283,1.284,1.275,1.290,1.260,1.275,1.275,1.275,1.290,1.302,1.289,1.280,1.296,1.251,4098.3,4688.5,4788.3,4788.3,4788.3,4788.3,4788.3,4788.3,798.0,3591.2,3790.7,3790.7,3790.7,99.8,3591.2,405.5,344.2,27.7,242.7,25.8,120.4,25.8,77.0,25.5,809.8,28.8,28.4,25.4,433.3,27.1,370.3,26.1,1094.0,969.1,1746.7,1662.8,261.2,11.4,7.6,0.0,4.6,1.4,2.8,1.4,1.8,2.2,16.9,5.1,0.0,0.6,9.0,0.0,7.5,0.0,33.9,28.9,53.2,51.5,53.2,11.4,100.0,11.6,10.7,0.8,8.1,0.7,3.6,0.7,2.2,0.7,23.1,0.9,0.8,0.7,12.7,0.8,10.5,0.8,30.8,27.2,48.9,46.8,11.6,41.1,47.0,48.0,48.0,48.0,48.0,48.0,48.0,8.0,36.0,38.0,38.0,38.0,36.0,45,43,41,43,42,43,44,43,44,48,50,50,50,55,57,59,57,58,57,56,57,56,52,50,50,50,48,50,No,No,No,No,No,No,No,No,No,No,No,No,No,No,No,No,No,No,No,No,No,No,No,No,No,No,No,No,No,No,No,No,No,No,No,No,No,No,No,No,No,No,47,47,40,0.000,0.000,0.000,0.000,0.000,0.000,0.000,1.250,28.547,31.736,22.743,7.496,0.494,150.0,175.0,40.000,0.0,11.3,8.5,0.6,5.3,0.5,2.7,0.5,1.7,0.5,17.4,0.6,0.6,0.5,9.6,0.6,8.1,0.5,34.0,29.3,53.3,51.4,14.7,83.8,8.1,7.9,2.0,32.1,0.0,31.4,9.6,0.0,0.0,0.0,1.2,19.3,0.0,0.0,0.0,0.0,0.0,0.0,0.8,3.0,65.3,70.1,45.9,46.6,68.7,4.6,83.4,87.6,95.4,47.3,98.7,55.0,77.3,2793.2,28.00,36,36,36,76,112,447,2,2,Yes,No,No,No,No,No,No,No,No,No,Yes,No,No,No,No,No,No,No,No,No,No,No,No,No,No,No,No,Yes,No,No,No,No,No,No,No,Yes,No,No,32,41,32,49,41,44,1.217,5.080,3.424,3.328,12.192,2.024,0.728,3.424,3.200,1.072,1.264,1.648,1.064,1.000,1.000,0.896,1.824,1078,1416,3443,43.0,40.0,37.0,1.305,40.000,37.5,1.260,1.260,1.800,1.800,1.110,5.040,1.250,No,No,No,1.260,1.260,1.800,1.800,1.110,5.040,1.000,No,No,No,52,52,63,100.0,100.0,No,No,14699,23904,31,31,No,No,1299,631,0.0,0.4,0.4,0.000,6.225,16591,39209,0.0,0.0,0.0,0.000,0.000,0,28.0,30.0,30.8,84.0,0.910,12.165,12.159,12.166,12.169,0,0,10.593,5.379,9.738,10.682,4.198,0.952,7.822,4.258,210.0,50.6,1185.0,35.0,1290.0,0.0,12.0,0.0,0.0,10.9,0.0,0.1,0.0,0.0,0.0,0.0,0,0,Yes,No,No,No,No,Yes,No,5.3,7.5,3,0,0,0,0,0,0,0,0,79,0,0,0,0,0,0,0,0,0,0,0,0,0,0,0,0,0,0,0,0,10947,1335,1073,69,2.5,0,0,0,15.0,1.9,61.3,0.5,1.9,539.51,1929.45,16.31,1.28,665.97,667.23,0.00,768,17,0.2,0.2,0,0,0.0,0.0,0,37.0,0.000,
14.10.2025,12:1:8.768,21331,48085,30.7,15797,49523,24.1,0.0,1.312,1.321,1.309,1.324,1.309,1.294,1.324,1.309,1.289,1.304,1.324,1.334,1.304,1.251,4439.1,4788.3,4888.0,4888.0,4888.0,4888.0,4888.0,4888.0,4788.3,3591.2,3591.2,3591.2,3591.2,99.8,3591.2,410.3,293.4,27.2,253.0,26.5,142.4,26.1,33.5,25.5,868.6,29.5,32.7,26.0,546.8,28.8,383.5,26.5,1059.1,882.2,1808.3,1687.5,261.7,13.8,7.6,2.0,6.3,10.9,3.9,4.9,0.0,4.9,19.6,9.7,0.0,0.0,12.5,6.3,9.0,12.1,32.4,27.2,54.6,53.0,54.6,13.8,100.0,11.7,8.7,0.8,7.4,0.8,4.3,0.8,1.0,0.7,24.7,1.0,1.0,0.7,15.8,0.9,10.9,0.8,29.9,25.0,50.9,47.5,11.7,44.5,48.0,49.0,49.0,49.0,49.0,49.0,49.0,48.0,36.0,36.0,36.0,36.0,36.0,45,43,40,45,42,43,42,46,44,48,48,48,48,55,57,60,55,58,57,58,54,56,52,52,52,52,49,48,No,No,No,No,No,No,No,No,No,No,No,No,No,No,No,No,No,No,No,No,No,No,No,No,No,No,No,No,No,No,No,No,No,No,No,No,No,No,No,No,No,No,49,49,40,0.000,0.000,0.000,0.000,0.000,0.000,0.000,1.250,33.305,31.960,22.933,7.526,0.498,150.0,175.0,48.000,0.0,11.3,7.0,0.6,5.6,0.6,3.2,0.5,0.8,0.5,19.1,0.6,0.7,0.5,11.9,0.6,8.4,0.6,32.2,26.9,53.8,52.4,15.1,50.2,7.4,8.6,0.6,62.4,3.6,27.9,19.9,0.0,0.0,0.6,0.2,19.5,0.0,0.0,0.0,0.0,0.0,0.0,0.0,3.0,67.1,72.4,44.7,46.5,67.9,40.2,84.6,86.2,97.4,16.1,94.7,57.1,66.6,2793.2,28.00,36,36,36,76,112,447,2,2,Yes,No,No,No,No,No,No,No,No,No,Yes,No,No,No,No,No,No,No,No,No,No,No,No,No,No,No,No,Yes,No,No,No,No,No,No,No,Yes,No,No,32,41,32,49,41,44,1.225,5.080,3.424,3.328,12.192,2.024,0.728,3.424,3.200,1.072,1.264,1.648,1.064,1.000,1.000,0.896,1.824,1084,1428,3461,43.0,40.0,37.0,1.265,13.000,37.5,1.260,1.260,1.800,1.800,1.110,5.040,0.875,No,No,No,1.260,1.260,1.800,1.800,1.110,5.040,1.125,No,No,No,52,52,64,100.0,100.0,No,No,14699,23904,31,31,No,No,1299,631,0.0,0.8,0.8,0.000,11.041,16591,39231,0.0,0.0,0.0,0.000,0.000,0,28.0,30.0,30.9,84.0,0.910,12.167,12.162,12.168,12.172,0,0,10.544,4.999,9.177,9.698,3.579,0.526,7.712,4.303,210.0,50.6,1185.0,35.6,1290.0,0.0,21.0,0.0,0.0,10.9,0.0,0.2,0.0,0.0,0.0,0.0,0,0,Yes,No,No,No,No,Yes,No,4.9,10.0,3,0,0,0,0,0,0,0,0,79,0,0,0,0,0,0,0,0,0,0,0,0,0,0,0,0,0,0,0,0,10947,1335,1073,69,2.5,0,0,0,15.0,1.9,236.7,0.5,1.9,537.19,1904.78,4.22,1.28,498.40,499.63,0.00,768,17,0.2,0.2,0,0,0.0,0.0,0,37.0,0.000,
14.10.2025,12:1:10.770,21328,48089,30.7,15799,49521,24.1,0.0,1.287,1.342,1.269,1.279,1.284,1.284,1.294,1.299,1.264,1.284,1.284,1.284,1.274,1.251,4173.1,4788.3,4888.0,4888.0,4888.0,4888.0,4888.0,4888.0,798.0,3790.7,3790.7,3790.7,3790.7,99.8,3591.2,403.5,237.6,26.8,118.2,25.9,118.7,25.8,47.4,25.5,864.6,29.4,29.6,25.5,527.0,27.8,399.4,26.5,1036.0,804.7,1780.5,1892.7,244.3,11.1,5.6,1.0,2.6,0.0,1.0,0.0,0.9,0.0,18.6,0.0,3.5,1.9,11.4,0.0,8.9,0.0,31.5,25.2,53.7,56.8,56.8,11.1,100.0,11.5,7.1,0.5,3.7,0.7,3.6,0.7,1.4,0.7,24.6,1.0,0.8,0.7,15.2,0.9,11.4,0.8,29.3,22.8,50.2,53.0,11.5,41.8,48.0,49.0,49.0,49.0,49.0,49.0,49.0,8.0,38.0,38.0,38.0,38.0,36.0,45,43,41,45,42,43,43,43,44,49,49,49,49,55,57,59,55,58,57,57,57,56,51,51,51,51,48,49,No,No,No,No,No,No,No,No,No,No,No,No,No,No,No,No,No,No,No,No,No,No,No,No,No,No,No,No,No,No,No,No,No,No,No,No,No,No,No,No,No,No,47,47,40,0.000,0.000,0.000,0.000,0.000,0.000,0.000,1.250,33.305,31.614,22.601,7.512,0.498,150.0,175.0,48.000,0.0,11.1,5.8,0.6,2.7,0.5,2.7,0.5,1.1,0.5,18.8,0.6,0.6,0.5,11.5,0.6,9.2,0.6,31.2,24.4,53.3,56.6,17.3,45.7,8.2,7.4,0.0,52.9,0.0,42.0,50.4,0.0,0.0,0.0,0.7,19.3,0.0,0.0,0.0,0.0,0.0,0.0,0.0,0.0,68.2,75.0,45.9,41.9,65.7,46.0,86.9,88.1,97.9,25.9,98.6,43.4,38.4,2793.2,28.00,36,36,36,76,112,447,2,2,Yes,No,No,No,No,No,No,No,No,No,Yes,No,No,No,No,No,No,No,No,No,No,No,No,No,No,No,No,Yes,No,No,No,No,No,No,No,Yes,No,No,32,41,32,49,39,43,1.252,5.080,3.424,3.328,12.192,2.024,0.728,3.424,3.200,1.072,1.264,1.664,1.064,1.000,1.000,0.896,1.824,1084,1422,3383,44.0,40.0,37.0,1.235,16.000,37.5,1.260,1.260,1.800,1.800,1.110,5.040,1.250,No,No,No,1.260,1.260,1.800,1.815,1.110,5.040,0.750,No,No,No,52,52,63,100.0,100.0,No,No,14699,23904,31,31,No,No,1299,631,0.0,1.0,1.0,0.000,10.771,16591,39251,0.0,0.0,0.0,0.000,0.000,0,28.0,30.0,30.8,84.0,0.910,12.166,12.162,12.168,12.170,0,0,10.569,5.584,9.765,11.060,4.539,1.295,7.784,4.645,210.0,50.6,1185.0,36.6,1290.0,0.0,39.0,0.0,0.0,10.9,0.0,0.1,0.0,0.0,0.0,0.0,0,0,Yes,No,No,No,No,Yes,No,5.5,6.6,3,0,0,0,0,0,0,0,0,79,0,0,0,0,0,0,0,0,0,0,0,0,0,0,0,0,0,0,0,0,10947,1335,1073,69,2.5,0,0,0,15.0,1.8,62.9,0.5,1.9,544.02,1927.89,15.91,1.30,665.30,666.59,0.00,768,17,0.1,0.1,0,0,0.0,0.0,0,37.0,0.000,
14.10.2025,12:1:12.770,21321,48095,30.7,15788,49532,24.1,0.0,1.290,1.306,1.283,1.308,1.278,1.278,1.283,1.283,1.268,1.299,1.299,1.299,1.289,1.251,4114.9,4888.0,4888.0,4888.0,4888.0,4888.0,4888.0,4888.0,798.0,3591.2,3591.2,3591.2,3591.2,99.8,3591.2,392.8,314.3,15.5,147.4,26.0,113.7,25.7,35.7,25.6,705.3,28.4,26.7,25.2,531.7,28.0,200.0,26.1,1036.5,1098.5,1729.3,1716.6,245.0,12.5,7.9,0.0,3.5,5.1,2.7,5.1,0.0,2.2,15.3,9.8,0.0,0.7,11.7,0.0,4.8,7.2,32.8,34.0,54.0,54.2,54.2,12.5,100.0,11.1,9.2,0.8,4.4,0.7,3.4,0.7,1.1,0.7,20.0,0.9,0.8,0.7,15.2,0.9,5.7,0.7,29.1,30.9,48.5,48.4,11.1,41.2,49.0,49.0,49.0,49.0,49.0,49.0,49.0,8.0,36.0,36.0,36.0,36.0,36.0,45,42,40,44,41,43,44,41,46,49,49,49,49,55,58,60,56,59,57,56,59,54,51,51,51,51,49,49,No,No,No,No,No,No,No,No,No,No,No,No,No,No,No,No,No,No,No,No,No,No,No,No,No,No,No,No,No,No,No,No,No,No,No,No,No,No,No,No,No,No,47,47,40,0.000,0.000,0.000,0.000,0.000,0.000,0.000,1.250,31.719,30.525,21.526,7.499,0.497,150.0,175.0,48.000,0.0,11.2,8.0,0.3,3.4,0.5,2.6,0.5,0.8,0.5,15.2,0.6,0.6,0.5,11.6,0.6,4.7,0.5,32.0,34.2,53.7,53.7,13.9,80.6,3.9,5.0,1.6,21.7,0.0,28.4,23.9,0.0,0.0,1.0,0.6,18.5,0.0,0.0,0.0,0.0,0.0,0.0,0.0,0.2,67.3,65.3,44.4,44.8,71.4,9.1,90.4,90.6,96.6,59.9,98.6,56.9,69.3,2793.2,28.00,36,36,36,76,112,447,2,2,Yes,No,No,No,No,No,No,No,No,No,Yes,No,No,No,No,No,No,No,No,No,No,No,No,No,No,No,No,Yes,No,No,No,No,No,No,No,Yes,No,No,32,41,32,49,41,44,1.225,5.080,3.424,3.328,12.192,2.024,0.728,3.424,3.200,1.072,1.264,1.664,1.064,1.000,1.000,0.896,1.824,1079,1428,3400,44.0,40.0,37.0,1.250,11.000,37.5,1.260,1.260,1.800,1.800,1.110,5.040,1.000,No,No,No,1.260,1.260,1.800,1.800,1.185,5.040,1.000,No,No,No,52,52,63,100.0,100.0,No,No,14699,23904,31,31,No,No,1299,631,0.0,0.7,0.8,0.041,11.050,16591,39272,0.0,0.0,0.0,0.000,0.000,0,28.0,32.0,30.8,84.0,0.910,12.168,12.162,12.170,12.173,0,0,10.705,5.035,9.147,9.736,3.640,0.592,7.737,4.391,210.0,50.6,1185.0,37.5,1290.0,0.0,42.0,0.0,0.0,10.9,0.0,0.1,0.0,0.0,0.0,0.0,0,0,Yes,No,No,No,No,Yes,No,4.9,6.6,3,0,0,0,0,0,0,0,0,79,0,0,0,0,0,0,0,0,0,0,0,0,0,0,0,0,0,0,0,0,10947,1335,1073,69,2.5,0,0,0,15.0,1.9,60.8,60.2,1.8,526.76,16.61,16.46,1.45,15.23,16.53,0.00,768,17,0.2,0.1,0,0,0.0,0.0,0,37.0,0.000,
14.10.2025,12:1:14.763,21310,48106,30.6,15775,49546,24.1,0.0,1.279,1.299,1.297,1.302,1.282,1.257,1.271,1.271,1.281,1.286,1.276,1.266,1.266,1.251,4421.4,4787.1,4787.1,4787.1,4787.1,4787.1,4787.1,4787.1,4787.1,3590.3,3590.3,3789.8,3789.8,99.7,3590.3,427.2,314.3,26.5,189.1,26.0,176.6,25.8,39.5,25.6,864.4,29.5,47.4,25.3,667.4,28.5,587.4,26.7,1099.7,825.3,1920.8,1598.3,279.2,11.7,7.3,0.0,3.4,0.0,4.5,2.7,1.6,0.4,18.6,3.5,0.9,0.0,14.5,4.9,13.1,0.0,32.2,23.5,56.6,47.1,56.6,11.7,100.0,12.2,9.5,0.8,5.9,0.7,5.4,0.7,1.2,0.7,24.6,1.0,1.3,0.7,19.1,0.9,16.6,0.8,31.1,23.3,53.9,45.0,12.2,44.3,48.0,48.0,48.0,48.0,48.0,48.0,48.0,48.0,36.0,36.0,38.0,38.0,36.0,44,42,41,45,42,43,50,42,45,46,46,46,46,56,58,59,55,58,57,50,58,55,54,54,54,54,61,50,No,No,No,No,No,No,No,No,No,No,No,No,No,No,No,No,No,No,No,No,No,No,No,No,No,No,No,No,No,No,No,No,No,No,No,No,No,No,No,No,No,No,47,47,40,0.000,0.000,0.000,0.000,0.000,0.000,0.000,1.250,33.305,33.362,24.320,7.536,0.503,150.0,175.0,48.000,0.0,11.5,7.4,0.6,4.3,0.6,3.9,0.5,0.9,0.5,18.6,0.6,1.0,0.5,14.6,0.6,13.4,0.6,33.0,24.0,56.9,46.8,19.8,53.5,12.5,6.6,3.0,40.3,0.0,48.8,71.2,0.5,0.0,0.0,1.4,19.7,0.0,0.0,0.0,0.0,0.0,0.0,1.5,0.4,65.8,75.5,42.3,50.9,60.0,35.9,80.4,87.4,95.0,38.1,98.2,32.2,13.0,2792.5,28.00,36,36,36,76,112,447,2,2,Yes,No,No,No,No,No,No,No,No,No,Yes,No,No,No,No,No,No,No,No,No,No,No,No,No,No,No,No,Yes,No,No,No,No,No,No,No,Yes,No,No,32,41,32,48,39,43,1.208,5.080,3.424,3.328,12.192,2.024,0.728,3.424,3.200,1.072,1.264,1.648,1.064,1.000,1.000,0.896,1.824,1083,1440,3443,44.0,40.0,37.0,1.250,11.000,37.5,1.260,1.260,1.800,1.800,1.110,5.040,1.000,No,No,No,1.260,1.260,1.800,1.800,1.110,5.040,1.000,No,No,No,52,52,63,100.0,100.0,No,No,14699,23904,31,31,No,No,1299,631,0.0,1.3,1.3,0.000,21.242,16591,39313,0.0,0.0,0.0,0.000,0.000,0,28.1,30.0,31.1,84.0,0.910,12.169,12.162,12.170,12.174,0,0,10.693,6.037,11.082,11.343,3.956,0.262,7.714,7.900,210.0,50.6,1185.0,36.3,1290.0,0.0,19.0,0.0,0.0,10.9,0.0,0.1,0.0,0.0,0.0,0.0,0,0,Yes,No,No,No,No,Yes,No,5.7,7.7,3,0,0,0,0,0,0,0,0,79,0,0,0,0,0,0,0,0,0,0,0,0,0,0,0,0,0,0,0,0,10947,1335,1073,69,2.5,0,0,0,15.0,1.8,18.0,0.5,1.8,565.54,1983.80,55.43,1.43,1321.90,1323.38,0.00,768,17,0.1,0.2,0,0,0.0,0.0,0,37.0,0.000,
14.10.2025,12:1:16.758,21311,48105,30.7,15785,49535,24.1,0.0,1.290,1.351,1.291,1.291,1.301,1.316,1.281,1.276,1.256,1.281,1.281,1.281,1.274,1.251,4156.5,4788.3,4888.0,4788.3,4788.3,4888.0,4888.0,4888.0,798.0,3790.7,3790.7,3790.7,3790.7,99.8,3591.2,405.0,241.1,27.1,208.1,26.1,149.8,25.2,44.6,25.8,869.9,30.5,48.4,25.4,428.1,27.7,283.7,25.5,1129.9,907.1,1764.8,1810.7,251.3,12.9,5.3,15.3,4.2,6.6,3.6,0.0,4.3,0.8,18.4,0.0,1.3,3.1,9.0,0.0,6.1,5.9,35.3,28.0,53.8,56.0,56.0,12.9,100.0,11.5,7.4,0.8,6.2,0.8,4.6,0.7,1.4,0.7,24.6,1.0,1.4,0.7,12.4,0.9,8.1,0.7,31.8,25.6,49.7,50.9,11.5,41.7,48.0,49.0,48.0,48.0,49.0,49.0,49.0,8.0,38.0,38.0,38.0,38.0,36.0,44,42,40,44,41,42,43,41,44,48,48,48,48,56,58,60,56,59,58,57,59,56,52,52,52,52,47,48,No,No,No,No,No,No,No,No,No,No,No,No,No,No,No,No,No,No,No,No,No,No,No,No,No,No,No,No,No,No,No,No,No,No,No,No,No,No,No,No,No,No,52,52,40,0.000,0.000,0.000,0.000,0.000,0.000,0.000,1.250,41.235,31.230,22.236,7.495,0.496,150.0,175.0,56.000,0.0,11.3,5.7,0.6,4.8,0.6,3.4,0.5,1.0,0.5,18.9,0.6,1.1,0.5,9.5,0.6,6.7,0.5,34.4,27.6,52.9,55.9,15.8,36.9,21.9,5.6,5.3,50.2,0.0,28.2,39.2,0.6,0.0,1.2,0.7,18.9,0.0,0.0,0.0,0.0,0.0,0.0,0.0,2.9,64.4,71.8,45.0,42.4,67.8,54.4,71.1,89.0,92.6,28.4,98.4,59.2,49.1,2793.2,28.00,36,36,36,76,112,447,2,2,Yes,No,No,No,No,No,No,No,No,No,Yes,No,No,No,No,No,No,No,No,No,No,No,No,No,No,No,No,Yes,No,No,No,No,No,No,No,Yes,No,No,32,41,32,49,41,44,1.208,5.080,3.424,3.328,12.192,2.024,0.728,3.424,3.200,1.072,1.264,1.648,1.064,1.000,1.000,0.896,1.824,1075,1412,3341,44.0,40.0,37.0,1.260,27.000,37.5,1.260,1.260,1.800,1.800,1.110,5.040,0.750,No,No,No,1.260,1.260,1.800,1.800,1.110,5.040,0.750,No,No,No,52,52,63,100.0,100.0,No,No,14699,23904,32,32,No,No,1299,631,0.0,0.9,0.9,0.000,11.079,16591,39334,0.0,0.0,0.0,0.000,0.000,0,28.0,32.0,30.8,84.0,0.910,12.169,12.163,12.170,12.173,0,0,11.555,5.131,9.366,10.016,3.774,0.659,7.712,4.394,210.0,50.6,1185.0,34.2,1290.0,0.0,15.0,0.0,0.0,10.9,0.0,0.1,0.0,0.0,0.0,0.0,0,0,Yes,No,No,No,No,Yes,No,5.0,9.8,3,0,0,0,0,0,0,0,0,79,0,0,0,0,0,0,0,0,0,0,0,0,0,0,0,0,0,0,0,0,10947,1335,1073,69,2.5,0,0,0,15.0,1.8,74.2,0.5,1.8,570.95,1928.29,13.48,1.35,664.36,665.78,0.00,768,17,0.1,0.1,0,0,0.0,0.0,0,37.0,0.000,
Date,Time,"Virtual Memory Committed [MB]","Virtual Memory Available [MB]","Virtual Memory Load [%]","Physical Memory Used [MB]","Physical Memory Available [MB]","Physical Memory Load [%]","Page File Usage [%]","Core VIDs (avg) [V]","P-core 0 VID [V]","P-core 1 VID [V]","P-core 2 VID [V]","P-core 3 VID [V]","P-core 4 VID [V]","P-core 5 VID [V]","P-core 6 VID [V]","P-core 7 VID [V]","E-core 8 VID [V]","E-core 9 VID [V]","E-core 10 VID [V]","E-core 11 VID [V]","SA VID [V]","Core Clocks (avg) [MHz]","P-core 0 Clock [MHz]","P-core 1 Clock [MHz]","P-core 2 Clock [MHz]","P-core 3 Clock [MHz]","P-core 4 Clock [MHz]","P-core 5 Clock [MHz]","P-core 6 Clock [MHz]","P-core 7 Clock [MHz]","E-core 8 Clock [MHz]","E-core 9 Clock [MHz]","E-core 10 Clock [MHz]","E-core 11 Clock [MHz]","Bus Clock [MHz]","Ring/LLC Clock [MHz]","Core Effective Clocks (avg) [MHz]","P-core 0 T0 Effective Clock [MHz]","P-core 0 T1 Effective Clock [MHz]","P-core 1 T0 Effective Clock [MHz]","P-core 1 T1 Effective Clock [MHz]","P-core 2 T0 Effective Clock [MHz]","P-core 2 T1 Effective Clock [MHz]","P-core 3 T0 Effective Clock [MHz]","P-core 3 T1 Effective Clock [MHz]","P-core 4 T0 Effective Clock [MHz]","P-core 4 T1 Effective Clock [MHz]","P-core 5 T0 Effective Clock [MHz]","P-core 5 T1 Effective Clock [MHz]","P-core 6 T0 Effective Clock [MHz]","P-core 6 T1 Effective Clock [MHz]","P-core 7 T0 Effective Clock [MHz]","P-core 7 T1 Effective Clock [MHz]","E-core 8 T0 Effective Clock [MHz]","E-core 9 T0 Effective Clock [MHz]","E-core 10 T0 Effective Clock [MHz]","E-core 11 T0 Effective Clock [MHz]","Average Effective Clock [MHz]","Core Usage (avg) [%]","P-core 0 T0 Usage [%]","P-core 0 T1 Usage [%]","P-core 1 T0 Usage [%]","P-core 1 T1 Usage [%]","P-core 2 T0 Usage [%]","P-core 2 T1 Usage [%]","P-core 3 T0 Usage [%]","P-core 3 T1 Usage [%]","P-core 4 T0 Usage [%]","P-core 4 T1 Usage [%]","P-core 5 T0 Usage [%]","P-core 5 T1 Usage [%]","P-core 6 T0 Usage [%]","P-core 6 T1 Usage [%]","P-core 7 T0 Usage [%]","P-core 7 T1 Usage [%]","E-core 8 T0 Usage [%]","E-core 9 T0 Usage [%]","E-core 10 T0 Usage [%]","E-core 11 T0 Usage [%]","Max CPU/Thread Usage [%]","Total CPU Usage [%]","On-Demand Clock Modulation [%]","Core Utility (avg) [%]","P-core 0 T0 Utility [%]","P-core 0 T1 Utility [%]","P-core 1 T0 Utility [%]","P-core 1 T1 Utility [%]","P-core 2 T0 Utility [%]","P-core 2 T1 Utility [%]","P-core 3 T0 Utility [%]","P-core 3 T1 Utility [%]","P-core 4 T0 Utility [%]","P-core 4 T1 Utility [%]","P-core 5 T0 Utility [%]","P-core 5 T1 Utility [%]","P-core 6 T0 Utility [%]","P-core 6 T1 Utility [%]","P-core 7 T0 Utility [%]","P-core 7 T1 Utility [%]","E-core 8 T0 Utility [%]","E-core 9 T0 Utility [%]","E-core 10 T0 Utility [%]","E-core 11 T0 Utility [%]","Total CPU Utility [%]","Core Ratios (avg) [x]","P-core 0 Ratio [x]","P-core 1 Ratio [x]","P-core 2 Ratio [x]","P-core 3 Ratio [x]","P-core 4 Ratio [x]","P-core 5 Ratio [x]","P-core 6 Ratio [x]","P-core 7 Ratio [x]","E-core 8 Ratio [x]","E-core 9 Ratio [x]","E-core 10 Ratio [x]","E-core 11 Ratio [x]","Uncore Ratio [x]","Core Temperatures (avg) [°C]","P-core 0 [°C]","P-core 1 [°C]","P-core 2 [°C]","P-core 3 [°C]","P-core 4 [°C]","P-core 5 [°C]","P-core 6 [°C]","P-core 7 [°C]","E-core 8 [°C]","E-core 9 [°C]","E-core 10 [°C]","E-core 11 [°C]","Core Distance to TjMAX (avg) [°C]","P-core 0 Distance to TjMAX [°C]","P-core 1 Distance to TjMAX [°C]","P-core 2 Distance to TjMAX [°C]","P-core 3 Distance to TjMAX [°C]","P-core 4 Distance to TjMAX [°C]","P-core 5 Distance to TjMAX [°C]","P-core 6 Distance to TjMAX [°C]","P-core 7 Distance to TjMAX [°C]","E-core 8 Distance to TjMAX [°C]","E-core 9 Distance to TjMAX [°C]","E-core 10 Distance to TjMAX [°C]","E-core 11 Distance to TjMAX [°C]","CPU Package [°C]","Core Max [°C]","Core Thermal Throttling (avg) [Yes/No]","P-core 0 Thermal Throttling [Yes/No]","P-core 1 Thermal Throttling [Yes/No]","P-core 2 Thermal Throttling [Yes/No]","P-core 3 Thermal Throttling [Yes/No]","P-core 4 Thermal Throttling [Yes/No]","P-core 5 Thermal Throttling [Yes/No]","P-core 6 Thermal Throttling [Yes/No]","P-core 7 Thermal Throttling [Yes/No]","E-core 8 Thermal Throttling [Yes/No]","E-core 9 Thermal Throttling [Yes/No]","E-core 10 Thermal Throttling [Yes/No]","E-core 11 Thermal Throttling [Yes/No]","Core Critical Temperature (avg) [Yes/No]","P-core 0 Critical Temperature [Yes/No]","P-core 1 Critical Temperature [Yes/No]","P-core 2 Critical Temperature [Yes/No]","P-core 3 Critical Temperature [Yes/No]","P-core 4 Critical Temperature [Yes/No]","P-core 5 Critical Temperature [Yes/No]","P-core 6 Critical Temperature [Yes/No]","P-core 7 Critical Temperature [Yes/No]","E-core 8 Critical Temperature [Yes/No]","E-core 9 Critical Temperature [Yes/No]","E-core 10 Critical Temperature [Yes/No]","E-core 11 Critical Temperature [Yes/No]","Core Power Limit Exceeded (avg) [Yes/No]","P-core 0 Power Limit Exceeded [Yes/No]","P-core 1 Power Limit Exceeded [Yes/No]","P-core 2 Power Limit Exceeded [Yes/No]","P-core 3 Power Limit Exceeded [Yes/No]","P-core 4 Power Limit Exceeded [Yes/No]","P-core 5 Power Limit Exceeded [Yes/No]","P-core 6 Power Limit Exceeded [Yes/No]","P-core 7 Power Limit Exceeded [Yes/No]","E-core 8 Power Limit Exceeded [Yes/No]","E-core 9 Power Limit Exceeded [Yes/No]","E-core 10 Power Limit Exceeded [Yes/No]","E-core 11 Power Limit Exceeded [Yes/No]","Package/Ring Thermal Throttling [Yes/No]","Package/Ring Critical Temperature [Yes/No]","Package/Ring Power Limit Exceeded [Yes/No]","CPU Package [°C]","CPU IA Cores [°C]","VR VCC Temperature (SVID) [°C]","Voltage Offsets (avg) [V]","IA Voltage Offset [V]","GT Voltage Offset [V]","CLR (CBo/LLC/Ring) Voltage Offset [V]","GT Media Voltage Offset [V]","SA Voltage Offset [V]","L2 E-core Voltage Offset [V]","VDDQ TX Voltage [V]","VR VCC Current (SVID IOUT) [A]","CPU Package Power [W]","IA Cores Power [W]","System Agent Power [W]","Rest-of-Chip Power [W]","PL1 Power Limit (Static) [W]","PL2 Power Limit (Static) [W]","VR VCC Power (SVID POUT) [W]","Package C2 Residency [%]","Core C0 Residency (avg) [%]","P-core 0 T0 C0 Residency [%]","P-core 0 T1 C0 Residency [%]","P-core 1 T0 C0 Residency [%]","P-core 1 T1 C0 Residency [%]","P-core 2 T0 C0 Residency [%]","P-core 2 T1 C0 Residency [%]","P-core 3 T0 C0 Residency [%]","P-core 3 T1 C0 Residency [%]","P-core 4 T0 C0 Residency [%]","P-core 4 T1 C0 Residency [%]","P-core 5 T0 C0 Residency [%]","P-core 5 T1 C0 Residency [%]","P-core 6 T0 C0 Residency [%]","P-core 6 T1 C0 Residency [%]","P-core 7 T0 C0 Residency [%]","P-core 7 T1 C0 Residency [%]","E-core 8 T0 C0 Residency [%]","E-core 9 T0 C0 Residency [%]","E-core 10 T0 C0 Residency [%]","E-core 11 T0 C0 Residency [%]","Core C1 Residency (avg) [%]","P-core 0 C1 Residency [%]","P-core 1 C1 Residency [%]","P-core 2 C1 Residency [%]","P-core 3 C1 Residency [%]","P-core 4 C1 Residency [%]","P-core 5 C1 Residency [%]","P-core 6 C1 Residency [%]","P-core 7 C1 Residency [%]","E-core 8 C1 Residency [%]","E-core 9 C1 Residency [%]","E-core 10 C1 Residency [%]","E-core 11 C1 Residency [%]","Core C6 Residency (avg) [%]","P-core 0 C6 Residency [%]","P-core 1 C6 Residency [%]","P-core 2 C6 Residency [%]","P-core 3 C6 Residency [%]","P-core 4 C6 Residency [%]","P-core 5 C6 Residency [%]","P-core 6 C6 Residency [%]","P-core 7 C6 Residency [%]","E-core 8 C6 Residency [%]","E-core 9 C6 Residency [%]","E-core 10 C6 Residency [%]","E-core 11 C6 Residency [%]","Core C7 Residency (avg) [%]","P-core 0 C7 Residency [%]","P-core 1 C7 Residency [%]","P-core 2 C7 Residency [%]","P-core 3 C7 Residency [%]","P-core 4 C7 Residency [%]","P-core 5 C7 Residency [%]","P-core 6 C7 Residency [%]","P-core 7 C7 Residency [%]","Memory Clock [MHz]","Memory Clock Ratio [x]","Tcas [T]","Trcd [T]","Trp [T]","Tras [T]","Trc [T]","Trfc [T]","Command Rate [T]","Gear Mode []","IA Limit Reasons (avg) [Yes/No]","IA: PROCHOT [Yes/No]","IA: Thermal Event [Yes/No]","IA: Residency State Regulation [Yes/No]","IA: Running Average Thermal Limit [Yes/No]","IA: VR Thermal Alert [Yes/No]","IA: VR TDC [Yes/No]","IA: Electrical Design Point/Other (ICCmax,PL4,SVID,DDR RAPL) [Yes/No]","IA: Package-Level RAPL/PBM PL1 [Yes/No]","IA: Package-Level RAPL/PBM PL2,PL3 [Yes/No]","IA: Max Turbo Limit [Yes/No]","IA: Turbo Attenuation (MCT) [Yes/No]","IA: Thermal Velocity Boost [Yes/No]","GT Limit Reasons (avg) [Yes/No]","GT: PROCHOT [Yes/No]","GT: Thermal Event [Yes/No]","GT: DDR RAPL [Yes/No]","GT: Residency State Regulation [Yes/No]","GT: Running Average Thermal Limit [Yes/No]","GT: VR Thermal Alert [Yes/No]","GT: VR TDC [Yes/No]","GT: Max VR Voltage, ICCmax, PL4 [Yes/No]","GT: Domain-Level PBM PLGT [Yes/No]","GT: Package-Level RAPL/PBM PL1 [Yes/No]","GT: Package-Level RAPL/PBM PL2,PL3 [Yes/No]","GT: Inefficient Operation [Yes/No]","GT: Fuses limit [Yes/No]","Ring Limit Reasons (avg) [Yes/No]","RING: PROCHOT [Yes/No]","RING: Thermal Event [Yes/No]","RING: DDR RAPL [Yes/No]","RING: Residency State Regulation [Yes/No]","RING: Running Average Thermal Limit [Yes/No]","RING: VR Thermal Alert [Yes/No]","RING: VR TDC [Yes/No]","RING: Max VR Voltage, ICCmax, PL4 [Yes/No]","RING: Package-Level RAPL/PBM PL1 [Yes/No]","RING: Package-Level RAPL/PBM PL2,PL3 [Yes/No]","Motherboard [°C]","VRM Thermistor [°C]","CPU (Weighted Value) [°C]","CPU Package [°C]","CPU [°C]","PCH [°C]","Vcore [V]","+5V [V]","AVSB [V]","3VCC [V]","+12V [V]","VIN8 [V]","VIN4 [V]","3VSB [V]","BAT_3V [V]","VTT [V]","IMC VDD [V]","VIN6 [V]","VIN2 [V]","VIN3 [V]","VIN7 [V]","VIN9 [V]","VHIF [V]","Chassis1 [RPM]","CPU [RPM]","AIO Pump [RPM]","PCH Temperature [°C]","Vcore VR Temperature [°C]","IGPU VR Temperature [°C]","VR VOUT (Vcore) [V]","VR IOUT (Vcore Current) [A]","SPD Hub Temperature [°C]","VDD (SWA) Voltage [V]","VDDQ (SWB) Voltage [V]","VPP (SWC) Voltage [V]","1.8V VOUT Voltage [V]","1.0V VOUT Voltage [V]","VIN Voltage [V]","Total Power [W]","PMIC High Temperature [Yes/No]","PMIC Over Voltage [Yes/No]","PMIC Under Voltage [Yes/No]","VDD (SWA) Voltage [V]","VDDQ (SWB) Voltage [V]","VPP (SWC) Voltage [V]","1.8V VOUT Voltage [V]","1.0V VOUT Voltage [V]","VIN Voltage [V]","Total Power [W]","PMIC High Temperature [Yes/No]","PMIC Over Voltage [Yes/No]","PMIC Under Voltage [Yes/No]","Drive Temperature [°C]","Drive Temperature 2 [°C]","Drive Temperature 3 [°C]","Drive Remaining Life [%]","Drive Available Spare [%]","Drive Failure [Yes/No]","Drive Warning [Yes/No]","Total Host Writes [GB]","Total Host Reads [GB]","Drive Temperature [°C]","Drive Airflow Temperature [°C]","Drive Failure [Yes/No]","Drive Warning [Yes/No]","Total Host Writes [GB]","Total Host Reads [GB]","Read Activity [%]","Write Activity [%]","Total Activity [%]","Read Rate [MB/s]","Write Rate [MB/s]","Read Total [MB]","Write Total [MB]","Read Activity [%]","Write Activity [%]","Total Activity [%]","Read Rate [MB/s]","Write Rate [MB/s]","Read Total [MB]","GPU Temperature [°C]","GPU Memory Junction Temperature [°C]","GPU Hot Spot Temperature [°C]","GPU Thermal Limit [°C]","GPU Core Voltage [V]","GPU Rail Voltages (avg) [V]","GPU PCIe +12V Input Voltage [V]","GPU 8-pin #1 Input Voltage [V]","GPU Misc0 Input Voltage [V]","GPU Fan1 [RPM]","GPU Fan2 [RPM]","GPU Power [W]","GPU Rail Powers (avg) [W]","GPU Core (NVVDD) Input Power (sum) [W]","GPU 8-pin #1 Input Power [W]","GPU Misc0 Input Power [W]","GPU Input PP Source Power (sum) [W]","GPU Core (NVVDD) Output Power [W]","GPU Core (NVVDD) Output Power [W]","GPU Clock [MHz]","GPU Memory Clock [MHz]","GPU Video Clock [MHz]","GPU Effective Clock [MHz]","GPU Crossbar Clock [MHz]","GPU Core Load [%]","GPU Memory Controller Load [%]","GPU Video Engine Load [%]","GPU Bus Load [%]","GPU Memory Usage [%]","GPU D3D Usages (avg) [%]","GPU D3D Usage [%]","GPU Video Decode 0 Usage [%]","GPU Video Encode 0 Usage [%]","GPU Video Encode 1 Usage [%]","GPU VR Usage [%]","GPU Fan1 [%]","GPU Fan2 [%]","GPU Performance Limiters (avg) [Yes/No]","Performance Limit - Power [Yes/No]","Performance Limit - Thermal [Yes/No]","Performance Limit - Reliability Voltage [Yes/No]","Performance Limit - Max Operating Voltage [Yes/No]","Performance Limit - Utilization [Yes/No]","Performance Limit - SLI GPUBoost Sync [Yes/No]","Total GPU Power [% of TDP] [%]","Total GPU Power (normalized) [% of TDP] [%]","PCI Express Error Counters (avg) []","Receiver Errors []","Replay Count []","Replay Rollover Count []","Bad DLLP Count []","Bad TLP Count []","LCRC Error Count []","NAKs Sent Count []","NAKs Received Count []","Recovery Count []","Correctable Error Count []","Non-Fatal Error Count []","Fatal Error Count []","Unsupported Request Count []","PCIe Lane 0 Errors []","PCIe Lane 1 Errors []","PCIe Lane 2 Errors []","PCIe Lane 3 Errors []","PCIe Lane 4 Errors []","PCIe Lane 5 Errors []","PCIe Lane 6 Errors []","PCIe Lane 7 Errors []","PCIe Lane 8 Errors []","PCIe Lane 9 Errors []","PCIe Lane 10 Errors []","PCIe Lane 11 Errors []","PCIe Lane 12 Errors []","PCIe Lane 13 Errors []","PCIe Lane 14 Errors []","PCIe Lane 15 Errors []","GPU Memory Available [MB]","GPU Memory Allocated [MB]","GPU D3D Memory Dedicated [MB]","GPU D3D Memory Dynamic [MB]","PCIe Link Speed [GT/s]","Framerate [FPS]","Framerate 1% Low [FPS]","Framerate 0.1% Low [FPS]","Frame Time [ms]","Framerate Presented (avg) [FPS]","Framerate Presented (99%) [FPS]","Framerate Presented (1%) [FPS]","Framerate Displayed (avg) [FPS]","Frame Time Presented (avg) [ms]","Frame Time Presented (99%) [ms]","Frame Time Presented (1%) [ms]","GPU Busy (avg) [ms]","GPU Wait (avg) [ms]","CPU Busy (avg) [ms]","CPU Wait (avg) [ms]","Total DL [MB]","Total UP [MB]","Current DL rate [KB/s]","Current UP rate [KB/s]","Total DL [MB]","Total UP [MB]","Current DL rate [KB/s]","Current UP rate [KB/s]","Total Errors []","SPD Hub Temperature [°C]","GPU PCIe +12V Input Power [W]",
,,System: ASUS ,System: ASUS ,System: ASUS ,System: ASUS ,System: ASUS ,System: ASUS ,System: ASUS ,CPU [#0]: Intel Core i7-12700KF,CPU [#0]: Intel Core i7-12700KF,CPU [#0]: Intel Core i7-12700KF,CPU [#0]: Intel Core i7-12700KF,CPU [#0]: Intel Core i7-12700KF,CPU [#0]: Intel Core i7-12700KF,CPU [#0]: Intel Core i7-12700KF,CPU [#0]: Intel Core i7-12700KF,CPU [#0]: Intel Core i7-12700KF,CPU [#0]: Intel Core i7-12700KF,CPU [#0]: Intel Core i7-12700KF,CPU [#0]: Intel Core i7-12700KF,CPU [#0]: Intel Core i7-12700KF,CPU [#0]: Intel Core i7-12700KF,CPU [#0]: Intel Core i7-12700KF,CPU [#0]: Intel Core i7-12700KF,CPU [#0]: Intel Core i7-12700KF,CPU [#0]: Intel Core i7-12700KF,CPU [#0]: Intel Core i7-12700KF,CPU [#0]: Intel Core i7-12700KF,CPU [#0]: Intel Core i7-12700KF,CPU [#0]: Intel Core i7-12700KF,CPU [#0]: Intel Core i7-12700KF,CPU [#0]: Intel Core i7-12700KF,CPU [#0]: Intel Core i7-12700KF,CPU [#0]: Intel Core i7-12700KF,CPU [#0]: Intel Core i7-12700KF,CPU [#0]: Intel Core i7-12700KF,CPU [#0]: Intel Core i7-12700KF,CPU [#0]: Intel Core i7-12700KF,CPU [#0]: Intel Core i7-12700KF,CPU [#0]: Intel Core i7-12700KF,CPU [#0]: Intel Core i7-12700KF,CPU [#0]: Intel Core i7-12700KF,CPU [#0]: Intel Core i7-12700KF,CPU [#0]: Intel Core i7-12700KF,CPU [#0]: Intel Core i7-12700KF,CPU [#0]: Intel Core i7-12700KF,CPU [#0]: Intel Core i7-12700KF,CPU [#0]: Intel Core i7-12700KF,CPU [#0]: Intel Core i7-12700KF,CPU [#0]: Intel Core i7-12700KF,CPU [#0]: Intel Core i7-12700KF,CPU [#0]: Intel Core i7-12700KF,CPU [#0]: Intel Core i7-12700KF,CPU [#0]: Intel Core i7-12700KF,CPU [#0]: Intel Core i7-12700KF,CPU [#0]: Intel Core i7-12700KF,CPU [#0]: Intel Core i7-12700KF,CPU [#0]: Intel Core i7-12700KF,CPU [#0]: Intel Core i7-12700KF,CPU [#0]: Intel Core i7-12700KF,CPU [#0]: Intel Core i7-12700KF,CPU [#0]: Intel Core i7-12700KF,CPU [#0]: Intel Core i7-12700KF,CPU [#0]: Intel Core i7-12700KF,CPU [#0]: Intel Core i7-12700KF,CPU [#0]: Intel Core i7-12700KF,CPU [#0]: Intel Core i7-12700KF,CPU [#0]: Intel Core i7-12700KF,CPU [#0]: Intel Core i7-12700KF,CPU [#0]: Intel Core i7-12700KF,CPU [#0]: Intel Core i7-12700KF,CPU [#0]: Intel Core i7-12700KF,CPU [#0]: Intel Core i7-12700KF,CPU [#0]: Intel Core i7-12700KF,CPU [#0]: Intel Core i7-12700KF,CPU [#0]: Intel Core i7-12700KF,CPU [#0]: Intel Core i7-12700KF,CPU [#0]: Intel Core i7-12700KF,CPU [#0]: Intel Core i7-12700KF,CPU [#0]: Intel Core i7-12700KF,CPU [#0]: Intel Core i7-12700KF,CPU [#0]: Intel Core i7-12700KF,CPU [#0]: Intel Core i7-12700KF,CPU [#0]: Intel Core i7-12700KF,CPU [#0]: Intel Core i7-12700KF,CPU [#0]: Intel Core i7-12700KF,CPU [#0]: Intel Core i7-12700KF,CPU [#0]: Intel Core i7-12700KF,CPU [#0]: Intel Core i7-12700KF,CPU [#0]: Intel Core i7-12700KF,CPU [#0]: Intel Core i7-12700KF,CPU [#0]: Intel Core i7-12700KF,CPU [#0]: Intel Core i7-12700KF,CPU [#0]: Intel Core i7-12700KF,CPU [#0]: Intel Core i7-12700KF,CPU [#0]: Intel Core i7-12700KF,CPU [#0]: Intel Core i7-12700KF,CPU [#0]: Intel Core i7-12700KF,CPU [#0]: Intel Core i7-12700KF,CPU [#0]: Intel Core i7-12700KF,CPU [#0]: Intel Core i7-12700KF,CPU [#0]: Intel Core i7-12700KF,CPU [#0]: Intel Core i7-12700KF,CPU [#0]: Intel Core i7-12700KF,CPU [#0]: Intel Core i7-12700KF,CPU [#0]: Intel Core i7-12700KF,CPU [#0]: Intel Core i7-12700KF,CPU [#0]: Intel Core i7-12700KF,CPU [#0]: Intel Core i7-12700KF,CPU [#0]: Intel Core i7-12700KF,CPU [#0]: Intel Core i7-12700KF,CPU [#0]: Intel Core i7-12700KF,CPU [#0]: Intel Core i7-12700KF,CPU [#0]: Intel Core i7-12700KF,CPU [#0]: Intel Core i7-12700KF,CPU [#0]: Intel Core i7-12700KF,CPU [#0]: Intel Core i7-12700KF,CPU [#0]: Intel Core i7-12700KF,CPU [#0]: Intel Core i7-12700KF,CPU [#0]: Intel Core i7-12700KF: DTS,CPU [#0]: Intel Core i7-12700KF: DTS,CPU [#0]: Intel Core i7-12700KF: DTS,CPU [#0]: Intel Core i7-12700KF: DTS,CPU [#0]: Intel Core i7-12700KF: DTS,CPU [#0]: Intel Core i7-12700KF: DTS,CPU [#0]: Intel Core i7-12700KF: DTS,CPU [#0]: Intel Core i7-12700KF: DTS,CPU [#0]: Intel Core i7-12700KF: DTS,CPU [#0]: Intel Core i7-12700KF: DTS,CPU [#0]: Intel Core i7-12700KF: DTS,CPU [#0]: Intel Core i7-12700KF: DTS,CPU [#0]: Intel Core i7-12700KF: DTS,CPU [#0]: Intel Core i7-12700KF: DTS,CPU [#0]: Intel Core i7-12700KF: DTS,CPU [#0]: Intel Core i7-12700KF: DTS,CPU [#0]: Intel Core i7-12700KF: DTS,CPU [#0]: Intel Core i7-12700KF: DTS,CPU [#0]: Intel Core i7-12700KF: DTS,CPU [#0]: Intel Core i7-12700KF: DTS,CPU [#0]: Intel Core i7-12700KF: DTS,CPU [#0]: Intel Core i7-12700KF: DTS,CPU [#0]: Intel Core i7-12700KF: DTS,CPU [#0]: Intel Core i7-12700KF: DTS,CPU [#0]: Intel Core i7-12700KF: DTS,CPU [#0]: Intel Core i7-12700KF: DTS,CPU [#0]: Intel Core i7-12700KF: DTS,CPU [#0]: Intel Core i7-12700KF: DTS,CPU [#0]: Intel Core i7-12700KF: DTS,CPU [#0]: Intel Core i7-12700KF: DTS,CPU [#0]: Intel Core i7-12700KF: DTS,CPU [#0]: Intel Core i7-12700KF: DTS,CPU [#0]: Intel Core i7-12700KF: DTS,CPU [#0]: Intel Core i7-12700KF: DTS,CPU [#0]: Intel Core i7-12700KF: DTS,CPU [#0]: Intel Core i7-12700KF: DTS,CPU [#0]: Intel Core i7-12700KF: DTS,CPU [#0]: Intel Core i7-12700KF: DTS,CPU [#0]: Intel Core i7-12700KF: DTS,CPU [#0]: Intel Core i7-12700KF: DTS,CPU [#0]: Intel Core i7-12700KF: DTS,CPU [#0]: Intel Core i7-12700KF: DTS,CPU [#0]: Intel Core i7-12700KF: DTS,CPU [#0]: Intel Core i7-12700KF: DTS,CPU [#0]: Intel Core i7-12700KF: DTS,CPU [#0]: Intel Core i7-12700KF: DTS,CPU [#0]: Intel Core i7-12700KF: DTS,CPU [#0]: Intel Core i7-12700KF: DTS,CPU [#0]: Intel Core i7-12700KF: DTS,CPU [#0]: Intel Core i7-12700KF: DTS,CPU [#0]: Intel Core i7-12700KF: DTS,CPU [#0]: Intel Core i7-12700KF: DTS,CPU [#0]: Intel Core i7-12700KF: DTS,CPU [#0]: Intel Core i7-12700KF: DTS,CPU [#0]: Intel Core i7-12700KF: DTS,CPU [#0]: Intel Core i7-12700KF: DTS,CPU [#0]: Intel Core i7-12700KF: DTS,CPU [#0]: Intel Core i7-12700KF: DTS,CPU [#0]: Intel Core i7-12700KF: DTS,CPU [#0]: Intel Core i7-12700KF: DTS,CPU [#0]: Intel Core i7-12700KF: DTS,CPU [#0]: Intel Core i7-12700KF: DTS,CPU [#0]: Intel Core i7-12700KF: DTS,CPU [#0]: Intel Core i7-12700KF: DTS,CPU [#0]: Intel Core i7-12700KF: DTS,CPU [#0]: Intel Core i7-12700KF: DTS,CPU [#0]: Intel Core i7-12700KF: DTS,CPU [#0]: Intel Core i7-12700KF: DTS,CPU [#0]: Intel Core i7-12700KF: DTS,CPU [#0]: Intel Core i7-12700KF: DTS,CPU [#0]: Intel Core i7-12700KF: Enhanced,CPU [#0]: Intel Core i7-12700KF: Enhanced,CPU [#0]: Intel Core i7-12700KF: Enhanced,CPU [#0]: Intel Core i7-12700KF: Enhanced,CPU [#0]: Intel Core i7-12700KF: Enhanced,CPU [#0]: Intel Core i7-12700KF: Enhanced,CPU [#0]: Intel Core i7-12700KF: Enhanced,CPU [#0]: Intel Core i7-12700KF: Enhanced,CPU [#0]: Intel Core i7-12700KF: Enhanced,CPU [#0]: Intel Core i7-12700KF: Enhanced,CPU [#0]: Intel Core i7-12700KF: Enhanced,CPU [#0]: Intel Core i7-12700KF: Enhanced,CPU [#0]: Intel Core i7-12700KF: Enhanced,CPU [#0]: Intel Core i7-12700KF: Enhanced,CPU [#0]: Intel Core i7-12700KF: Enhanced,CPU [#0]: Intel Core i7-12700KF: Enhanced,CPU [#0]: Intel Core i7-12700KF: Enhanced,CPU [#0]: Intel Core i7-12700KF: Enhanced,CPU [#0]: Intel Core i7-12700KF: Enhanced,CPU [#0]: Intel Core i7-12700KF: C-State Residency,CPU [#0]: Intel Core i7-12700KF: C-State Residency,CPU [#0]: Intel Core i7-12700KF: C-State Residency,CPU [#0]: Intel Core i7-12700KF: C-State Residency,CPU [#0]: Intel Core i7-12700KF: C-State Residency,CPU [#0]: Intel Core i7-12700KF: C-State Residency,CPU [#0]: Intel Core i7-12700KF: C-State Residency,CPU [#0]: Intel Core i7-12700KF: C-State Residency,CPU [#0]: Intel Core i7-12700KF: C-State Residency,CPU [#0]: Intel Core i7-12700KF: C-State Residency,CPU [#0]: Intel Core i7-12700KF: C-State Residency,CPU [#0]: Intel Core i7-12700KF: C-State Residency,CPU [#0]: Intel Core i7-12700KF: C-State Residency,CPU [#0]: Intel Core i7-12700KF: C-State Residency,CPU [#0]: Intel Core i7-12700KF: C-State Residency,CPU [#0]: Intel Core i7-12700KF: C-State Residency,CPU [#0]: Intel Core i7-12700KF: C-State Residency,CPU [#0]: Intel Core i7-12700KF: C-State Residency,CPU [#0]: Intel Core i7-12700KF: C-State Residency,CPU [#0]: Intel Core i7-12700KF: C-State Residency,CPU [#0]: Intel Core i7-12700KF: C-State Residency,CPU [#0]: Intel Core i7-12700KF: C-State Residency,CPU [#0]: Intel Core i7-12700KF: C-State Residency,CPU [#0]: Intel Core i7-12700KF: C-State Residency,CPU [#0]: Intel Core i7-12700KF: C-State Residency,CPU [#0]: Intel Core i7-12700KF: C-State Residency,CPU [#0]: Intel Core i7-12700KF: C-State Residency,CPU [#0]: Intel Core i7-12700KF: C-State Residency,CPU [#0]: Intel Core i7-12700KF: C-State Residency,CPU [#0]: Intel Core i7-12700KF: C-State Residency,CPU [#0]: Intel Core i7-12700KF: C-State Residency,CPU [#0]: Intel Core i7-12700KF: C-State Residency,CPU [#0]: Intel Core i7-12700KF: C-State Residency,CPU [#0]: Intel Core i7-12700KF: C-State Residency,CPU [#0]: Intel Core i7-12700KF: C-State Residency,CPU [#0]: Intel Core i7-12700KF: C-State Residency,CPU [#0]: Intel Core i7-12700KF: C-State Residency,CPU [#0]: Intel Core i7-12700KF: C-State Residency,CPU [#0]: Intel Core i7-12700KF: C-State Residency,CPU [#0]: Intel Core i7-12700KF: C-State Residency,CPU [#0]: Intel Core i7-12700KF: C-State Residency,CPU [#0]: Intel Core i7-12700KF: C-State Residency,CPU [#0]: Intel Core i7-12700KF: C-State Residency,CPU [#0]: Intel Core i7-12700KF: C-State Residency,CPU [#0]: Intel Core i7-12700KF: C-State Residency,CPU [#0]: Intel Core i7-12700KF: C-State Residency,CPU [#0]: Intel Core i7-12700KF: C-State Residency,CPU [#0]: Intel Core i7-12700KF: C-State Residency,CPU [#0]: Intel Core i7-12700KF: C-State Residency,CPU [#0]: Intel Core i7-12700KF: C-State Residency,CPU [#0]: Intel Core i7-12700KF: C-State Residency,CPU [#0]: Intel Core i7-12700KF: C-State Residency,CPU [#0]: Intel Core i7-12700KF: C-State Residency,CPU [#0]: Intel Core i7-12700KF: C-State Residency,CPU [#0]: Intel Core i7-12700KF: C-State Residency,CPU [#0]: Intel Core i7-12700KF: C-State Residency,CPU [#0]: Intel Core i7-12700KF: C-State Residency,Memory Timings,Memory Timings,Memory Timings,Memory Timings,Memory Timings,Memory Timings,Memory Timings,Memory Timings,Memory Timings,Memory Timings,CPU [#0]: Intel Core i7-12700KF: Performance Limit Reasons,CPU [#0]: Intel Core i7-12700KF: Performance Limit Reasons,CPU [#0]: Intel Core i7-12700KF: Performance Limit Reasons,CPU [#0]: Intel Core i7-12700KF: Performance Limit Reasons,CPU [#0]: Intel Core i7-12700KF: Performance Limit Reasons,CPU [#0]: Intel Core i7-12700KF: Performance Limit Reasons,CPU [#0]: Intel Core i7-12700KF: Performance Limit Reasons,CPU [#0]: Intel Core i7-12700KF: Performance Limit Reasons,CPU [#0]: Intel Core i7-12700KF: Performance Limit Reasons,CPU [#0]: Intel Core i7-12700KF: Performance Limit Reasons,CPU [#0]: Intel Core i7-12700KF: Performance Limit Reasons,CPU [#0]: Intel Core i7-12700KF: Performance Limit Reasons,CPU [#0]: Intel Core i7-12700KF: Performance Limit Reasons,CPU [#0]: Intel Core i7-12700KF: Performance Limit Reasons,CPU [#0]: Intel Core i7-12700KF: Performance Limit Reasons,CPU [#0]: Intel Core i7-12700KF: Performance Limit Reasons,CPU [#0]: Intel Core i7-12700KF: Performance Limit Reasons,CPU [#0]: Intel Core i7-12700KF: Performance Limit Reasons,CPU [#0]: Intel Core i7-12700KF: Performance Limit Reasons,CPU [#0]: Intel Core i7-12700KF: Performance Limit Reasons,CPU [#0]: Intel Core i7-12700KF: Performance Limit Reasons,CPU [#0]: Intel Core i7-12700KF: Performance Limit Reasons,CPU [#0]: Intel Core i7-12700KF: Performance Limit Reasons,CPU [#0]: Intel Core i7-12700KF: Performance Limit Reasons,CPU [#0]: Intel Core i7-12700KF: Performance Limit Reasons,CPU [#0]: Intel Core i7-12700KF: Performance Limit Reasons,CPU [#0]: Intel Core i7-12700KF: Performance Limit Reasons,CPU [#0]: Intel Core i7-12700KF: Performance Limit Reasons,CPU [#0]: Intel Core i7-12700KF: Performance Limit Reasons,CPU [#0]: Intel Core i7-12700KF: Performance Limit Reasons,CPU [#0]: Intel Core i7-12700KF: Performance Limit Reasons,CPU [#0]: Intel Core i7-12700KF: Performance Limit Reasons,CPU [#0]: Intel Core i7-12700KF: Performance Limit Reasons,CPU [#0]: Intel Core i7-12700KF: Performance Limit Reasons,CPU [#0]: Intel Core i7-12700KF: Performance Limit Reasons,CPU [#0]: Intel Core i7-12700KF: Performance Limit Reasons,CPU [#0]: Intel Core i7-12700KF: Performance Limit Reasons,CPU [#0]: Intel Core i7-12700KF: Performance Limit Reasons,ASUS ROG STRIX B760-I GAMING WIFI (Nuvoton NCT6798D),ASUS ROG STRIX B760-I GAMING WIFI (Nuvoton NCT6798D),ASUS ROG STRIX B760-I GAMING WIFI (Nuvoton NCT6798D),ASUS ROG STRIX B760-I GAMING WIFI (Nuvoton NCT6798D),ASUS ROG STRIX B760-I GAMING WIFI (Nuvoton NCT6798D),ASUS ROG STRIX B760-I GAMING WIFI (Nuvoton NCT6798D),ASUS ROG STRIX B760-I GAMING WIFI (Nuvoton NCT6798D),ASUS ROG STRIX B760-I GAMING WIFI (Nuvoton NCT6798D),ASUS ROG STRIX B760-I GAMING WIFI (Nuvoton NCT6798D),ASUS ROG STRIX B760-I GAMING WIFI (Nuvoton NCT6798D),ASUS ROG STRIX B760-I GAMING WIFI (Nuvoton NCT6798D),ASUS ROG STRIX B760-I GAMING WIFI (Nuvoton NCT6798D),ASUS ROG STRIX B760-I GAMING WIFI (Nuvoton NCT6798D),ASUS ROG STRIX B760-I GAMING WIFI (Nuvoton NCT6798D),ASUS ROG STRIX B760-I GAMING WIFI (Nuvoton NCT6798D),ASUS ROG STRIX B760-I GAMING WIFI (Nuvoton NCT6798D),ASUS ROG STRIX B760-I GAMING WIFI (Nuvoton NCT6798D),ASUS ROG STRIX B760-I GAMING WIFI (Nuvoton NCT6798D),ASUS ROG STRIX B760-I GAMING WIFI (Nuvoton NCT6798D),ASUS ROG STRIX B760-I GAMING WIFI (Nuvoton NCT6798D),ASUS ROG STRIX B760-I GAMING WIFI (Nuvoton NCT6798D),ASUS ROG STRIX B760-I GAMING WIFI (Nuvoton NCT6798D),ASUS ROG STRIX B760-I GAMING WIFI (Nuvoton NCT6798D),ASUS ROG STRIX B760-I GAMING WIFI (Nuvoton NCT6798D),ASUS ROG STRIX B760-I GAMING WIFI (Nuvoton NCT6798D),ASUS ROG STRIX B760-I GAMING WIFI (Nuvoton NCT6798D),ASUS ROG STRIX B760-I GAMING WIFI (Intel PCH),ASUS ROG STRIX B760-I GAMING WIFI (OnSemi NCP81530),ASUS ROG STRIX B760-I GAMING WIFI (OnSemi NCP81530),ASUS ROG STRIX B760-I GAMING WIFI (OnSemi NCP81530),ASUS ROG STRIX B760-I GAMING WIFI (OnSemi NCP81530),DDR5 DIMM [#0]: Corsair CMH64GX5M2B5600C36 (BANK 0/Controller0-DIMM0),DDR5 DIMM [#0]: Corsair CMH64GX5M2B5600C36 (BANK 0/Controller0-DIMM0),DDR5 DIMM [#0]: Corsair CMH64GX5M2B5600C36 (BANK 0/Controller0-DIMM0),DDR5 DIMM [#0]: Corsair CMH64GX5M2B5600C36 (BANK 0/Controller0-DIMM0),DDR5 DIMM [#0]: Corsair CMH64GX5M2B5600C36 (BANK 0/Controller0-DIMM0),DDR5 DIMM [#0]: Corsair CMH64GX5M2B5600C36 (BANK 0/Controller0-DIMM0),DDR5 DIMM [#0]: Corsair CMH64GX5M2B5600C36 (BANK 0/Controller0-DIMM0),DDR5 DIMM [#0]: Corsair CMH64GX5M2B5600C36 (BANK 0/Controller0-DIMM0),DDR5 DIMM [#0]: Corsair CMH64GX5M2B5600C36 (BANK 0/Controller0-DIMM0),DDR5 DIMM [#0]: Corsair CMH64GX5M2B5600C36 (BANK 0/Controller0-DIMM0),DDR5 DIMM [#0]: Corsair CMH64GX5M2B5600C36 (BANK 0/Controller0-DIMM0),DDR5 DIMM [#2]: Corsair CMH64GX5M2B5600C36 (BANK 0/Controller1-DIMM0),DDR5 DIMM [#2]: Corsair CMH64GX5M2B5600C36 (BANK 0/Controller1-DIMM0),DDR5 DIMM [#2]: Corsair CMH64GX5M2B5600C36 (BANK 0/Controller1-DIMM0),DDR5 DIMM [#2]: Corsair CMH64GX5M2B5600C36 (BANK 0/Controller1-DIMM0),DDR5 DIMM [#2]: Corsair CMH64GX5M2B5600C36 (BANK 0/Controller1-DIMM0),DDR5 DIMM [#2]: Corsair CMH64GX5M2B5600C36 (BANK 0/Controller1-DIMM0),DDR5 DIMM [#2]: Corsair CMH64GX5M2B5600C36 (BANK 0/Controller1-DIMM0),DDR5 DIMM [#2]: Corsair CMH64GX5M2B5600C36 (BANK 0/Controller1-DIMM0),DDR5 DIMM [#2]: Corsair CMH64GX5M2B5600C36 (BANK 0/Controller1-DIMM0),DDR5 DIMM [#2]: Corsair CMH64GX5M2B5600C36 (BANK 0/Controller1-DIMM0),S.M.A.R.T.: Samsung SSD 970 EVO Plus 2TB (S59CNM0W522430N) [C:],S.M.A.R.T.: Samsung SSD 970 EVO Plus 2TB (S59CNM0W522430N) [C:],S.M.A.R.T.: Samsung SSD 970 EVO Plus 2TB (S59CNM0W522430N) [C:],S.M.A.R.T.: Samsung SSD 970 EVO Plus 2TB (S59CNM0W522430N) [C:],S.M.A.R.T.: Samsung SSD 970 EVO Plus 2TB (S59CNM0W522430N) [C:],S.M.A.R.T.: Samsung SSD 970 EVO Plus 2TB (S59CNM0W522430N) [C:],S.M.A.R.T.: Samsung SSD 970 EVO Plus 2TB (S59CNM0W522430N) [C:],S.M.A.R.T.: Samsung SSD 970 EVO Plus 2TB (S59CNM0W522430N) [C:],S.M.A.R.T.: Samsung SSD 970 EVO Plus 2TB (S59CNM0W522430N) [C:],S.M.A.R.T.: ST8000DM004-2CX188 (ZCT0QCL0) [D:],S.M.A.R.T.: ST8000DM004-2CX188 (ZCT0QCL0) [D:],S.M.A.R.T.: ST8000DM004-2CX188 (ZCT0QCL0) [D:],S.M.A.R.T.: ST8000DM004-2CX188 (ZCT0QCL0) [D:],S.M.A.R.T.: ST8000DM004-2CX188 (ZCT0QCL0) [D:],S.M.A.R.T.: ST8000DM004-2CX188 (ZCT0QCL0) [D:],Drive: Samsung SSD 970 EVO Plus 2TB (S59CNM0W522430N) [C:],Drive: Samsung SSD 970 EVO Plus 2TB (S59CNM0W522430N) [C:],Drive: Samsung SSD 970 EVO Plus 2TB (S59CNM0W522430N) [C:],Drive: Samsung SSD 970 EVO Plus 2TB (S59CNM0W522430N) [C:],Drive: Samsung SSD 970 EVO Plus 2TB (S59CNM0W522430N) [C:],Drive: Samsung SSD 970 EVO Plus 2TB (S59CNM0W522430N) [C:],Drive: Samsung SSD 970 EVO Plus 2TB (S59CNM0W522430N) [C:],Drive: ST8000DM004-2CX188 (ZCT0QCL0) [D:],Drive: ST8000DM004-2CX188 (ZCT0QCL0) [D:],Drive: ST8000DM004-2CX188 (ZCT0QCL0) [D:],Drive: ST8000DM004-2CX188 (ZCT0QCL0) [D:],Drive: ST8000DM004-2CX188 (ZCT0QCL0) [D:],Drive: ST8000DM004-2CX188 (ZCT0QCL0) [D:],GPU [#0]: NVIDIA GeForce RTX 4070: MSI RTX 4070 Ventus 3X,GPU [#0]: NVIDIA GeForce RTX 4070: MSI RTX 4070 Ventus 3X,GPU [#0]: NVIDIA GeForce RTX 4070: MSI RTX 4070 Ventus 3X,GPU [#0]: NVIDIA GeForce RTX 4070: MSI RTX 4070 Ventus 3X,GPU [#0]: NVIDIA GeForce RTX 4070: MSI RTX 4070 Ventus 3X,GPU [#0]: NVIDIA GeForce RTX 4070: MSI RTX 4070 Ventus 3X,GPU [#0]: NVIDIA GeForce RTX 4070: MSI RTX 4070 Ventus 3X,GPU [#0]: NVIDIA GeForce RTX 4070: MSI RTX 4070 Ventus 3X,GPU [#0]: NVIDIA GeForce RTX 4070: MSI RTX 4070 Ventus 3X,GPU [#0]: NVIDIA GeForce RTX 4070: MSI RTX 4070 Ventus 3X,GPU [#0]: NVIDIA GeForce RTX 4070: MSI RTX 4070 Ventus 3X,GPU [#0]: NVIDIA GeForce RTX 4070: MSI RTX 4070 Ventus 3X,GPU [#0]: NVIDIA GeForce RTX 4070: MSI RTX 4070 Ventus 3X,GPU [#0]: NVIDIA GeForce RTX 4070: MSI RTX 4070 Ventus 3X,GPU [#0]: NVIDIA GeForce RTX 4070: MSI RTX 4070 Ventus 3X,GPU [#0]: NVIDIA GeForce RTX 4070: MSI RTX 4070 Ventus 3X,GPU [#0]: NVIDIA GeForce RTX 4070: MSI RTX 4070 Ventus 3X,GPU [#0]: NVIDIA GeForce RTX 4070: MSI RTX 4070 Ventus 3X,GPU [#0]: NVIDIA GeForce RTX 4070: MSI RTX 4070 Ventus 3X,GPU [#0]: NVIDIA GeForce RTX 4070: MSI RTX 4070 Ventus 3X,GPU [#0]: NVIDIA GeForce RTX 4070: MSI RTX 4070 Ventus 3X,GPU [#0]: NVIDIA GeForce RTX 4070: MSI RTX 4070 Ventus 3X,GPU [#0]: NVIDIA GeForce RTX 4070: MSI RTX 4070 Ventus 3X,GPU [#0]: NVIDIA GeForce RTX 4070: MSI RTX 4070 Ventus 3X,GPU [#0]: NVIDIA GeForce RTX 4070: MSI RTX 4070 Ventus 3X,GPU [#0]: NVIDIA GeForce RTX 4070: MSI RTX 4070 Ventus 3X,GPU [#0]: NVIDIA GeForce RTX 4070: MSI RTX 4070 Ventus 3X,GPU [#0]: NVIDIA GeForce RTX 4070: MSI RTX 4070 Ventus 3X,GPU [#0]: NVIDIA GeForce RTX 4070: MSI RTX 4070 Ventus 3X,GPU [#0]: NVIDIA GeForce RTX 4070: MSI RTX 4070 Ventus 3X,GPU [#0]: NVIDIA GeForce RTX 4070: MSI RTX 4070 Ventus 3X,GPU [#0]: NVIDIA GeForce RTX 4070: MSI RTX 4070 Ventus 3X,GPU [#0]: NVIDIA GeForce RTX 4070: MSI RTX 4070 Ventus 3X,GPU [#0]: NVIDIA GeForce RTX 4070: MSI RTX 4070 Ventus 3X,GPU [#0]: NVIDIA GeForce RTX 4070: MSI RTX 4070 Ventus 3X,GPU [#0]: NVIDIA GeForce RTX 4070: MSI RTX 4070 Ventus 3X,GPU [#0]: NVIDIA GeForce RTX 4070: MSI RTX 4070 Ventus 3X,GPU [#0]: NVIDIA GeForce RTX 4070: MSI RTX 4070 Ventus 3X,GPU [#0]: NVIDIA GeForce RTX 4070: MSI RTX 4070 Ventus 3X,GPU [#0]: NVIDIA GeForce RTX 4070: MSI RTX 4070 Ventus 3X,GPU [#0]: NVIDIA GeForce RTX 4070: MSI RTX 4070 Ventus 3X,GPU [#0]: NVIDIA GeForce RTX 4070: MSI RTX 4070 Ventus 3X,GPU [#0]: NVIDIA GeForce RTX 4070: MSI RTX 4070 Ventus 3X,GPU [#0]: NVIDIA GeForce RTX 4070: MSI RTX 4070 Ventus 3X,GPU [#0]: NVIDIA GeForce RTX 4070: MSI RTX 4070 Ventus 3X,GPU [#0]: NVIDIA GeForce RTX 4070: MSI RTX 4070 Ventus 3X,GPU [#0]: NVIDIA GeForce RTX 4070: MSI RTX 4070 Ventus 3X,GPU [#0]: NVIDIA GeForce RTX 4070: MSI RTX 4070 Ventus 3X,GPU [#0]: NVIDIA GeForce RTX 4070: MSI RTX 4070 Ventus 3X,GPU [#0]: NVIDIA GeForce RTX 4070: MSI RTX 4070 Ventus 3X,GPU [#0]: NVIDIA GeForce RTX 4070: MSI RTX 4070 Ventus 3X,GPU [#0]: NVIDIA GeForce RTX 4070: MSI RTX 4070 Ventus 3X,GPU [#0]: NVIDIA GeForce RTX 4070: MSI RTX 4070 Ventus 3X,GPU [#0]: NVIDIA GeForce RTX 4070: MSI RTX 4070 Ventus 3X,GPU [#0]: NVIDIA GeForce RTX 4070: MSI RTX 4070 Ventus 3X,GPU [#0]: NVIDIA GeForce RTX 4070: MSI RTX 4070 Ventus 3X,GPU [#0]: NVIDIA GeForce RTX 4070: MSI RTX 4070 Ventus 3X,GPU [#0]: NVIDIA GeForce RTX 4070: MSI RTX 4070 Ventus 3X,GPU [#0]: NVIDIA GeForce RTX 4070: MSI RTX 4070 Ventus 3X,GPU [#0]: NVIDIA GeForce RTX 4070: MSI RTX 4070 Ventus 3X,GPU [#0]: NVIDIA GeForce RTX 4070: MSI RTX 4070 Ventus 3X,GPU [#0]: NVIDIA GeForce RTX 4070: MSI RTX 4070 Ventus 3X,GPU [#0]: NVIDIA GeForce RTX 4070: MSI RTX 4070 Ventus 3X,GPU [#0]: NVIDIA GeForce RTX 4070: MSI RTX 4070 Ventus 3X,GPU [#0]: NVIDIA GeForce RTX 4070: MSI RTX 4070 Ventus 3X,GPU [#0]: NVIDIA GeForce RTX 4070: MSI RTX 4070 Ventus 3X,GPU [#0]: NVIDIA GeForce RTX 4070: MSI RTX 4070 Ventus 3X,GPU [#0]: NVIDIA GeForce RTX 4070: MSI RTX 4070 Ventus 3X,GPU [#0]: NVIDIA GeForce RTX 4070: MSI RTX 4070 Ventus 3X,GPU [#0]: NVIDIA GeForce RTX 4070: MSI RTX 4070 Ventus 3X,GPU [#0]: NVIDIA GeForce RTX 4070: MSI RTX 4070 Ventus 3X,GPU [#0]: NVIDIA GeForce RTX 4070: MSI RTX 4070 Ventus 3X,GPU [#0]: NVIDIA GeForce RTX 4070: MSI RTX 4070 Ventus 3X,GPU [#0]: NVIDIA GeForce RTX 4070: MSI RTX 4070 Ventus 3X,GPU [#0]: NVIDIA GeForce RTX 4070: MSI RTX 4070 Ventus 3X,GPU [#0]: NVIDIA GeForce RTX 4070: MSI RTX 4070 Ventus 3X,GPU [#0]: NVIDIA GeForce RTX 4070: MSI RTX 4070 Ventus 3X,GPU [#0]: NVIDIA GeForce RTX 4070: MSI RTX 4070 Ventus 3X,GPU [#0]: NVIDIA GeForce RTX 4070: MSI RTX 4070 Ventus 3X,GPU [#0]: NVIDIA GeForce RTX 4070: MSI RTX 4070 Ventus 3X,GPU [#0]: NVIDIA GeForce RTX 4070: MSI RTX 4070 Ventus 3X,RTSS,RTSS,RTSS,RTSS,PresentMon [dwm.exe],PresentMon [dwm.exe],PresentMon [dwm.exe],PresentMon [dwm.exe],PresentMon [dwm.exe],PresentMon [dwm.exe],PresentMon [dwm.exe],PresentMon [dwm.exe],PresentMon [dwm.exe],PresentMon [dwm.exe],PresentMon [dwm.exe],Network: Intel Wi-Fi 6E AX211 160MHz - Wi-Fi,Network: Intel Wi-Fi 6E AX211 160MHz - Wi-Fi,Network: Intel Wi-Fi 6E AX211 160MHz - Wi-Fi,Network: Intel Wi-Fi 6E AX211 160MHz - Wi-Fi,Network: Intel Ethernet Controller I226-V (Raptor Lake PCH) - Ethernet,Network: Intel Ethernet Controller I226-V (Raptor Lake PCH) - Ethernet,Network: Intel Ethernet Controller I226-V (Raptor Lake PCH) - Ethernet,Network: Intel Ethernet Controller I226-V (Raptor Lake PCH) - Ethernet,Windows Hardware Errors (WHEA),DDR5 DIMM [#2]: Corsair CMH64GX5M2B5600C36 (BANK 0/Controller1-DIMM0),GPU [#0]: NVIDIA GeForce RTX 4070: MSI RTX 4070 Ventus 3X,
